SKU,Name,Current Category,Suggested Category,Confidence,Reason
300058,Car Body suit 3pieces ชุดบอดี้สูทลายรถ3 ชิ้น,สินค้าและอุปกรณ์สำหรับเด็ก,เสื้อผ้าและเครื่องประดับ > ชุดเซ็ต,86,ชื่อสินค้าเป็นชุดหลายชิ้น/เซ็ตเสื้อผ้า
300055,Ralph Lauren Shirt เสื้อยืดคอกลมโปโลสีน้ำเงิน,สินค้าและอุปกรณ์สำหรับเด็ก,เสื้อผ้าและเครื่องประดับ > เสื้อเด็ก,92,ชื่อสินค้าคือเสื้อยืด
300054,Car&Tree Body suit ชุดบอดี้สูทรถและต้นไม้,สินค้าและอุปกรณ์สำหรับเด็ก,เสื้อผ้าและเครื่องประดับ > เสื้อผ้าเด็กอ่อน,93,ชื่อสินค้าคือบอดี้สูท/รอมเปอร์ สำหรับเด็กอ่อน
300053,Ralph Lauren Polo Shirt เสื้อเชิ้ตคอปกโปโลสีน้ำเงิน,สินค้าและอุปกรณ์สำหรับเด็ก,เสื้อผ้าและเครื่องประดับ > เสื้อเด็ก,92,ชื่อสินค้าคือเสื้อโปโล
300051,Ralph Lauren Shirt เสื้อเชิ้ตโปโลคอปกลายทาง,สินค้าและอุปกรณ์สำหรับเด็ก,เสื้อผ้าและเครื่องประดับ > เสื้อเด็ก,90,ชื่อสินค้าคือเสื้อ
300050,Baby First Favorite Print Footed One-Piece ชุดนอนแขนยาวลายน้องหมี,สินค้าและอุปกรณ์สำหรับเด็ก,เสื้อผ้าและเครื่องประดับ > ชุดนอน,93,ชื่อสินค้าคือชุดนอน
300049,Car Boys Bodysuit ชุดบอดี้สูทขาสั้นลายรถ,สินค้าและอุปกรณ์สำหรับเด็ก,เสื้อผ้าและเครื่องประดับ > เสื้อผ้าเด็กอ่อน,93,ชื่อสินค้าคือบอดี้สูท/รอมเปอร์ สำหรับเด็กอ่อน
300048,Awesome Mom Collectible Bodysuit ชุดบอดี้สูทขาสั้นลายพิมพ์,สินค้าและอุปกรณ์สำหรับเด็ก,เสื้อผ้าและเครื่องประดับ > เสื้อผ้าเด็กอ่อน,93,ชื่อสินค้าคือบอดี้สูท/รอมเปอร์ สำหรับเด็กอ่อน
300047,2-Way Zip Cotton Sleep & Play ชุดนอนลายน้องหมี,สินค้าและอุปกรณ์สำหรับเด็ก,เสื้อผ้าและเครื่องประดับ > ชุดนอน,93,ชื่อสินค้าคือชุดนอน
300046,Baby Print Body suit ชุดบอดี้สูทลายหุ่นยนต์,สินค้าและอุปกรณ์สำหรับเด็ก,เสื้อผ้าและเครื่องประดับ > เสื้อผ้าเด็กอ่อน,93,ชื่อสินค้าคือบอดี้สูท/รอมเปอร์ สำหรับเด็กอ่อน
300045,Ralph Lauren Shirt เสื้อเชิ้ตคอปกลายสก็อต,สินค้าและอุปกรณ์สำหรับเด็ก,เสื้อผ้าและเครื่องประดับ > เสื้อเด็ก,90,ชื่อสินค้าคือเสื้อ
300044,Ralph Lauren Shirt เสื้อเชิ้ตคอปกรุ่นยีนส์,สินค้าและอุปกรณ์สำหรับเด็ก,เสื้อผ้าและเครื่องประดับ > เสื้อเด็ก,90,ชื่อสินค้าคือเสื้อ
300043,Plane Body suit ชุดบอดี้สูทรูปเครื่องบิน,สินค้าและอุปกรณ์สำหรับเด็ก,เสื้อผ้าและเครื่องประดับ > เสื้อผ้าเด็กอ่อน,93,ชื่อสินค้าคือบอดี้สูท/รอมเปอร์ สำหรับเด็กอ่อน
300040,Aircraft Body suit 3pieces ชุดบอดี้สูทลายเครื่องบิน 3 ชิ้น,สินค้าและอุปกรณ์สำหรับเด็ก,เสื้อผ้าและเครื่องประดับ > ชุดเซ็ต,86,ชื่อสินค้าเป็นชุดหลายชิ้น/เซ็ตเสื้อผ้า
300039,Striped Body suit ชุดบอดี้สูทคอกลมขาสั้นลายขวาง,สินค้าและอุปกรณ์สำหรับเด็ก,เสื้อผ้าและเครื่องประดับ > เสื้อผ้าเด็กอ่อน,93,ชื่อสินค้าคือบอดี้สูท/รอมเปอร์ สำหรับเด็กอ่อน
300038,Let's Snuggle Body suit ชุดบอดี้สูทลายสกรีนSnuggle,สินค้าและอุปกรณ์สำหรับเด็ก,เสื้อผ้าและเครื่องประดับ > เสื้อผ้าเด็กอ่อน,93,ชื่อสินค้าคือบอดี้สูท/รอมเปอร์ สำหรับเด็กอ่อน
300036,Dog Pajamas ชุดนอนคอกลมขายาวลายน้องหมา,สินค้าและอุปกรณ์สำหรับเด็ก,เสื้อผ้าและเครื่องประดับ > ชุดนอน,93,ชื่อสินค้าคือชุดนอน
300035,Dinosaur Pajamas ชุดนอนคอกลมขายาวลายไดโนเสาร์,สินค้าและอุปกรณ์สำหรับเด็ก,เสื้อผ้าและเครื่องประดับ > ชุดนอน,93,ชื่อสินค้าคือชุดนอน
300034,Construction Pajamas ชุดนอนคอกลมขายาวลายรถเครน,สินค้าและอุปกรณ์สำหรับเด็ก,เสื้อผ้าและเครื่องประดับ > ชุดนอน,93,ชื่อสินค้าคือชุดนอน
300033,Dinosaur Pajamas ชุดนอนคอกลมขายาวลายไดโนเสาร์,สินค้าและอุปกรณ์สำหรับเด็ก,เสื้อผ้าและเครื่องประดับ > ชุดนอน,93,ชื่อสินค้าคือชุดนอน
300032,The sky Pajamas ชุดนอนคอกลมขายาวลายท้องฟ้า,สินค้าและอุปกรณ์สำหรับเด็ก,เสื้อผ้าและเครื่องประดับ > ชุดนอน,93,ชื่อสินค้าคือชุดนอน
300030,Au-Star Pajamas ชุดนอนคอกลมขายาวลายปัก Au-Star,สินค้าและอุปกรณ์สำหรับเด็ก,เสื้อผ้าและเครื่องประดับ > ชุดนอน,93,ชื่อสินค้าคือชุดนอน
300028,Striped Body suit ชุดบอดี้สูทคอจีนขาสั้นลายทาง,สินค้าและอุปกรณ์สำหรับเด็ก,เสื้อผ้าและเครื่องประดับ > เสื้อผ้าเด็กอ่อน,93,ชื่อสินค้าคือบอดี้สูท/รอมเปอร์ สำหรับเด็กอ่อน
300026,Striped Body suits ชุดบอดี้สูทคอปกลายทางสีน้ำเงิน,สินค้าและอุปกรณ์สำหรับเด็ก,เสื้อผ้าและเครื่องประดับ > เสื้อผ้าเด็กอ่อน,93,ชื่อสินค้าคือบอดี้สูท/รอมเปอร์ สำหรับเด็กอ่อน
300025,Elephants & Star Body suit ชุดบอดี้สูทขาสั้นลายช้างและดวงดาว,สินค้าและอุปกรณ์สำหรับเด็ก,เสื้อผ้าและเครื่องประดับ > เสื้อผ้าเด็กอ่อน,93,ชื่อสินค้าคือบอดี้สูท/รอมเปอร์ สำหรับเด็กอ่อน
300024,Port Pants กางเกงขายาว ลายสมอเรือ,สินค้าและอุปกรณ์สำหรับเด็ก,เสื้อผ้าและเครื่องประดับ > กางเกงเด็ก,92,ชื่อสินค้าคือกางเกง
300023,Raccoon Pajamas ชุดนอนคอกลมขายาวลายปักแร็กคูณ,สินค้าและอุปกรณ์สำหรับเด็ก,เสื้อผ้าและเครื่องประดับ > ชุดนอน,93,ชื่อสินค้าคือชุดนอน
300022,Au-Star Pajamas ชุดนอนคอกลมขายาวลายปัก Au-Star,สินค้าและอุปกรณ์สำหรับเด็ก,เสื้อผ้าและเครื่องประดับ > ชุดนอน,93,ชื่อสินค้าคือชุดนอน
300019,Big deal Body suit ชุดบอดี้สูทขาสั้นลาย Big deal,สินค้าและอุปกรณ์สำหรับเด็ก,เสื้อผ้าและเครื่องประดับ > เสื้อผ้าเด็กอ่อน,93,ชื่อสินค้าคือบอดี้สูท/รอมเปอร์ สำหรับเด็กอ่อน
300018,Car Body suit ชุดบอดี้สูทขาสั้นลายรถ,สินค้าและอุปกรณ์สำหรับเด็ก,เสื้อผ้าและเครื่องประดับ > เสื้อผ้าเด็กอ่อน,93,ชื่อสินค้าคือบอดี้สูท/รอมเปอร์ สำหรับเด็กอ่อน
300017,Dinosaur Body suit ชุดบอดี้สูทขาสั้นลายไดโนเสาร์,สินค้าและอุปกรณ์สำหรับเด็ก,เสื้อผ้าและเครื่องประดับ > เสื้อผ้าเด็กอ่อน,93,ชื่อสินค้าคือบอดี้สูท/รอมเปอร์ สำหรับเด็กอ่อน
300016,Lion Body suit ชุดบอดี้สูทขาสั้นลายสิงโต,สินค้าและอุปกรณ์สำหรับเด็ก,เสื้อผ้าและเครื่องประดับ > เสื้อผ้าเด็กอ่อน,93,ชื่อสินค้าคือบอดี้สูท/รอมเปอร์ สำหรับเด็กอ่อน
300015,Hero Body suit ชุดบอดี้สูทขาสั้นลายฮีโร่,สินค้าและอุปกรณ์สำหรับเด็ก,เสื้อผ้าและเครื่องประดับ > เสื้อผ้าเด็กอ่อน,93,ชื่อสินค้าคือบอดี้สูท/รอมเปอร์ สำหรับเด็กอ่อน
300013,Striped Body suit ชุดบอดี้สูทขาสั้นลายทาง,สินค้าและอุปกรณ์สำหรับเด็ก,เสื้อผ้าและเครื่องประดับ > เสื้อผ้าเด็กอ่อน,93,ชื่อสินค้าคือบอดี้สูท/รอมเปอร์ สำหรับเด็กอ่อน
300012,Star & Mickey Pants กางเกงขายาว ลายดวงดาวและมิกกี้เมาส์,สินค้าและอุปกรณ์สำหรับเด็ก,เสื้อผ้าและเครื่องประดับ > กางเกงเด็ก,92,ชื่อสินค้าคือกางเกง
300011,Hero Unit Pants กางเกงขายาว ลายHero Unit,สินค้าและอุปกรณ์สำหรับเด็ก,เสื้อผ้าและเครื่องประดับ > กางเกงเด็ก,92,ชื่อสินค้าคือกางเกง
300010,Car Matching Tops & Bottoms เซตเสื้อและกางเกงลายรถ,สินค้าและอุปกรณ์สำหรับเด็ก,เสื้อผ้าและเครื่องประดับ > ชุดเซ็ต,86,ชื่อสินค้าเป็นชุดหลายชิ้น/เซ็ตเสื้อผ้า
300009,Striped Matching Body suits & Bottoms เซตบอดี้สูทและกางเกงลายขวาง,สินค้าและอุปกรณ์สำหรับเด็ก,เสื้อผ้าและเครื่องประดับ > ชุดเซ็ต,86,ชื่อสินค้าเป็นชุดหลายชิ้น/เซ็ตเสื้อผ้า
300008,Striped Pants กางเกงขายาว ลายขวาง,สินค้าและอุปกรณ์สำหรับเด็ก,เสื้อผ้าและเครื่องประดับ > กางเกงเด็ก,92,ชื่อสินค้าคือกางเกง
300007,Black Pants กางเกงขายาว สีดำ,สินค้าและอุปกรณ์สำหรับเด็ก,เสื้อผ้าและเครื่องประดับ > กางเกงเด็ก,92,ชื่อสินค้าคือกางเกง
300006,Striped Pants กางเกงขายาว ลายขวาง,สินค้าและอุปกรณ์สำหรับเด็ก,เสื้อผ้าและเครื่องประดับ > กางเกงเด็ก,92,ชื่อสินค้าคือกางเกง
300005,Striped Pants 2pieces กางเกงขายาว,สินค้าและอุปกรณ์สำหรับเด็ก,เสื้อผ้าและเครื่องประดับ > ชุดเซ็ต,86,ชื่อสินค้าเป็นชุดหลายชิ้น/เซ็ตเสื้อผ้า
300003,Set Pants 3pieces เซตกางเกงขายาว 3ชิ้น,สินค้าและอุปกรณ์สำหรับเด็ก,เสื้อผ้าและเครื่องประดับ > ชุดเซ็ต,86,ชื่อสินค้าเป็นชุดหลายชิ้น/เซ็ตเสื้อผ้า
100071,Ralph Lauren Polo Shirt เสื้อเชิ้ตคอปกโปโลสีแดง,สินค้าและอุปกรณ์สำหรับเด็ก,เสื้อผ้าและเครื่องประดับ > เสื้อเด็ก,92,ชื่อสินค้าคือเสื้อโปโล
100070,Ralph Lauren Polo Shirt เสื้อเชิ้ตคอปกโปโลสีน้ำเงิน,สินค้าและอุปกรณ์สำหรับเด็ก,เสื้อผ้าและเครื่องประดับ > เสื้อเด็ก,92,ชื่อสินค้าคือเสื้อโปโล
100069,Ralph Lauren Polo Shirt เสื้อเชิ้ตคอปกโปโลสีเหลือง,สินค้าและอุปกรณ์สำหรับเด็ก,เสื้อผ้าและเครื่องประดับ > เสื้อเด็ก,92,ชื่อสินค้าคือเสื้อโปโล
100068,Ralph Lauren Polo Shirt เสื้อเชิ้ตคอปกโปโลสีฟ้า,สินค้าและอุปกรณ์สำหรับเด็ก,เสื้อผ้าและเครื่องประดับ > เสื้อเด็ก,92,ชื่อสินค้าคือเสื้อโปโล
100067,Ralph Lauren Polo Shirt เสื้อเชิ้ตคอปกโปโลสีแดง,สินค้าและอุปกรณ์สำหรับเด็ก,เสื้อผ้าและเครื่องประดับ > เสื้อเด็ก,92,ชื่อสินค้าคือเสื้อโปโล
100066,BearT-shirt เสื้อยืดคอกลมลายหมี,สินค้าและอุปกรณ์สำหรับเด็ก,เสื้อผ้าและเครื่องประดับ > เสื้อเด็ก,92,ชื่อสินค้าคือเสื้อยืด
100065,5P STAR TRUNKS กางเกงชั้นใน 5 ชิ้น,สินค้าและอุปกรณ์สำหรับเด็ก,เสื้อผ้าและเครื่องประดับ > กางเกงเด็ก,92,ชื่อสินค้าคือกางเกง
100064,Port Swimsuit ชุดว่ายน้ำลายสมอเรือ,สินค้าและอุปกรณ์สำหรับเด็ก,เสื้อผ้าและเครื่องประดับ > ชุดว่ายน้ำเด็ก,95,ชื่อสินค้าคือชุดว่ายน้ำ
100063,Bow Bodysuit ชุดบอดี้สูทขาสั้นลายโบว์,สินค้าและอุปกรณ์สำหรับเด็ก,เสื้อผ้าและเครื่องประดับ > เสื้อผ้าเด็กอ่อน,93,ชื่อสินค้าคือบอดี้สูท/รอมเปอร์ สำหรับเด็กอ่อน
100062,Brown Corduroy Pants กางเกงขายาว สีน้ำตาล,สินค้าและอุปกรณ์สำหรับเด็ก,เสื้อผ้าและเครื่องประดับ > กางเกงเด็ก,92,ชื่อสินค้าคือกางเกง
100060,Whale Swim Trunks กางเกงว่ายน้ำขาสั้นลายวาฬ,สินค้าและอุปกรณ์สำหรับเด็ก,เสื้อผ้าและเครื่องประดับ > ชุดว่ายน้ำเด็ก,95,ชื่อสินค้าคือกางเกงว่ายน้ำ จัดเป็นชุดว่ายน้ำเด็ก ไม่ใช่กางเกงทั่วไป
100059,Black Pants กางเกงขายาว สีดำ,สินค้าและอุปกรณ์สำหรับเด็ก,เสื้อผ้าและเครื่องประดับ > กางเกงเด็ก,92,ชื่อสินค้าคือกางเกง
100058,Blue Pants กางเกงขาสั้น สีฟ้า,สินค้าและอุปกรณ์สำหรับเด็ก,เสื้อผ้าและเครื่องประดับ > กางเกงเด็ก,90,ชื่อสินค้าคือกางเกงขาสั้น
100057,Orange Pants กางเกงขายาว สีส้ม,สินค้าและอุปกรณ์สำหรับเด็ก,เสื้อผ้าและเครื่องประดับ > กางเกงเด็ก,92,ชื่อสินค้าคือกางเกง
100056,Blue Pants กางเกงขาสั้น สีกรม,สินค้าและอุปกรณ์สำหรับเด็ก,เสื้อผ้าและเครื่องประดับ > กางเกงเด็ก,90,ชื่อสินค้าคือกางเกงขาสั้น
100055,Blue Pants กางเกงขายาว สีน้ำเงิน,สินค้าและอุปกรณ์สำหรับเด็ก,เสื้อผ้าและเครื่องประดับ > กางเกงเด็ก,92,ชื่อสินค้าคือกางเกง
100052,Converse All Star for kids รองเท้าลำลองเด็ก,สินค้าและอุปกรณ์สำหรับเด็ก,เสื้อผ้าและเครื่องประดับ > รองเท้า,93,ชื่อสินค้าคือรองเท้า
100050,Nike Cortes Baby รองเท้าลำลองเด็ก,สินค้าและอุปกรณ์สำหรับเด็ก,เสื้อผ้าและเครื่องประดับ > รองเท้า,93,ชื่อสินค้าคือรองเท้า
100049,Adidas Shoes fir kids รองเท้าลำลองเด็ก,สินค้าและอุปกรณ์สำหรับเด็ก,เสื้อผ้าและเครื่องประดับ > รองเท้า,93,ชื่อสินค้าคือรองเท้า
100047,รองเท้าผ้าใบเบบี้พื้นกันลื่น Adidas,สินค้าและอุปกรณ์สำหรับเด็ก,เสื้อผ้าและเครื่องประดับ > รองเท้า,93,ชื่อสินค้าคือรองเท้า
100046,Infant Converse Chuck allstar รองเท้าลำลองเด็ก,สินค้าและอุปกรณ์สำหรับเด็ก,เสื้อผ้าและเครื่องประดับ > รองเท้า,93,ชื่อสินค้าคือรองเท้า
100045,Converse Infants All Star รองเท้าลำลองเด็ก,สินค้าและอุปกรณ์สำหรับเด็ก,เสื้อผ้าและเครื่องประดับ > รองเท้า,93,ชื่อสินค้าคือรองเท้า
100044,Philips Avent ขวดนมเบบี้,สินค้าและอุปกรณ์สำหรับเด็ก,เครื่องมือการเลี้ยงดูเด็ก > อุปกรณ์ให้นมและอาหาร,92,ชื่อสินค้าคืออุปกรณ์ให้นม/หัดดื่ม/ยางกัด/ผ้ากันเปื้อน
300002,Ca Lypso Double Plus เครื่องปั๊มน้ำนมสำหรับคุณแม่,สินค้าและอุปกรณ์สำหรับเด็ก,เครื่องมือการเลี้ยงดูเด็ก > อุปกรณ์ให้นมและอาหาร,92,ชื่อสินค้าคืออุปกรณ์ให้นม/หลังคลอด
100043,Extra Wide Gummi Crib Rail Cover ที่ครอบรางเปล 3 ชิ้น,สินค้าและอุปกรณ์สำหรับเด็ก,สินค้าและอุปกรณ์สำหรับเด็ก,25,ชื่อสินค้าไม่ระบุชนิดชัดเจน จึงยังไม่ย้ายออกจากหมวดปัจจุบัน
100042,Disney Store Mickey Mouse Yellow Baby Toddler Costume Dress Up Shoes รองเท้ามิกกี้ เมาส์ สีเหลือง,สินค้าและอุปกรณ์สำหรับเด็ก,เสื้อผ้าและเครื่องประดับ > รองเท้า,93,ชื่อสินค้าคือรองเท้า
100041,Disney Store Tigger orange Baby Toddler Costume Dress Up Shoes รองเท้าทิกเกอร์ สีส้ม,สินค้าและอุปกรณ์สำหรับเด็ก,เสื้อผ้าและเครื่องประดับ > รองเท้า,93,ชื่อสินค้าคือรองเท้า
100040,Gray and Black Pants กางเกงขาสั้น สีดำและสีเทา 2 ชิ้น,สินค้าและอุปกรณ์สำหรับเด็ก,เสื้อผ้าและเครื่องประดับ > กางเกงเด็ก,90,ชื่อสินค้าคือกางเกงขาสั้น
100039,Striped Shirt เสื้อยืด สีลายขวาง,สินค้าและอุปกรณ์สำหรับเด็ก,เสื้อผ้าและเครื่องประดับ > เสื้อเด็ก,92,ชื่อสินค้าคือเสื้อยืด
100038,Red and orange Body suit ชุดบอดี้สูทขาสั้นแขนยาว สีแดงและสีส้ม 3 ชิ้น,สินค้าและอุปกรณ์สำหรับเด็ก,เสื้อผ้าและเครื่องประดับ > เสื้อผ้าเด็กอ่อน,93,ชื่อสินค้าคือบอดี้สูท/รอมเปอร์ สำหรับเด็กอ่อน
100036,Adidas Jacket เสื้อแจ็คเก็ต อาดิดาส,สินค้าและอุปกรณ์สำหรับเด็ก,เสื้อผ้าและเครื่องประดับ > เสื้อแจ็คเก็ตและฮู้ด,90,ชื่อสินค้าคือแจ็คเก็ต/ฮู้ด/เสื้อกันหนาว
100035,Gray Bodysuit ชุดบอดี้สูทขาสั้น สีเทา,สินค้าและอุปกรณ์สำหรับเด็ก,เสื้อผ้าและเครื่องประดับ > เสื้อผ้าเด็กอ่อน,93,ชื่อสินค้าคือบอดี้สูท/รอมเปอร์ สำหรับเด็กอ่อน
100034,Striped Bodysuit ชุดบอดี้สูทขาสั้น ลายขวาง,สินค้าและอุปกรณ์สำหรับเด็ก,เสื้อผ้าและเครื่องประดับ > เสื้อผ้าเด็กอ่อน,93,ชื่อสินค้าคือบอดี้สูท/รอมเปอร์ สำหรับเด็กอ่อน
100033,Jacket เสื้อแจ็คเก็ต,สินค้าและอุปกรณ์สำหรับเด็ก,เสื้อผ้าและเครื่องประดับ > เสื้อแจ็คเก็ตและฮู้ด,90,ชื่อสินค้าคือแจ็คเก็ต/ฮู้ด/เสื้อกันหนาว
100032,Set Shirt and Pants 5pieces เซตเสื้อและกางเกง 5ชิ้น,สินค้าและอุปกรณ์สำหรับเด็ก,เสื้อผ้าและเครื่องประดับ > ชุดเซ็ต,86,ชื่อสินค้าเป็นชุดหลายชิ้น/เซ็ตเสื้อผ้า
100031,Set Shirt and Pants เซตเสื้อและกางเกง,สินค้าและอุปกรณ์สำหรับเด็ก,เสื้อผ้าและเครื่องประดับ > ชุดเซ็ต,86,ชื่อสินค้าเป็นชุดหลายชิ้น/เซ็ตเสื้อผ้า
100030,Striped Pajamas ชุดนอนขายาวแขนยาว ลายขวาง,สินค้าและอุปกรณ์สำหรับเด็ก,เสื้อผ้าและเครื่องประดับ > ชุดนอน,93,ชื่อสินค้าคือชุดนอน
100029,Checkered Shirt เสื้อเชิ้ต รุ่นตาราง,สินค้าและอุปกรณ์สำหรับเด็ก,เสื้อผ้าและเครื่องประดับ > เสื้อเด็ก,90,ชื่อสินค้าคือเสื้อ
100027,All Star Body suit ชุดบอดี้สูทขาสั้นลาย All Star,สินค้าและอุปกรณ์สำหรับเด็ก,เสื้อผ้าและเครื่องประดับ > เสื้อผ้าเด็กอ่อน,93,ชื่อสินค้าคือบอดี้สูท/รอมเปอร์ สำหรับเด็กอ่อน
100026,Checkered Pants กางเกงขาสั้น ลายตาราง,สินค้าและอุปกรณ์สำหรับเด็ก,เสื้อผ้าและเครื่องประดับ > กางเกงเด็ก,90,ชื่อสินค้าคือกางเกงขาสั้น
100025,Sharks Set Body suit and Pants เซตบอดี้สูทและกางเกง 2 ชิ้น ลายฉลาม,สินค้าและอุปกรณ์สำหรับเด็ก,เสื้อผ้าและเครื่องประดับ > ชุดเซ็ต,86,ชื่อสินค้าเป็นชุดหลายชิ้น/เซ็ตเสื้อผ้า
100024,Striped Pants กางเกงขายาว ลายขวาง,สินค้าและอุปกรณ์สำหรับเด็ก,เสื้อผ้าและเครื่องประดับ > กางเกงเด็ก,92,ชื่อสินค้าคือกางเกง
100023,Blue Pants กางเกงขายาว สีกรม,สินค้าและอุปกรณ์สำหรับเด็ก,เสื้อผ้าและเครื่องประดับ > กางเกงเด็ก,92,ชื่อสินค้าคือกางเกง
100022,Blue Pants กางเกงขาสั้น สีน้ำเงิน,สินค้าและอุปกรณ์สำหรับเด็ก,เสื้อผ้าและเครื่องประดับ > กางเกงเด็ก,90,ชื่อสินค้าคือกางเกงขาสั้น
100021,Set Pants 2pieces เซตกางเกงขาสั้น 2ชิ้น,สินค้าและอุปกรณ์สำหรับเด็ก,เสื้อผ้าและเครื่องประดับ > ชุดเซ็ต,86,ชื่อสินค้าเป็นชุดหลายชิ้น/เซ็ตเสื้อผ้า
100015,Ralph Lauren Polo Shirt เสื้อเชิ้ตคอปกโปโลสีขาว,สินค้าและอุปกรณ์สำหรับเด็ก,เสื้อผ้าและเครื่องประดับ > เสื้อเด็ก,92,ชื่อสินค้าคือเสื้อโปโล
100014,Dinosaurs Bodysuit ชุดบอดี้สูทขาสั้นลายไดโนเสาร์,สินค้าและอุปกรณ์สำหรับเด็ก,เสื้อผ้าและเครื่องประดับ > เสื้อผ้าเด็กอ่อน,93,ชื่อสินค้าคือบอดี้สูท/รอมเปอร์ สำหรับเด็กอ่อน
300065,Ralph Lauren Polo Shirt เสื้อเชิ้ตคอปกโปโล ลายขวาง,สินค้าและอุปกรณ์สำหรับเด็ก,เสื้อผ้าและเครื่องประดับ > เสื้อเด็ก,92,ชื่อสินค้าคือเสื้อโปโล
300064,Ralph Lauren Polo Shirt เสื้อเชิ้ตคอปกโปโล ลายขวาง,สินค้าและอุปกรณ์สำหรับเด็ก,เสื้อผ้าและเครื่องประดับ > เสื้อเด็ก,92,ชื่อสินค้าคือเสื้อโปโล
100011,Stars Pajamas ชุดนอนคอกลมขายาวลายดวงดาว,สินค้าและอุปกรณ์สำหรับเด็ก,เสื้อผ้าและเครื่องประดับ > ชุดนอน,93,ชื่อสินค้าคือชุดนอน
100009,Pink Shirt เสื้อยืด สีชมพู,สินค้าและอุปกรณ์สำหรับเด็ก,เสื้อผ้าและเครื่องประดับ > เสื้อเด็ก,92,ชื่อสินค้าคือเสื้อยืด
200116,Elephants Set Shirt and Pants เซตเสื้อและกางเกง ลายช้าง,สินค้าและอุปกรณ์สำหรับเด็ก,เสื้อผ้าและเครื่องประดับ > ชุดเซ็ต,86,ชื่อสินค้าเป็นชุดหลายชิ้น/เซ็ตเสื้อผ้า
200115,Cuddles with mummy Pajamas ชุดนอนคอวีขายาว ลายCuddles with mummy,สินค้าและอุปกรณ์สำหรับเด็ก,เสื้อผ้าและเครื่องประดับ > ชุดนอน,93,ชื่อสินค้าคือชุดนอน
200113,Miss cute sweater เสื้อกันหนาว ลายMiss cute,สินค้าและอุปกรณ์สำหรับเด็ก,เสื้อผ้าและเครื่องประดับ > เสื้อแจ็คเก็ตและฮู้ด,90,ชื่อสินค้าคือแจ็คเก็ต/ฮู้ด/เสื้อกันหนาว
200112,Rabbit Pajamas ชุดนอนคอกลมขายาว ลายกระต่าย,สินค้าและอุปกรณ์สำหรับเด็ก,เสื้อผ้าและเครื่องประดับ > ชุดนอน,93,ชื่อสินค้าคือชุดนอน
200111,Point Pants กางเกงขายาว ลายจุด,สินค้าและอุปกรณ์สำหรับเด็ก,เสื้อผ้าและเครื่องประดับ > กางเกงเด็ก,92,ชื่อสินค้าคือกางเกง
200110,Little sunshine Body suit ชุดบอดี้สูทลายLittle sunshine,สินค้าและอุปกรณ์สำหรับเด็ก,เสื้อผ้าและเครื่องประดับ > เสื้อผ้าเด็กอ่อน,93,ชื่อสินค้าคือบอดี้สูท/รอมเปอร์ สำหรับเด็กอ่อน
200109,Cheeky monkey Body suit ชุดบอดี้สูท ลายCheeky monkey,สินค้าและอุปกรณ์สำหรับเด็ก,เสื้อผ้าและเครื่องประดับ > เสื้อผ้าเด็กอ่อน,93,ชื่อสินค้าคือบอดี้สูท/รอมเปอร์ สำหรับเด็กอ่อน
200108,Adidas Shirt เสื้อยืด สกรีนAdidas,สินค้าและอุปกรณ์สำหรับเด็ก,เสื้อผ้าและเครื่องประดับ > เสื้อเด็ก,92,ชื่อสินค้าคือเสื้อยืด
200107,Mumy's handsome little Man Shirt เสื้อยืด สกรีนMumy's handsome little Man,สินค้าและอุปกรณ์สำหรับเด็ก,เสื้อผ้าและเครื่องประดับ > เสื้อเด็ก,92,ชื่อสินค้าคือเสื้อยืด
200106,Adidas Shirt เสื้อยืด สกรีนAdidas,สินค้าและอุปกรณ์สำหรับเด็ก,เสื้อผ้าและเครื่องประดับ > เสื้อเด็ก,92,ชื่อสินค้าคือเสื้อยืด
200105,Mickey Mouse Bodysuit ชุดบอดี้สูทขาสั้นลายมิกกี้เม้าส์,สินค้าและอุปกรณ์สำหรับเด็ก,เสื้อผ้าและเครื่องประดับ > เสื้อผ้าเด็กอ่อน,93,ชื่อสินค้าคือบอดี้สูท/รอมเปอร์ สำหรับเด็กอ่อน
200104,Minnie Mouse Bodysuit ชุดบอดี้สูทขาสั้นลายมินนี่ เมาส์,สินค้าและอุปกรณ์สำหรับเด็ก,เสื้อผ้าและเครื่องประดับ > เสื้อผ้าเด็กอ่อน,93,ชื่อสินค้าคือบอดี้สูท/รอมเปอร์ สำหรับเด็กอ่อน
200103,Circle Pants กางเกงขาสั้น ลายวางกลม,สินค้าและอุปกรณ์สำหรับเด็ก,เสื้อผ้าและเครื่องประดับ > กางเกงเด็ก,90,ชื่อสินค้าคือกางเกงขาสั้น
200102,Boat Pajamas ชุดนอนคอวีขายาว ลายเรือ,สินค้าและอุปกรณ์สำหรับเด็ก,เสื้อผ้าและเครื่องประดับ > ชุดนอน,93,ชื่อสินค้าคือชุดนอน
200101,Anchor Pajamas ชุดนอนคอวีขายาว ลายสมอเรือ,สินค้าและอุปกรณ์สำหรับเด็ก,เสื้อผ้าและเครื่องประดับ > ชุดนอน,93,ชื่อสินค้าคือชุดนอน
200100,Little nugget Bodysuit ชุดบอดี้สูทขาสั้น ลายLittle nugget,สินค้าและอุปกรณ์สำหรับเด็ก,เสื้อผ้าและเครื่องประดับ > เสื้อผ้าเด็กอ่อน,93,ชื่อสินค้าคือบอดี้สูท/รอมเปอร์ สำหรับเด็กอ่อน
200099,Striped Body suits บอดี้สูท ลายขวาง,สินค้าและอุปกรณ์สำหรับเด็ก,เสื้อผ้าและเครื่องประดับ > เสื้อผ้าเด็กอ่อน,93,ชื่อสินค้าคือบอดี้สูท/รอมเปอร์ สำหรับเด็กอ่อน
200098,Car Pants กางเกงขาสั้น ลายรถ,สินค้าและอุปกรณ์สำหรับเด็ก,เสื้อผ้าและเครื่องประดับ > กางเกงเด็ก,90,ชื่อสินค้าคือกางเกงขาสั้น
200097,Rabbit Shirt เสื้อแขนยาว ลายกระต่าย,สินค้าและอุปกรณ์สำหรับเด็ก,เสื้อผ้าและเครื่องประดับ > เสื้อเด็ก,90,ชื่อสินค้าคือเสื้อ
200096,Straight line Shirt เสื้อเชิ้ต ลายเส้นตรง,สินค้าและอุปกรณ์สำหรับเด็ก,เสื้อผ้าและเครื่องประดับ > เสื้อเด็ก,90,ชื่อสินค้าคือเสื้อ
200095,Straight line Dresses ชุดเดรส ลายตรง,สินค้าและอุปกรณ์สำหรับเด็ก,เสื้อผ้าและเครื่องประดับ > ชุดเดรส,92,ชื่อสินค้าคือเดรสหรือชุดกระโปรง
200093,Purple Shirt เสื้อเชิ้ตคอกลม สีม่วง,สินค้าและอุปกรณ์สำหรับเด็ก,เสื้อผ้าและเครื่องประดับ > เสื้อเด็ก,90,ชื่อสินค้าคือเสื้อ
200092,Heart Pants กางเกงขายาว ปักหัวใจ,สินค้าและอุปกรณ์สำหรับเด็ก,เสื้อผ้าและเครื่องประดับ > กางเกงเด็ก,92,ชื่อสินค้าคือกางเกง
200091,Space Pajamas ชุดนอนคอกลมขายาว ลายอวกาศ,สินค้าและอุปกรณ์สำหรับเด็ก,เสื้อผ้าและเครื่องประดับ > ชุดนอน,93,ชื่อสินค้าคือชุดนอน
200090,The runabouts Shirt เสื้อยืด ลายThe runabouts,สินค้าและอุปกรณ์สำหรับเด็ก,เสื้อผ้าและเครื่องประดับ > เสื้อเด็ก,92,ชื่อสินค้าคือเสื้อยืด
200088,Baby Body suit ชุดบอดี้สูทขาสั้น สำหรับเบบี๋,สินค้าและอุปกรณ์สำหรับเด็ก,เสื้อผ้าและเครื่องประดับ > เสื้อผ้าเด็กอ่อน,93,ชื่อสินค้าคือบอดี้สูท/รอมเปอร์ สำหรับเด็กอ่อน
200087,Bow Pants กางเกงขายาว ปักโบว์,สินค้าและอุปกรณ์สำหรับเด็ก,เสื้อผ้าและเครื่องประดับ > กางเกงเด็ก,92,ชื่อสินค้าคือกางเกง
200086,Linear Pajamas ชุดนอนคอกลมขายาวลายเส้นตรง,สินค้าและอุปกรณ์สำหรับเด็ก,เสื้อผ้าและเครื่องประดับ > ชุดนอน,93,ชื่อสินค้าคือชุดนอน
200085,Linear Pajamas ชุดนอนคอกลมขายาวลายดวงดาว,สินค้าและอุปกรณ์สำหรับเด็ก,เสื้อผ้าและเครื่องประดับ > ชุดนอน,93,ชื่อสินค้าคือชุดนอน
200084,Gray Pants กางเกงขาสั้น สีเทา,สินค้าและอุปกรณ์สำหรับเด็ก,เสื้อผ้าและเครื่องประดับ > กางเกงเด็ก,90,ชื่อสินค้าคือกางเกงขาสั้น
200083,Striped Pajamas ชุดนอนคอกลมขายาว ลายขวาง,สินค้าและอุปกรณ์สำหรับเด็ก,เสื้อผ้าและเครื่องประดับ > ชุดนอน,93,ชื่อสินค้าคือชุดนอน
200080,Anchor Pajamas ชุดนอนคอกลมขายาว ลายปักสมอเรือ,สินค้าและอุปกรณ์สำหรับเด็ก,เสื้อผ้าและเครื่องประดับ > ชุดนอน,93,ชื่อสินค้าคือชุดนอน
200079,Bear Pajamas ชุดนอนคอกลมขายาวลายปักหมี,สินค้าและอุปกรณ์สำหรับเด็ก,เสื้อผ้าและเครื่องประดับ > ชุดนอน,93,ชื่อสินค้าคือชุดนอน
200078,Monkey Bodysuit ชุดบอดี้สูทขาสั้นลายลิง,สินค้าและอุปกรณ์สำหรับเด็ก,เสื้อผ้าและเครื่องประดับ > เสื้อผ้าเด็กอ่อน,93,ชื่อสินค้าคือบอดี้สูท/รอมเปอร์ สำหรับเด็กอ่อน
200077,Spaceman Pajamas ชุดนอนคอกลมขายาวลายมนุษย์อวกาศ,สินค้าและอุปกรณ์สำหรับเด็ก,เสื้อผ้าและเครื่องประดับ > ชุดนอน,93,ชื่อสินค้าคือชุดนอน
200076,Unicorn Dresses ชุดเดรส ลายปักยูนิคอร์น,สินค้าและอุปกรณ์สำหรับเด็ก,เสื้อผ้าและเครื่องประดับ > ชุดเดรส,92,ชื่อสินค้าคือเดรสหรือชุดกระโปรง
200075,Car Bodysuit ชุดบอดี้สูทขาสั้น ปักลายรถ,สินค้าและอุปกรณ์สำหรับเด็ก,เสื้อผ้าและเครื่องประดับ > เสื้อผ้าเด็กอ่อน,93,ชื่อสินค้าคือบอดี้สูท/รอมเปอร์ สำหรับเด็กอ่อน
200074,Bear Pajamas ชุดนอนคอกลมขายาวลายหมี,สินค้าและอุปกรณ์สำหรับเด็ก,เสื้อผ้าและเครื่องประดับ > ชุดนอน,93,ชื่อสินค้าคือชุดนอน
200073,Shirt เสื้อยืด ระบายชาย,สินค้าและอุปกรณ์สำหรับเด็ก,เสื้อผ้าและเครื่องประดับ > เสื้อเด็ก,92,ชื่อสินค้าคือเสื้อยืด
200072,G Sleep & Play ชุดนอนลายปัก G,สินค้าและอุปกรณ์สำหรับเด็ก,เสื้อผ้าและเครื่องประดับ > ชุดนอน,93,ชื่อสินค้าคือชุดนอน
200071,Tiger Shirt เสื้อยืด ลายเสือ,สินค้าและอุปกรณ์สำหรับเด็ก,เสื้อผ้าและเครื่องประดับ > เสื้อเด็ก,92,ชื่อสินค้าคือเสื้อยืด
200070,Flowers Bodysuit ชุดบอดี้สูทขาสั้นลายดอกไม้,สินค้าและอุปกรณ์สำหรับเด็ก,เสื้อผ้าและเครื่องประดับ > เสื้อผ้าเด็กอ่อน,93,ชื่อสินค้าคือบอดี้สูท/รอมเปอร์ สำหรับเด็กอ่อน
200069,All star Bodysuit ชุดบอดี้สูทขาสั้นลายปักAll star,สินค้าและอุปกรณ์สำหรับเด็ก,เสื้อผ้าและเครื่องประดับ > เสื้อผ้าเด็กอ่อน,93,ชื่อสินค้าคือบอดี้สูท/รอมเปอร์ สำหรับเด็กอ่อน
200067,Bodysuit ขาวยาวลายขวาง,สินค้าและอุปกรณ์สำหรับเด็ก,เสื้อผ้าและเครื่องประดับ > เสื้อผ้าเด็กอ่อน,93,ชื่อสินค้าคือบอดี้สูท/รอมเปอร์ สำหรับเด็กอ่อน
200066,Bumkins baby mickey mouse ผ้ากันเปื้อนเด็กลายมิกกี้เมาส์,สินค้าและอุปกรณ์สำหรับเด็ก,เครื่องมือการเลี้ยงดูเด็ก > อุปกรณ์ให้นมและอาหาร,92,ชื่อสินค้าคืออุปกรณ์ให้นม/หัดดื่ม/ยางกัด/ผ้ากันเปื้อน
200065,Bodysuit Love Bandit ชุดบอดี้สูทขาสั้น,สินค้าและอุปกรณ์สำหรับเด็ก,เสื้อผ้าและเครื่องประดับ > เสื้อผ้าเด็กอ่อน,93,ชื่อสินค้าคือบอดี้สูท/รอมเปอร์ สำหรับเด็กอ่อน
200064,Star pattern pants set เซตกางเกงขายาว รูปดาว,สินค้าและอุปกรณ์สำหรับเด็ก,เสื้อผ้าและเครื่องประดับ > ชุดเซ็ต,86,ชื่อสินค้าเป็นชุดหลายชิ้น/เซ็ตเสื้อผ้า
200063,Monkey Bodysuit ชุดบอดี้สูทขาสั้น ลายลิง,สินค้าและอุปกรณ์สำหรับเด็ก,เสื้อผ้าและเครื่องประดับ > เสื้อผ้าเด็กอ่อน,93,ชื่อสินค้าคือบอดี้สูท/รอมเปอร์ สำหรับเด็กอ่อน
200062,Bumkins baby set เซตผ้ากันเปื้อนเด็ก,สินค้าและอุปกรณ์สำหรับเด็ก,เครื่องมือการเลี้ยงดูเด็ก > อุปกรณ์ให้นมและอาหาร,92,ชื่อสินค้าคืออุปกรณ์ให้นม/หัดดื่ม/ยางกัด/ผ้ากันเปื้อน
200061,Pants set เชตกางเกงขาวยาว,สินค้าและอุปกรณ์สำหรับเด็ก,เสื้อผ้าและเครื่องประดับ > กางเกงเด็ก,92,ชื่อสินค้าคือกางเกง
200060,Bumkins baby rabbit set เซตผ้ากันเปื้อนเด็ก ลายกระต่าย,สินค้าและอุปกรณ์สำหรับเด็ก,เครื่องมือการเลี้ยงดูเด็ก > อุปกรณ์ให้นมและอาหาร,92,ชื่อสินค้าคืออุปกรณ์ให้นม/หัดดื่ม/ยางกัด/ผ้ากันเปื้อน
200059,Bumkins baby set เซตผ้ากันเปื้อนเด็ก,สินค้าและอุปกรณ์สำหรับเด็ก,เครื่องมือการเลี้ยงดูเด็ก > อุปกรณ์ให้นมและอาหาร,92,ชื่อสินค้าคืออุปกรณ์ให้นม/หัดดื่ม/ยางกัด/ผ้ากันเปื้อน
200057,Bumkins baby bear set เซตผ้ากันเปื้อนเด็ก ลายหมี,สินค้าและอุปกรณ์สำหรับเด็ก,เครื่องมือการเลี้ยงดูเด็ก > อุปกรณ์ให้นมและอาหาร,92,ชื่อสินค้าคืออุปกรณ์ให้นม/หัดดื่ม/ยางกัด/ผ้ากันเปื้อน
200056,Bumkins baby bear set เซตผ้ากันเปื้อนเด็ก ลายหมี,สินค้าและอุปกรณ์สำหรับเด็ก,เครื่องมือการเลี้ยงดูเด็ก > อุปกรณ์ให้นมและอาหาร,92,ชื่อสินค้าคืออุปกรณ์ให้นม/หัดดื่ม/ยางกัด/ผ้ากันเปื้อน
200055,Baby hat buck หมวกเด็ก ลายเป็ด,สินค้าและอุปกรณ์สำหรับเด็ก,เสื้อผ้าและเครื่องประดับ > หมวก,93,ชื่อสินค้าคือหมวก
200054,Baby hat car หมวกเด็ก ลายรถ,สินค้าและอุปกรณ์สำหรับเด็ก,เสื้อผ้าและเครื่องประดับ > หมวก,93,ชื่อสินค้าคือหมวก
200052,Baby hat buck set เซตหมวกเด็ก,สินค้าและอุปกรณ์สำหรับเด็ก,เสื้อผ้าและเครื่องประดับ > หมวก,93,ชื่อสินค้าคือหมวก
200051,Baby hat หมวกเด็ก,สินค้าและอุปกรณ์สำหรับเด็ก,เสื้อผ้าและเครื่องประดับ > หมวก,93,ชื่อสินค้าคือหมวก
200050,Pants กางเกงขายาว,สินค้าและอุปกรณ์สำหรับเด็ก,เสื้อผ้าและเครื่องประดับ > กางเกงเด็ก,92,ชื่อสินค้าคือกางเกง
200049,Car pants กางเกงขาวยาว ลายรถ,สินค้าและอุปกรณ์สำหรับเด็ก,เสื้อผ้าและเครื่องประดับ > กางเกงเด็ก,92,ชื่อสินค้าคือกางเกง
200048,Pants กางเกงขาวยาว,สินค้าและอุปกรณ์สำหรับเด็ก,เสื้อผ้าและเครื่องประดับ > กางเกงเด็ก,92,ชื่อสินค้าคือกางเกง
200047,Bumkins bear ผ้ากันเปื้อนเด็ก ลายหมี,สินค้าและอุปกรณ์สำหรับเด็ก,เครื่องมือการเลี้ยงดูเด็ก > อุปกรณ์ให้นมและอาหาร,92,ชื่อสินค้าคืออุปกรณ์ให้นม/หัดดื่ม/ยางกัด/ผ้ากันเปื้อน
200046,Bumkins baby duck ผ้ากันเปื้อนเด็ก ลายเป็ด,สินค้าและอุปกรณ์สำหรับเด็ก,เครื่องมือการเลี้ยงดูเด็ก > อุปกรณ์ให้นมและอาหาร,92,ชื่อสินค้าคืออุปกรณ์ให้นม/หัดดื่ม/ยางกัด/ผ้ากันเปื้อน
200045,Bumkins baby mickey mouse ผ้ากันเปื้อนเด็ก ลายมิกกี้เมาส์,สินค้าและอุปกรณ์สำหรับเด็ก,เครื่องมือการเลี้ยงดูเด็ก > อุปกรณ์ให้นมและอาหาร,92,ชื่อสินค้าคืออุปกรณ์ให้นม/หัดดื่ม/ยางกัด/ผ้ากันเปื้อน
200044,Bodysuit ชุดบอดี้สูทขาสั้น,สินค้าและอุปกรณ์สำหรับเด็ก,เสื้อผ้าและเครื่องประดับ > เสื้อผ้าเด็กอ่อน,93,ชื่อสินค้าคือบอดี้สูท/รอมเปอร์ สำหรับเด็กอ่อน
200042,Pants กางเกงขาวยาว,สินค้าและอุปกรณ์สำหรับเด็ก,เสื้อผ้าและเครื่องประดับ > กางเกงเด็ก,92,ชื่อสินค้าคือกางเกง
200040,Rabbit pants กางเกงขาวยาว ลายกระต่าย,สินค้าและอุปกรณ์สำหรับเด็ก,เสื้อผ้าและเครื่องประดับ > กางเกงเด็ก,92,ชื่อสินค้าคือกางเกง
200039,Forg pants กางเกงขาวยาว ลายกบ,สินค้าและอุปกรณ์สำหรับเด็ก,เสื้อผ้าและเครื่องประดับ > กางเกงเด็ก,92,ชื่อสินค้าคือกางเกง
200038,Pants set เซตกางเกงขาวยาว,สินค้าและอุปกรณ์สำหรับเด็ก,เสื้อผ้าและเครื่องประดับ > ชุดเซ็ต,86,ชื่อสินค้าเป็นชุดหลายชิ้น/เซ็ตเสื้อผ้า
200037,Pants กางเกงขาสั้น,สินค้าและอุปกรณ์สำหรับเด็ก,เสื้อผ้าและเครื่องประดับ > กางเกงเด็ก,90,ชื่อสินค้าคือกางเกงขาสั้น
200036,Bumkins baby set เซตผ้ากันเปื้อนเด็ก ลายสัตว์,สินค้าและอุปกรณ์สำหรับเด็ก,เครื่องมือการเลี้ยงดูเด็ก > อุปกรณ์ให้นมและอาหาร,92,ชื่อสินค้าคืออุปกรณ์ให้นม/หัดดื่ม/ยางกัด/ผ้ากันเปื้อน
200035,Bumkins baby dinosaur Set เซตผ้ากันเปื้อนเด็ก ลายไดโนเสาร์,สินค้าและอุปกรณ์สำหรับเด็ก,เครื่องมือการเลี้ยงดูเด็ก > อุปกรณ์ให้นมและอาหาร,92,ชื่อสินค้าคืออุปกรณ์ให้นม/หัดดื่ม/ยางกัด/ผ้ากันเปื้อน
400010,Crayola สีเทียนเคยอล่าไร้สารพิษเซตใหญ่ 152 สี,สินค้าและอุปกรณ์สำหรับเด็ก,ของเล่นและเครื่องนอนการตกแต่ง > ของเล่น,80,ชื่อสินค้าคือสีเทียน/เครื่องเขียน ไม่ใช่ชุดเสื้อผ้า
400009,"Thermos Funtainer Steel Water Bottle with Straw (12 oz, Minions) กระติกน้ำสแตนเลส เก็บอุณหภูมิ ลายมินเนี่ยน",สินค้าและอุปกรณ์สำหรับเด็ก,เครื่องมือการเลี้ยงดูเด็ก > อุปกรณ์ให้นมและอาหาร,92,ชื่อสินค้าคืออุปกรณ์ให้นม/หัดดื่ม/ยางกัด/ผ้ากันเปื้อน
400007,Evolving Neoprene Swim Vest เสื้อชูชีพเด็ก,สินค้าและอุปกรณ์สำหรับเด็ก,เครื่องมือการเลี้ยงดูเด็ก > อุปกรณ์ความปลอดภัย,88,ชื่อสินค้าคือเสื้อชูชีพ/อุปกรณ์ความปลอดภัยในน้ำ ไม่ใช่แจ็คเก็ต
400006,Colouring Play pimrs Princess สมุดระบายสี สติ๊กเกอร์ เจ้าหญิงดิสนีย์,หนังสือและดนตรี,หนังสือและดนตรี > หนังสือเด็ก,93,ชื่อสินค้าคือหนังสือหรือคู่มือเลี้ยงลูก
400005,Evolving Neoprene Swim Vest เสื้อชูชีพสําหรับว่ายน้ำเด็ก,สินค้าและอุปกรณ์สำหรับเด็ก,เครื่องมือการเลี้ยงดูเด็ก > อุปกรณ์ความปลอดภัย,88,ชื่อสินค้าคือเสื้อชูชีพ/อุปกรณ์ความปลอดภัยในน้ำ ไม่ใช่แจ็คเก็ต
400003,Flower pants กางเกงขาสั้น ลายดอกไม้,สินค้าและอุปกรณ์สำหรับเด็ก,เสื้อผ้าและเครื่องประดับ > กางเกงเด็ก,90,ชื่อสินค้าคือกางเกงขาสั้น
200029,Baby and Kids Food Processon เครื่องทำอาหารเสริมสำหรับเด็กแบบอเนกประสงค์,สินค้าและอุปกรณ์สำหรับเด็ก,เครื่องมือการเลี้ยงดูเด็ก > อุปกรณ์ให้นมและอาหาร,88,ชื่อสินค้าคือเครื่องทำอาหารเสริมเด็ก
200027,ฺBaby Stool hipseat เป้อุ้มเด็กแบบคาดเอว,สินค้าและอุปกรณ์สำหรับเด็ก,เครื่องมือการเลี้ยงดูเด็ก > รถเข็น คาร์ซีท และเป้อุ้ม,90,ชื่อสินค้าคือรถเข็น/คาร์ซีท/เป้อุ้ม
400002,Dinosaurs Set Shirt and Pants เซตเสื้อและกางเกง ลายไดโนเสาร์,สินค้าและอุปกรณ์สำหรับเด็ก,เสื้อผ้าและเครื่องประดับ > ชุดเซ็ต,86,ชื่อสินค้าเป็นชุดหลายชิ้น/เซ็ตเสื้อผ้า
200026,The original Hip seat เป้อุ้มเด็กแบบคาดเอว,สินค้าและอุปกรณ์สำหรับเด็ก,เครื่องมือการเลี้ยงดูเด็ก > รถเข็น คาร์ซีท และเป้อุ้ม,90,ชื่อสินค้าคือรถเข็น/คาร์ซีท/เป้อุ้ม
400001,Blue Pants กางเกงขาสั้น สีน้ำเงิน,สินค้าและอุปกรณ์สำหรับเด็ก,เสื้อผ้าและเครื่องประดับ > กางเกงเด็ก,90,ชื่อสินค้าคือกางเกงขาสั้น
200023,Brid Shirt เสื้อยืด ลายนก,สินค้าและอุปกรณ์สำหรับเด็ก,เสื้อผ้าและเครื่องประดับ > เสื้อเด็ก,92,ชื่อสินค้าคือเสื้อยืด
200022,Breaker Bodysuit ชุดบอดี้สูท ลายBreaker,สินค้าและอุปกรณ์สำหรับเด็ก,เสื้อผ้าและเครื่องประดับ > เสื้อผ้าเด็กอ่อน,93,ชื่อสินค้าคือบอดี้สูท/รอมเปอร์ สำหรับเด็กอ่อน
200021,Pants กางเกงขาวยาว,สินค้าและอุปกรณ์สำหรับเด็ก,เสื้อผ้าและเครื่องประดับ > กางเกงเด็ก,92,ชื่อสินค้าคือกางเกง
200020,Striped Pajamas ชุดนอนลายขวาง,สินค้าและอุปกรณ์สำหรับเด็ก,เสื้อผ้าและเครื่องประดับ > ชุดนอน,93,ชื่อสินค้าคือชุดนอน
200019,Crown Bodysuit ชุดบอดี้สูทขาสั้น ลายมงกุฎ,สินค้าและอุปกรณ์สำหรับเด็ก,เสื้อผ้าและเครื่องประดับ > เสื้อผ้าเด็กอ่อน,93,ชื่อสินค้าคือบอดี้สูท/รอมเปอร์ สำหรับเด็กอ่อน
200018,Bear Bumkins baby ผ้ากันเปื้อนเด็ก ลายหมี,สินค้าและอุปกรณ์สำหรับเด็ก,เครื่องมือการเลี้ยงดูเด็ก > อุปกรณ์ให้นมและอาหาร,92,ชื่อสินค้าคืออุปกรณ์ให้นม/หัดดื่ม/ยางกัด/ผ้ากันเปื้อน
200017,NEW BALANCE รองเท้าลำลองเด็ก,สินค้าและอุปกรณ์สำหรับเด็ก,เสื้อผ้าและเครื่องประดับ > รองเท้า,93,ชื่อสินค้าคือรองเท้า
200012,Total support headrest หมอนรองคอเด็ก,สินค้าและอุปกรณ์สำหรับเด็ก,ของเล่นและเครื่องนอนการตกแต่ง > เครื่องนอนและผ้าปู,82,ชื่อสินค้าคือหมอน/เบาะรอง ไม่ใช่เสื้อผ้า
200011,Total support headrest หมอนรองคอเด็กรูปตัว U ลายสิงโต,สินค้าและอุปกรณ์สำหรับเด็ก,ของเล่นและเครื่องนอนการตกแต่ง > เครื่องนอนและผ้าปู,82,ชื่อสินค้าคือหมอน/เบาะรอง ไม่ใช่เสื้อผ้า
200010,Total support headrest หมอนรองคอเด็ก,สินค้าและอุปกรณ์สำหรับเด็ก,ของเล่นและเครื่องนอนการตกแต่ง > เครื่องนอนและผ้าปู,82,ชื่อสินค้าคือหมอน/เบาะรอง ไม่ใช่เสื้อผ้า
200009,Skip hop bandana buddies activity fox ของเล่นแขวนผ้า,สินค้าและอุปกรณ์สำหรับเด็ก,ของเล่นและเครื่องนอนการตกแต่ง > ของเล่น,80,ชื่อสินค้าคือของเล่น
200008,Camera Baby MOM Bag กระเป๋าเก็บความเย็น,สินค้าและอุปกรณ์สำหรับเด็ก,เสื้อผ้าและเครื่องประดับ > กระเป๋า,78,ชื่อสินค้าคือกระเป๋า
200007,HUGGIES ผ้าห่มเด็กมีฮู้ดหมี,สินค้าและอุปกรณ์สำหรับเด็ก,ของเล่นและเครื่องนอนการตกแต่ง > เครื่องนอนและผ้าปู,88,ชื่อสินค้าคือเครื่องนอนหรือผ้าใช้ในห้องเด็ก
500003,Babymoov หมอนป้องกันศรีษะสำหรับเด็ก,สินค้าและอุปกรณ์สำหรับเด็ก,ของเล่นและเครื่องนอนการตกแต่ง > เครื่องนอนและผ้าปู,82,ชื่อสินค้าคือหมอน/เบาะรอง ไม่ใช่เสื้อผ้า
500002,Almofada de banho baleia เบาะอาบน้ำปลาวาฬ,สินค้าและอุปกรณ์สำหรับเด็ก,สินค้าและอุปกรณ์สำหรับเด็ก,25,ชื่อสินค้าไม่ระบุชนิดชัดเจน จึงยังไม่ย้ายออกจากหมวดปัจจุบัน
200001,Anti GERD Baby Pillow หมอนกันกรดไหลย้อน,สินค้าและอุปกรณ์สำหรับเด็ก,ของเล่นและเครื่องนอนการตกแต่ง > เครื่องนอนและผ้าปู,82,ชื่อสินค้าคือหมอน/เบาะรอง ไม่ใช่เสื้อผ้า
300059,Striped Pajamas ชุดนอนคอวีขายาว ลายขวาง,สินค้าและอุปกรณ์สำหรับเด็ก,เสื้อผ้าและเครื่องประดับ > ชุดนอน,93,ชื่อสินค้าคือชุดนอน
100072,Jum pair กางเกงขาจัมพ์,สินค้าและอุปกรณ์สำหรับเด็ก,เสื้อผ้าและเครื่องประดับ > กางเกงเด็ก,92,ชื่อสินค้าคือกางเกง
300060,Raccoon Pajamas ชุดนอนคอกลมขายาวลายปักแร็กคูณ,สินค้าและอุปกรณ์สำหรับเด็ก,เสื้อผ้าและเครื่องประดับ > ชุดนอน,93,ชื่อสินค้าคือชุดนอน
300061,Striped Pants กางเกงขายาว ลายขวาง,สินค้าและอุปกรณ์สำหรับเด็ก,เสื้อผ้าและเครื่องประดับ > กางเกงเด็ก,92,ชื่อสินค้าคือกางเกง
300062,Summer Pants กางเกงขาสั้น ลายซัมเมอร์,สินค้าและอุปกรณ์สำหรับเด็ก,เสื้อผ้าและเครื่องประดับ > กางเกงเด็ก,90,ชื่อสินค้าคือกางเกงขาสั้น
300063,Elephants Pajamas ชุดนอนคอวีขายาว ลายช้าง,สินค้าและอุปกรณ์สำหรับเด็ก,เสื้อผ้าและเครื่องประดับ > ชุดนอน,93,ชื่อสินค้าคือชุดนอน
100073,Set LEN Mattress protector and Pillow for cot ผ้ารองกันเปื้อนที่นอนและหมอนเด็กอ่อน,สินค้าและอุปกรณ์สำหรับเด็ก,ของเล่นและเครื่องนอนการตกแต่ง > เครื่องนอนและผ้าปู,88,ชื่อสินค้าคือเครื่องนอนหรือผ้าใช้ในห้องเด็ก
100074,Captivating Crab ที่ครอบกล้อง สำหรับถ่ายรูปเด็ก,สินค้าและอุปกรณ์สำหรับเด็ก,สินค้าและอุปกรณ์สำหรับเด็ก,25,ชื่อสินค้าไม่ระบุชนิดชัดเจน จึงยังไม่ย้ายออกจากหมวดปัจจุบัน
400011,ADVANTAGE รองเท้าเด็ก,สินค้าและอุปกรณ์สำหรับเด็ก,เสื้อผ้าและเครื่องประดับ > รองเท้า,93,ชื่อสินค้าคือรองเท้า
200119,Cat Pajamas ชุดนอนคอวีขายาว ลายแมว,สินค้าและอุปกรณ์สำหรับเด็ก,เสื้อผ้าและเครื่องประดับ > ชุดนอน,93,ชื่อสินค้าคือชุดนอน
200120,Wave Pajamas ชุดนอนคอวีขายาว ลายคลื่น,สินค้าและอุปกรณ์สำหรับเด็ก,เสื้อผ้าและเครื่องประดับ > ชุดนอน,93,ชื่อสินค้าคือชุดนอน
200121,My Auntie much fun Body suit ชุดบอดี้สูทขาสั้นลาย My Auntie much fun,สินค้าและอุปกรณ์สำหรับเด็ก,เสื้อผ้าและเครื่องประดับ > เสื้อผ้าเด็กอ่อน,93,ชื่อสินค้าคือบอดี้สูท/รอมเปอร์ สำหรับเด็กอ่อน
700001,Super light Taekwondo Uniform Kids and adult ชุดเทควันโด,สินค้าและอุปกรณ์สำหรับเด็ก,เสื้อผ้าและเครื่องประดับ > ชุดเซ็ต,75,ชื่อสินค้าคือชุดยูนิฟอร์มกีฬา จัดเข้าชุดเซ็ต
700002,Taekwondo Uniform Kids ชุดเทควันโด,สินค้าและอุปกรณ์สำหรับเด็ก,เสื้อผ้าและเครื่องประดับ > ชุดเซ็ต,75,ชื่อสินค้าคือชุดยูนิฟอร์มกีฬา จัดเข้าชุดเซ็ต
700005,Folable tatami เก้าอี้เอนกายพับเก็บได้,สินค้าและอุปกรณ์สำหรับเด็ก,สินค้าและอุปกรณ์สำหรับเด็ก,25,ชื่อสินค้าไม่ระบุชนิดชัดเจน จึงยังไม่ย้ายออกจากหมวดปัจจุบัน
700006,Toys for children ของเล่นสำหรับเด็ก,สินค้าและอุปกรณ์สำหรับเด็ก,ของเล่นและเครื่องนอนการตกแต่ง > ของเล่น,80,ชื่อสินค้าคือของเล่น
700009,lantern garland โคมไฟสำหรับตกแต่ง,สินค้าและอุปกรณ์สำหรับเด็ก,สินค้าและอุปกรณ์สำหรับเด็ก,25,ชื่อสินค้าไม่ระบุชนิดชัดเจน จึงยังไม่ย้ายออกจากหมวดปัจจุบัน
700010,Plates flowers จานลายดอกไม้สำหรับเด็ก,สินค้าและอุปกรณ์สำหรับเด็ก,สินค้าและอุปกรณ์สำหรับเด็ก,25,ชื่อสินค้าไม่ระบุชนิดชัดเจน จึงยังไม่ย้ายออกจากหมวดปัจจุบัน
800024,Bows Detailing Sandals รองเท้าแตะติดโบว์,สินค้าและอุปกรณ์สำหรับเด็ก,เสื้อผ้าและเครื่องประดับ > รองเท้า,93,ชื่อสินค้าคือรองเท้า
800013,Mini Beach Slide Dino รองเท้าแตะลายไดโนเสาร์,สินค้าและอุปกรณ์สำหรับเด็ก,เสื้อผ้าและเครื่องประดับ > รองเท้า,93,ชื่อสินค้าคือรองเท้า
800012,Baby Girl Patent Leather T รองเท้าหนังหุ้มข้อติดโบว์,สินค้าและอุปกรณ์สำหรับเด็ก,เสื้อผ้าและเครื่องประดับ > รองเท้า,93,ชื่อสินค้าคือรองเท้า
800007,Bright Starts Shake And Glow Monkey Toy ที่แขวนคาร์ซีทและรถเข็นเด็ก,สินค้าและอุปกรณ์สำหรับเด็ก,เครื่องมือการเลี้ยงดูเด็ก > รถเข็น คาร์ซีท และเป้อุ้ม,90,ชื่อสินค้าคือรถเข็น/คาร์ซีท/เป้อุ้ม
800017,wed-3084 transport matching game ของเล่นเพื่อฝึกออกกำลังนิ้ว,สินค้าและอุปกรณ์สำหรับเด็ก,ของเล่นและเครื่องนอนการตกแต่ง > ของเล่น,80,ชื่อสินค้าคือของเล่น
800021,Belly Bandit ผ้ายืดรัดหน้าท้องหลังคลอด,สินค้าและอุปกรณ์สำหรับเด็ก,เครื่องมือการเลี้ยงดูเด็ก > อุปกรณ์ให้นมและอาหาร,92,ชื่อสินค้าคืออุปกรณ์ให้นม/หลังคลอด
800027,Electronic music snail piano ออแกนหอยหอยทาก,สินค้าและอุปกรณ์สำหรับเด็ก,สินค้าและอุปกรณ์สำหรับเด็ก,25,ชื่อสินค้าไม่ระบุชนิดชัดเจน จึงยังไม่ย้ายออกจากหมวดปัจจุบัน
800005,Cozy Caterpillar Neck Support หมอนรองคอหนอนผีเสื้อ,สินค้าและอุปกรณ์สำหรับเด็ก,ของเล่นและเครื่องนอนการตกแต่ง > เครื่องนอนและผ้าปู,82,ชื่อสินค้าคือหมอน/เบาะรอง ไม่ใช่เสื้อผ้า
800003,Spectra S1 Plus เครื่องปั๊มน้ำนมสำหรับคุณแม่,สินค้าและอุปกรณ์สำหรับเด็ก,เครื่องมือการเลี้ยงดูเด็ก > อุปกรณ์ให้นมและอาหาร,92,ชื่อสินค้าคืออุปกรณ์ให้นม/หลังคลอด
800023,Beaming Buggie Take-Along Toy ผึ้งของเล่นสำหรับเด็ก,สินค้าและอุปกรณ์สำหรับเด็ก,ของเล่นและเครื่องนอนการตกแต่ง > ของเล่น,80,ชื่อสินค้าคือของเล่น
800004,Hamleys Movers and Shakers Poodle-Pink ตุ๊กตาหุ่นยนต์สุนัขสีชมพู,สินค้าและอุปกรณ์สำหรับเด็ก,ของเล่นและเครื่องนอนการตกแต่ง > ของเล่น,80,ชื่อสินค้าคือของเล่น
800029,Breast milk Storage Bags ถุงเก็บน้ำนมแม่,สินค้าและอุปกรณ์สำหรับเด็ก,เครื่องมือการเลี้ยงดูเด็ก > อุปกรณ์ให้นมและอาหาร,92,ชื่อสินค้าคืออุปกรณ์ให้นม/หลังคลอด
800032,Sea Squad ชุดว่ายน้ำเด็ก,สินค้าและอุปกรณ์สำหรับเด็ก,เสื้อผ้าและเครื่องประดับ > ชุดว่ายน้ำเด็ก,95,ชื่อสินค้าคือชุดว่ายน้ำ
800033,ZOGGS Jacket For Swim Zoggyjacket ชุดชูชีพสำหรับเด็กหญิง,สินค้าและอุปกรณ์สำหรับเด็ก,เครื่องมือการเลี้ยงดูเด็ก > อุปกรณ์ความปลอดภัย,88,ชื่อสินค้าคือเสื้อชูชีพ/อุปกรณ์ความปลอดภัยในน้ำ ไม่ใช่แจ็คเก็ต
800034,Sea Squad ชุดว่ายน้ำเด็ก,สินค้าและอุปกรณ์สำหรับเด็ก,เสื้อผ้าและเครื่องประดับ > ชุดว่ายน้ำเด็ก,95,ชื่อสินค้าคือชุดว่ายน้ำ
800036,Numbers and Chef's Kitchen book หนังสือตัวเลขและพ่อครัว,หนังสือและดนตรี,หนังสือและดนตรี > หนังสือเด็ก,93,ชื่อสินค้าคือหนังสือหรือคู่มือเลี้ยงลูก
800037,IF I were a puppy book หนังสือถ้าฉันเป็นลูกสุนัข,หนังสือและดนตรี,หนังสือและดนตรี > หนังสือเด็ก,93,ชื่อสินค้าคือหนังสือหรือคู่มือเลี้ยงลูก
800038,"Let's share, Working together, Plase and thank you หนังสือ",หนังสือและดนตรี,หนังสือและดนตรี > หนังสือเด็ก,93,ชื่อสินค้าคือหนังสือหรือคู่มือเลี้ยงลูก
800041,Twinkle Twinkle baby หนังสือนิทานภาษาอังกฤษสำหรับเด็ก,หนังสือและดนตรี,หนังสือและดนตรี > หนังสือเด็ก,93,ชื่อสินค้าคือหนังสือหรือคู่มือเลี้ยงลูก
800049,Skill toys ของเล่นเสริมทักษะ,สินค้าและอุปกรณ์สำหรับเด็ก,ของเล่นและเครื่องนอนการตกแต่ง > ของเล่น,80,ชื่อสินค้าคือของเล่น
800051,Bag กระเป๋าถือและสะพายรูปแกะ,สินค้าและอุปกรณ์สำหรับเด็ก,เสื้อผ้าและเครื่องประดับ > กระเป๋า,78,ชื่อสินค้าคือกระเป๋า
800042,Soft Shapes Ocean หนังสือนิทานภาษาอังกฤษสำหรับเด็ก,หนังสือและดนตรี,หนังสือและดนตรี > หนังสือเด็ก,93,ชื่อสินค้าคือหนังสือหรือคู่มือเลี้ยงลูก
800052,Wiggle & Crawl Ball ลูกบอลของเล่น,สินค้าและอุปกรณ์สำหรับเด็ก,ของเล่นและเครื่องนอนการตกแต่ง > ของเล่น,80,ชื่อสินค้าคือของเล่น
800053,HAB SPIN GIGGLE PUP ของเล่นรถจานหมุน,สินค้าและอุปกรณ์สำหรับเด็ก,ของเล่นและเครื่องนอนการตกแต่ง > ของเล่น,80,ชื่อสินค้าคือของเล่น
800055,Sleepy Bear Sweet Dreams โปรเจคเตอร์,สินค้าและอุปกรณ์สำหรับเด็ก,สินค้าและอุปกรณ์สำหรับเด็ก,25,ชื่อสินค้าไม่ระบุชนิดชัดเจน จึงยังไม่ย้ายออกจากหมวดปัจจุบัน
800044,Children's Development Cloth Book หนังสือผ้าเสริมพัฒนาการเด็ก,หนังสือและดนตรี,หนังสือและดนตรี > หนังสือเด็ก,93,ชื่อสินค้าคือหนังสือหรือคู่มือเลี้ยงลูก
800045,Children's Development Cloth Book หนังสือผ้าเสริมพัฒนาการเด็ก,หนังสือและดนตรี,หนังสือและดนตรี > หนังสือเด็ก,93,ชื่อสินค้าคือหนังสือหรือคู่มือเลี้ยงลูก
800046,Garden Tails Book หนังสือนิทานสำหรับเด็ก,หนังสือและดนตรี,หนังสือและดนตรี > หนังสือเด็ก,93,ชื่อสินค้าคือหนังสือหรือคู่มือเลี้ยงลูก
800058,Paw Patrol Cushion ตุ๊กตา,สินค้าและอุปกรณ์สำหรับเด็ก,ของเล่นและเครื่องนอนการตกแต่ง > ของเล่น,80,ชื่อสินค้าคือของเล่น
800060,Care Bears Good Luck Bear ตุ๊กตาแคร์แบร์,สินค้าและอุปกรณ์สำหรับเด็ก,ของเล่นและเครื่องนอนการตกแต่ง > ของเล่น,80,ชื่อสินค้าคือของเล่น
800061,Hello Kitty Candy Fan ของเล่นพัดลม,สินค้าและอุปกรณ์สำหรับเด็ก,ของเล่นและเครื่องนอนการตกแต่ง > ของเล่น,80,ชื่อสินค้าคือของเล่น
800062,Smiggle Squishy Hug-A-Buds ตุ๊กตา,สินค้าและอุปกรณ์สำหรับเด็ก,ของเล่นและเครื่องนอนการตกแต่ง > ของเล่น,80,ชื่อสินค้าคือของเล่น
800064,Copenhagen Up กระต่ายขนนุ่ม,สินค้าและอุปกรณ์สำหรับเด็ก,ของเล่นและเครื่องนอนการตกแต่ง > ของเล่น,70,ชื่อสินค้าสื่อถึงตุ๊กตา/ของเล่นนุ่ม
800079,The hanging doll has a sound ตุ๊กตาแขวนมีเสียง,สินค้าและอุปกรณ์สำหรับเด็ก,ของเล่นและเครื่องนอนการตกแต่ง > ของเล่น,80,ชื่อสินค้าคือของเล่น
800065,My Little Pony Plush Toy Spike Dragon พวงกุญแจ,สินค้าและอุปกรณ์สำหรับเด็ก,ของเล่นและเครื่องนอนการตกแต่ง > ของเล่น,80,ชื่อสินค้าคือของเล่น
800066,RAINBOW HUGS BEAR หมีเรนโบว์,สินค้าและอุปกรณ์สำหรับเด็ก,ของเล่นและเครื่องนอนการตกแต่ง > ของเล่น,70,ชื่อสินค้าสื่อถึงตุ๊กตา/ของเล่นนุ่ม
800067,Flummi rabbit กระต่ายฟลัม,สินค้าและอุปกรณ์สำหรับเด็ก,สินค้าและอุปกรณ์สำหรับเด็ก,25,ชื่อสินค้าไม่ระบุชนิดชัดเจน จึงยังไม่ย้ายออกจากหมวดปัจจุบัน
800080,Wish Factory Kawaii Cube DC comics jerry&rabbit ตุ๊กตาเจอร์รี่&กระต่าย,สินค้าและอุปกรณ์สำหรับเด็ก,ของเล่นและเครื่องนอนการตกแต่ง > ของเล่น,80,ชื่อสินค้าคือของเล่น
800068,Munchkin Bath Bobbers ของเล่นในน้ำ,สินค้าและอุปกรณ์สำหรับเด็ก,ของเล่นและเครื่องนอนการตกแต่ง > ของเล่น,80,ชื่อสินค้าคือของเล่น
800069,Freddie Teddy Duck ตุ๊กตาเป็ด,สินค้าและอุปกรณ์สำหรับเด็ก,ของเล่นและเครื่องนอนการตกแต่ง > ของเล่น,80,ชื่อสินค้าคือของเล่น
800070,Puppito Cutetitos ของเล่นนุ่ม,สินค้าและอุปกรณ์สำหรับเด็ก,ของเล่นและเครื่องนอนการตกแต่ง > ของเล่น,80,ชื่อสินค้าคือของเล่น
800082,Hello Kitty Doll Set เซ็ตตุ๊กตาคิตตี้,สินค้าและอุปกรณ์สำหรับเด็ก,ของเล่นและเครื่องนอนการตกแต่ง > ของเล่น,80,ชื่อสินค้าคือของเล่น
800071,Musical RRH Wolf Doll ตุ๊กตาหมาป่ากางขา,สินค้าและอุปกรณ์สำหรับเด็ก,ของเล่นและเครื่องนอนการตกแต่ง > ของเล่น,80,ชื่อสินค้าคือของเล่น
800072,Rabbit Doll ตุ๊กตากระต่าย,สินค้าและอุปกรณ์สำหรับเด็ก,ของเล่นและเครื่องนอนการตกแต่ง > ของเล่น,80,ชื่อสินค้าคือของเล่น
800083,Penguin doll set เซ็ตตุ๊กตานกเพนกวิน,สินค้าและอุปกรณ์สำหรับเด็ก,ของเล่นและเครื่องนอนการตกแต่ง > ของเล่น,80,ชื่อสินค้าคือของเล่น
800073,Teddy Bear ตุ๊กตาหมีเท็ดดี้,สินค้าและอุปกรณ์สำหรับเด็ก,ของเล่นและเครื่องนอนการตกแต่ง > ของเล่น,80,ชื่อสินค้าคือของเล่น
800074,Pikmi Pops Lollipop ตุ๊กตา,สินค้าและอุปกรณ์สำหรับเด็ก,ของเล่นและเครื่องนอนการตกแต่ง > ของเล่น,80,ชื่อสินค้าคือของเล่น
800084,Pajamas for children ถุงนอนเด็ก,สินค้าและอุปกรณ์สำหรับเด็ก,เสื้อผ้าและเครื่องประดับ > ชุดนอน,93,ชื่อสินค้าคือชุดนอน
800075,Sheep Doll ตุ๊กตาแกะ,สินค้าและอุปกรณ์สำหรับเด็ก,ของเล่นและเครื่องนอนการตกแต่ง > ของเล่น,80,ชื่อสินค้าคือของเล่น
800076,Peperico Daily พวงกุญแจเพนกวิน,สินค้าและอุปกรณ์สำหรับเด็ก,สินค้าและอุปกรณ์สำหรับเด็ก,25,ชื่อสินค้าไม่ระบุชนิดชัดเจน จึงยังไม่ย้ายออกจากหมวดปัจจุบัน
800077,LOL Fluky Purse Kittyqueen ตุ๊กตานุ่ม,สินค้าและอุปกรณ์สำหรับเด็ก,ของเล่นและเครื่องนอนการตกแต่ง > ของเล่น,80,ชื่อสินค้าคือของเล่น
800078,Unicorn ตุ๊กตายูนิคอร์น,สินค้าและอุปกรณ์สำหรับเด็ก,ของเล่นและเครื่องนอนการตกแต่ง > ของเล่น,80,ชื่อสินค้าคือของเล่น
800050,Sleep Tight Bunny หนังสือนิทาน,หนังสือและดนตรี,หนังสือและดนตรี > หนังสือเด็ก,93,ชื่อสินค้าคือหนังสือหรือคู่มือเลี้ยงลูก
900024,Astronaut Suit w/Embroidered Cap ชุดนักบินอวกาศ,สินค้าและอุปกรณ์สำหรับเด็ก,เสื้อผ้าและเครื่องประดับ > หมวก,93,ชื่อสินค้าคือหมวก
900047,Beanies หมวกไหมพรม,สินค้าและอุปกรณ์สำหรับเด็ก,เสื้อผ้าและเครื่องประดับ > หมวก,93,ชื่อสินค้าคือหมวก
900049,BABY SWIMMING UV PROTECTION CAP หมวกกันยูวีว่ายน้ำเด็ก,สินค้าและอุปกรณ์สำหรับเด็ก,เสื้อผ้าและเครื่องประดับ > หมวก,93,ชื่อสินค้าคือหมวก
900048,Children’s Baseball Cap with White Tiger design หมวกเบสบอลเด็กลายเสือ,สินค้าและอุปกรณ์สำหรับเด็ก,เสื้อผ้าและเครื่องประดับ > หมวก,93,ชื่อสินค้าคือหมวก
900096,Knitted Jumper เสื้อไหมพรม,สินค้าและอุปกรณ์สำหรับเด็ก,เสื้อผ้าและเครื่องประดับ > เสื้อเด็ก,82,ชื่อสินค้ามีคำว่าเสื้อ/shirt
900040,American T-shirt เสื้อยืดแขนสั้น,สินค้าและอุปกรณ์สำหรับเด็ก,เสื้อผ้าและเครื่องประดับ > เสื้อเด็ก,92,ชื่อสินค้าคือเสื้อยืด
900014,Ninja Warrior ชุดนักรบนินจาชาย,สินค้าและอุปกรณ์สำหรับเด็ก,เสื้อผ้าและเครื่องประดับ > ชุดแฟนซี,90,ชื่อสินค้าคือชุดแฟนซี/คอสเพลย์ ไม่ใช่ชุดเดรสทั่วไป
900092,SPIDERMAN FAR FROM HOME ชุดคอมตูมสไปเดอร์แมน,สินค้าและอุปกรณ์สำหรับเด็ก,เสื้อผ้าและเครื่องประดับ > ชุดแฟนซี,90,ชื่อสินค้าคือชุดแฟนซี/คอสเพลย์ ไม่ใช่ชุดเดรสทั่วไป
900018,Ladybug Halloween Costume ชุดเจ้าแมลงตัวน้อยแสนน่ารัก,สินค้าและอุปกรณ์สำหรับเด็ก,เสื้อผ้าและเครื่องประดับ > ชุดแฟนซี,90,ชื่อสินค้าคือชุดแฟนซี/คอสเพลย์ ไม่ใช่ชุดเดรสทั่วไป
900022,Pilot Role Play Costume Set ชุดสวมบทบาทนักบิน,สินค้าและอุปกรณ์สำหรับเด็ก,เสื้อผ้าและเครื่องประดับ > ชุดแฟนซี,90,ชื่อสินค้าคือชุดแฟนซี/คอสเพลย์ ไม่ใช่ชุดเดรสทั่วไป
900056,Towel ผ้าขนหนูลายสายรุ้ง,สินค้าและอุปกรณ์สำหรับเด็ก,ของเล่นและเครื่องนอนการตกแต่ง > เครื่องนอนและผ้าปู,88,ชื่อสินค้าคือเครื่องนอนหรือผ้าใช้ในห้องเด็ก
900064,Nike Fast กางเกงเลกกิ้ง,สินค้าและอุปกรณ์สำหรับเด็ก,เสื้อผ้าและเครื่องประดับ > กางเกงเด็ก,92,ชื่อสินค้าคือเลกกิ้ง จัดเป็นกางเกงเด็ก
900021,Power Rangers Robo Knight Megaforce Classic Muscle Child Halloween Costume ชุดฮัลโลวีนพาวเวอร์เรนเจอร์,สินค้าและอุปกรณ์สำหรับเด็ก,เสื้อผ้าและเครื่องประดับ > ชุดแฟนซี,90,ชื่อสินค้าคือชุดแฟนซี/คอสเพลย์ ไม่ใช่ชุดเดรสทั่วไป
900013,Lady Bug Cape ชุดคลุมพร้อมหมวกแมลงเต่าทอง,สินค้าและอุปกรณ์สำหรับเด็ก,เสื้อผ้าและเครื่องประดับ > หมวก,93,ชื่อสินค้าคือหมวก
900012,Honorable Prince ชุดเจ้าชาย,สินค้าและอุปกรณ์สำหรับเด็ก,สินค้าและอุปกรณ์สำหรับเด็ก,25,ชื่อสินค้าไม่ระบุชนิดชัดเจน จึงยังไม่ย้ายออกจากหมวดปัจจุบัน
900066,Basic Legging กางเกงเลกกิ้งลายรองเท้า,สินค้าและอุปกรณ์สำหรับเด็ก,เสื้อผ้าและเครื่องประดับ > รองเท้า,93,ชื่อสินค้าคือรองเท้า
900025,Captain Hook Costume for Kids ชุดกัปตันฮุกสำหรับเด็ก,สินค้าและอุปกรณ์สำหรับเด็ก,เสื้อผ้าและเครื่องประดับ > ชุดแฟนซี,90,ชื่อสินค้าคือชุดแฟนซี/คอสเพลย์ ไม่ใช่ชุดเดรสทั่วไป
900023,CAPTAIN AMERICA ชุดกัปตันอเมริกา,สินค้าและอุปกรณ์สำหรับเด็ก,สินค้าและอุปกรณ์สำหรับเด็ก,25,ชื่อสินค้าไม่ระบุชนิดชัดเจน จึงยังไม่ย้ายออกจากหมวดปัจจุบัน
900069,Leggings กางเกงเลกกิ้งลายวิวภูเขา,สินค้าและอุปกรณ์สำหรับเด็ก,เสื้อผ้าและเครื่องประดับ > กางเกงเด็ก,92,ชื่อสินค้าคือเลกกิ้ง จัดเป็นกางเกงเด็ก
900017,Stormtrooper Deluxe Boys Costume ชุดเด็กผู้ชาย สตอร์มทรูปเปอร์,สินค้าและอุปกรณ์สำหรับเด็ก,เสื้อผ้าและเครื่องประดับ > ชุดแฟนซี,90,ชื่อสินค้าคือชุดแฟนซี/คอสเพลย์ ไม่ใช่ชุดเดรสทั่วไป
900072,Ultra Stretch Pants กางเกงยีนส์,สินค้าและอุปกรณ์สำหรับเด็ก,เสื้อผ้าและเครื่องประดับ > กางเกงยีนส์เด็ก,94,ชื่อสินค้าคือกางเกงยีนส์
900015,Justice Batman Costume ชุดแบทแมน,สินค้าและอุปกรณ์สำหรับเด็ก,เสื้อผ้าและเครื่องประดับ > ชุดแฟนซี,90,ชื่อสินค้าคือชุดแฟนซี/คอสเพลย์ ไม่ใช่ชุดเดรสทั่วไป
900003,Go Fishing เกมส์ตกเป็ด,สินค้าและอุปกรณ์สำหรับเด็ก,สินค้าและอุปกรณ์สำหรับเด็ก,25,ชื่อสินค้าไม่ระบุชนิดชัดเจน จึงยังไม่ย้ายออกจากหมวดปัจจุบัน
900073,Soft Cotton Dungarees ชุดเอี๊ยมผ้าฝ้ายเนื้อนุ่ม,สินค้าและอุปกรณ์สำหรับเด็ก,เสื้อผ้าและเครื่องประดับ > กางเกงเด็ก,88,ชื่อสินค้าคือเอี๊ยม
900055,Swiss Cross in Gray Bed Sheet ผ้าปูที่นอนสำหรับเด็ก,สินค้าและอุปกรณ์สำหรับเด็ก,ของเล่นและเครื่องนอนการตกแต่ง > เครื่องนอนและผ้าปู,88,ชื่อสินค้าคือเครื่องนอนหรือผ้าใช้ในห้องเด็ก
900060,Printed Mesh Racer Run Short กางเกงขาสั้น,สินค้าและอุปกรณ์สำหรับเด็ก,เสื้อผ้าและเครื่องประดับ > กางเกงเด็ก,90,ชื่อสินค้าคือกางเกงขาสั้น
900052,Cotton Muslin Dream Blanket ผ้าห่ม,สินค้าและอุปกรณ์สำหรับเด็ก,ของเล่นและเครื่องนอนการตกแต่ง > เครื่องนอนและผ้าปู,88,ชื่อสินค้าคือเครื่องนอนหรือผ้าใช้ในห้องเด็ก
900034,Bonnie Jean Dress/Vestido ชุดเดรสเด็ก,สินค้าและอุปกรณ์สำหรับเด็ก,เสื้อผ้าและเครื่องประดับ > กางเกงยีนส์เด็ก,94,ชื่อสินค้าคือกางเกงยีนส์
900054,Bed Sheet ผ้าปูที่นอนสำหรับเด็ก,สินค้าและอุปกรณ์สำหรับเด็ก,ของเล่นและเครื่องนอนการตกแต่ง > เครื่องนอนและผ้าปู,88,ชื่อสินค้าคือเครื่องนอนหรือผ้าใช้ในห้องเด็ก
900051,Rabbit Blanket ผ้าห่มเด็กคู่กระต่ายน้อย,สินค้าและอุปกรณ์สำหรับเด็ก,ของเล่นและเครื่องนอนการตกแต่ง > เครื่องนอนและผ้าปู,88,ชื่อสินค้าคือเครื่องนอนหรือผ้าใช้ในห้องเด็ก
900057,Blue Blanket Polka dots ผ้าห่มผืนยาวลายจุด,สินค้าและอุปกรณ์สำหรับเด็ก,ของเล่นและเครื่องนอนการตกแต่ง > เครื่องนอนและผ้าปู,88,ชื่อสินค้าคือเครื่องนอนหรือผ้าใช้ในห้องเด็ก
900058,Cotton Muslin Dream Blanket ผ้าห่ม,สินค้าและอุปกรณ์สำหรับเด็ก,ของเล่นและเครื่องนอนการตกแต่ง > เครื่องนอนและผ้าปู,88,ชื่อสินค้าคือเครื่องนอนหรือผ้าใช้ในห้องเด็ก
900086,Women's Big Ruffle - Vintage Blue กางเกงทรงวินเทจ,สินค้าและอุปกรณ์สำหรับเด็ก,เสื้อผ้าและเครื่องประดับ > กางเกงเด็ก,92,ชื่อสินค้าคือกางเกง
900088,Vintage navy shirt เสื้อเชิ้ตนาวี,สินค้าและอุปกรณ์สำหรับเด็ก,เสื้อผ้าและเครื่องประดับ > เสื้อเด็ก,90,ชื่อสินค้าคือเสื้อ
900059,Bed Sheet ผ้าปูที่นอนลายจุด,สินค้าและอุปกรณ์สำหรับเด็ก,ของเล่นและเครื่องนอนการตกแต่ง > เครื่องนอนและผ้าปู,88,ชื่อสินค้าคือเครื่องนอนหรือผ้าใช้ในห้องเด็ก
900070,Adidas Ultra กางเกงวิ่งขาสั้น,สินค้าและอุปกรณ์สำหรับเด็ก,เสื้อผ้าและเครื่องประดับ > กางเกงเด็ก,92,ชื่อสินค้าคือกางเกง
900089,Elbow-patch Cotton Jacket เสื้อแจ็คเก็ต and roll-up trousers กางเกงขายาว แพคคู่,สินค้าและอุปกรณ์สำหรับเด็ก,เสื้อผ้าและเครื่องประดับ > กางเกงเด็ก,92,ชื่อสินค้าคือกางเกง
900019,Blue Astronaut Flight Suit ชุดนักบินอวกาศ,สินค้าและอุปกรณ์สำหรับเด็ก,สินค้าและอุปกรณ์สำหรับเด็ก,25,ชื่อสินค้าไม่ระบุชนิดชัดเจน จึงยังไม่ย้ายออกจากหมวดปัจจุบัน
900061,Cotton Stretch เสื้อยืดแขนยาว,สินค้าและอุปกรณ์สำหรับเด็ก,เสื้อผ้าและเครื่องประดับ > เสื้อเด็ก,92,ชื่อสินค้าคือเสื้อยืด
900078,Otis Muscle Tank Wash เสื้อกล้าม,สินค้าและอุปกรณ์สำหรับเด็ก,เสื้อผ้าและเครื่องประดับ > เสื้อเด็ก,88,ชื่อสินค้าคือเสื้อกล้าม
900011,Black & White & Conetines Red หนังสือผ้า,หนังสือและดนตรี,หนังสือและดนตรี > หนังสือเด็ก,93,ชื่อสินค้าคือหนังสือหรือคู่มือเลี้ยงลูก
900085,Gingham Sleeveless Dress เดรสแขนกุดลายตาราง,สินค้าและอุปกรณ์สำหรับเด็ก,เสื้อผ้าและเครื่องประดับ > ชุดเดรส,92,ชื่อสินค้าคือเดรสหรือชุดกระโปรง
900020,Superman Costume ชุดซุปเปอร์แมน,สินค้าและอุปกรณ์สำหรับเด็ก,เสื้อผ้าและเครื่องประดับ > ชุดแฟนซี,90,ชื่อสินค้าคือชุดแฟนซี/คอสเพลย์ ไม่ใช่ชุดเดรสทั่วไป
900008,Little Owl แว่นตากรองแสงสีฟ้าทรงเหลี่ยมสำหรับเด็ก,สินค้าและอุปกรณ์สำหรับเด็ก,สินค้าและอุปกรณ์สำหรับเด็ก,25,ชื่อสินค้าไม่ระบุชนิดชัดเจน จึงยังไม่ย้ายออกจากหมวดปัจจุบัน
900041,Baby Girl กางเกงยีนส์ขาสั้น,สินค้าและอุปกรณ์สำหรับเด็ก,เสื้อผ้าและเครื่องประดับ > กางเกงยีนส์เด็ก,94,ชื่อสินค้าคือกางเกงยีนส์
900010,Mini Roller รถบดถนนเล็ก,สินค้าและอุปกรณ์สำหรับเด็ก,สินค้าและอุปกรณ์สำหรับเด็ก,25,ชื่อสินค้าไม่ระบุชนิดชัดเจน จึงยังไม่ย้ายออกจากหมวดปัจจุบัน
900009,Clatter Orchard ของเล่นไม้กรับสายรุ้ง,สินค้าและอุปกรณ์สำหรับเด็ก,ของเล่นและเครื่องนอนการตกแต่ง > ของเล่น,80,ชื่อสินค้าคือของเล่น
900006,Get Ready for School Connecting Cards: Letters การ์ดเตรียมความพร้อมสำหรับโรงเรียน,สินค้าและอุปกรณ์สำหรับเด็ก,สินค้าและอุปกรณ์สำหรับเด็ก,25,ชื่อสินค้าไม่ระบุชนิดชัดเจน จึงยังไม่ย้ายออกจากหมวดปัจจุบัน
900063,Kids Tank Top เสื้อกล้ามเด็ก,สินค้าและอุปกรณ์สำหรับเด็ก,เสื้อผ้าและเครื่องประดับ > เสื้อเด็ก,88,ชื่อสินค้าคือเสื้อกล้าม
900005,Dr. Seuss Beginner Counting Cards การ์ดนับตัวเลข,สินค้าและอุปกรณ์สำหรับเด็ก,สินค้าและอุปกรณ์สำหรับเด็ก,25,ชื่อสินค้าไม่ระบุชนิดชัดเจน จึงยังไม่ย้ายออกจากหมวดปัจจุบัน
900090,Le'marine Shirt เสื้อแขนยาว,สินค้าและอุปกรณ์สำหรับเด็ก,เสื้อผ้าและเครื่องประดับ > เสื้อเด็ก,90,ชื่อสินค้าคือเสื้อ
900102,Camera T-Shirt เสื้อแขนสั้นลายกล้อง,สินค้าและอุปกรณ์สำหรับเด็ก,เสื้อผ้าและเครื่องประดับ > เสื้อเด็ก,92,ชื่อสินค้าคือเสื้อยืด
900077,Crewneck T-Shirt เสื้อยืดคอกลม,สินค้าและอุปกรณ์สำหรับเด็ก,เสื้อผ้าและเครื่องประดับ > เสื้อเด็ก,92,ชื่อสินค้าคือเสื้อยืด
900037,Vest Tops เสื้อกล้าามเด็ก,สินค้าและอุปกรณ์สำหรับเด็ก,เสื้อผ้าและเครื่องประดับ > เสื้อเด็ก,88,ชื่อสินค้าคือเสื้อกล้าม
900062,Vest Tops เสื้อกล้ามเด็ก,สินค้าและอุปกรณ์สำหรับเด็ก,เสื้อผ้าและเครื่องประดับ > เสื้อเด็ก,88,ชื่อสินค้าคือเสื้อกล้าม
900065,Kids T-Shirt เสื้อยืดแขนสั้น,สินค้าและอุปกรณ์สำหรับเด็ก,เสื้อผ้าและเครื่องประดับ > เสื้อเด็ก,92,ชื่อสินค้าคือเสื้อยืด
900076,Kids T-Shirt เสื้อยืดแขนสั้น,สินค้าและอุปกรณ์สำหรับเด็ก,เสื้อผ้าและเครื่องประดับ > เสื้อเด็ก,92,ชื่อสินค้าคือเสื้อยืด
900032,Legging Set ชุดเลกกิ้ง,สินค้าและอุปกรณ์สำหรับเด็ก,เสื้อผ้าและเครื่องประดับ > กางเกงเด็ก,92,ชื่อสินค้าคือเลกกิ้ง จัดเป็นกางเกงเด็ก
900084,Blue Shirt เสื้อแขนสั้น,สินค้าและอุปกรณ์สำหรับเด็ก,เสื้อผ้าและเครื่องประดับ > เสื้อเด็ก,90,ชื่อสินค้าคือเสื้อ
900101,Kids T-Shirt เสื้อยืดแขนสั้น,สินค้าและอุปกรณ์สำหรับเด็ก,เสื้อผ้าและเครื่องประดับ > เสื้อเด็ก,92,ชื่อสินค้าคือเสื้อยืด
900097,T-shirt Shorts เสื้อแขนสั้นกับกางเกง,สินค้าและอุปกรณ์สำหรับเด็ก,เสื้อผ้าและเครื่องประดับ > กางเกงเด็ก,90,ชื่อสินค้าคือกางเกงขาสั้น
900043,Point Shorts กางเกงขาสั้น,สินค้าและอุปกรณ์สำหรับเด็ก,เสื้อผ้าและเครื่องประดับ > กางเกงเด็ก,90,ชื่อสินค้าคือกางเกงขาสั้น
900042,Jumping Fences กางเกงขายาว,สินค้าและอุปกรณ์สำหรับเด็ก,เสื้อผ้าและเครื่องประดับ > กางเกงเด็ก,92,ชื่อสินค้าคือกางเกง
900030,Dress ชุดเดรสลวดลายสวยงาม,สินค้าและอุปกรณ์สำหรับเด็ก,เสื้อผ้าและเครื่องประดับ > ชุดเดรส,92,ชื่อสินค้าคือเดรสหรือชุดกระโปรง
900039,Dress ชุดเดรสลูกไม้,สินค้าและอุปกรณ์สำหรับเด็ก,เสื้อผ้าและเครื่องประดับ > ชุดเดรส,92,ชื่อสินค้าคือเดรสหรือชุดกระโปรง
900100,Dress ชุดเดรสพื้นบ้าน,สินค้าและอุปกรณ์สำหรับเด็ก,เสื้อผ้าและเครื่องประดับ > ชุดเดรส,92,ชื่อสินค้าคือเดรสหรือชุดกระโปรง
900068,Dress ชุดเดรสลูกไม้,สินค้าและอุปกรณ์สำหรับเด็ก,เสื้อผ้าและเครื่องประดับ > ชุดเดรส,92,ชื่อสินค้าคือเดรสหรือชุดกระโปรง
900091,Dress Florals ชุดเดรสลายดอกไม้,สินค้าและอุปกรณ์สำหรับเด็ก,เสื้อผ้าและเครื่องประดับ > ชุดเดรส,92,ชื่อสินค้าคือเดรสหรือชุดกระโปรง
900028,Baby Swimsuit Two Piece ชุดว่ายน้ำเด็กทูพีช,สินค้าและอุปกรณ์สำหรับเด็ก,เสื้อผ้าและเครื่องประดับ > ชุดว่ายน้ำเด็ก,95,ชื่อสินค้าคือชุดว่ายน้ำ
900095,Sweater เสื้อกันหนาว,สินค้าและอุปกรณ์สำหรับเด็ก,เสื้อผ้าและเครื่องประดับ > เสื้อแจ็คเก็ตและฮู้ด,90,ชื่อสินค้าคือแจ็คเก็ต/ฮู้ด/เสื้อกันหนาว
900036,Ruffle Neck Dress ชุดเดรสคอระบาย,สินค้าและอุปกรณ์สำหรับเด็ก,เสื้อผ้าและเครื่องประดับ > ชุดเดรส,92,ชื่อสินค้าคือเดรสหรือชุดกระโปรง
900098,Swimming Wetsuit Shorty ชุดดำน้ำชอร์ตี้,สินค้าและอุปกรณ์สำหรับเด็ก,เสื้อผ้าและเครื่องประดับ > ชุดว่ายน้ำเด็ก,95,ชื่อสินค้าคือชุดว่ายน้ำ
900074,SST TRACK SUIT ชุดวอร์ม,สินค้าและอุปกรณ์สำหรับเด็ก,สินค้าและอุปกรณ์สำหรับเด็ก,25,ชื่อสินค้าไม่ระบุชนิดชัดเจน จึงยังไม่ย้ายออกจากหมวดปัจจุบัน
900044,Faux Fur Scarf ผ้าพันคอขนเทียม,สินค้าและอุปกรณ์สำหรับเด็ก,เสื้อผ้าและเครื่องประดับ > เครื่องประดับ,88,ชื่อสินค้าคือถุงมือ/ผ้าพันคอ/เครื่องประดับ
900046,Faux fur bolero โบเลโรขนเทียม,สินค้าและอุปกรณ์สำหรับเด็ก,เสื้อผ้าและเครื่องประดับ > เครื่องประดับ,88,ชื่อสินค้าคือถุงมือ/ผ้าพันคอ/เครื่องประดับ
900083,Michael Jackson T-shirt Thriller Zombie เสื้อยืดไมเคิล แจ็คสัน,สินค้าและอุปกรณ์สำหรับเด็ก,เสื้อผ้าและเครื่องประดับ > เสื้อเด็ก,92,ชื่อสินค้าคือเสื้อยืด
900035,Sweater เสื้อกันหนาว,สินค้าและอุปกรณ์สำหรับเด็ก,เสื้อผ้าและเครื่องประดับ > เสื้อแจ็คเก็ตและฮู้ด,90,ชื่อสินค้าคือแจ็คเก็ต/ฮู้ด/เสื้อกันหนาว
900033,Organic Shirt เสื้อเชิ้ต,สินค้าและอุปกรณ์สำหรับเด็ก,เสื้อผ้าและเครื่องประดับ > เสื้อเด็ก,90,ชื่อสินค้าคือเสื้อ
900093,Sea Shirt เสื้อยืดลายทะเล,สินค้าและอุปกรณ์สำหรับเด็ก,เสื้อผ้าและเครื่องประดับ > เสื้อเด็ก,92,ชื่อสินค้าคือเสื้อยืด
900087,Shirt and Pants เซตเสื้อและกางเกง,สินค้าและอุปกรณ์สำหรับเด็ก,เสื้อผ้าและเครื่องประดับ > ชุดเซ็ต,86,ชื่อสินค้าเป็นชุดหลายชิ้น/เซ็ตเสื้อผ้า
900081,Happy Shirt เสื้อยืด ลายHappy,สินค้าและอุปกรณ์สำหรับเด็ก,เสื้อผ้าและเครื่องประดับ > เสื้อเด็ก,92,ชื่อสินค้าคือเสื้อยืด
900038,Ralph Lauren Shirt เสื้อเชิ้ตแขนยาว,สินค้าและอุปกรณ์สำหรับเด็ก,เสื้อผ้าและเครื่องประดับ > เสื้อเด็ก,90,ชื่อสินค้าคือเสื้อ
100079,Rainbow Shirt เสื้อเชิ้ตลายทางขวางสายรุ้ง,สินค้าและอุปกรณ์สำหรับเด็ก,เสื้อผ้าและเครื่องประดับ > เสื้อเด็ก,90,ชื่อสินค้าคือเสื้อ
100078,Striped Shirt เสื้อเชิ้ตลายขวาง,สินค้าและอุปกรณ์สำหรับเด็ก,เสื้อผ้าและเครื่องประดับ > เสื้อเด็ก,90,ชื่อสินค้าคือเสื้อ
100080,Ralph Lauren Polo Shirt เสื้อเชิ้ตคอปกโปโลสีน้ำเงิน,สินค้าและอุปกรณ์สำหรับเด็ก,เสื้อผ้าและเครื่องประดับ > เสื้อเด็ก,92,ชื่อสินค้าคือเสื้อโปโล
100081,Mike Sulley T-shirt เสื้อยืดสกรีนซัลลิแวน ไมค์,สินค้าและอุปกรณ์สำหรับเด็ก,เสื้อผ้าและเครื่องประดับ > เสื้อเด็ก,92,ชื่อสินค้าคือเสื้อยืด
100085,Ralph Lauren Shirt เสื้อเชิ้ตโปโล,สินค้าและอุปกรณ์สำหรับเด็ก,เสื้อผ้าและเครื่องประดับ > เสื้อเด็ก,90,ชื่อสินค้าคือเสื้อ
100083,Ralph Lauren Shirt เสื้อโปโล,สินค้าและอุปกรณ์สำหรับเด็ก,เสื้อผ้าและเครื่องประดับ > เสื้อเด็ก,92,ชื่อสินค้าคือเสื้อโปโล
100084,Ralph Lauren Polo Shirt เสื้อเชิ้ตคอปกโปโลสีน้ำเงิน,สินค้าและอุปกรณ์สำหรับเด็ก,เสื้อผ้าและเครื่องประดับ > เสื้อเด็ก,92,ชื่อสินค้าคือเสื้อโปโล
100082,Yellow T-shirt เสื้อยืดสีเหลืองลายการ์ตูน,สินค้าและอุปกรณ์สำหรับเด็ก,เสื้อผ้าและเครื่องประดับ > เสื้อเด็ก,92,ชื่อสินค้าคือเสื้อยืด
100077,Construction Pajamas ชุดนอนคอกลมขายาวลายรถเครน,สินค้าและอุปกรณ์สำหรับเด็ก,เสื้อผ้าและเครื่องประดับ > ชุดนอน,93,ชื่อสินค้าคือชุดนอน
100103,Mickey Shoes รองเท้าผ้าใบลายมิกกี้,สินค้าและอุปกรณ์สำหรับเด็ก,เสื้อผ้าและเครื่องประดับ > รองเท้า,93,ชื่อสินค้าคือรองเท้า
100102,Body Glove Shark Shoes รองเท้าผ้าใบบอดี้โกบลายฉลาม,สินค้าและอุปกรณ์สำหรับเด็ก,เสื้อผ้าและเครื่องประดับ > รองเท้า,93,ชื่อสินค้าคือรองเท้า
100099,Scott's body suit เสื้อบอดี้สูทลายสก๊อต,สินค้าและอุปกรณ์สำหรับเด็ก,เสื้อผ้าและเครื่องประดับ > เสื้อผ้าเด็กอ่อน,93,ชื่อสินค้าคือบอดี้สูท/รอมเปอร์ สำหรับเด็กอ่อน
100118,Adidas Trousers กางเกงขายาว,สินค้าและอุปกรณ์สำหรับเด็ก,เสื้อผ้าและเครื่องประดับ > กางเกงเด็ก,92,ชื่อสินค้าคือกางเกง
100117,Disney Mickey Mouse Baby Boys’ Awesome 2-Piece Sweatsuit Outfit ชุดสเวตสูท 2 ชิ้น สำหรับเด็ก,สินค้าและอุปกรณ์สำหรับเด็ก,เสื้อผ้าและเครื่องประดับ > ชุดเซ็ต,86,ชื่อสินค้าเป็นชุดหลายชิ้น/เซ็ตเสื้อผ้า
100120,Green Shirt long เสื้อแขนยาวสีเขียว,สินค้าและอุปกรณ์สำหรับเด็ก,เสื้อผ้าและเครื่องประดับ > เสื้อเด็ก,90,ชื่อสินค้าคือเสื้อ
100121,Body suit long sleeve shirt เสื้อบอดี้สูทยาวลายขวาง,สินค้าและอุปกรณ์สำหรับเด็ก,เสื้อผ้าและเครื่องประดับ > เสื้อผ้าเด็กอ่อน,93,ชื่อสินค้าคือบอดี้สูท/รอมเปอร์ สำหรับเด็กอ่อน
100122,Flynn Long Sleeve Raglan Rash Vest เสื้อว่ายน้ำ,สินค้าและอุปกรณ์สำหรับเด็ก,เสื้อผ้าและเครื่องประดับ > เสื้อว่ายน้ำเด็ก,95,ชื่อสินค้าคือเสื้อว่ายน้ำ/แรชการ์ด ไม่ใช่ชุดว่ายน้ำทั้งตัว
100088,Body suit Green Navy blue เสื้อบอดี้สูทแขนยาว2สี,สินค้าและอุปกรณ์สำหรับเด็ก,เสื้อผ้าและเครื่องประดับ > เสื้อผ้าเด็กอ่อน,93,ชื่อสินค้าคือบอดี้สูท/รอมเปอร์ สำหรับเด็กอ่อน
100087,Long sleeve t-shirt with car print เสื้อยืดแขนยาวลายรถ,สินค้าและอุปกรณ์สำหรับเด็ก,เสื้อผ้าและเครื่องประดับ > เสื้อเด็ก,92,ชื่อสินค้าคือเสื้อยืด
100101,Body suit long sleeve shirt เสื้อบอดี้สูทยาวลายสีน้ำเงินสีเทา,สินค้าและอุปกรณ์สำหรับเด็ก,เสื้อผ้าและเครื่องประดับ > เสื้อผ้าเด็กอ่อน,93,ชื่อสินค้าคือบอดี้สูท/รอมเปอร์ สำหรับเด็กอ่อน
100086,Yellow Shirt เสื้อเชิ้ตแขนสั้นคอปก,สินค้าและอุปกรณ์สำหรับเด็ก,เสื้อผ้าและเครื่องประดับ > เสื้อเด็ก,90,ชื่อสินค้าคือเสื้อ
100098,Green T-shirt เสื้อยืดสีเขียว,สินค้าและอุปกรณ์สำหรับเด็ก,เสื้อผ้าและเครื่องประดับ > เสื้อเด็ก,92,ชื่อสินค้าคือเสื้อยืด
100116,Short pants กางเกงขาสั้นลายขวาง,สินค้าและอุปกรณ์สำหรับเด็ก,เสื้อผ้าและเครื่องประดับ > กางเกงเด็ก,90,ชื่อสินค้าคือกางเกงขาสั้น
100195,Inside Scoop Suction ถ้วยจานเด็กเล็ก,สินค้าและอุปกรณ์สำหรับเด็ก,สินค้าและอุปกรณ์สำหรับเด็ก,25,ชื่อสินค้าไม่ระบุชนิดชัดเจน จึงยังไม่ย้ายออกจากหมวดปัจจุบัน
100203,Nuby 360 Max Cup แก้วน้ำ,สินค้าและอุปกรณ์สำหรับเด็ก,เครื่องมือการเลี้ยงดูเด็ก > อุปกรณ์ให้นมและอาหาร,92,ชื่อสินค้าคืออุปกรณ์ให้นม/หัดดื่ม/ยางกัด/ผ้ากันเปื้อน
100190,Miracle 360° Trainer Cup แก้วน้ำพลาสติก2ชั้น,สินค้าและอุปกรณ์สำหรับเด็ก,เครื่องมือการเลี้ยงดูเด็ก > อุปกรณ์ให้นมและอาหาร,92,ชื่อสินค้าคืออุปกรณ์ให้นม/หัดดื่ม/ยางกัด/ผ้ากันเปื้อน
100204,Spill Proof 2 Handle cup แก้วน้ำสำหรับเด็กมีหูจับ,สินค้าและอุปกรณ์สำหรับเด็ก,เครื่องมือการเลี้ยงดูเด็ก > อุปกรณ์ให้นมและอาหาร,92,ชื่อสินค้าคืออุปกรณ์ให้นม/หัดดื่ม/ยางกัด/ผ้ากันเปื้อน
100199,Miracle 360 Trainer Cup ถ้วยหัดดื่ม,สินค้าและอุปกรณ์สำหรับเด็ก,เครื่องมือการเลี้ยงดูเด็ก > อุปกรณ์ให้นมและอาหาร,92,ชื่อสินค้าคืออุปกรณ์ให้นม/หัดดื่ม/ยางกัด/ผ้ากันเปื้อน
100196,Evenflo Balance ขวดนมเด็กทารก,สินค้าและอุปกรณ์สำหรับเด็ก,เครื่องมือการเลี้ยงดูเด็ก > อุปกรณ์ให้นมและอาหาร,92,ชื่อสินค้าคืออุปกรณ์ให้นม/หัดดื่ม/ยางกัด/ผ้ากันเปื้อน
100197,Nuby no-spill and Nuby anti-finger ขวดน้ำเด็ก,สินค้าและอุปกรณ์สำหรับเด็ก,สินค้าและอุปกรณ์สำหรับเด็ก,25,ชื่อสินค้าไม่ระบุชนิดชัดเจน จึงยังไม่ย้ายออกจากหมวดปัจจุบัน
100198,Any Angle Click Lock Weighted Straw Trainer Cup แก้วน้ำหัดดื่มแบบมีหลอด,เครื่องมือการเลี้ยงดูเด็ก,เครื่องมือการเลี้ยงดูเด็ก > อุปกรณ์ให้นมและอาหาร,92,ชื่อสินค้าคืออุปกรณ์ให้นม/หัดดื่ม/ยางกัด/ผ้ากันเปื้อน
100202,Asobu juicy drink box กล่องใส่น้ำ/แก้วน้ำ,สินค้าและอุปกรณ์สำหรับเด็ก,เครื่องมือการเลี้ยงดูเด็ก > อุปกรณ์ให้นมและอาหาร,92,ชื่อสินค้าคืออุปกรณ์ให้นม/หัดดื่ม/ยางกัด/ผ้ากันเปื้อน
100200,Baby Sipsters Spill ขวดนมหัดดื่มป้องกันการหก,สินค้าและอุปกรณ์สำหรับเด็ก,เครื่องมือการเลี้ยงดูเด็ก > อุปกรณ์ให้นมและอาหาร,92,ชื่อสินค้าคืออุปกรณ์ให้นม/หัดดื่ม/ยางกัด/ผ้ากันเปื้อน
100186,Teether Toddle ของเล่นเด็ก,สินค้าและอุปกรณ์สำหรับเด็ก,เครื่องมือการเลี้ยงดูเด็ก > อุปกรณ์ให้นมและอาหาร,92,ชื่อสินค้าคืออุปกรณ์ให้นม/หัดดื่ม/ยางกัด/ผ้ากันเปื้อน
100162,Teether Toddle ของเล่นเด็กรูปเรือใบ,สินค้าและอุปกรณ์สำหรับเด็ก,เครื่องมือการเลี้ยงดูเด็ก > อุปกรณ์ให้นมและอาหาร,92,ชื่อสินค้าคืออุปกรณ์ให้นม/หัดดื่ม/ยางกัด/ผ้ากันเปื้อน
100164,Taglet Security Blanket ผ้าห่มรักษาความปลอดภัย,สินค้าและอุปกรณ์สำหรับเด็ก,ของเล่นและเครื่องนอนการตกแต่ง > เครื่องนอนและผ้าปู,88,ชื่อสินค้าคือเครื่องนอนหรือผ้าใช้ในห้องเด็ก
100133,Silky Soft Muslin Swaddle ผ้าห่อตัวมัสลินเนื้อนุ่ม,สินค้าและอุปกรณ์สำหรับเด็ก,สินค้าและอุปกรณ์สำหรับเด็ก,25,ชื่อสินค้าไม่ระบุชนิดชัดเจน จึงยังไม่ย้ายออกจากหมวดปัจจุบัน
100106,Jeans กางเกงยีนส์,สินค้าและอุปกรณ์สำหรับเด็ก,เสื้อผ้าและเครื่องประดับ > กางเกงยีนส์เด็ก,94,ชื่อสินค้าคือกางเกงยีนส์
200124,Tommee Tippee-Closer to Nature Sooter Holder 2Pack จุกนมปลอมพร้อมสายห้อย,สินค้าและอุปกรณ์สำหรับเด็ก,เครื่องมือการเลี้ยงดูเด็ก > อุปกรณ์ให้นมและอาหาร,92,ชื่อสินค้าคืออุปกรณ์ให้นม/หัดดื่ม/ยางกัด/ผ้ากันเปื้อน
200125,Ange Monkey Banana and Fish ยางกัดแปรงรูปกล้วยและปลาแบบวงกลม,สินค้าและอุปกรณ์สำหรับเด็ก,เครื่องมือการเลี้ยงดูเด็ก > อุปกรณ์ให้นมและอาหาร,92,ชื่อสินค้าคืออุปกรณ์ให้นม/หัดดื่ม/ยางกัด/ผ้ากันเปื้อน
200130,Similac Infant Nipple&Ring จุกขวดนมสำหรับเบบี้2ชิ้น,สินค้าและอุปกรณ์สำหรับเด็ก,เครื่องมือการเลี้ยงดูเด็ก > อุปกรณ์ให้นมและอาหาร,92,ชื่อสินค้าคืออุปกรณ์ให้นม/หัดดื่ม/ยางกัด/ผ้ากันเปื้อน
200127,Dr.Browns Options Narrow Feedind Set ขวดนมป้อนอาหารและขวดนมเบบี้,สินค้าและอุปกรณ์สำหรับเด็ก,เครื่องมือการเลี้ยงดูเด็ก > อุปกรณ์ให้นมและอาหาร,92,ชื่อสินค้าคืออุปกรณ์ให้นม/หัดดื่ม/ยางกัด/ผ้ากันเปื้อน
200129,Enfamil Standard Flow Soft Nipplesจุกขวดนม,สินค้าและอุปกรณ์สำหรับเด็ก,เครื่องมือการเลี้ยงดูเด็ก > อุปกรณ์ให้นมและอาหาร,92,ชื่อสินค้าคืออุปกรณ์ให้นม/หัดดื่ม/ยางกัด/ผ้ากันเปื้อน
100137,Blue Pants กางเกงขายาว สีกรม,สินค้าและอุปกรณ์สำหรับเด็ก,เสื้อผ้าและเครื่องประดับ > กางเกงเด็ก,92,ชื่อสินค้าคือกางเกง
100144,Jum pair กางเกงขาจัมพ์สีดำ,สินค้าและอุปกรณ์สำหรับเด็ก,เสื้อผ้าและเครื่องประดับ > กางเกงเด็ก,92,ชื่อสินค้าคือกางเกง
100105,Blue Pants กางเกงขาสั้น สีน้ำเงิน,สินค้าและอุปกรณ์สำหรับเด็ก,เสื้อผ้าและเครื่องประดับ > กางเกงเด็ก,90,ชื่อสินค้าคือกางเกงขาสั้น
100135,Blue Pants กางเกงขายาว สีน้ำเงิน,สินค้าและอุปกรณ์สำหรับเด็ก,เสื้อผ้าและเครื่องประดับ > กางเกงเด็ก,92,ชื่อสินค้าคือกางเกง
100183,Blue Pants กางเกงขายาว สีกรม,สินค้าและอุปกรณ์สำหรับเด็ก,เสื้อผ้าและเครื่องประดับ > กางเกงเด็ก,92,ชื่อสินค้าคือกางเกง
100154,Green Leggings กางเกงเลกกิ้ง สีเขียว,สินค้าและอุปกรณ์สำหรับเด็ก,เสื้อผ้าและเครื่องประดับ > กางเกงเด็ก,92,ชื่อสินค้าคือเลกกิ้ง จัดเป็นกางเกงเด็ก
100176,Golden zebra กางเกงลายพราง,สินค้าและอุปกรณ์สำหรับเด็ก,เสื้อผ้าและเครื่องประดับ > กางเกงเด็ก,92,ชื่อสินค้าคือกางเกง
100163,Uniqlo Murakami เสื้อยืดมุราคามิ,สินค้าและอุปกรณ์สำหรับเด็ก,เสื้อผ้าและเครื่องประดับ > เสื้อเด็ก,92,ชื่อสินค้าคือเสื้อยืด
100140,Infant Baby Halloween บอดี้สูทเฮโลวีน,สินค้าและอุปกรณ์สำหรับเด็ก,เสื้อผ้าและเครื่องประดับ > เสื้อผ้าเด็กอ่อน,93,ชื่อสินค้าคือบอดี้สูท/รอมเปอร์ สำหรับเด็กอ่อน
100134,Gymboree Pants กางเกงขายาว สีเทา,สินค้าและอุปกรณ์สำหรับเด็ก,เสื้อผ้าและเครื่องประดับ > กางเกงเด็ก,92,ชื่อสินค้าคือกางเกง
100146,Baby Romper (Fish&Shark) บอดี้สูทรูปปลาฉลามลายขวาง,สินค้าและอุปกรณ์สำหรับเด็ก,เสื้อผ้าและเครื่องประดับ > เสื้อผ้าเด็กอ่อน,93,ชื่อสินค้าคือบอดี้สูท/รอมเปอร์ สำหรับเด็กอ่อน
100142,Striped Pajamas ชุดนอนคอวีขายาว ลายขวาง,สินค้าและอุปกรณ์สำหรับเด็ก,เสื้อผ้าและเครื่องประดับ > ชุดนอน,93,ชื่อสินค้าคือชุดนอน
100145,Animais Pajamas ชุดนอนคอกลมขายาว ลายสัตว์,สินค้าและอุปกรณ์สำหรับเด็ก,เสื้อผ้าและเครื่องประดับ > ชุดนอน,93,ชื่อสินค้าคือชุดนอน
100147,Whales Pajamas ชุดนอนคอวีขายาว ลายวาฬ,สินค้าและอุปกรณ์สำหรับเด็ก,เสื้อผ้าและเครื่องประดับ > ชุดนอน,93,ชื่อสินค้าคือชุดนอน
100139,Fuzzy Plush Blanket ผ้าห่มหนานุ่ม,สินค้าและอุปกรณ์สำหรับเด็ก,ของเล่นและเครื่องนอนการตกแต่ง > เครื่องนอนและผ้าปู,88,ชื่อสินค้าคือเครื่องนอนหรือผ้าใช้ในห้องเด็ก
100109,Mickey Romper ชุดหมีแขนยาว ลายมิกกี้เม้าส์,สินค้าและอุปกรณ์สำหรับเด็ก,เสื้อผ้าและเครื่องประดับ > เสื้อผ้าเด็กอ่อน,93,ชื่อสินค้าคือบอดี้สูท/รอมเปอร์ สำหรับเด็กอ่อน
100185,Mommy's Wild One Body suit เสื้อบอดี้สูทสีกรม,สินค้าและอุปกรณ์สำหรับเด็ก,เสื้อผ้าและเครื่องประดับ > เสื้อผ้าเด็กอ่อน,93,ชื่อสินค้าคือบอดี้สูท/รอมเปอร์ สำหรับเด็กอ่อน
300069,Dinosaur Bodysuite บอดี้สูทผ้านิ่มลายไดโนเสาร์,สินค้าและอุปกรณ์สำหรับเด็ก,เสื้อผ้าและเครื่องประดับ > เสื้อผ้าเด็กอ่อน,93,ชื่อสินค้าคือบอดี้สูท/รอมเปอร์ สำหรับเด็กอ่อน
300072,All-in-one Pyjamas ชุดนอนลายไดโนเสาร์สีสันสดใส,สินค้าและอุปกรณ์สำหรับเด็ก,เสื้อผ้าและเครื่องประดับ > ชุดนอน,93,ชื่อสินค้าคือชุดนอน
100151,Baby Romper (Fish&Shark) บอดี้สูทรูปปลาฉลามลายขวาง,สินค้าและอุปกรณ์สำหรับเด็ก,เสื้อผ้าและเครื่องประดับ > เสื้อผ้าเด็กอ่อน,93,ชื่อสินค้าคือบอดี้สูท/รอมเปอร์ สำหรับเด็กอ่อน
100171,Grid long sleeve เสื้อแขนยาวสีกรม,สินค้าและอุปกรณ์สำหรับเด็ก,เสื้อผ้าและเครื่องประดับ > เสื้อเด็ก,90,ชื่อสินค้าคือเสื้อ
100132,White long sleeve เสื้อแขนยาวสีขาว,สินค้าและอุปกรณ์สำหรับเด็ก,เสื้อผ้าและเครื่องประดับ > เสื้อเด็ก,90,ชื่อสินค้าคือเสื้อ
100159,Coollision shirt เสื้อลายดอก,สินค้าและอุปกรณ์สำหรับเด็ก,เสื้อผ้าและเครื่องประดับ > เสื้อเด็ก,82,ชื่อสินค้ามีคำว่าเสื้อ/shirt
100143,White long sleeve เสื้อว่ายน้ำแขนยาว,สินค้าและอุปกรณ์สำหรับเด็ก,เสื้อผ้าและเครื่องประดับ > เสื้อว่ายน้ำเด็ก,95,ชื่อสินค้าคือเสื้อว่ายน้ำ/แรชการ์ด ไม่ใช่ชุดว่ายน้ำทั้งตัว
100188,Winter Vintage plan shirt เสื้อวินเทจ,สินค้าและอุปกรณ์สำหรับเด็ก,เสื้อผ้าและเครื่องประดับ > เสื้อเด็ก,82,ชื่อสินค้ามีคำว่าเสื้อ/shirt
100141,Paths Body suit บอดี้สูทลายทาง,สินค้าและอุปกรณ์สำหรับเด็ก,เสื้อผ้าและเครื่องประดับ > เสื้อผ้าเด็กอ่อน,93,ชื่อสินค้าคือบอดี้สูท/รอมเปอร์ สำหรับเด็กอ่อน
100112,Christmas body suit ชุดนอนคอกลมขายาว ลายคริสต์มาส,สินค้าและอุปกรณ์สำหรับเด็ก,เสื้อผ้าและเครื่องประดับ > ชุดนอน,93,ชื่อสินค้าคือชุดนอน
100182,Beary Handsome Baby Bib ผ้ากันเปื้อนเด็ก,สินค้าและอุปกรณ์สำหรับเด็ก,เครื่องมือการเลี้ยงดูเด็ก > อุปกรณ์ให้นมและอาหาร,92,ชื่อสินค้าคืออุปกรณ์ให้นม/หัดดื่ม/ยางกัด/ผ้ากันเปื้อน
100180,My First Ever Thanks Giving Teething Bib ผ้ากันเปื้อนเด็ก,สินค้าและอุปกรณ์สำหรับเด็ก,เครื่องมือการเลี้ยงดูเด็ก > อุปกรณ์ให้นมและอาหาร,92,ชื่อสินค้าคืออุปกรณ์ให้นม/หัดดื่ม/ยางกัด/ผ้ากันเปื้อน
100181,Bear Teething Bib ผ้ากันเปื้อนเด็ก,สินค้าและอุปกรณ์สำหรับเด็ก,เครื่องมือการเลี้ยงดูเด็ก > อุปกรณ์ให้นมและอาหาร,92,ชื่อสินค้าคืออุปกรณ์ให้นม/หัดดื่ม/ยางกัด/ผ้ากันเปื้อน
100173,"""Too Cute to Spook"" Baby Bib ผ้ากันเปื้อนเด็ก",สินค้าและอุปกรณ์สำหรับเด็ก,เครื่องมือการเลี้ยงดูเด็ก > อุปกรณ์ให้นมและอาหาร,92,ชื่อสินค้าคืออุปกรณ์ให้นม/หัดดื่ม/ยางกัด/ผ้ากันเปื้อน
100179,baby wooly hats หมวกไหมพรมเด็ก,สินค้าและอุปกรณ์สำหรับเด็ก,เสื้อผ้าและเครื่องประดับ > หมวก,93,ชื่อสินค้าคือหมวก
100150,Bear Ear Hat หมวกไหมพรม,สินค้าและอุปกรณ์สำหรับเด็ก,เสื้อผ้าและเครื่องประดับ > หมวก,93,ชื่อสินค้าคือหมวก
100175,Giraffe body suit เสื้อบอดี้สูท ลายยีราฟ,สินค้าและอุปกรณ์สำหรับเด็ก,เสื้อผ้าและเครื่องประดับ > เสื้อผ้าเด็กอ่อน,93,ชื่อสินค้าคือบอดี้สูท/รอมเปอร์ สำหรับเด็กอ่อน
100165,Dinosaur body suit บอดี้สูทไดโนเสาร์,สินค้าและอุปกรณ์สำหรับเด็ก,เสื้อผ้าและเครื่องประดับ > เสื้อผ้าเด็กอ่อน,93,ชื่อสินค้าคือบอดี้สูท/รอมเปอร์ สำหรับเด็กอ่อน
300068,Leggings เลคกิ้งขาจั๊มเบบี้,สินค้าและอุปกรณ์สำหรับเด็ก,เสื้อผ้าและเครื่องประดับ > กางเกงเด็ก,92,ชื่อสินค้าคือเลกกิ้ง จัดเป็นกางเกงเด็ก
100128,Christmas Set Shirt and Pants เซตเสื้อและกางเกง ลายคริสต์มาส,สินค้าและอุปกรณ์สำหรับเด็ก,เสื้อผ้าและเครื่องประดับ > ชุดเซ็ต,86,ชื่อสินค้าเป็นชุดหลายชิ้น/เซ็ตเสื้อผ้า
100177,White&Black long sleeve เสื้อแขนยาวขาวดำ,สินค้าและอุปกรณ์สำหรับเด็ก,เสื้อผ้าและเครื่องประดับ > เสื้อเด็ก,90,ชื่อสินค้าคือเสื้อ
300070,Cotton Bodysuits บอดี้สูทคอปกลายทางสุดเท่ห์,สินค้าและอุปกรณ์สำหรับเด็ก,เสื้อผ้าและเครื่องประดับ > เสื้อผ้าเด็กอ่อน,93,ชื่อสินค้าคือบอดี้สูท/รอมเปอร์ สำหรับเด็กอ่อน
300071,Leggings เลคกิ้งขาจั๊มยาวเบ้บี้,สินค้าและอุปกรณ์สำหรับเด็ก,เสื้อผ้าและเครื่องประดับ > กางเกงเด็ก,92,ชื่อสินค้าคือเลกกิ้ง จัดเป็นกางเกงเด็ก
300075,BABY NEWBORN ชุดบอดี้สูทแขนยาวขายาวลายภูเขา,สินค้าและอุปกรณ์สำหรับเด็ก,เสื้อผ้าและเครื่องประดับ > เสื้อผ้าเด็กอ่อน,93,ชื่อสินค้าคือบอดี้สูท/รอมเปอร์ สำหรับเด็กอ่อน
100187,Backseat Driver Jersey Tee เสื้อแขนยาว,สินค้าและอุปกรณ์สำหรับเด็ก,เสื้อผ้าและเครื่องประดับ > เสื้อเด็ก,90,ชื่อสินค้าคือเสื้อ
100156,HUNK Sweater เสื้อกันหนาว,สินค้าและอุปกรณ์สำหรับเด็ก,เสื้อผ้าและเครื่องประดับ > เสื้อแจ็คเก็ตและฮู้ด,90,ชื่อสินค้าคือแจ็คเก็ต/ฮู้ด/เสื้อกันหนาว
100161,Sea body suit บอดี้สูท ลายทะเล,สินค้าและอุปกรณ์สำหรับเด็ก,เสื้อผ้าและเครื่องประดับ > เสื้อผ้าเด็กอ่อน,93,ชื่อสินค้าคือบอดี้สูท/รอมเปอร์ สำหรับเด็กอ่อน
100184,Peacock Zip-Up Cotton Footless Sleep & Play ชุดบอดี้สูทแขนยาวขายาว ลายนกยูง,สินค้าและอุปกรณ์สำหรับเด็ก,เสื้อผ้าและเครื่องประดับ > เสื้อผ้าเด็กอ่อน,93,ชื่อสินค้าคือบอดี้สูท/รอมเปอร์ สำหรับเด็กอ่อน
100129,Brown Bear Hood หมวกหมีสีน้ำตาล,สินค้าและอุปกรณ์สำหรับเด็ก,เสื้อผ้าและเครื่องประดับ > หมวก,93,ชื่อสินค้าคือหมวก
100124,Animal Puppets Large ตุ๊กตามือสิงโตและกบ,สินค้าและอุปกรณ์สำหรับเด็ก,ของเล่นและเครื่องนอนการตกแต่ง > ของเล่น,80,ชื่อสินค้าคือของเล่น
100130,Hello Kitty Cap หมวกคิตตี้,สินค้าและอุปกรณ์สำหรับเด็ก,เสื้อผ้าและเครื่องประดับ > หมวก,93,ชื่อสินค้าคือหมวก
100131,Hello Kitty Cap หมวกคิตตี้,สินค้าและอุปกรณ์สำหรับเด็ก,เสื้อผ้าและเครื่องประดับ > หมวก,93,ชื่อสินค้าคือหมวก
100126,Wolf Headband Ears ที่คาดผมหมาป่า,สินค้าและอุปกรณ์สำหรับเด็ก,สินค้าและอุปกรณ์สำหรับเด็ก,25,ชื่อสินค้าไม่ระบุชนิดชัดเจน จึงยังไม่ย้ายออกจากหมวดปัจจุบัน
100125,Minion Keychain พวงกุญแจมินเนี่ยน,สินค้าและอุปกรณ์สำหรับเด็ก,สินค้าและอุปกรณ์สำหรับเด็ก,25,ชื่อสินค้าไม่ระบุชนิดชัดเจน จึงยังไม่ย้ายออกจากหมวดปัจจุบัน
100172,Yellow t-shirt เสื้อยืดสีเหลือง,สินค้าและอุปกรณ์สำหรับเด็ก,เสื้อผ้าและเครื่องประดับ > เสื้อเด็ก,92,ชื่อสินค้าคือเสื้อยืด
100167,Orange long sleeve shirt and hat เสื้อแขนยาวสีส้มพร้อมหมวก,สินค้าและอุปกรณ์สำหรับเด็ก,เสื้อผ้าและเครื่องประดับ > หมวก,93,ชื่อสินค้าคือหมวก
100158,Boat body suit บอดี้สูทรูปเรือ,สินค้าและอุปกรณ์สำหรับเด็ก,เสื้อผ้าและเครื่องประดับ > เสื้อผ้าเด็กอ่อน,93,ชื่อสินค้าคือบอดี้สูท/รอมเปอร์ สำหรับเด็กอ่อน
100152,Baby Romper (Fish&Shark) บอดี้สูทรูปปลาฉลามลายขวาง,สินค้าและอุปกรณ์สำหรับเด็ก,เสื้อผ้าและเครื่องประดับ > เสื้อผ้าเด็กอ่อน,93,ชื่อสินค้าคือบอดี้สูท/รอมเปอร์ สำหรับเด็กอ่อน
100138,Striped Pajamas ชุดนอนคอกลมขายาว ลายขวาง,สินค้าและอุปกรณ์สำหรับเด็ก,เสื้อผ้าและเครื่องประดับ > ชุดนอน,93,ชื่อสินค้าคือชุดนอน
100113,Adidas Jacket เสื้อแจ็คเก็ต อาดิดาส,สินค้าและอุปกรณ์สำหรับเด็ก,เสื้อผ้าและเครื่องประดับ > เสื้อแจ็คเก็ตและฮู้ด,90,ชื่อสินค้าคือแจ็คเก็ต/ฮู้ด/เสื้อกันหนาว
100178,Car Set Shirt and Pants เซตเสื้อและกางเกง ลายรถ,สินค้าและอุปกรณ์สำหรับเด็ก,เสื้อผ้าและเครื่องประดับ > ชุดเซ็ต,86,ชื่อสินค้าเป็นชุดหลายชิ้น/เซ็ตเสื้อผ้า
100136,Penguin Pajamas ชุดนอนคอกลมขายาว ลายแพนกวิน,สินค้าและอุปกรณ์สำหรับเด็ก,เสื้อผ้าและเครื่องประดับ > ชุดนอน,93,ชื่อสินค้าคือชุดนอน
100111,Car Pajamas ชุดนอนคอกลมขายาว ลายรถ,สินค้าและอุปกรณ์สำหรับเด็ก,เสื้อผ้าและเครื่องประดับ > ชุดนอน,93,ชื่อสินค้าคือชุดนอน
100170,Necktie body suit บอดี้สูทลายเนคไท,สินค้าและอุปกรณ์สำหรับเด็ก,เสื้อผ้าและเครื่องประดับ > เสื้อผ้าเด็กอ่อน,93,ชื่อสินค้าคือบอดี้สูท/รอมเปอร์ สำหรับเด็กอ่อน
100169,Navy blue Hooded ชุดฮู้ด สีกรม,สินค้าและอุปกรณ์สำหรับเด็ก,เสื้อผ้าและเครื่องประดับ > เสื้อแจ็คเก็ตและฮู้ด,90,ชื่อสินค้าคือแจ็คเก็ต/ฮู้ด/เสื้อกันหนาว
100166,Yellow long sleeve shirt เสื้อแขนยาวสีเหลืองรูปรถ,สินค้าและอุปกรณ์สำหรับเด็ก,เสื้อผ้าและเครื่องประดับ > เสื้อเด็ก,90,ชื่อสินค้าคือเสื้อ
100168,Zip-Up Sherpa Vest เสื้อกั๊กเชอร์ปาแบบมีซิป,สินค้าและอุปกรณ์สำหรับเด็ก,เสื้อผ้าและเครื่องประดับ > เสื้อแจ็คเก็ตและฮู้ด,90,ชื่อสินค้าคือแจ็คเก็ต/ฮู้ด/เสื้อกันหนาว
1000015,Cherry T-shirt เสือยืดพิมพ์ลายเชอร์รี่,สินค้าและอุปกรณ์สำหรับเด็ก,เสื้อผ้าและเครื่องประดับ > เสื้อเด็ก,92,ชื่อสินค้าคือเสื้อยืด
1000041,Bib Jeans Zara Girl เอี๊ยมยีนส์ขายาวเด็กผู้หญิง,สินค้าและอุปกรณ์สำหรับเด็ก,เสื้อผ้าและเครื่องประดับ > กางเกงยีนส์เด็ก,94,ชื่อสินค้าคือกางเกงยีนส์
1000069,Whale pants กางเกงขายาว ลายวาฬ,สินค้าและอุปกรณ์สำหรับเด็ก,เสื้อผ้าและเครื่องประดับ > กางเกงเด็ก,92,ชื่อสินค้าคือกางเกง
1000042,Juniors' One Piece Swimsuit ชุดว่ายน้ำวันพีซสำหรับเด็ก,สินค้าและอุปกรณ์สำหรับเด็ก,เสื้อผ้าและเครื่องประดับ > ชุดว่ายน้ำเด็ก,95,ชื่อสินค้าคือชุดว่ายน้ำ
1000045,Printed Cotton Dress ชุดกระโปรงลายขวางแนวตรงแขนกุด,สินค้าและอุปกรณ์สำหรับเด็ก,เสื้อผ้าและเครื่องประดับ > ชุดเดรส,92,ชื่อสินค้าคือเดรสหรือชุดกระโปรง
1000023,Dress Polo ชุดกระโปรงคอปกเชิ้ต,สินค้าและอุปกรณ์สำหรับเด็ก,เสื้อผ้าและเครื่องประดับ > ชุดเดรส,92,ชื่อสินค้าคือเดรสหรือชุดกระโปรง
1000083,Minnie Mouse Leggings กางเกงเลกกิ้ง ลายมินนี่เมาส์,สินค้าและอุปกรณ์สำหรับเด็ก,เสื้อผ้าและเครื่องประดับ > กางเกงเด็ก,92,ชื่อสินค้าคือเลกกิ้ง จัดเป็นกางเกงเด็ก
1000049,Fantasia Abelhinha Koala kids ชุดแฟนตาซีผึ้งน้อยสำหรับเบบี้,สินค้าและอุปกรณ์สำหรับเด็ก,สินค้าและอุปกรณ์สำหรับเด็ก,25,ชื่อสินค้าไม่ระบุชนิดชัดเจน จึงยังไม่ย้ายออกจากหมวดปัจจุบัน
1000038,Toddler Organic Cotton Mix and Match Pull-On Leggings กางเกงเลกกิ้งลายจุด,สินค้าและอุปกรณ์สำหรับเด็ก,เสื้อผ้าและเครื่องประดับ > กางเกงเด็ก,92,ชื่อสินค้าคือเลกกิ้ง จัดเป็นกางเกงเด็ก
1000026,Jersey Dress Organic Cotton ชุดกระโปรงลายสก๊อตสดใส,สินค้าและอุปกรณ์สำหรับเด็ก,เสื้อผ้าและเครื่องประดับ > ชุดเดรส,92,ชื่อสินค้าคือเดรสหรือชุดกระโปรง
1000048,Hello Kitty Dresses Girl ชุดกระโปรงเฮลโหลคิตตี้สุดคิวส์,สินค้าและอุปกรณ์สำหรับเด็ก,เสื้อผ้าและเครื่องประดับ > ชุดเดรส,92,ชื่อสินค้าคือเดรสหรือชุดกระโปรง
1000034,Black pants กางเกงขายาว สีดำ,เสื้อผ้าและเครื่องประดับ,เสื้อผ้าและเครื่องประดับ > กางเกงเด็ก,92,ชื่อสินค้าคือกางเกง
1000017,Gingham Leggings กางเกงเลกกิ้ง ลายตาราง,สินค้าและอุปกรณ์สำหรับเด็ก,เสื้อผ้าและเครื่องประดับ > กางเกงเด็ก,92,ชื่อสินค้าคือเลกกิ้ง จัดเป็นกางเกงเด็ก
1000035,Sun Surf Salt Shirt เสื้อแขนกุดเด็กผู้หญิงเซ็กส์ซี่,สินค้าและอุปกรณ์สำหรับเด็ก,เสื้อผ้าและเครื่องประดับ > เสื้อเด็ก,82,ชื่อสินค้ามีคำว่าเสื้อ/shirt
1000074,Point Leggings กางเกงเลกกิ้งลายจุด,เสื้อผ้าและเครื่องประดับ,เสื้อผ้าและเครื่องประดับ > กางเกงเด็ก,92,ชื่อสินค้าคือเลกกิ้ง จัดเป็นกางเกงเด็ก
1000050,Kimono Dress Kids ชุดกิโมโนเด็ก,สินค้าและอุปกรณ์สำหรับเด็ก,เสื้อผ้าและเครื่องประดับ > ชุดเดรส,92,ชื่อสินค้าคือเดรสหรือชุดกระโปรง
1000019,Classic Button-Down Shirt เสื้อเชิ้ตคลาสสิก,สินค้าและอุปกรณ์สำหรับเด็ก,เสื้อผ้าและเครื่องประดับ > เสื้อเด็ก,90,ชื่อสินค้าคือเสื้อ
1000008,Minnie Mouse Toddler Blue Denim Vest Jacket Hoodie เสื้อแจ็คเก็ตมินนี่เม้าส์ยีนส์,สินค้าและอุปกรณ์สำหรับเด็ก,เสื้อผ้าและเครื่องประดับ > เสื้อแจ็คเก็ตและฮู้ด,90,ชื่อสินค้าคือแจ็คเก็ต/ฮู้ด/เสื้อกันหนาว
1000004,Jersey Dress Flowers ชุดกระโปรงลายดอกไม้เล็ก,สินค้าและอุปกรณ์สำหรับเด็ก,เสื้อผ้าและเครื่องประดับ > ชุดเดรส,92,ชื่อสินค้าคือเดรสหรือชุดกระโปรง
1000043,Gap Fit kid Fit Hoodie เสื้อกันหนาวแขนยาวแก๊ป,สินค้าและอุปกรณ์สำหรับเด็ก,เสื้อผ้าและเครื่องประดับ > เสื้อแจ็คเก็ตและฮู้ด,90,ชื่อสินค้าคือแจ็คเก็ต/ฮู้ด/เสื้อกันหนาว
1000005,Bow Mini Dress ชุดกระโปรงติดโบว์ด้านหน้า,สินค้าและอุปกรณ์สำหรับเด็ก,เสื้อผ้าและเครื่องประดับ > ชุดเดรส,92,ชื่อสินค้าคือเดรสหรือชุดกระโปรง
1000011,Flowers Shirt เสื้อคอวีลายดอกไม้,สินค้าและอุปกรณ์สำหรับเด็ก,เสื้อผ้าและเครื่องประดับ > เสื้อเด็ก,90,ชื่อสินค้าคือเสื้อ
1000016,Flowers Dress for kid ชุดกระโปรงลายใบไม้และดอกไม้,สินค้าและอุปกรณ์สำหรับเด็ก,เสื้อผ้าและเครื่องประดับ > ชุดเดรส,92,ชื่อสินค้าคือเดรสหรือชุดกระโปรง
1000032,Table Leggings In Blue เลคกิ้งลายตาราง,สินค้าและอุปกรณ์สำหรับเด็ก,เสื้อผ้าและเครื่องประดับ > กางเกงเด็ก,92,ชื่อสินค้าคือเลกกิ้ง จัดเป็นกางเกงเด็ก
1000001,Rainbow Skirt One Piece Suit ชุดว่ายน้ำกระโปรงสายรุ้ง,สินค้าและอุปกรณ์สำหรับเด็ก,เสื้อผ้าและเครื่องประดับ > ชุดว่ายน้ำเด็ก,95,ชื่อสินค้าคือชุดว่ายน้ำ
1000018,Short Sleeve Dress Pink shorts เดรสแขนสั้น กางเกงขาสั้นสีชมพู,สินค้าและอุปกรณ์สำหรับเด็ก,เสื้อผ้าและเครื่องประดับ > ชุดเดรส,92,ชื่อสินค้าคือเดรสหรือชุดกระโปรง
1000072,TRACK SUIT ชุดวอร์ม,สินค้าและอุปกรณ์สำหรับเด็ก,สินค้าและอุปกรณ์สำหรับเด็ก,25,ชื่อสินค้าไม่ระบุชนิดชัดเจน จึงยังไม่ย้ายออกจากหมวดปัจจุบัน
1000025,Ultra Light Down เสื้อกั๊ก,สินค้าและอุปกรณ์สำหรับเด็ก,เสื้อผ้าและเครื่องประดับ > เสื้อแจ็คเก็ตและฮู้ด,90,ชื่อสินค้าคือแจ็คเก็ต/ฮู้ด/เสื้อกันหนาว
1000057,One Piece Suit ชุดว่ายน้ำกางเกงขาสั้น,สินค้าและอุปกรณ์สำหรับเด็ก,เสื้อผ้าและเครื่องประดับ > ชุดว่ายน้ำเด็ก,95,ชื่อสินค้าคือชุดว่ายน้ำ
1000059,Sunset Rush Guard 2-pieceSwimsuit ชุดว่ายน้ำยามพระอาทิตย์ตก,สินค้าและอุปกรณ์สำหรับเด็ก,เสื้อผ้าและเครื่องประดับ > ชุดว่ายน้ำเด็ก,95,ชื่อสินค้าคือชุดว่ายน้ำ
1000054,2 piece Swimsuit ชุดว่ายน้ำ,สินค้าและอุปกรณ์สำหรับเด็ก,เสื้อผ้าและเครื่องประดับ > ชุดว่ายน้ำเด็ก,95,ชื่อสินค้าคือชุดว่ายน้ำ
1000047,Hello Kitty Sweater เสื้อกันหนาวเด็กผู้หญิง,สินค้าและอุปกรณ์สำหรับเด็ก,เสื้อผ้าและเครื่องประดับ > เสื้อแจ็คเก็ตและฮู้ด,90,ชื่อสินค้าคือแจ็คเก็ต/ฮู้ด/เสื้อกันหนาว
100010,DISNEY TIGGER DIE CAST COLLECTOR CAR รถของเล่นหมีพูห์,สินค้าและอุปกรณ์สำหรับเด็ก,ของเล่นและเครื่องนอนการตกแต่ง > ของเล่น,80,ชื่อสินค้าคือของเล่น
1000007,Striped T-shirt เสื้อยืด ลายขวาง,สินค้าและอุปกรณ์สำหรับเด็ก,เสื้อผ้าและเครื่องประดับ > เสื้อเด็ก,92,ชื่อสินค้าคือเสื้อยืด
1000081,Length Leggings เลกกิ้งยาว,สินค้าและอุปกรณ์สำหรับเด็ก,เสื้อผ้าและเครื่องประดับ > กางเกงเด็ก,92,ชื่อสินค้าคือเลกกิ้ง จัดเป็นกางเกงเด็ก
1000030,Floral pants กางเกงขายาว ลายดอกไม้,สินค้าและอุปกรณ์สำหรับเด็ก,เสื้อผ้าและเครื่องประดับ > กางเกงเด็ก,92,ชื่อสินค้าคือกางเกง
1000036,Flower Dress ชุดเดรส ลายดอกไม้,สินค้าและอุปกรณ์สำหรับเด็ก,เสื้อผ้าและเครื่องประดับ > ชุดเดรส,92,ชื่อสินค้าคือเดรสหรือชุดกระโปรง
1000013,Blue Dress ชุดเดรสสีกรม,สินค้าและอุปกรณ์สำหรับเด็ก,เสื้อผ้าและเครื่องประดับ > ชุดเดรส,92,ชื่อสินค้าคือเดรสหรือชุดกระโปรง
1000033,Leggings with all-over stars เลกกิ้งพิมพ์ลายดาว,เสื้อผ้าและเครื่องประดับ,เสื้อผ้าและเครื่องประดับ > กางเกงเด็ก,92,ชื่อสินค้าคือเลกกิ้ง จัดเป็นกางเกงเด็ก
1000053,Toddler Tie-Dye Gap Logo Hoodie เสื้อฮู้ ลายโลโก้,สินค้าและอุปกรณ์สำหรับเด็ก,เสื้อผ้าและเครื่องประดับ > เสื้อแจ็คเก็ตและฮู้ด,90,ชื่อสินค้าคือแจ็คเก็ต/ฮู้ด/เสื้อกันหนาว
1000039,Ribbed Leggings กางเกงเลกกิ้ง,สินค้าและอุปกรณ์สำหรับเด็ก,เสื้อผ้าและเครื่องประดับ > กางเกงเด็ก,92,ชื่อสินค้าคือเลกกิ้ง จัดเป็นกางเกงเด็ก
1000065,Yellow t-shirt เสื้อยืดสีเหลือง,สินค้าและอุปกรณ์สำหรับเด็ก,เสื้อผ้าและเครื่องประดับ > เสื้อเด็ก,92,ชื่อสินค้าคือเสื้อยืด
1000029,Shirt Set เซตเสื้อกระโปรง ลายดอกไม้,สินค้าและอุปกรณ์สำหรับเด็ก,เสื้อผ้าและเครื่องประดับ > ชุดเซ็ต,86,ชื่อสินค้าเป็นชุดหลายชิ้น/เซ็ตเสื้อผ้า
1000082,Girls' Lacoste Scalloped Collar Mini Piqué Polo Shirt เสื้อโปโลหญิง คอปก,สินค้าและอุปกรณ์สำหรับเด็ก,เสื้อผ้าและเครื่องประดับ > เสื้อเด็ก,92,ชื่อสินค้าคือเสื้อโปโล
1000044,RUFFLE STRAP TOP เสื้อครอปสายเดี่ยว,สินค้าและอุปกรณ์สำหรับเด็ก,เสื้อผ้าและเครื่องประดับ > เสื้อเด็ก,82,ชื่อสินค้ามีคำว่าเสื้อ/shirt
1000022,2-Piece Glow Halloween 100% Snug Fit Cotton PJs ชุดฮาโลวีนแรงแสง,สินค้าและอุปกรณ์สำหรับเด็ก,เสื้อผ้าและเครื่องประดับ > ชุดนอน,93,ชื่อสินค้าคือชุดนอน
1000055,Super Star Dress ชุดเดรส,สินค้าและอุปกรณ์สำหรับเด็ก,เสื้อผ้าและเครื่องประดับ > ชุดเดรส,92,ชื่อสินค้าคือเดรสหรือชุดกระโปรง
1000051,Dress Polo Ralph Lauren ชุดกระโปรงคอปกเชิ้ต,สินค้าและอุปกรณ์สำหรับเด็ก,เสื้อผ้าและเครื่องประดับ > ชุดเดรส,92,ชื่อสินค้าคือเดรสหรือชุดกระโปรง
1000078,Mango Dress เดรสแขนกุด,สินค้าและอุปกรณ์สำหรับเด็ก,เสื้อผ้าและเครื่องประดับ > ชุดเดรส,92,ชื่อสินค้าคือเดรสหรือชุดกระโปรง
1000037,OVS Stretch cotton กางเกงผ้ายืด,สินค้าและอุปกรณ์สำหรับเด็ก,เสื้อผ้าและเครื่องประดับ > กางเกงเด็ก,92,ชื่อสินค้าคือกางเกง
1000066,Kenzo Joggers กางเกงขายาว,สินค้าและอุปกรณ์สำหรับเด็ก,เสื้อผ้าและเครื่องประดับ > กางเกงเด็ก,92,ชื่อสินค้าคือกางเกง
1000080,Jersey Dress ชุดเดรสเจอร์ซีย์,สินค้าและอุปกรณ์สำหรับเด็ก,เสื้อผ้าและเครื่องประดับ > ชุดเดรส,92,ชื่อสินค้าคือเดรสหรือชุดกระโปรง
1000003,Light Blue Dress ชุดเดรสสีฟ้า,สินค้าและอุปกรณ์สำหรับเด็ก,เสื้อผ้าและเครื่องประดับ > ชุดเดรส,92,ชื่อสินค้าคือเดรสหรือชุดกระโปรง
1000067,Printed Built-In Tough Full-Length Leggings เลกกิ้งขายาวทรงยาวพิมพ์ลาย,สินค้าและอุปกรณ์สำหรับเด็ก,เสื้อผ้าและเครื่องประดับ > กางเกงเด็ก,92,ชื่อสินค้าคือเลกกิ้ง จัดเป็นกางเกงเด็ก
1000024,Skinny Cutoff Shorts กางเกงขาสั้น,สินค้าและอุปกรณ์สำหรับเด็ก,เสื้อผ้าและเครื่องประดับ > กางเกงเด็ก,90,ชื่อสินค้าคือกางเกงขาสั้น
1000027,Grey Leggings กางเกงเลกกิ้ง สีเทา,สินค้าและอุปกรณ์สำหรับเด็ก,เสื้อผ้าและเครื่องประดับ > กางเกงเด็ก,92,ชื่อสินค้าคือเลกกิ้ง จัดเป็นกางเกงเด็ก
1000040,Toddler Elasticized Pull-On Slim Taper Jeans with Stretch กางเกงยีนส์,สินค้าและอุปกรณ์สำหรับเด็ก,เสื้อผ้าและเครื่องประดับ > กางเกงยีนส์เด็ก,94,ชื่อสินค้าคือกางเกงยีนส์
1000071,Floral pants กางเกงขายาว ลายดอกไม้,สินค้าและอุปกรณ์สำหรับเด็ก,เสื้อผ้าและเครื่องประดับ > กางเกงเด็ก,92,ชื่อสินค้าคือกางเกง
1000009,Rita dress เดรสทรง ผ้าลายสวย,สินค้าและอุปกรณ์สำหรับเด็ก,เสื้อผ้าและเครื่องประดับ > ชุดเดรส,92,ชื่อสินค้าคือเดรสหรือชุดกระโปรง
1000046,Purple T-shirt เสื้อยืดสีม่วง,สินค้าและอุปกรณ์สำหรับเด็ก,เสื้อผ้าและเครื่องประดับ > เสื้อเด็ก,92,ชื่อสินค้าคือเสื้อยืด
1000012,The Dark Skeleton Pajamas Sets Short Sleeve Summer Black ชุดนอนฮาโลวีน,สินค้าและอุปกรณ์สำหรับเด็ก,เสื้อผ้าและเครื่องประดับ > ชุดนอน,93,ชื่อสินค้าคือชุดนอน
1000075,Light blue pants กางเกงขายาว สีฟ้า,สินค้าและอุปกรณ์สำหรับเด็ก,เสื้อผ้าและเครื่องประดับ > กางเกงเด็ก,92,ชื่อสินค้าคือกางเกง
1000061,Sleep Suit Disney Minnie Mouse ชุดนอน มินนี่เม้าส์,สินค้าและอุปกรณ์สำหรับเด็ก,เสื้อผ้าและเครื่องประดับ > ชุดนอน,93,ชื่อสินค้าคือชุดนอน
210278,210278,เสื้อผ้าและเครื่องประดับ,เสื้อผ้าและเครื่องประดับ,15,ชื่อสินค้าเป็นรหัส SKU อย่างเดียว ไม่สามารถอนุมานประเภทจากชื่อได้
810007,810007,ของเล่นและเครื่องนอนการตกแต่ง,ของเล่นและเครื่องนอนการตกแต่ง,15,ชื่อสินค้าเป็นรหัส SKU อย่างเดียว ไม่สามารถอนุมานประเภทจากชื่อได้
210001,210001,สินค้าและอุปกรณ์สำหรับเด็ก,สินค้าและอุปกรณ์สำหรับเด็ก,15,ชื่อสินค้าเป็นรหัส SKU อย่างเดียว ไม่สามารถอนุมานประเภทจากชื่อได้
210003,210003,สินค้าและอุปกรณ์สำหรับเด็ก,สินค้าและอุปกรณ์สำหรับเด็ก,15,ชื่อสินค้าเป็นรหัส SKU อย่างเดียว ไม่สามารถอนุมานประเภทจากชื่อได้
210004,210004,สินค้าและอุปกรณ์สำหรับเด็ก,สินค้าและอุปกรณ์สำหรับเด็ก,15,ชื่อสินค้าเป็นรหัส SKU อย่างเดียว ไม่สามารถอนุมานประเภทจากชื่อได้
210007,210007,สินค้าและอุปกรณ์สำหรับเด็ก,สินค้าและอุปกรณ์สำหรับเด็ก,15,ชื่อสินค้าเป็นรหัส SKU อย่างเดียว ไม่สามารถอนุมานประเภทจากชื่อได้
210010,210010,สินค้าและอุปกรณ์สำหรับเด็ก,สินค้าและอุปกรณ์สำหรับเด็ก,15,ชื่อสินค้าเป็นรหัส SKU อย่างเดียว ไม่สามารถอนุมานประเภทจากชื่อได้
210011,210011,สินค้าและอุปกรณ์สำหรับเด็ก,สินค้าและอุปกรณ์สำหรับเด็ก,15,ชื่อสินค้าเป็นรหัส SKU อย่างเดียว ไม่สามารถอนุมานประเภทจากชื่อได้
210014,210014,สินค้าและอุปกรณ์สำหรับเด็ก,สินค้าและอุปกรณ์สำหรับเด็ก,15,ชื่อสินค้าเป็นรหัส SKU อย่างเดียว ไม่สามารถอนุมานประเภทจากชื่อได้
210015,210015,สินค้าและอุปกรณ์สำหรับเด็ก,สินค้าและอุปกรณ์สำหรับเด็ก,15,ชื่อสินค้าเป็นรหัส SKU อย่างเดียว ไม่สามารถอนุมานประเภทจากชื่อได้
210016,210016,สินค้าและอุปกรณ์สำหรับเด็ก,สินค้าและอุปกรณ์สำหรับเด็ก,15,ชื่อสินค้าเป็นรหัส SKU อย่างเดียว ไม่สามารถอนุมานประเภทจากชื่อได้
210017,210017,สินค้าและอุปกรณ์สำหรับเด็ก,สินค้าและอุปกรณ์สำหรับเด็ก,15,ชื่อสินค้าเป็นรหัส SKU อย่างเดียว ไม่สามารถอนุมานประเภทจากชื่อได้
210018,210018,สินค้าและอุปกรณ์สำหรับเด็ก,สินค้าและอุปกรณ์สำหรับเด็ก,15,ชื่อสินค้าเป็นรหัส SKU อย่างเดียว ไม่สามารถอนุมานประเภทจากชื่อได้
210020,210020,สินค้าและอุปกรณ์สำหรับเด็ก,สินค้าและอุปกรณ์สำหรับเด็ก,15,ชื่อสินค้าเป็นรหัส SKU อย่างเดียว ไม่สามารถอนุมานประเภทจากชื่อได้
210021,210021,สินค้าและอุปกรณ์สำหรับเด็ก,สินค้าและอุปกรณ์สำหรับเด็ก,15,ชื่อสินค้าเป็นรหัส SKU อย่างเดียว ไม่สามารถอนุมานประเภทจากชื่อได้
210022,210022,สินค้าและอุปกรณ์สำหรับเด็ก,สินค้าและอุปกรณ์สำหรับเด็ก,15,ชื่อสินค้าเป็นรหัส SKU อย่างเดียว ไม่สามารถอนุมานประเภทจากชื่อได้
210023,210023,สินค้าและอุปกรณ์สำหรับเด็ก,สินค้าและอุปกรณ์สำหรับเด็ก,15,ชื่อสินค้าเป็นรหัส SKU อย่างเดียว ไม่สามารถอนุมานประเภทจากชื่อได้
210024,210024,สินค้าและอุปกรณ์สำหรับเด็ก,สินค้าและอุปกรณ์สำหรับเด็ก,15,ชื่อสินค้าเป็นรหัส SKU อย่างเดียว ไม่สามารถอนุมานประเภทจากชื่อได้
210025,210025,สินค้าและอุปกรณ์สำหรับเด็ก,สินค้าและอุปกรณ์สำหรับเด็ก,15,ชื่อสินค้าเป็นรหัส SKU อย่างเดียว ไม่สามารถอนุมานประเภทจากชื่อได้
210027,210027,สินค้าและอุปกรณ์สำหรับเด็ก,สินค้าและอุปกรณ์สำหรับเด็ก,15,ชื่อสินค้าเป็นรหัส SKU อย่างเดียว ไม่สามารถอนุมานประเภทจากชื่อได้
210028,210028,สินค้าและอุปกรณ์สำหรับเด็ก,สินค้าและอุปกรณ์สำหรับเด็ก,15,ชื่อสินค้าเป็นรหัส SKU อย่างเดียว ไม่สามารถอนุมานประเภทจากชื่อได้
210029,210029,สินค้าและอุปกรณ์สำหรับเด็ก,สินค้าและอุปกรณ์สำหรับเด็ก,15,ชื่อสินค้าเป็นรหัส SKU อย่างเดียว ไม่สามารถอนุมานประเภทจากชื่อได้
210030,210030,สินค้าและอุปกรณ์สำหรับเด็ก,สินค้าและอุปกรณ์สำหรับเด็ก,15,ชื่อสินค้าเป็นรหัส SKU อย่างเดียว ไม่สามารถอนุมานประเภทจากชื่อได้
210031,210031,สินค้าและอุปกรณ์สำหรับเด็ก,สินค้าและอุปกรณ์สำหรับเด็ก,15,ชื่อสินค้าเป็นรหัส SKU อย่างเดียว ไม่สามารถอนุมานประเภทจากชื่อได้
210032,210032,สินค้าและอุปกรณ์สำหรับเด็ก,สินค้าและอุปกรณ์สำหรับเด็ก,15,ชื่อสินค้าเป็นรหัส SKU อย่างเดียว ไม่สามารถอนุมานประเภทจากชื่อได้
210033,210033,สินค้าและอุปกรณ์สำหรับเด็ก,สินค้าและอุปกรณ์สำหรับเด็ก,15,ชื่อสินค้าเป็นรหัส SKU อย่างเดียว ไม่สามารถอนุมานประเภทจากชื่อได้
210034,210034,สินค้าและอุปกรณ์สำหรับเด็ก,สินค้าและอุปกรณ์สำหรับเด็ก,15,ชื่อสินค้าเป็นรหัส SKU อย่างเดียว ไม่สามารถอนุมานประเภทจากชื่อได้
210035,210035,สินค้าและอุปกรณ์สำหรับเด็ก,สินค้าและอุปกรณ์สำหรับเด็ก,15,ชื่อสินค้าเป็นรหัส SKU อย่างเดียว ไม่สามารถอนุมานประเภทจากชื่อได้
210036,210036,สินค้าและอุปกรณ์สำหรับเด็ก,สินค้าและอุปกรณ์สำหรับเด็ก,15,ชื่อสินค้าเป็นรหัส SKU อย่างเดียว ไม่สามารถอนุมานประเภทจากชื่อได้
210038,210038,สินค้าและอุปกรณ์สำหรับเด็ก,สินค้าและอุปกรณ์สำหรับเด็ก,15,ชื่อสินค้าเป็นรหัส SKU อย่างเดียว ไม่สามารถอนุมานประเภทจากชื่อได้
210039,210039,สินค้าและอุปกรณ์สำหรับเด็ก,สินค้าและอุปกรณ์สำหรับเด็ก,15,ชื่อสินค้าเป็นรหัส SKU อย่างเดียว ไม่สามารถอนุมานประเภทจากชื่อได้
210041,210041,สินค้าและอุปกรณ์สำหรับเด็ก,สินค้าและอุปกรณ์สำหรับเด็ก,15,ชื่อสินค้าเป็นรหัส SKU อย่างเดียว ไม่สามารถอนุมานประเภทจากชื่อได้
210042,210042,เสื้อผ้าและเครื่องประดับ,เสื้อผ้าและเครื่องประดับ,15,ชื่อสินค้าเป็นรหัส SKU อย่างเดียว ไม่สามารถอนุมานประเภทจากชื่อได้
210043,210043,สินค้าและอุปกรณ์สำหรับเด็ก,สินค้าและอุปกรณ์สำหรับเด็ก,15,ชื่อสินค้าเป็นรหัส SKU อย่างเดียว ไม่สามารถอนุมานประเภทจากชื่อได้
210044,210044,สินค้าและอุปกรณ์สำหรับเด็ก,สินค้าและอุปกรณ์สำหรับเด็ก,15,ชื่อสินค้าเป็นรหัส SKU อย่างเดียว ไม่สามารถอนุมานประเภทจากชื่อได้
210046,210046,สินค้าและอุปกรณ์สำหรับเด็ก,สินค้าและอุปกรณ์สำหรับเด็ก,15,ชื่อสินค้าเป็นรหัส SKU อย่างเดียว ไม่สามารถอนุมานประเภทจากชื่อได้
210047,210047,สินค้าและอุปกรณ์สำหรับเด็ก,สินค้าและอุปกรณ์สำหรับเด็ก,15,ชื่อสินค้าเป็นรหัส SKU อย่างเดียว ไม่สามารถอนุมานประเภทจากชื่อได้
210048,210048,สินค้าและอุปกรณ์สำหรับเด็ก,สินค้าและอุปกรณ์สำหรับเด็ก,15,ชื่อสินค้าเป็นรหัส SKU อย่างเดียว ไม่สามารถอนุมานประเภทจากชื่อได้
210051,210051,สินค้าและอุปกรณ์สำหรับเด็ก,สินค้าและอุปกรณ์สำหรับเด็ก,15,ชื่อสินค้าเป็นรหัส SKU อย่างเดียว ไม่สามารถอนุมานประเภทจากชื่อได้
210052,210052,สินค้าและอุปกรณ์สำหรับเด็ก,สินค้าและอุปกรณ์สำหรับเด็ก,15,ชื่อสินค้าเป็นรหัส SKU อย่างเดียว ไม่สามารถอนุมานประเภทจากชื่อได้
210055,210055,สินค้าและอุปกรณ์สำหรับเด็ก,สินค้าและอุปกรณ์สำหรับเด็ก,15,ชื่อสินค้าเป็นรหัส SKU อย่างเดียว ไม่สามารถอนุมานประเภทจากชื่อได้
210056,210056,สินค้าและอุปกรณ์สำหรับเด็ก,สินค้าและอุปกรณ์สำหรับเด็ก,15,ชื่อสินค้าเป็นรหัส SKU อย่างเดียว ไม่สามารถอนุมานประเภทจากชื่อได้
210057,210057,สินค้าและอุปกรณ์สำหรับเด็ก,สินค้าและอุปกรณ์สำหรับเด็ก,15,ชื่อสินค้าเป็นรหัส SKU อย่างเดียว ไม่สามารถอนุมานประเภทจากชื่อได้
210058,210058,สินค้าและอุปกรณ์สำหรับเด็ก,สินค้าและอุปกรณ์สำหรับเด็ก,15,ชื่อสินค้าเป็นรหัส SKU อย่างเดียว ไม่สามารถอนุมานประเภทจากชื่อได้
210059,210059,สินค้าและอุปกรณ์สำหรับเด็ก,สินค้าและอุปกรณ์สำหรับเด็ก,15,ชื่อสินค้าเป็นรหัส SKU อย่างเดียว ไม่สามารถอนุมานประเภทจากชื่อได้
210060,210060,สินค้าและอุปกรณ์สำหรับเด็ก,สินค้าและอุปกรณ์สำหรับเด็ก,15,ชื่อสินค้าเป็นรหัส SKU อย่างเดียว ไม่สามารถอนุมานประเภทจากชื่อได้
210061,210061,สินค้าและอุปกรณ์สำหรับเด็ก,สินค้าและอุปกรณ์สำหรับเด็ก,15,ชื่อสินค้าเป็นรหัส SKU อย่างเดียว ไม่สามารถอนุมานประเภทจากชื่อได้
210063,210063,สินค้าและอุปกรณ์สำหรับเด็ก,สินค้าและอุปกรณ์สำหรับเด็ก,15,ชื่อสินค้าเป็นรหัส SKU อย่างเดียว ไม่สามารถอนุมานประเภทจากชื่อได้
210065,210065,สินค้าและอุปกรณ์สำหรับเด็ก,สินค้าและอุปกรณ์สำหรับเด็ก,15,ชื่อสินค้าเป็นรหัส SKU อย่างเดียว ไม่สามารถอนุมานประเภทจากชื่อได้
210066,210066,สินค้าและอุปกรณ์สำหรับเด็ก,สินค้าและอุปกรณ์สำหรับเด็ก,15,ชื่อสินค้าเป็นรหัส SKU อย่างเดียว ไม่สามารถอนุมานประเภทจากชื่อได้
210067,210067,สินค้าและอุปกรณ์สำหรับเด็ก,สินค้าและอุปกรณ์สำหรับเด็ก,15,ชื่อสินค้าเป็นรหัส SKU อย่างเดียว ไม่สามารถอนุมานประเภทจากชื่อได้
210068,210068,สินค้าและอุปกรณ์สำหรับเด็ก,สินค้าและอุปกรณ์สำหรับเด็ก,15,ชื่อสินค้าเป็นรหัส SKU อย่างเดียว ไม่สามารถอนุมานประเภทจากชื่อได้
210069,210069,สินค้าและอุปกรณ์สำหรับเด็ก,สินค้าและอุปกรณ์สำหรับเด็ก,15,ชื่อสินค้าเป็นรหัส SKU อย่างเดียว ไม่สามารถอนุมานประเภทจากชื่อได้
210072,210072,สินค้าและอุปกรณ์สำหรับเด็ก,สินค้าและอุปกรณ์สำหรับเด็ก,15,ชื่อสินค้าเป็นรหัส SKU อย่างเดียว ไม่สามารถอนุมานประเภทจากชื่อได้
210074,210074,สินค้าและอุปกรณ์สำหรับเด็ก,สินค้าและอุปกรณ์สำหรับเด็ก,15,ชื่อสินค้าเป็นรหัส SKU อย่างเดียว ไม่สามารถอนุมานประเภทจากชื่อได้
210078,210078,สินค้าและอุปกรณ์สำหรับเด็ก,สินค้าและอุปกรณ์สำหรับเด็ก,15,ชื่อสินค้าเป็นรหัส SKU อย่างเดียว ไม่สามารถอนุมานประเภทจากชื่อได้
210079,210079,สินค้าและอุปกรณ์สำหรับเด็ก,สินค้าและอุปกรณ์สำหรับเด็ก,15,ชื่อสินค้าเป็นรหัส SKU อย่างเดียว ไม่สามารถอนุมานประเภทจากชื่อได้
210080,210080,สินค้าและอุปกรณ์สำหรับเด็ก,สินค้าและอุปกรณ์สำหรับเด็ก,15,ชื่อสินค้าเป็นรหัส SKU อย่างเดียว ไม่สามารถอนุมานประเภทจากชื่อได้
210081,210081,สินค้าและอุปกรณ์สำหรับเด็ก,สินค้าและอุปกรณ์สำหรับเด็ก,15,ชื่อสินค้าเป็นรหัส SKU อย่างเดียว ไม่สามารถอนุมานประเภทจากชื่อได้
210082,210082,สินค้าและอุปกรณ์สำหรับเด็ก,สินค้าและอุปกรณ์สำหรับเด็ก,15,ชื่อสินค้าเป็นรหัส SKU อย่างเดียว ไม่สามารถอนุมานประเภทจากชื่อได้
210083,210083,สินค้าและอุปกรณ์สำหรับเด็ก,สินค้าและอุปกรณ์สำหรับเด็ก,15,ชื่อสินค้าเป็นรหัส SKU อย่างเดียว ไม่สามารถอนุมานประเภทจากชื่อได้
210084,210084,สินค้าและอุปกรณ์สำหรับเด็ก,สินค้าและอุปกรณ์สำหรับเด็ก,15,ชื่อสินค้าเป็นรหัส SKU อย่างเดียว ไม่สามารถอนุมานประเภทจากชื่อได้
210086,210086,สินค้าและอุปกรณ์สำหรับเด็ก,สินค้าและอุปกรณ์สำหรับเด็ก,15,ชื่อสินค้าเป็นรหัส SKU อย่างเดียว ไม่สามารถอนุมานประเภทจากชื่อได้
210087,210087,สินค้าและอุปกรณ์สำหรับเด็ก,สินค้าและอุปกรณ์สำหรับเด็ก,15,ชื่อสินค้าเป็นรหัส SKU อย่างเดียว ไม่สามารถอนุมานประเภทจากชื่อได้
210088,210088,สินค้าและอุปกรณ์สำหรับเด็ก,สินค้าและอุปกรณ์สำหรับเด็ก,15,ชื่อสินค้าเป็นรหัส SKU อย่างเดียว ไม่สามารถอนุมานประเภทจากชื่อได้
210089,210089,สินค้าและอุปกรณ์สำหรับเด็ก,สินค้าและอุปกรณ์สำหรับเด็ก,15,ชื่อสินค้าเป็นรหัส SKU อย่างเดียว ไม่สามารถอนุมานประเภทจากชื่อได้
210091,210091,สินค้าและอุปกรณ์สำหรับเด็ก,สินค้าและอุปกรณ์สำหรับเด็ก,15,ชื่อสินค้าเป็นรหัส SKU อย่างเดียว ไม่สามารถอนุมานประเภทจากชื่อได้
210092,210092,สินค้าและอุปกรณ์สำหรับเด็ก,สินค้าและอุปกรณ์สำหรับเด็ก,15,ชื่อสินค้าเป็นรหัส SKU อย่างเดียว ไม่สามารถอนุมานประเภทจากชื่อได้
210093,210093,สินค้าและอุปกรณ์สำหรับเด็ก,สินค้าและอุปกรณ์สำหรับเด็ก,15,ชื่อสินค้าเป็นรหัส SKU อย่างเดียว ไม่สามารถอนุมานประเภทจากชื่อได้
210095,210095,สินค้าและอุปกรณ์สำหรับเด็ก,สินค้าและอุปกรณ์สำหรับเด็ก,15,ชื่อสินค้าเป็นรหัส SKU อย่างเดียว ไม่สามารถอนุมานประเภทจากชื่อได้
210097,210097,สินค้าและอุปกรณ์สำหรับเด็ก,สินค้าและอุปกรณ์สำหรับเด็ก,15,ชื่อสินค้าเป็นรหัส SKU อย่างเดียว ไม่สามารถอนุมานประเภทจากชื่อได้
210098,210098,สินค้าและอุปกรณ์สำหรับเด็ก,สินค้าและอุปกรณ์สำหรับเด็ก,15,ชื่อสินค้าเป็นรหัส SKU อย่างเดียว ไม่สามารถอนุมานประเภทจากชื่อได้
210099,210099,สินค้าและอุปกรณ์สำหรับเด็ก,สินค้าและอุปกรณ์สำหรับเด็ก,15,ชื่อสินค้าเป็นรหัส SKU อย่างเดียว ไม่สามารถอนุมานประเภทจากชื่อได้
210100,210100,สินค้าและอุปกรณ์สำหรับเด็ก,สินค้าและอุปกรณ์สำหรับเด็ก,15,ชื่อสินค้าเป็นรหัส SKU อย่างเดียว ไม่สามารถอนุมานประเภทจากชื่อได้
210101,210101,สินค้าและอุปกรณ์สำหรับเด็ก,สินค้าและอุปกรณ์สำหรับเด็ก,15,ชื่อสินค้าเป็นรหัส SKU อย่างเดียว ไม่สามารถอนุมานประเภทจากชื่อได้
210103,210103,สินค้าและอุปกรณ์สำหรับเด็ก,สินค้าและอุปกรณ์สำหรับเด็ก,15,ชื่อสินค้าเป็นรหัส SKU อย่างเดียว ไม่สามารถอนุมานประเภทจากชื่อได้
210104,210104,สินค้าและอุปกรณ์สำหรับเด็ก,สินค้าและอุปกรณ์สำหรับเด็ก,15,ชื่อสินค้าเป็นรหัส SKU อย่างเดียว ไม่สามารถอนุมานประเภทจากชื่อได้
210106,210106,สินค้าและอุปกรณ์สำหรับเด็ก,สินค้าและอุปกรณ์สำหรับเด็ก,15,ชื่อสินค้าเป็นรหัส SKU อย่างเดียว ไม่สามารถอนุมานประเภทจากชื่อได้
210107,210107,สินค้าและอุปกรณ์สำหรับเด็ก,สินค้าและอุปกรณ์สำหรับเด็ก,15,ชื่อสินค้าเป็นรหัส SKU อย่างเดียว ไม่สามารถอนุมานประเภทจากชื่อได้
210108,210108,สินค้าและอุปกรณ์สำหรับเด็ก,สินค้าและอุปกรณ์สำหรับเด็ก,15,ชื่อสินค้าเป็นรหัส SKU อย่างเดียว ไม่สามารถอนุมานประเภทจากชื่อได้
210109,210109,สินค้าและอุปกรณ์สำหรับเด็ก,สินค้าและอุปกรณ์สำหรับเด็ก,15,ชื่อสินค้าเป็นรหัส SKU อย่างเดียว ไม่สามารถอนุมานประเภทจากชื่อได้
210110,210110,สินค้าและอุปกรณ์สำหรับเด็ก,สินค้าและอุปกรณ์สำหรับเด็ก,15,ชื่อสินค้าเป็นรหัส SKU อย่างเดียว ไม่สามารถอนุมานประเภทจากชื่อได้
210113,210113,สินค้าและอุปกรณ์สำหรับเด็ก,สินค้าและอุปกรณ์สำหรับเด็ก,15,ชื่อสินค้าเป็นรหัส SKU อย่างเดียว ไม่สามารถอนุมานประเภทจากชื่อได้
210114,210114,สินค้าและอุปกรณ์สำหรับเด็ก,สินค้าและอุปกรณ์สำหรับเด็ก,15,ชื่อสินค้าเป็นรหัส SKU อย่างเดียว ไม่สามารถอนุมานประเภทจากชื่อได้
210115,210115,สินค้าและอุปกรณ์สำหรับเด็ก,สินค้าและอุปกรณ์สำหรับเด็ก,15,ชื่อสินค้าเป็นรหัส SKU อย่างเดียว ไม่สามารถอนุมานประเภทจากชื่อได้
210117,210117,สินค้าและอุปกรณ์สำหรับเด็ก,สินค้าและอุปกรณ์สำหรับเด็ก,15,ชื่อสินค้าเป็นรหัส SKU อย่างเดียว ไม่สามารถอนุมานประเภทจากชื่อได้
210118,210118,สินค้าและอุปกรณ์สำหรับเด็ก,สินค้าและอุปกรณ์สำหรับเด็ก,15,ชื่อสินค้าเป็นรหัส SKU อย่างเดียว ไม่สามารถอนุมานประเภทจากชื่อได้
210119,210119,สินค้าและอุปกรณ์สำหรับเด็ก,สินค้าและอุปกรณ์สำหรับเด็ก,15,ชื่อสินค้าเป็นรหัส SKU อย่างเดียว ไม่สามารถอนุมานประเภทจากชื่อได้
210120,210120,สินค้าและอุปกรณ์สำหรับเด็ก,สินค้าและอุปกรณ์สำหรับเด็ก,15,ชื่อสินค้าเป็นรหัส SKU อย่างเดียว ไม่สามารถอนุมานประเภทจากชื่อได้
210122,210122,สินค้าและอุปกรณ์สำหรับเด็ก,สินค้าและอุปกรณ์สำหรับเด็ก,15,ชื่อสินค้าเป็นรหัส SKU อย่างเดียว ไม่สามารถอนุมานประเภทจากชื่อได้
210121,210121,สินค้าและอุปกรณ์สำหรับเด็ก,สินค้าและอุปกรณ์สำหรับเด็ก,15,ชื่อสินค้าเป็นรหัส SKU อย่างเดียว ไม่สามารถอนุมานประเภทจากชื่อได้
210127,210127,สินค้าและอุปกรณ์สำหรับเด็ก,สินค้าและอุปกรณ์สำหรับเด็ก,15,ชื่อสินค้าเป็นรหัส SKU อย่างเดียว ไม่สามารถอนุมานประเภทจากชื่อได้
210128,210128,สินค้าและอุปกรณ์สำหรับเด็ก,สินค้าและอุปกรณ์สำหรับเด็ก,15,ชื่อสินค้าเป็นรหัส SKU อย่างเดียว ไม่สามารถอนุมานประเภทจากชื่อได้
210129,210129,สินค้าและอุปกรณ์สำหรับเด็ก,สินค้าและอุปกรณ์สำหรับเด็ก,15,ชื่อสินค้าเป็นรหัส SKU อย่างเดียว ไม่สามารถอนุมานประเภทจากชื่อได้
210130,210130,สินค้าและอุปกรณ์สำหรับเด็ก,สินค้าและอุปกรณ์สำหรับเด็ก,15,ชื่อสินค้าเป็นรหัส SKU อย่างเดียว ไม่สามารถอนุมานประเภทจากชื่อได้
210131,210131,สินค้าและอุปกรณ์สำหรับเด็ก,สินค้าและอุปกรณ์สำหรับเด็ก,15,ชื่อสินค้าเป็นรหัส SKU อย่างเดียว ไม่สามารถอนุมานประเภทจากชื่อได้
210133,210133,สินค้าและอุปกรณ์สำหรับเด็ก,สินค้าและอุปกรณ์สำหรับเด็ก,15,ชื่อสินค้าเป็นรหัส SKU อย่างเดียว ไม่สามารถอนุมานประเภทจากชื่อได้
210134,210134,สินค้าและอุปกรณ์สำหรับเด็ก,สินค้าและอุปกรณ์สำหรับเด็ก,15,ชื่อสินค้าเป็นรหัส SKU อย่างเดียว ไม่สามารถอนุมานประเภทจากชื่อได้
210135,210135,สินค้าและอุปกรณ์สำหรับเด็ก,สินค้าและอุปกรณ์สำหรับเด็ก,15,ชื่อสินค้าเป็นรหัส SKU อย่างเดียว ไม่สามารถอนุมานประเภทจากชื่อได้
210138,210138,สินค้าและอุปกรณ์สำหรับเด็ก,สินค้าและอุปกรณ์สำหรับเด็ก,15,ชื่อสินค้าเป็นรหัส SKU อย่างเดียว ไม่สามารถอนุมานประเภทจากชื่อได้
210140,210140,สินค้าและอุปกรณ์สำหรับเด็ก,สินค้าและอุปกรณ์สำหรับเด็ก,15,ชื่อสินค้าเป็นรหัส SKU อย่างเดียว ไม่สามารถอนุมานประเภทจากชื่อได้
210141,210141,สินค้าและอุปกรณ์สำหรับเด็ก,สินค้าและอุปกรณ์สำหรับเด็ก,15,ชื่อสินค้าเป็นรหัส SKU อย่างเดียว ไม่สามารถอนุมานประเภทจากชื่อได้
210142,210142,สินค้าและอุปกรณ์สำหรับเด็ก,สินค้าและอุปกรณ์สำหรับเด็ก,15,ชื่อสินค้าเป็นรหัส SKU อย่างเดียว ไม่สามารถอนุมานประเภทจากชื่อได้
210143,210143,สินค้าและอุปกรณ์สำหรับเด็ก,สินค้าและอุปกรณ์สำหรับเด็ก,15,ชื่อสินค้าเป็นรหัส SKU อย่างเดียว ไม่สามารถอนุมานประเภทจากชื่อได้
210145,210145,สินค้าและอุปกรณ์สำหรับเด็ก,สินค้าและอุปกรณ์สำหรับเด็ก,15,ชื่อสินค้าเป็นรหัส SKU อย่างเดียว ไม่สามารถอนุมานประเภทจากชื่อได้
210146,210146,สินค้าและอุปกรณ์สำหรับเด็ก,สินค้าและอุปกรณ์สำหรับเด็ก,15,ชื่อสินค้าเป็นรหัส SKU อย่างเดียว ไม่สามารถอนุมานประเภทจากชื่อได้
210147,210147,สินค้าและอุปกรณ์สำหรับเด็ก,สินค้าและอุปกรณ์สำหรับเด็ก,15,ชื่อสินค้าเป็นรหัส SKU อย่างเดียว ไม่สามารถอนุมานประเภทจากชื่อได้
210148,210148,สินค้าและอุปกรณ์สำหรับเด็ก,สินค้าและอุปกรณ์สำหรับเด็ก,15,ชื่อสินค้าเป็นรหัส SKU อย่างเดียว ไม่สามารถอนุมานประเภทจากชื่อได้
210149,210149,สินค้าและอุปกรณ์สำหรับเด็ก,สินค้าและอุปกรณ์สำหรับเด็ก,15,ชื่อสินค้าเป็นรหัส SKU อย่างเดียว ไม่สามารถอนุมานประเภทจากชื่อได้
210150,210150,สินค้าและอุปกรณ์สำหรับเด็ก,สินค้าและอุปกรณ์สำหรับเด็ก,15,ชื่อสินค้าเป็นรหัส SKU อย่างเดียว ไม่สามารถอนุมานประเภทจากชื่อได้
210152,210152,สินค้าและอุปกรณ์สำหรับเด็ก,สินค้าและอุปกรณ์สำหรับเด็ก,15,ชื่อสินค้าเป็นรหัส SKU อย่างเดียว ไม่สามารถอนุมานประเภทจากชื่อได้
210153,210153,สินค้าและอุปกรณ์สำหรับเด็ก,สินค้าและอุปกรณ์สำหรับเด็ก,15,ชื่อสินค้าเป็นรหัส SKU อย่างเดียว ไม่สามารถอนุมานประเภทจากชื่อได้
210154,210154,สินค้าและอุปกรณ์สำหรับเด็ก,สินค้าและอุปกรณ์สำหรับเด็ก,15,ชื่อสินค้าเป็นรหัส SKU อย่างเดียว ไม่สามารถอนุมานประเภทจากชื่อได้
210155,210155,สินค้าและอุปกรณ์สำหรับเด็ก,สินค้าและอุปกรณ์สำหรับเด็ก,15,ชื่อสินค้าเป็นรหัส SKU อย่างเดียว ไม่สามารถอนุมานประเภทจากชื่อได้
210156,210156,สินค้าและอุปกรณ์สำหรับเด็ก,สินค้าและอุปกรณ์สำหรับเด็ก,15,ชื่อสินค้าเป็นรหัส SKU อย่างเดียว ไม่สามารถอนุมานประเภทจากชื่อได้
210157,210157,สินค้าและอุปกรณ์สำหรับเด็ก,สินค้าและอุปกรณ์สำหรับเด็ก,15,ชื่อสินค้าเป็นรหัส SKU อย่างเดียว ไม่สามารถอนุมานประเภทจากชื่อได้
210158,210158,สินค้าและอุปกรณ์สำหรับเด็ก,สินค้าและอุปกรณ์สำหรับเด็ก,15,ชื่อสินค้าเป็นรหัส SKU อย่างเดียว ไม่สามารถอนุมานประเภทจากชื่อได้
210159,210159,สินค้าและอุปกรณ์สำหรับเด็ก,สินค้าและอุปกรณ์สำหรับเด็ก,15,ชื่อสินค้าเป็นรหัส SKU อย่างเดียว ไม่สามารถอนุมานประเภทจากชื่อได้
210160,210160,สินค้าและอุปกรณ์สำหรับเด็ก,สินค้าและอุปกรณ์สำหรับเด็ก,15,ชื่อสินค้าเป็นรหัส SKU อย่างเดียว ไม่สามารถอนุมานประเภทจากชื่อได้
210161,210161,สินค้าและอุปกรณ์สำหรับเด็ก,สินค้าและอุปกรณ์สำหรับเด็ก,15,ชื่อสินค้าเป็นรหัส SKU อย่างเดียว ไม่สามารถอนุมานประเภทจากชื่อได้
210162,210162,สินค้าและอุปกรณ์สำหรับเด็ก,สินค้าและอุปกรณ์สำหรับเด็ก,15,ชื่อสินค้าเป็นรหัส SKU อย่างเดียว ไม่สามารถอนุมานประเภทจากชื่อได้
210163,210163,สินค้าและอุปกรณ์สำหรับเด็ก,สินค้าและอุปกรณ์สำหรับเด็ก,15,ชื่อสินค้าเป็นรหัส SKU อย่างเดียว ไม่สามารถอนุมานประเภทจากชื่อได้
210164,210164,สินค้าและอุปกรณ์สำหรับเด็ก,สินค้าและอุปกรณ์สำหรับเด็ก,15,ชื่อสินค้าเป็นรหัส SKU อย่างเดียว ไม่สามารถอนุมานประเภทจากชื่อได้
210165,210165,สินค้าและอุปกรณ์สำหรับเด็ก,สินค้าและอุปกรณ์สำหรับเด็ก,15,ชื่อสินค้าเป็นรหัส SKU อย่างเดียว ไม่สามารถอนุมานประเภทจากชื่อได้
210166,210166,สินค้าและอุปกรณ์สำหรับเด็ก,สินค้าและอุปกรณ์สำหรับเด็ก,15,ชื่อสินค้าเป็นรหัส SKU อย่างเดียว ไม่สามารถอนุมานประเภทจากชื่อได้
210167,210167,สินค้าและอุปกรณ์สำหรับเด็ก,สินค้าและอุปกรณ์สำหรับเด็ก,15,ชื่อสินค้าเป็นรหัส SKU อย่างเดียว ไม่สามารถอนุมานประเภทจากชื่อได้
210168,210168,สินค้าและอุปกรณ์สำหรับเด็ก,สินค้าและอุปกรณ์สำหรับเด็ก,15,ชื่อสินค้าเป็นรหัส SKU อย่างเดียว ไม่สามารถอนุมานประเภทจากชื่อได้
210169,210169,สินค้าและอุปกรณ์สำหรับเด็ก,สินค้าและอุปกรณ์สำหรับเด็ก,15,ชื่อสินค้าเป็นรหัส SKU อย่างเดียว ไม่สามารถอนุมานประเภทจากชื่อได้
210170,210170,สินค้าและอุปกรณ์สำหรับเด็ก,สินค้าและอุปกรณ์สำหรับเด็ก,15,ชื่อสินค้าเป็นรหัส SKU อย่างเดียว ไม่สามารถอนุมานประเภทจากชื่อได้
210171,210171,สินค้าและอุปกรณ์สำหรับเด็ก,สินค้าและอุปกรณ์สำหรับเด็ก,15,ชื่อสินค้าเป็นรหัส SKU อย่างเดียว ไม่สามารถอนุมานประเภทจากชื่อได้
210172,210172,สินค้าและอุปกรณ์สำหรับเด็ก,สินค้าและอุปกรณ์สำหรับเด็ก,15,ชื่อสินค้าเป็นรหัส SKU อย่างเดียว ไม่สามารถอนุมานประเภทจากชื่อได้
210173,210173,สินค้าและอุปกรณ์สำหรับเด็ก,สินค้าและอุปกรณ์สำหรับเด็ก,15,ชื่อสินค้าเป็นรหัส SKU อย่างเดียว ไม่สามารถอนุมานประเภทจากชื่อได้
210174,210174,สินค้าและอุปกรณ์สำหรับเด็ก,สินค้าและอุปกรณ์สำหรับเด็ก,15,ชื่อสินค้าเป็นรหัส SKU อย่างเดียว ไม่สามารถอนุมานประเภทจากชื่อได้
210175,210175,สินค้าและอุปกรณ์สำหรับเด็ก,สินค้าและอุปกรณ์สำหรับเด็ก,15,ชื่อสินค้าเป็นรหัส SKU อย่างเดียว ไม่สามารถอนุมานประเภทจากชื่อได้
210176,210176,สินค้าและอุปกรณ์สำหรับเด็ก,สินค้าและอุปกรณ์สำหรับเด็ก,15,ชื่อสินค้าเป็นรหัส SKU อย่างเดียว ไม่สามารถอนุมานประเภทจากชื่อได้
210177,210177,สินค้าและอุปกรณ์สำหรับเด็ก,สินค้าและอุปกรณ์สำหรับเด็ก,15,ชื่อสินค้าเป็นรหัส SKU อย่างเดียว ไม่สามารถอนุมานประเภทจากชื่อได้
210178,210178,สินค้าและอุปกรณ์สำหรับเด็ก,สินค้าและอุปกรณ์สำหรับเด็ก,15,ชื่อสินค้าเป็นรหัส SKU อย่างเดียว ไม่สามารถอนุมานประเภทจากชื่อได้
210179,210179,สินค้าและอุปกรณ์สำหรับเด็ก,สินค้าและอุปกรณ์สำหรับเด็ก,15,ชื่อสินค้าเป็นรหัส SKU อย่างเดียว ไม่สามารถอนุมานประเภทจากชื่อได้
210180,210180,สินค้าและอุปกรณ์สำหรับเด็ก,สินค้าและอุปกรณ์สำหรับเด็ก,15,ชื่อสินค้าเป็นรหัส SKU อย่างเดียว ไม่สามารถอนุมานประเภทจากชื่อได้
210182,210182,สินค้าและอุปกรณ์สำหรับเด็ก,สินค้าและอุปกรณ์สำหรับเด็ก,15,ชื่อสินค้าเป็นรหัส SKU อย่างเดียว ไม่สามารถอนุมานประเภทจากชื่อได้
210184,210184,สินค้าและอุปกรณ์สำหรับเด็ก,สินค้าและอุปกรณ์สำหรับเด็ก,15,ชื่อสินค้าเป็นรหัส SKU อย่างเดียว ไม่สามารถอนุมานประเภทจากชื่อได้
210185,210185,สินค้าและอุปกรณ์สำหรับเด็ก,สินค้าและอุปกรณ์สำหรับเด็ก,15,ชื่อสินค้าเป็นรหัส SKU อย่างเดียว ไม่สามารถอนุมานประเภทจากชื่อได้
210186,210186,สินค้าและอุปกรณ์สำหรับเด็ก,สินค้าและอุปกรณ์สำหรับเด็ก,15,ชื่อสินค้าเป็นรหัส SKU อย่างเดียว ไม่สามารถอนุมานประเภทจากชื่อได้
210187,210187,สินค้าและอุปกรณ์สำหรับเด็ก,สินค้าและอุปกรณ์สำหรับเด็ก,15,ชื่อสินค้าเป็นรหัส SKU อย่างเดียว ไม่สามารถอนุมานประเภทจากชื่อได้
210188,210188,สินค้าและอุปกรณ์สำหรับเด็ก,สินค้าและอุปกรณ์สำหรับเด็ก,15,ชื่อสินค้าเป็นรหัส SKU อย่างเดียว ไม่สามารถอนุมานประเภทจากชื่อได้
210189,210189,สินค้าและอุปกรณ์สำหรับเด็ก,สินค้าและอุปกรณ์สำหรับเด็ก,15,ชื่อสินค้าเป็นรหัส SKU อย่างเดียว ไม่สามารถอนุมานประเภทจากชื่อได้
210190,210190,สินค้าและอุปกรณ์สำหรับเด็ก,สินค้าและอุปกรณ์สำหรับเด็ก,15,ชื่อสินค้าเป็นรหัส SKU อย่างเดียว ไม่สามารถอนุมานประเภทจากชื่อได้
210191,210191,สินค้าและอุปกรณ์สำหรับเด็ก,สินค้าและอุปกรณ์สำหรับเด็ก,15,ชื่อสินค้าเป็นรหัส SKU อย่างเดียว ไม่สามารถอนุมานประเภทจากชื่อได้
210192,210192,สินค้าและอุปกรณ์สำหรับเด็ก,สินค้าและอุปกรณ์สำหรับเด็ก,15,ชื่อสินค้าเป็นรหัส SKU อย่างเดียว ไม่สามารถอนุมานประเภทจากชื่อได้
210193,210193,สินค้าและอุปกรณ์สำหรับเด็ก,สินค้าและอุปกรณ์สำหรับเด็ก,15,ชื่อสินค้าเป็นรหัส SKU อย่างเดียว ไม่สามารถอนุมานประเภทจากชื่อได้
210194,210194,สินค้าและอุปกรณ์สำหรับเด็ก,สินค้าและอุปกรณ์สำหรับเด็ก,15,ชื่อสินค้าเป็นรหัส SKU อย่างเดียว ไม่สามารถอนุมานประเภทจากชื่อได้
210195,210195,สินค้าและอุปกรณ์สำหรับเด็ก,สินค้าและอุปกรณ์สำหรับเด็ก,15,ชื่อสินค้าเป็นรหัส SKU อย่างเดียว ไม่สามารถอนุมานประเภทจากชื่อได้
210197,210197,สินค้าและอุปกรณ์สำหรับเด็ก,สินค้าและอุปกรณ์สำหรับเด็ก,15,ชื่อสินค้าเป็นรหัส SKU อย่างเดียว ไม่สามารถอนุมานประเภทจากชื่อได้
210198,210198,สินค้าและอุปกรณ์สำหรับเด็ก,สินค้าและอุปกรณ์สำหรับเด็ก,15,ชื่อสินค้าเป็นรหัส SKU อย่างเดียว ไม่สามารถอนุมานประเภทจากชื่อได้
210201,210201,สินค้าและอุปกรณ์สำหรับเด็ก,สินค้าและอุปกรณ์สำหรับเด็ก,15,ชื่อสินค้าเป็นรหัส SKU อย่างเดียว ไม่สามารถอนุมานประเภทจากชื่อได้
210202,210202,สินค้าและอุปกรณ์สำหรับเด็ก,สินค้าและอุปกรณ์สำหรับเด็ก,15,ชื่อสินค้าเป็นรหัส SKU อย่างเดียว ไม่สามารถอนุมานประเภทจากชื่อได้
210203,210203,สินค้าและอุปกรณ์สำหรับเด็ก,สินค้าและอุปกรณ์สำหรับเด็ก,15,ชื่อสินค้าเป็นรหัส SKU อย่างเดียว ไม่สามารถอนุมานประเภทจากชื่อได้
210204,210204,สินค้าและอุปกรณ์สำหรับเด็ก,สินค้าและอุปกรณ์สำหรับเด็ก,15,ชื่อสินค้าเป็นรหัส SKU อย่างเดียว ไม่สามารถอนุมานประเภทจากชื่อได้
210205,210205,สินค้าและอุปกรณ์สำหรับเด็ก,สินค้าและอุปกรณ์สำหรับเด็ก,15,ชื่อสินค้าเป็นรหัส SKU อย่างเดียว ไม่สามารถอนุมานประเภทจากชื่อได้
210206,210206,สินค้าและอุปกรณ์สำหรับเด็ก,สินค้าและอุปกรณ์สำหรับเด็ก,15,ชื่อสินค้าเป็นรหัส SKU อย่างเดียว ไม่สามารถอนุมานประเภทจากชื่อได้
210207,210207,สินค้าและอุปกรณ์สำหรับเด็ก,สินค้าและอุปกรณ์สำหรับเด็ก,15,ชื่อสินค้าเป็นรหัส SKU อย่างเดียว ไม่สามารถอนุมานประเภทจากชื่อได้
210209,210209,สินค้าและอุปกรณ์สำหรับเด็ก,สินค้าและอุปกรณ์สำหรับเด็ก,15,ชื่อสินค้าเป็นรหัส SKU อย่างเดียว ไม่สามารถอนุมานประเภทจากชื่อได้
210210,210210,สินค้าและอุปกรณ์สำหรับเด็ก,สินค้าและอุปกรณ์สำหรับเด็ก,15,ชื่อสินค้าเป็นรหัส SKU อย่างเดียว ไม่สามารถอนุมานประเภทจากชื่อได้
210211,210211,สินค้าและอุปกรณ์สำหรับเด็ก,สินค้าและอุปกรณ์สำหรับเด็ก,15,ชื่อสินค้าเป็นรหัส SKU อย่างเดียว ไม่สามารถอนุมานประเภทจากชื่อได้
210212,210212,สินค้าและอุปกรณ์สำหรับเด็ก,สินค้าและอุปกรณ์สำหรับเด็ก,15,ชื่อสินค้าเป็นรหัส SKU อย่างเดียว ไม่สามารถอนุมานประเภทจากชื่อได้
210213,210213,สินค้าและอุปกรณ์สำหรับเด็ก,สินค้าและอุปกรณ์สำหรับเด็ก,15,ชื่อสินค้าเป็นรหัส SKU อย่างเดียว ไม่สามารถอนุมานประเภทจากชื่อได้
210214,210214,สินค้าและอุปกรณ์สำหรับเด็ก,สินค้าและอุปกรณ์สำหรับเด็ก,15,ชื่อสินค้าเป็นรหัส SKU อย่างเดียว ไม่สามารถอนุมานประเภทจากชื่อได้
210215,210215,สินค้าและอุปกรณ์สำหรับเด็ก,สินค้าและอุปกรณ์สำหรับเด็ก,15,ชื่อสินค้าเป็นรหัส SKU อย่างเดียว ไม่สามารถอนุมานประเภทจากชื่อได้
210216,210216,สินค้าและอุปกรณ์สำหรับเด็ก,สินค้าและอุปกรณ์สำหรับเด็ก,15,ชื่อสินค้าเป็นรหัส SKU อย่างเดียว ไม่สามารถอนุมานประเภทจากชื่อได้
210217,210217,สินค้าและอุปกรณ์สำหรับเด็ก,สินค้าและอุปกรณ์สำหรับเด็ก,15,ชื่อสินค้าเป็นรหัส SKU อย่างเดียว ไม่สามารถอนุมานประเภทจากชื่อได้
210218,210218,สินค้าและอุปกรณ์สำหรับเด็ก,สินค้าและอุปกรณ์สำหรับเด็ก,15,ชื่อสินค้าเป็นรหัส SKU อย่างเดียว ไม่สามารถอนุมานประเภทจากชื่อได้
210219,210219,สินค้าและอุปกรณ์สำหรับเด็ก,สินค้าและอุปกรณ์สำหรับเด็ก,15,ชื่อสินค้าเป็นรหัส SKU อย่างเดียว ไม่สามารถอนุมานประเภทจากชื่อได้
210221,210221,สินค้าและอุปกรณ์สำหรับเด็ก,สินค้าและอุปกรณ์สำหรับเด็ก,15,ชื่อสินค้าเป็นรหัส SKU อย่างเดียว ไม่สามารถอนุมานประเภทจากชื่อได้
210222,210222,สินค้าและอุปกรณ์สำหรับเด็ก,สินค้าและอุปกรณ์สำหรับเด็ก,15,ชื่อสินค้าเป็นรหัส SKU อย่างเดียว ไม่สามารถอนุมานประเภทจากชื่อได้
210223,210223,สินค้าและอุปกรณ์สำหรับเด็ก,สินค้าและอุปกรณ์สำหรับเด็ก,15,ชื่อสินค้าเป็นรหัส SKU อย่างเดียว ไม่สามารถอนุมานประเภทจากชื่อได้
210225,210225,สินค้าและอุปกรณ์สำหรับเด็ก,สินค้าและอุปกรณ์สำหรับเด็ก,15,ชื่อสินค้าเป็นรหัส SKU อย่างเดียว ไม่สามารถอนุมานประเภทจากชื่อได้
210226,210226,สินค้าและอุปกรณ์สำหรับเด็ก,สินค้าและอุปกรณ์สำหรับเด็ก,15,ชื่อสินค้าเป็นรหัส SKU อย่างเดียว ไม่สามารถอนุมานประเภทจากชื่อได้
210227,210227,สินค้าและอุปกรณ์สำหรับเด็ก,สินค้าและอุปกรณ์สำหรับเด็ก,15,ชื่อสินค้าเป็นรหัส SKU อย่างเดียว ไม่สามารถอนุมานประเภทจากชื่อได้
210228,210228,สินค้าและอุปกรณ์สำหรับเด็ก,สินค้าและอุปกรณ์สำหรับเด็ก,15,ชื่อสินค้าเป็นรหัส SKU อย่างเดียว ไม่สามารถอนุมานประเภทจากชื่อได้
210229,210229,สินค้าและอุปกรณ์สำหรับเด็ก,สินค้าและอุปกรณ์สำหรับเด็ก,15,ชื่อสินค้าเป็นรหัส SKU อย่างเดียว ไม่สามารถอนุมานประเภทจากชื่อได้
210230,210230,สินค้าและอุปกรณ์สำหรับเด็ก,สินค้าและอุปกรณ์สำหรับเด็ก,15,ชื่อสินค้าเป็นรหัส SKU อย่างเดียว ไม่สามารถอนุมานประเภทจากชื่อได้
210231,210231,สินค้าและอุปกรณ์สำหรับเด็ก,สินค้าและอุปกรณ์สำหรับเด็ก,15,ชื่อสินค้าเป็นรหัส SKU อย่างเดียว ไม่สามารถอนุมานประเภทจากชื่อได้
210232,210232,สินค้าและอุปกรณ์สำหรับเด็ก,สินค้าและอุปกรณ์สำหรับเด็ก,15,ชื่อสินค้าเป็นรหัส SKU อย่างเดียว ไม่สามารถอนุมานประเภทจากชื่อได้
210233,210233,สินค้าและอุปกรณ์สำหรับเด็ก,สินค้าและอุปกรณ์สำหรับเด็ก,15,ชื่อสินค้าเป็นรหัส SKU อย่างเดียว ไม่สามารถอนุมานประเภทจากชื่อได้
210234,210234,สินค้าและอุปกรณ์สำหรับเด็ก,สินค้าและอุปกรณ์สำหรับเด็ก,15,ชื่อสินค้าเป็นรหัส SKU อย่างเดียว ไม่สามารถอนุมานประเภทจากชื่อได้
210237,210237,สินค้าและอุปกรณ์สำหรับเด็ก,สินค้าและอุปกรณ์สำหรับเด็ก,15,ชื่อสินค้าเป็นรหัส SKU อย่างเดียว ไม่สามารถอนุมานประเภทจากชื่อได้
210238,210238,สินค้าและอุปกรณ์สำหรับเด็ก,สินค้าและอุปกรณ์สำหรับเด็ก,15,ชื่อสินค้าเป็นรหัส SKU อย่างเดียว ไม่สามารถอนุมานประเภทจากชื่อได้
210239,210239,สินค้าและอุปกรณ์สำหรับเด็ก,สินค้าและอุปกรณ์สำหรับเด็ก,15,ชื่อสินค้าเป็นรหัส SKU อย่างเดียว ไม่สามารถอนุมานประเภทจากชื่อได้
210241,210241,สินค้าและอุปกรณ์สำหรับเด็ก,สินค้าและอุปกรณ์สำหรับเด็ก,15,ชื่อสินค้าเป็นรหัส SKU อย่างเดียว ไม่สามารถอนุมานประเภทจากชื่อได้
210242,210242,สินค้าและอุปกรณ์สำหรับเด็ก,สินค้าและอุปกรณ์สำหรับเด็ก,15,ชื่อสินค้าเป็นรหัส SKU อย่างเดียว ไม่สามารถอนุมานประเภทจากชื่อได้
210243,210243,สินค้าและอุปกรณ์สำหรับเด็ก,สินค้าและอุปกรณ์สำหรับเด็ก,15,ชื่อสินค้าเป็นรหัส SKU อย่างเดียว ไม่สามารถอนุมานประเภทจากชื่อได้
210244,210244,สินค้าและอุปกรณ์สำหรับเด็ก,สินค้าและอุปกรณ์สำหรับเด็ก,15,ชื่อสินค้าเป็นรหัส SKU อย่างเดียว ไม่สามารถอนุมานประเภทจากชื่อได้
210245,210245,สินค้าและอุปกรณ์สำหรับเด็ก,สินค้าและอุปกรณ์สำหรับเด็ก,15,ชื่อสินค้าเป็นรหัส SKU อย่างเดียว ไม่สามารถอนุมานประเภทจากชื่อได้
210246,210246,สินค้าและอุปกรณ์สำหรับเด็ก,สินค้าและอุปกรณ์สำหรับเด็ก,15,ชื่อสินค้าเป็นรหัส SKU อย่างเดียว ไม่สามารถอนุมานประเภทจากชื่อได้
210247,210247,สินค้าและอุปกรณ์สำหรับเด็ก,สินค้าและอุปกรณ์สำหรับเด็ก,15,ชื่อสินค้าเป็นรหัส SKU อย่างเดียว ไม่สามารถอนุมานประเภทจากชื่อได้
210248,210248,สินค้าและอุปกรณ์สำหรับเด็ก,สินค้าและอุปกรณ์สำหรับเด็ก,15,ชื่อสินค้าเป็นรหัส SKU อย่างเดียว ไม่สามารถอนุมานประเภทจากชื่อได้
210249,210249,สินค้าและอุปกรณ์สำหรับเด็ก,สินค้าและอุปกรณ์สำหรับเด็ก,15,ชื่อสินค้าเป็นรหัส SKU อย่างเดียว ไม่สามารถอนุมานประเภทจากชื่อได้
210250,210250,สินค้าและอุปกรณ์สำหรับเด็ก,สินค้าและอุปกรณ์สำหรับเด็ก,15,ชื่อสินค้าเป็นรหัส SKU อย่างเดียว ไม่สามารถอนุมานประเภทจากชื่อได้
210251,210251,สินค้าและอุปกรณ์สำหรับเด็ก,สินค้าและอุปกรณ์สำหรับเด็ก,15,ชื่อสินค้าเป็นรหัส SKU อย่างเดียว ไม่สามารถอนุมานประเภทจากชื่อได้
210252,210252,สินค้าและอุปกรณ์สำหรับเด็ก,สินค้าและอุปกรณ์สำหรับเด็ก,15,ชื่อสินค้าเป็นรหัส SKU อย่างเดียว ไม่สามารถอนุมานประเภทจากชื่อได้
210253,210253,สินค้าและอุปกรณ์สำหรับเด็ก,สินค้าและอุปกรณ์สำหรับเด็ก,15,ชื่อสินค้าเป็นรหัส SKU อย่างเดียว ไม่สามารถอนุมานประเภทจากชื่อได้
210254,210254,สินค้าและอุปกรณ์สำหรับเด็ก,สินค้าและอุปกรณ์สำหรับเด็ก,15,ชื่อสินค้าเป็นรหัส SKU อย่างเดียว ไม่สามารถอนุมานประเภทจากชื่อได้
210255,210255,สินค้าและอุปกรณ์สำหรับเด็ก,สินค้าและอุปกรณ์สำหรับเด็ก,15,ชื่อสินค้าเป็นรหัส SKU อย่างเดียว ไม่สามารถอนุมานประเภทจากชื่อได้
210256,210256,สินค้าและอุปกรณ์สำหรับเด็ก,สินค้าและอุปกรณ์สำหรับเด็ก,15,ชื่อสินค้าเป็นรหัส SKU อย่างเดียว ไม่สามารถอนุมานประเภทจากชื่อได้
210257,210257,สินค้าและอุปกรณ์สำหรับเด็ก,สินค้าและอุปกรณ์สำหรับเด็ก,15,ชื่อสินค้าเป็นรหัส SKU อย่างเดียว ไม่สามารถอนุมานประเภทจากชื่อได้
210258,210258,สินค้าและอุปกรณ์สำหรับเด็ก,สินค้าและอุปกรณ์สำหรับเด็ก,15,ชื่อสินค้าเป็นรหัส SKU อย่างเดียว ไม่สามารถอนุมานประเภทจากชื่อได้
210259,210259,สินค้าและอุปกรณ์สำหรับเด็ก,สินค้าและอุปกรณ์สำหรับเด็ก,15,ชื่อสินค้าเป็นรหัส SKU อย่างเดียว ไม่สามารถอนุมานประเภทจากชื่อได้
210260,210260,สินค้าและอุปกรณ์สำหรับเด็ก,สินค้าและอุปกรณ์สำหรับเด็ก,15,ชื่อสินค้าเป็นรหัส SKU อย่างเดียว ไม่สามารถอนุมานประเภทจากชื่อได้
210261,210261,สินค้าและอุปกรณ์สำหรับเด็ก,สินค้าและอุปกรณ์สำหรับเด็ก,15,ชื่อสินค้าเป็นรหัส SKU อย่างเดียว ไม่สามารถอนุมานประเภทจากชื่อได้
210262,210262,สินค้าและอุปกรณ์สำหรับเด็ก,สินค้าและอุปกรณ์สำหรับเด็ก,15,ชื่อสินค้าเป็นรหัส SKU อย่างเดียว ไม่สามารถอนุมานประเภทจากชื่อได้
210263,210263,สินค้าและอุปกรณ์สำหรับเด็ก,สินค้าและอุปกรณ์สำหรับเด็ก,15,ชื่อสินค้าเป็นรหัส SKU อย่างเดียว ไม่สามารถอนุมานประเภทจากชื่อได้
210264,210264,สินค้าและอุปกรณ์สำหรับเด็ก,สินค้าและอุปกรณ์สำหรับเด็ก,15,ชื่อสินค้าเป็นรหัส SKU อย่างเดียว ไม่สามารถอนุมานประเภทจากชื่อได้
210265,210265,สินค้าและอุปกรณ์สำหรับเด็ก,สินค้าและอุปกรณ์สำหรับเด็ก,15,ชื่อสินค้าเป็นรหัส SKU อย่างเดียว ไม่สามารถอนุมานประเภทจากชื่อได้
210266,210266,สินค้าและอุปกรณ์สำหรับเด็ก,สินค้าและอุปกรณ์สำหรับเด็ก,15,ชื่อสินค้าเป็นรหัส SKU อย่างเดียว ไม่สามารถอนุมานประเภทจากชื่อได้
210267,210267,สินค้าและอุปกรณ์สำหรับเด็ก,สินค้าและอุปกรณ์สำหรับเด็ก,15,ชื่อสินค้าเป็นรหัส SKU อย่างเดียว ไม่สามารถอนุมานประเภทจากชื่อได้
210268,210268,สินค้าและอุปกรณ์สำหรับเด็ก,สินค้าและอุปกรณ์สำหรับเด็ก,15,ชื่อสินค้าเป็นรหัส SKU อย่างเดียว ไม่สามารถอนุมานประเภทจากชื่อได้
210269,210269,สินค้าและอุปกรณ์สำหรับเด็ก,สินค้าและอุปกรณ์สำหรับเด็ก,15,ชื่อสินค้าเป็นรหัส SKU อย่างเดียว ไม่สามารถอนุมานประเภทจากชื่อได้
210270,210270,สินค้าและอุปกรณ์สำหรับเด็ก,สินค้าและอุปกรณ์สำหรับเด็ก,15,ชื่อสินค้าเป็นรหัส SKU อย่างเดียว ไม่สามารถอนุมานประเภทจากชื่อได้
210272,210272,สินค้าและอุปกรณ์สำหรับเด็ก,สินค้าและอุปกรณ์สำหรับเด็ก,15,ชื่อสินค้าเป็นรหัส SKU อย่างเดียว ไม่สามารถอนุมานประเภทจากชื่อได้
210275,210275,สินค้าและอุปกรณ์สำหรับเด็ก,สินค้าและอุปกรณ์สำหรับเด็ก,15,ชื่อสินค้าเป็นรหัส SKU อย่างเดียว ไม่สามารถอนุมานประเภทจากชื่อได้
210280,210280,สินค้าและอุปกรณ์สำหรับเด็ก,สินค้าและอุปกรณ์สำหรับเด็ก,15,ชื่อสินค้าเป็นรหัส SKU อย่างเดียว ไม่สามารถอนุมานประเภทจากชื่อได้
210283,210283,สินค้าและอุปกรณ์สำหรับเด็ก,สินค้าและอุปกรณ์สำหรับเด็ก,15,ชื่อสินค้าเป็นรหัส SKU อย่างเดียว ไม่สามารถอนุมานประเภทจากชื่อได้
210284,210284,สินค้าและอุปกรณ์สำหรับเด็ก,สินค้าและอุปกรณ์สำหรับเด็ก,15,ชื่อสินค้าเป็นรหัส SKU อย่างเดียว ไม่สามารถอนุมานประเภทจากชื่อได้
210286,210286,สินค้าและอุปกรณ์สำหรับเด็ก,สินค้าและอุปกรณ์สำหรับเด็ก,15,ชื่อสินค้าเป็นรหัส SKU อย่างเดียว ไม่สามารถอนุมานประเภทจากชื่อได้
210287,210287,สินค้าและอุปกรณ์สำหรับเด็ก,สินค้าและอุปกรณ์สำหรับเด็ก,15,ชื่อสินค้าเป็นรหัส SKU อย่างเดียว ไม่สามารถอนุมานประเภทจากชื่อได้
210288,210288,สินค้าและอุปกรณ์สำหรับเด็ก,สินค้าและอุปกรณ์สำหรับเด็ก,15,ชื่อสินค้าเป็นรหัส SKU อย่างเดียว ไม่สามารถอนุมานประเภทจากชื่อได้
210289,210289,สินค้าและอุปกรณ์สำหรับเด็ก,สินค้าและอุปกรณ์สำหรับเด็ก,15,ชื่อสินค้าเป็นรหัส SKU อย่างเดียว ไม่สามารถอนุมานประเภทจากชื่อได้
210290,210290,สินค้าและอุปกรณ์สำหรับเด็ก,สินค้าและอุปกรณ์สำหรับเด็ก,15,ชื่อสินค้าเป็นรหัส SKU อย่างเดียว ไม่สามารถอนุมานประเภทจากชื่อได้
110002,110002,สินค้าและอุปกรณ์สำหรับเด็ก,สินค้าและอุปกรณ์สำหรับเด็ก,15,ชื่อสินค้าเป็นรหัส SKU อย่างเดียว ไม่สามารถอนุมานประเภทจากชื่อได้
110003,110003,สินค้าและอุปกรณ์สำหรับเด็ก,สินค้าและอุปกรณ์สำหรับเด็ก,15,ชื่อสินค้าเป็นรหัส SKU อย่างเดียว ไม่สามารถอนุมานประเภทจากชื่อได้
110005,110005,สินค้าและอุปกรณ์สำหรับเด็ก,สินค้าและอุปกรณ์สำหรับเด็ก,15,ชื่อสินค้าเป็นรหัส SKU อย่างเดียว ไม่สามารถอนุมานประเภทจากชื่อได้
110006,110006,สินค้าและอุปกรณ์สำหรับเด็ก,สินค้าและอุปกรณ์สำหรับเด็ก,15,ชื่อสินค้าเป็นรหัส SKU อย่างเดียว ไม่สามารถอนุมานประเภทจากชื่อได้
110007,110007,สินค้าและอุปกรณ์สำหรับเด็ก,สินค้าและอุปกรณ์สำหรับเด็ก,15,ชื่อสินค้าเป็นรหัส SKU อย่างเดียว ไม่สามารถอนุมานประเภทจากชื่อได้
110009,110009,สินค้าและอุปกรณ์สำหรับเด็ก,สินค้าและอุปกรณ์สำหรับเด็ก,15,ชื่อสินค้าเป็นรหัส SKU อย่างเดียว ไม่สามารถอนุมานประเภทจากชื่อได้
110013,110013,สินค้าและอุปกรณ์สำหรับเด็ก,สินค้าและอุปกรณ์สำหรับเด็ก,15,ชื่อสินค้าเป็นรหัส SKU อย่างเดียว ไม่สามารถอนุมานประเภทจากชื่อได้
110014,110014,สินค้าและอุปกรณ์สำหรับเด็ก,สินค้าและอุปกรณ์สำหรับเด็ก,15,ชื่อสินค้าเป็นรหัส SKU อย่างเดียว ไม่สามารถอนุมานประเภทจากชื่อได้
110015,110015,สินค้าและอุปกรณ์สำหรับเด็ก,สินค้าและอุปกรณ์สำหรับเด็ก,15,ชื่อสินค้าเป็นรหัส SKU อย่างเดียว ไม่สามารถอนุมานประเภทจากชื่อได้
110017,110017,สินค้าและอุปกรณ์สำหรับเด็ก,สินค้าและอุปกรณ์สำหรับเด็ก,15,ชื่อสินค้าเป็นรหัส SKU อย่างเดียว ไม่สามารถอนุมานประเภทจากชื่อได้
110020,110020,สินค้าและอุปกรณ์สำหรับเด็ก,สินค้าและอุปกรณ์สำหรับเด็ก,15,ชื่อสินค้าเป็นรหัส SKU อย่างเดียว ไม่สามารถอนุมานประเภทจากชื่อได้
110023,110023,สินค้าและอุปกรณ์สำหรับเด็ก,สินค้าและอุปกรณ์สำหรับเด็ก,15,ชื่อสินค้าเป็นรหัส SKU อย่างเดียว ไม่สามารถอนุมานประเภทจากชื่อได้
110024,110024,สินค้าและอุปกรณ์สำหรับเด็ก,สินค้าและอุปกรณ์สำหรับเด็ก,15,ชื่อสินค้าเป็นรหัส SKU อย่างเดียว ไม่สามารถอนุมานประเภทจากชื่อได้
110025,110025,สินค้าและอุปกรณ์สำหรับเด็ก,สินค้าและอุปกรณ์สำหรับเด็ก,15,ชื่อสินค้าเป็นรหัส SKU อย่างเดียว ไม่สามารถอนุมานประเภทจากชื่อได้
110026,110026,สินค้าและอุปกรณ์สำหรับเด็ก,สินค้าและอุปกรณ์สำหรับเด็ก,15,ชื่อสินค้าเป็นรหัส SKU อย่างเดียว ไม่สามารถอนุมานประเภทจากชื่อได้
110027,110027,สินค้าและอุปกรณ์สำหรับเด็ก,สินค้าและอุปกรณ์สำหรับเด็ก,15,ชื่อสินค้าเป็นรหัส SKU อย่างเดียว ไม่สามารถอนุมานประเภทจากชื่อได้
110029,110029,สินค้าและอุปกรณ์สำหรับเด็ก,สินค้าและอุปกรณ์สำหรับเด็ก,15,ชื่อสินค้าเป็นรหัส SKU อย่างเดียว ไม่สามารถอนุมานประเภทจากชื่อได้
110032,110032,สินค้าและอุปกรณ์สำหรับเด็ก,สินค้าและอุปกรณ์สำหรับเด็ก,15,ชื่อสินค้าเป็นรหัส SKU อย่างเดียว ไม่สามารถอนุมานประเภทจากชื่อได้
110033,110033,สินค้าและอุปกรณ์สำหรับเด็ก,สินค้าและอุปกรณ์สำหรับเด็ก,15,ชื่อสินค้าเป็นรหัส SKU อย่างเดียว ไม่สามารถอนุมานประเภทจากชื่อได้
110035,110035,สินค้าและอุปกรณ์สำหรับเด็ก,สินค้าและอุปกรณ์สำหรับเด็ก,15,ชื่อสินค้าเป็นรหัส SKU อย่างเดียว ไม่สามารถอนุมานประเภทจากชื่อได้
110038,110038,สินค้าและอุปกรณ์สำหรับเด็ก,สินค้าและอุปกรณ์สำหรับเด็ก,15,ชื่อสินค้าเป็นรหัส SKU อย่างเดียว ไม่สามารถอนุมานประเภทจากชื่อได้
110039,110039,สินค้าและอุปกรณ์สำหรับเด็ก,สินค้าและอุปกรณ์สำหรับเด็ก,15,ชื่อสินค้าเป็นรหัส SKU อย่างเดียว ไม่สามารถอนุมานประเภทจากชื่อได้
110040,110040,สินค้าและอุปกรณ์สำหรับเด็ก,สินค้าและอุปกรณ์สำหรับเด็ก,15,ชื่อสินค้าเป็นรหัส SKU อย่างเดียว ไม่สามารถอนุมานประเภทจากชื่อได้
110041,110041,สินค้าและอุปกรณ์สำหรับเด็ก,สินค้าและอุปกรณ์สำหรับเด็ก,15,ชื่อสินค้าเป็นรหัส SKU อย่างเดียว ไม่สามารถอนุมานประเภทจากชื่อได้
110042,110042,สินค้าและอุปกรณ์สำหรับเด็ก,สินค้าและอุปกรณ์สำหรับเด็ก,15,ชื่อสินค้าเป็นรหัส SKU อย่างเดียว ไม่สามารถอนุมานประเภทจากชื่อได้
110044,110044,สินค้าและอุปกรณ์สำหรับเด็ก,สินค้าและอุปกรณ์สำหรับเด็ก,15,ชื่อสินค้าเป็นรหัส SKU อย่างเดียว ไม่สามารถอนุมานประเภทจากชื่อได้
110045,110045,สินค้าและอุปกรณ์สำหรับเด็ก,สินค้าและอุปกรณ์สำหรับเด็ก,15,ชื่อสินค้าเป็นรหัส SKU อย่างเดียว ไม่สามารถอนุมานประเภทจากชื่อได้
110047,110047,สินค้าและอุปกรณ์สำหรับเด็ก,สินค้าและอุปกรณ์สำหรับเด็ก,15,ชื่อสินค้าเป็นรหัส SKU อย่างเดียว ไม่สามารถอนุมานประเภทจากชื่อได้
110049,110049,สินค้าและอุปกรณ์สำหรับเด็ก,สินค้าและอุปกรณ์สำหรับเด็ก,15,ชื่อสินค้าเป็นรหัส SKU อย่างเดียว ไม่สามารถอนุมานประเภทจากชื่อได้
110050,110050,สินค้าและอุปกรณ์สำหรับเด็ก,สินค้าและอุปกรณ์สำหรับเด็ก,15,ชื่อสินค้าเป็นรหัส SKU อย่างเดียว ไม่สามารถอนุมานประเภทจากชื่อได้
110051,110051,สินค้าและอุปกรณ์สำหรับเด็ก,สินค้าและอุปกรณ์สำหรับเด็ก,15,ชื่อสินค้าเป็นรหัส SKU อย่างเดียว ไม่สามารถอนุมานประเภทจากชื่อได้
110052,110052,สินค้าและอุปกรณ์สำหรับเด็ก,สินค้าและอุปกรณ์สำหรับเด็ก,15,ชื่อสินค้าเป็นรหัส SKU อย่างเดียว ไม่สามารถอนุมานประเภทจากชื่อได้
110054,110054,สินค้าและอุปกรณ์สำหรับเด็ก,สินค้าและอุปกรณ์สำหรับเด็ก,15,ชื่อสินค้าเป็นรหัส SKU อย่างเดียว ไม่สามารถอนุมานประเภทจากชื่อได้
110056,110056,สินค้าและอุปกรณ์สำหรับเด็ก,สินค้าและอุปกรณ์สำหรับเด็ก,15,ชื่อสินค้าเป็นรหัส SKU อย่างเดียว ไม่สามารถอนุมานประเภทจากชื่อได้
110057,110057,สินค้าและอุปกรณ์สำหรับเด็ก,สินค้าและอุปกรณ์สำหรับเด็ก,15,ชื่อสินค้าเป็นรหัส SKU อย่างเดียว ไม่สามารถอนุมานประเภทจากชื่อได้
110059,110059,สินค้าและอุปกรณ์สำหรับเด็ก,สินค้าและอุปกรณ์สำหรับเด็ก,15,ชื่อสินค้าเป็นรหัส SKU อย่างเดียว ไม่สามารถอนุมานประเภทจากชื่อได้
110061,110061,สินค้าและอุปกรณ์สำหรับเด็ก,สินค้าและอุปกรณ์สำหรับเด็ก,15,ชื่อสินค้าเป็นรหัส SKU อย่างเดียว ไม่สามารถอนุมานประเภทจากชื่อได้
110062,110062,สินค้าและอุปกรณ์สำหรับเด็ก,สินค้าและอุปกรณ์สำหรับเด็ก,15,ชื่อสินค้าเป็นรหัส SKU อย่างเดียว ไม่สามารถอนุมานประเภทจากชื่อได้
110063,110063,สินค้าและอุปกรณ์สำหรับเด็ก,สินค้าและอุปกรณ์สำหรับเด็ก,15,ชื่อสินค้าเป็นรหัส SKU อย่างเดียว ไม่สามารถอนุมานประเภทจากชื่อได้
110064,110064,สินค้าและอุปกรณ์สำหรับเด็ก,สินค้าและอุปกรณ์สำหรับเด็ก,15,ชื่อสินค้าเป็นรหัส SKU อย่างเดียว ไม่สามารถอนุมานประเภทจากชื่อได้
110065,110065,สินค้าและอุปกรณ์สำหรับเด็ก,สินค้าและอุปกรณ์สำหรับเด็ก,15,ชื่อสินค้าเป็นรหัส SKU อย่างเดียว ไม่สามารถอนุมานประเภทจากชื่อได้
110066,110066,สินค้าและอุปกรณ์สำหรับเด็ก,สินค้าและอุปกรณ์สำหรับเด็ก,15,ชื่อสินค้าเป็นรหัส SKU อย่างเดียว ไม่สามารถอนุมานประเภทจากชื่อได้
110067,110067,สินค้าและอุปกรณ์สำหรับเด็ก,สินค้าและอุปกรณ์สำหรับเด็ก,15,ชื่อสินค้าเป็นรหัส SKU อย่างเดียว ไม่สามารถอนุมานประเภทจากชื่อได้
110068,110068,สินค้าและอุปกรณ์สำหรับเด็ก,สินค้าและอุปกรณ์สำหรับเด็ก,15,ชื่อสินค้าเป็นรหัส SKU อย่างเดียว ไม่สามารถอนุมานประเภทจากชื่อได้
110069,110069,สินค้าและอุปกรณ์สำหรับเด็ก,สินค้าและอุปกรณ์สำหรับเด็ก,15,ชื่อสินค้าเป็นรหัส SKU อย่างเดียว ไม่สามารถอนุมานประเภทจากชื่อได้
110070,110070,สินค้าและอุปกรณ์สำหรับเด็ก,สินค้าและอุปกรณ์สำหรับเด็ก,15,ชื่อสินค้าเป็นรหัส SKU อย่างเดียว ไม่สามารถอนุมานประเภทจากชื่อได้
110071,110071,สินค้าและอุปกรณ์สำหรับเด็ก,สินค้าและอุปกรณ์สำหรับเด็ก,15,ชื่อสินค้าเป็นรหัส SKU อย่างเดียว ไม่สามารถอนุมานประเภทจากชื่อได้
110072,110072,สินค้าและอุปกรณ์สำหรับเด็ก,สินค้าและอุปกรณ์สำหรับเด็ก,15,ชื่อสินค้าเป็นรหัส SKU อย่างเดียว ไม่สามารถอนุมานประเภทจากชื่อได้
110074,110074,สินค้าและอุปกรณ์สำหรับเด็ก,สินค้าและอุปกรณ์สำหรับเด็ก,15,ชื่อสินค้าเป็นรหัส SKU อย่างเดียว ไม่สามารถอนุมานประเภทจากชื่อได้
110075,110075,สินค้าและอุปกรณ์สำหรับเด็ก,สินค้าและอุปกรณ์สำหรับเด็ก,15,ชื่อสินค้าเป็นรหัส SKU อย่างเดียว ไม่สามารถอนุมานประเภทจากชื่อได้
110076,110076,สินค้าและอุปกรณ์สำหรับเด็ก,สินค้าและอุปกรณ์สำหรับเด็ก,15,ชื่อสินค้าเป็นรหัส SKU อย่างเดียว ไม่สามารถอนุมานประเภทจากชื่อได้
110077,110077,สินค้าและอุปกรณ์สำหรับเด็ก,สินค้าและอุปกรณ์สำหรับเด็ก,15,ชื่อสินค้าเป็นรหัส SKU อย่างเดียว ไม่สามารถอนุมานประเภทจากชื่อได้
110078,110078,สินค้าและอุปกรณ์สำหรับเด็ก,สินค้าและอุปกรณ์สำหรับเด็ก,15,ชื่อสินค้าเป็นรหัส SKU อย่างเดียว ไม่สามารถอนุมานประเภทจากชื่อได้
110079,110079,สินค้าและอุปกรณ์สำหรับเด็ก,สินค้าและอุปกรณ์สำหรับเด็ก,15,ชื่อสินค้าเป็นรหัส SKU อย่างเดียว ไม่สามารถอนุมานประเภทจากชื่อได้
110082,110082,สินค้าและอุปกรณ์สำหรับเด็ก,สินค้าและอุปกรณ์สำหรับเด็ก,15,ชื่อสินค้าเป็นรหัส SKU อย่างเดียว ไม่สามารถอนุมานประเภทจากชื่อได้
110083,110083,สินค้าและอุปกรณ์สำหรับเด็ก,สินค้าและอุปกรณ์สำหรับเด็ก,15,ชื่อสินค้าเป็นรหัส SKU อย่างเดียว ไม่สามารถอนุมานประเภทจากชื่อได้
110084,110084,สินค้าและอุปกรณ์สำหรับเด็ก,สินค้าและอุปกรณ์สำหรับเด็ก,15,ชื่อสินค้าเป็นรหัส SKU อย่างเดียว ไม่สามารถอนุมานประเภทจากชื่อได้
310002,310002,สินค้าและอุปกรณ์สำหรับเด็ก,สินค้าและอุปกรณ์สำหรับเด็ก,15,ชื่อสินค้าเป็นรหัส SKU อย่างเดียว ไม่สามารถอนุมานประเภทจากชื่อได้
310003,310003,สินค้าและอุปกรณ์สำหรับเด็ก,สินค้าและอุปกรณ์สำหรับเด็ก,15,ชื่อสินค้าเป็นรหัส SKU อย่างเดียว ไม่สามารถอนุมานประเภทจากชื่อได้
310005,310005,สินค้าและอุปกรณ์สำหรับเด็ก,สินค้าและอุปกรณ์สำหรับเด็ก,15,ชื่อสินค้าเป็นรหัส SKU อย่างเดียว ไม่สามารถอนุมานประเภทจากชื่อได้
310006,310006,สินค้าและอุปกรณ์สำหรับเด็ก,สินค้าและอุปกรณ์สำหรับเด็ก,15,ชื่อสินค้าเป็นรหัส SKU อย่างเดียว ไม่สามารถอนุมานประเภทจากชื่อได้
310007,310007,สินค้าและอุปกรณ์สำหรับเด็ก,สินค้าและอุปกรณ์สำหรับเด็ก,15,ชื่อสินค้าเป็นรหัส SKU อย่างเดียว ไม่สามารถอนุมานประเภทจากชื่อได้
310008,310008,สินค้าและอุปกรณ์สำหรับเด็ก,สินค้าและอุปกรณ์สำหรับเด็ก,15,ชื่อสินค้าเป็นรหัส SKU อย่างเดียว ไม่สามารถอนุมานประเภทจากชื่อได้
610030,610030,เสื้อผ้าและเครื่องประดับ,เสื้อผ้าและเครื่องประดับ,15,ชื่อสินค้าเป็นรหัส SKU อย่างเดียว ไม่สามารถอนุมานประเภทจากชื่อได้
710003,710003,สินค้าและอุปกรณ์สำหรับเด็ก,สินค้าและอุปกรณ์สำหรับเด็ก,15,ชื่อสินค้าเป็นรหัส SKU อย่างเดียว ไม่สามารถอนุมานประเภทจากชื่อได้
710006,710006,สินค้าและอุปกรณ์สำหรับเด็ก,สินค้าและอุปกรณ์สำหรับเด็ก,15,ชื่อสินค้าเป็นรหัส SKU อย่างเดียว ไม่สามารถอนุมานประเภทจากชื่อได้
710007,710007,สินค้าและอุปกรณ์สำหรับเด็ก,สินค้าและอุปกรณ์สำหรับเด็ก,15,ชื่อสินค้าเป็นรหัส SKU อย่างเดียว ไม่สามารถอนุมานประเภทจากชื่อได้
810001,810001,สินค้าและอุปกรณ์สำหรับเด็ก,สินค้าและอุปกรณ์สำหรับเด็ก,15,ชื่อสินค้าเป็นรหัส SKU อย่างเดียว ไม่สามารถอนุมานประเภทจากชื่อได้
810002,810002,สินค้าและอุปกรณ์สำหรับเด็ก,สินค้าและอุปกรณ์สำหรับเด็ก,15,ชื่อสินค้าเป็นรหัส SKU อย่างเดียว ไม่สามารถอนุมานประเภทจากชื่อได้
810004,810004,สินค้าและอุปกรณ์สำหรับเด็ก,สินค้าและอุปกรณ์สำหรับเด็ก,15,ชื่อสินค้าเป็นรหัส SKU อย่างเดียว ไม่สามารถอนุมานประเภทจากชื่อได้
810005,810005,สินค้าและอุปกรณ์สำหรับเด็ก,สินค้าและอุปกรณ์สำหรับเด็ก,15,ชื่อสินค้าเป็นรหัส SKU อย่างเดียว ไม่สามารถอนุมานประเภทจากชื่อได้
810006,810006,สินค้าและอุปกรณ์สำหรับเด็ก,สินค้าและอุปกรณ์สำหรับเด็ก,15,ชื่อสินค้าเป็นรหัส SKU อย่างเดียว ไม่สามารถอนุมานประเภทจากชื่อได้
810008,810008,สินค้าและอุปกรณ์สำหรับเด็ก,สินค้าและอุปกรณ์สำหรับเด็ก,15,ชื่อสินค้าเป็นรหัส SKU อย่างเดียว ไม่สามารถอนุมานประเภทจากชื่อได้
810009,810009,สินค้าและอุปกรณ์สำหรับเด็ก,สินค้าและอุปกรณ์สำหรับเด็ก,15,ชื่อสินค้าเป็นรหัส SKU อย่างเดียว ไม่สามารถอนุมานประเภทจากชื่อได้
810010,810010,สินค้าและอุปกรณ์สำหรับเด็ก,สินค้าและอุปกรณ์สำหรับเด็ก,15,ชื่อสินค้าเป็นรหัส SKU อย่างเดียว ไม่สามารถอนุมานประเภทจากชื่อได้
810011,810011,สินค้าและอุปกรณ์สำหรับเด็ก,สินค้าและอุปกรณ์สำหรับเด็ก,15,ชื่อสินค้าเป็นรหัส SKU อย่างเดียว ไม่สามารถอนุมานประเภทจากชื่อได้
810012,810012,สินค้าและอุปกรณ์สำหรับเด็ก,สินค้าและอุปกรณ์สำหรับเด็ก,15,ชื่อสินค้าเป็นรหัส SKU อย่างเดียว ไม่สามารถอนุมานประเภทจากชื่อได้
810013,810013,สินค้าและอุปกรณ์สำหรับเด็ก,สินค้าและอุปกรณ์สำหรับเด็ก,15,ชื่อสินค้าเป็นรหัส SKU อย่างเดียว ไม่สามารถอนุมานประเภทจากชื่อได้
810014,810014,สินค้าและอุปกรณ์สำหรับเด็ก,สินค้าและอุปกรณ์สำหรับเด็ก,15,ชื่อสินค้าเป็นรหัส SKU อย่างเดียว ไม่สามารถอนุมานประเภทจากชื่อได้
810015,810015,สินค้าและอุปกรณ์สำหรับเด็ก,สินค้าและอุปกรณ์สำหรับเด็ก,15,ชื่อสินค้าเป็นรหัส SKU อย่างเดียว ไม่สามารถอนุมานประเภทจากชื่อได้
810016,810016,สินค้าและอุปกรณ์สำหรับเด็ก,สินค้าและอุปกรณ์สำหรับเด็ก,15,ชื่อสินค้าเป็นรหัส SKU อย่างเดียว ไม่สามารถอนุมานประเภทจากชื่อได้
810017,810017,สินค้าและอุปกรณ์สำหรับเด็ก,สินค้าและอุปกรณ์สำหรับเด็ก,15,ชื่อสินค้าเป็นรหัส SKU อย่างเดียว ไม่สามารถอนุมานประเภทจากชื่อได้
810018,810018,สินค้าและอุปกรณ์สำหรับเด็ก,สินค้าและอุปกรณ์สำหรับเด็ก,15,ชื่อสินค้าเป็นรหัส SKU อย่างเดียว ไม่สามารถอนุมานประเภทจากชื่อได้
810019,810019,สินค้าและอุปกรณ์สำหรับเด็ก,สินค้าและอุปกรณ์สำหรับเด็ก,15,ชื่อสินค้าเป็นรหัส SKU อย่างเดียว ไม่สามารถอนุมานประเภทจากชื่อได้
810020,810020,สินค้าและอุปกรณ์สำหรับเด็ก,สินค้าและอุปกรณ์สำหรับเด็ก,15,ชื่อสินค้าเป็นรหัส SKU อย่างเดียว ไม่สามารถอนุมานประเภทจากชื่อได้
810021,810021,สินค้าและอุปกรณ์สำหรับเด็ก,สินค้าและอุปกรณ์สำหรับเด็ก,15,ชื่อสินค้าเป็นรหัส SKU อย่างเดียว ไม่สามารถอนุมานประเภทจากชื่อได้
810022,810022,สินค้าและอุปกรณ์สำหรับเด็ก,สินค้าและอุปกรณ์สำหรับเด็ก,15,ชื่อสินค้าเป็นรหัส SKU อย่างเดียว ไม่สามารถอนุมานประเภทจากชื่อได้
810023,810023,สินค้าและอุปกรณ์สำหรับเด็ก,สินค้าและอุปกรณ์สำหรับเด็ก,15,ชื่อสินค้าเป็นรหัส SKU อย่างเดียว ไม่สามารถอนุมานประเภทจากชื่อได้
910001,910001,สินค้าและอุปกรณ์สำหรับเด็ก,สินค้าและอุปกรณ์สำหรับเด็ก,15,ชื่อสินค้าเป็นรหัส SKU อย่างเดียว ไม่สามารถอนุมานประเภทจากชื่อได้
910002,910002,สินค้าและอุปกรณ์สำหรับเด็ก,สินค้าและอุปกรณ์สำหรับเด็ก,15,ชื่อสินค้าเป็นรหัส SKU อย่างเดียว ไม่สามารถอนุมานประเภทจากชื่อได้
910003,910003,สินค้าและอุปกรณ์สำหรับเด็ก,สินค้าและอุปกรณ์สำหรับเด็ก,15,ชื่อสินค้าเป็นรหัส SKU อย่างเดียว ไม่สามารถอนุมานประเภทจากชื่อได้
910004,910004,สินค้าและอุปกรณ์สำหรับเด็ก,สินค้าและอุปกรณ์สำหรับเด็ก,15,ชื่อสินค้าเป็นรหัส SKU อย่างเดียว ไม่สามารถอนุมานประเภทจากชื่อได้
910006,910006,สินค้าและอุปกรณ์สำหรับเด็ก,สินค้าและอุปกรณ์สำหรับเด็ก,15,ชื่อสินค้าเป็นรหัส SKU อย่างเดียว ไม่สามารถอนุมานประเภทจากชื่อได้
910007,910007,สินค้าและอุปกรณ์สำหรับเด็ก,สินค้าและอุปกรณ์สำหรับเด็ก,15,ชื่อสินค้าเป็นรหัส SKU อย่างเดียว ไม่สามารถอนุมานประเภทจากชื่อได้
910008,910008,สินค้าและอุปกรณ์สำหรับเด็ก,สินค้าและอุปกรณ์สำหรับเด็ก,15,ชื่อสินค้าเป็นรหัส SKU อย่างเดียว ไม่สามารถอนุมานประเภทจากชื่อได้
910010,910010,สินค้าและอุปกรณ์สำหรับเด็ก,สินค้าและอุปกรณ์สำหรับเด็ก,15,ชื่อสินค้าเป็นรหัส SKU อย่างเดียว ไม่สามารถอนุมานประเภทจากชื่อได้
910011,910011,สินค้าและอุปกรณ์สำหรับเด็ก,สินค้าและอุปกรณ์สำหรับเด็ก,15,ชื่อสินค้าเป็นรหัส SKU อย่างเดียว ไม่สามารถอนุมานประเภทจากชื่อได้
910012,910012,สินค้าและอุปกรณ์สำหรับเด็ก,สินค้าและอุปกรณ์สำหรับเด็ก,15,ชื่อสินค้าเป็นรหัส SKU อย่างเดียว ไม่สามารถอนุมานประเภทจากชื่อได้
910014,910014,สินค้าและอุปกรณ์สำหรับเด็ก,สินค้าและอุปกรณ์สำหรับเด็ก,15,ชื่อสินค้าเป็นรหัส SKU อย่างเดียว ไม่สามารถอนุมานประเภทจากชื่อได้
910013,910013,สินค้าและอุปกรณ์สำหรับเด็ก,สินค้าและอุปกรณ์สำหรับเด็ก,15,ชื่อสินค้าเป็นรหัส SKU อย่างเดียว ไม่สามารถอนุมานประเภทจากชื่อได้
910016,910016,สินค้าและอุปกรณ์สำหรับเด็ก,สินค้าและอุปกรณ์สำหรับเด็ก,15,ชื่อสินค้าเป็นรหัส SKU อย่างเดียว ไม่สามารถอนุมานประเภทจากชื่อได้
910019,910019,สินค้าและอุปกรณ์สำหรับเด็ก,สินค้าและอุปกรณ์สำหรับเด็ก,15,ชื่อสินค้าเป็นรหัส SKU อย่างเดียว ไม่สามารถอนุมานประเภทจากชื่อได้
910021,910021,สินค้าและอุปกรณ์สำหรับเด็ก,สินค้าและอุปกรณ์สำหรับเด็ก,15,ชื่อสินค้าเป็นรหัส SKU อย่างเดียว ไม่สามารถอนุมานประเภทจากชื่อได้
910020,910020,สินค้าและอุปกรณ์สำหรับเด็ก,สินค้าและอุปกรณ์สำหรับเด็ก,15,ชื่อสินค้าเป็นรหัส SKU อย่างเดียว ไม่สามารถอนุมานประเภทจากชื่อได้
910024,910024,สินค้าและอุปกรณ์สำหรับเด็ก,สินค้าและอุปกรณ์สำหรับเด็ก,15,ชื่อสินค้าเป็นรหัส SKU อย่างเดียว ไม่สามารถอนุมานประเภทจากชื่อได้
910025,910025,สินค้าและอุปกรณ์สำหรับเด็ก,สินค้าและอุปกรณ์สำหรับเด็ก,15,ชื่อสินค้าเป็นรหัส SKU อย่างเดียว ไม่สามารถอนุมานประเภทจากชื่อได้
910026,910026,สินค้าและอุปกรณ์สำหรับเด็ก,สินค้าและอุปกรณ์สำหรับเด็ก,15,ชื่อสินค้าเป็นรหัส SKU อย่างเดียว ไม่สามารถอนุมานประเภทจากชื่อได้
910028,910028,สินค้าและอุปกรณ์สำหรับเด็ก,สินค้าและอุปกรณ์สำหรับเด็ก,15,ชื่อสินค้าเป็นรหัส SKU อย่างเดียว ไม่สามารถอนุมานประเภทจากชื่อได้
910029,910029,สินค้าและอุปกรณ์สำหรับเด็ก,สินค้าและอุปกรณ์สำหรับเด็ก,15,ชื่อสินค้าเป็นรหัส SKU อย่างเดียว ไม่สามารถอนุมานประเภทจากชื่อได้
910030,910030,หนังสือและดนตรี,หนังสือและดนตรี,15,ชื่อสินค้าเป็นรหัส SKU อย่างเดียว ไม่สามารถอนุมานประเภทจากชื่อได้
910040,910040,สินค้าและอุปกรณ์สำหรับเด็ก,สินค้าและอุปกรณ์สำหรับเด็ก,15,ชื่อสินค้าเป็นรหัส SKU อย่างเดียว ไม่สามารถอนุมานประเภทจากชื่อได้
1010001,1010001,สินค้าและอุปกรณ์สำหรับเด็ก,สินค้าและอุปกรณ์สำหรับเด็ก,15,ชื่อสินค้าเป็นรหัส SKU อย่างเดียว ไม่สามารถอนุมานประเภทจากชื่อได้
1010002,1010002,สินค้าและอุปกรณ์สำหรับเด็ก,สินค้าและอุปกรณ์สำหรับเด็ก,15,ชื่อสินค้าเป็นรหัส SKU อย่างเดียว ไม่สามารถอนุมานประเภทจากชื่อได้
1010003,1010003,สินค้าและอุปกรณ์สำหรับเด็ก,สินค้าและอุปกรณ์สำหรับเด็ก,15,ชื่อสินค้าเป็นรหัส SKU อย่างเดียว ไม่สามารถอนุมานประเภทจากชื่อได้
1010007,1010007,สินค้าและอุปกรณ์สำหรับเด็ก,สินค้าและอุปกรณ์สำหรับเด็ก,15,ชื่อสินค้าเป็นรหัส SKU อย่างเดียว ไม่สามารถอนุมานประเภทจากชื่อได้
1010009,1010009,สินค้าและอุปกรณ์สำหรับเด็ก,สินค้าและอุปกรณ์สำหรับเด็ก,15,ชื่อสินค้าเป็นรหัส SKU อย่างเดียว ไม่สามารถอนุมานประเภทจากชื่อได้
1010011,1010011,สินค้าและอุปกรณ์สำหรับเด็ก,สินค้าและอุปกรณ์สำหรับเด็ก,15,ชื่อสินค้าเป็นรหัส SKU อย่างเดียว ไม่สามารถอนุมานประเภทจากชื่อได้
1010013,1010013,สินค้าและอุปกรณ์สำหรับเด็ก,สินค้าและอุปกรณ์สำหรับเด็ก,15,ชื่อสินค้าเป็นรหัส SKU อย่างเดียว ไม่สามารถอนุมานประเภทจากชื่อได้
1010014,1010014,สินค้าและอุปกรณ์สำหรับเด็ก,สินค้าและอุปกรณ์สำหรับเด็ก,15,ชื่อสินค้าเป็นรหัส SKU อย่างเดียว ไม่สามารถอนุมานประเภทจากชื่อได้
1010016,1010016,สินค้าและอุปกรณ์สำหรับเด็ก,สินค้าและอุปกรณ์สำหรับเด็ก,15,ชื่อสินค้าเป็นรหัส SKU อย่างเดียว ไม่สามารถอนุมานประเภทจากชื่อได้
1010018,1010018,สินค้าและอุปกรณ์สำหรับเด็ก,สินค้าและอุปกรณ์สำหรับเด็ก,15,ชื่อสินค้าเป็นรหัส SKU อย่างเดียว ไม่สามารถอนุมานประเภทจากชื่อได้
1010021,1010021,สินค้าและอุปกรณ์สำหรับเด็ก,สินค้าและอุปกรณ์สำหรับเด็ก,15,ชื่อสินค้าเป็นรหัส SKU อย่างเดียว ไม่สามารถอนุมานประเภทจากชื่อได้
1010023,1010023,สินค้าและอุปกรณ์สำหรับเด็ก,สินค้าและอุปกรณ์สำหรับเด็ก,15,ชื่อสินค้าเป็นรหัส SKU อย่างเดียว ไม่สามารถอนุมานประเภทจากชื่อได้
1010024,1010024,สินค้าและอุปกรณ์สำหรับเด็ก,สินค้าและอุปกรณ์สำหรับเด็ก,15,ชื่อสินค้าเป็นรหัส SKU อย่างเดียว ไม่สามารถอนุมานประเภทจากชื่อได้
1010025,1010025,สินค้าและอุปกรณ์สำหรับเด็ก,สินค้าและอุปกรณ์สำหรับเด็ก,15,ชื่อสินค้าเป็นรหัส SKU อย่างเดียว ไม่สามารถอนุมานประเภทจากชื่อได้
900112,Music For mothers and babies ดนตรีฟังสบายๆสำหรับคุณแม่และลูกน้อย,หนังสือและดนตรี,หนังสือและดนตรี > ดนตรี,85,ชื่อสินค้าคือสื่อดนตรี
900116,Kids Flying safe with kids made easy สายขาดรัดเพื่อความปลอดภัยของเด็กๆบนเครื่องบิน,สินค้าและอุปกรณ์สำหรับเด็ก,สินค้าและอุปกรณ์สำหรับเด็ก,25,ชื่อสินค้าไม่ระบุชนิดชัดเจน จึงยังไม่ย้ายออกจากหมวดปัจจุบัน
900110,DVD Bob the Builder ภาพยนต์การ์ตูนสอดแทรกความรู้ Bob ตอน สมบัติของสแครชและเรื่องราวต่างๆ,หนังสือและดนตรี,หนังสือและดนตรี > วิดีโอสำหรับเด็ก,92,ชื่อสินค้าคือสื่อวิดีโอ ไม่ใช่หนังสือพิมพ์
900104,The happiest baby on the block เคล็ดลับจากผู้เชี่ยวชาญ เพื่อเพิ่มความสุขให้ลูกน้อย,หนังสือและดนตรี,หนังสือและดนตรี > หนังสือเด็ก,93,ชื่อสินค้าคือหนังสือหรือคู่มือเลี้ยงลูก
900107,VCD Animation increase english skills วีซีดีเรียนคำศัพท์ภาษาอังกฤษ,หนังสือและดนตรี,หนังสือและดนตรี > วิดีโอสำหรับเด็ก,92,ชื่อสินค้าคือสื่อวิดีโอ ไม่ใช่หนังสือพิมพ์
900118,DVD learning materials (Burney) สื่อการเรียนรู้คุณภาพพัฒนา IQ และ EQ แพค5,หนังสือและดนตรี,หนังสือและดนตรี > วิดีโอสำหรับเด็ก,92,ชื่อสินค้าคือสื่อวิดีโอ ไม่ใช่หนังสือพิมพ์
900108,DVD Halloween Spooktacular การ์ตูนเพิ่มทักษะการเรียนรู้ภาษาอังกฤษสำหรับเด็ก,หนังสือและดนตรี,หนังสือและดนตรี > วิดีโอสำหรับเด็ก,92,ชื่อสินค้าคือสื่อวิดีโอ ไม่ใช่หนังสือพิมพ์
900109,DVD Mid Road Gang มะหมา4ขาครับ,หนังสือและดนตรี,หนังสือและดนตรี > วิดีโอสำหรับเด็ก,92,ชื่อสินค้าคือสื่อวิดีโอ ไม่ใช่หนังสือพิมพ์
900111,VCD English Fun With Hello Kango รวมเพลงภาษาอังกฤษสำหรับเด็กเล็ก,หนังสือและดนตรี,หนังสือและดนตรี > วิดีโอสำหรับเด็ก,92,ชื่อสินค้าคือสื่อวิดีโอ ไม่ใช่หนังสือพิมพ์
900115,BABY(TODDLER) เลกกิ้ง HEATTECH,สินค้าและอุปกรณ์สำหรับเด็ก,เสื้อผ้าและเครื่องประดับ > กางเกงเด็ก,92,ชื่อสินค้าคือเลกกิ้ง จัดเป็นกางเกงเด็ก
900120,Crib bedding ผ้ารองนอนกันเปื้อนสำหรับเด็ก,สินค้าและอุปกรณ์สำหรับเด็ก,สินค้าและอุปกรณ์สำหรับเด็ก,25,ชื่อสินค้าไม่ระบุชนิดชัดเจน จึงยังไม่ย้ายออกจากหมวดปัจจุบัน
1100017,Disney Princess Water Bottle กระบอกน้ำเจ้าหญิงดิสนีย์แบบพกพาสำหรับเด็ก,สินค้าและอุปกรณ์สำหรับเด็ก,เครื่องมือการเลี้ยงดูเด็ก > อุปกรณ์ให้นมและอาหาร,92,ชื่อสินค้าคืออุปกรณ์ให้นม/หัดดื่ม/ยางกัด/ผ้ากันเปื้อน
1100020,1100020,สินค้าและอุปกรณ์สำหรับเด็ก,สินค้าและอุปกรณ์สำหรับเด็ก,15,ชื่อสินค้าเป็นรหัส SKU อย่างเดียว ไม่สามารถอนุมานประเภทจากชื่อได้
1100018,Box for candy Anpanman กล่อง(Anpanman)อเนกประสงค์สหรับใส่ขนม,สินค้าและอุปกรณ์สำหรับเด็ก,สินค้าและอุปกรณ์สำหรับเด็ก,25,ชื่อสินค้าไม่ระบุชนิดชัดเจน จึงยังไม่ย้ายออกจากหมวดปัจจุบัน
1100019,Freestyle Spare parts kit ชิ้นส่วนอะไหล่สำหรับเครื่องปั๊มนมคุณแม่,สินค้าและอุปกรณ์สำหรับเด็ก,สินค้าและอุปกรณ์สำหรับเด็ก,25,ชื่อสินค้าไม่ระบุชนิดชัดเจน จึงยังไม่ย้ายออกจากหมวดปัจจุบัน
1100007,Mifold Portable car seat คาร์ซีทพับได้ พกพาสะดวก,สินค้าและอุปกรณ์สำหรับเด็ก,เครื่องมือการเลี้ยงดูเด็ก > รถเข็น คาร์ซีท และเป้อุ้ม,90,ชื่อสินค้าคือรถเข็น/คาร์ซีท/เป้อุ้ม
1100006,Bugaboo Bee breezy sun canopy ที่กันแดดสำหรับรถเข็นเด็ก,สินค้าและอุปกรณ์สำหรับเด็ก,เครื่องมือการเลี้ยงดูเด็ก > รถเข็น คาร์ซีท และเป้อุ้ม,90,ชื่อสินค้าคือรถเข็น/คาร์ซีท/เป้อุ้ม
300057,Kenzo Kids Shirt เสื้อยืดเคนโซ่,สินค้าและอุปกรณ์สำหรับเด็ก,เสื้อผ้าและเครื่องประดับ > เสื้อเด็ก,92,ชื่อสินค้าคือเสื้อยืด
300056,Baby Body suit ชุดบอดี้สูทแขนกุด,สินค้าและอุปกรณ์สำหรับเด็ก,เสื้อผ้าและเครื่องประดับ > เสื้อผ้าเด็กอ่อน,93,ชื่อสินค้าคือบอดี้สูท/รอมเปอร์ สำหรับเด็กอ่อน
900114,Star Kids Snack & Play โต๊ะเขียนหนังสือยึดติดกับคาร์ซีทสำหรับเด็ก,สินค้าและอุปกรณ์สำหรับเด็ก,ของเล่นและเครื่องนอนการตกแต่ง > เฟอร์นิเจอร์ห้องเด็ก,90,ชื่อสินค้าคือเฟอร์นิเจอร์ ไม่ใช่หนังสือ
310010,Kids Academy ชุดเซ็ตเสื้อเชิ้ตแขนสั้นลายตารางและกางเกงขาสั้นสีกรม,สินค้าและอุปกรณ์สำหรับเด็ก,เสื้อผ้าและเครื่องประดับ > ชุดเซ็ต,86,ชื่อสินค้าเป็นชุดหลายชิ้น/เซ็ตเสื้อผ้า
300078,long-sleeved shirt SANRIO Kerokerokerop เสื้อแขนยาวเด็กผู้ชายลายเคโรโร๊ะ,สินค้าและอุปกรณ์สำหรับเด็ก,เสื้อผ้าและเครื่องประดับ > เสื้อเด็ก,90,ชื่อสินค้าคือเสื้อ
300079,leggings กางเกงเลคกิ้ง Uniqlo สำหรับเด็กผู้ชาย,สินค้าและอุปกรณ์สำหรับเด็ก,เสื้อผ้าและเครื่องประดับ > กางเกงเด็ก,92,ชื่อสินค้าคือเลกกิ้ง จัดเป็นกางเกงเด็ก
300080,Long Pants SANRIO กางเกงยาวขาจั๊ม เด็กผู้ชาย,สินค้าและอุปกรณ์สำหรับเด็ก,เสื้อผ้าและเครื่องประดับ > กางเกงเด็ก,92,ชื่อสินค้าคือกางเกง
300082,BABY (NEWBORN) Uniqlo ชุดบอดี้สูทแขนสั้น ลายทางเขียวฟ้า,สินค้าและอุปกรณ์สำหรับเด็ก,เสื้อผ้าและเครื่องประดับ > เสื้อผ้าเด็กอ่อน,93,ชื่อสินค้าคือบอดี้สูท/รอมเปอร์ สำหรับเด็กอ่อน
300083,BABY (NEWBORN) Uniqlo ชุดบอดี้สูทแขนสั้น ลายคลื่นสีฟ้า,สินค้าและอุปกรณ์สำหรับเด็ก,เสื้อผ้าและเครื่องประดับ > เสื้อผ้าเด็กอ่อน,93,ชื่อสินค้าคือบอดี้สูท/รอมเปอร์ สำหรับเด็กอ่อน
100217,เสื้อยืดสีม่วงพลาสเทลลายปักแก้วน้ำเก๋ๆ pastel purple t-shirt,สินค้าและอุปกรณ์สำหรับเด็ก,เครื่องมือการเลี้ยงดูเด็ก > อุปกรณ์ให้นมและอาหาร,92,ชื่อสินค้าคืออุปกรณ์ให้นม/หัดดื่ม/ยางกัด/ผ้ากันเปื้อน
100211,Round Neck White T-shirtเสื้อยืดลายรถกู้ภัย,สินค้าและอุปกรณ์สำหรับเด็ก,เสื้อผ้าและเครื่องประดับ > เสื้อเด็ก,92,ชื่อสินค้าคือเสื้อยืด
100212,Summer stretcherเสื้อยืดแขนสั้นเด็กผู้ชายสำหรับฤดูร้อน,สินค้าและอุปกรณ์สำหรับเด็ก,เสื้อผ้าและเครื่องประดับ > เสื้อเด็ก,92,ชื่อสินค้าคือเสื้อยืด
100222,Cotton round neck short sleeve striped t-shirtเสื้อยืดลายทางม่วงขาว,สินค้าและอุปกรณ์สำหรับเด็ก,เสื้อผ้าและเครื่องประดับ > เสื้อเด็ก,92,ชื่อสินค้าคือเสื้อยืด
100218,Cotton round neck short sleeve striped t-shirtเสื้อยืดคอกลมลายขวาง,สินค้าและอุปกรณ์สำหรับเด็ก,เสื้อผ้าและเครื่องประดับ > เสื้อเด็ก,92,ชื่อสินค้าคือเสื้อยืด
100219,Round Neck Kids T-shirt striped short sleeveเสื้อยืดเด็กคอกลม แขนสั้นลายทาง,สินค้าและอุปกรณ์สำหรับเด็ก,เสื้อผ้าและเครื่องประดับ > เสื้อเด็ก,92,ชื่อสินค้าคือเสื้อยืด
100221,Zara Button-down Collar T-shirt เสื้อยืด Zara คอติดกระดุมแขนสั้น,สินค้าและอุปกรณ์สำหรับเด็ก,เสื้อผ้าและเครื่องประดับ > เสื้อเด็ก,92,ชื่อสินค้าคือเสื้อยืด
100209,Polo shirt cotton on gradient color blue and whiteเสื้อคอปกลายสีฟ้าขาว,สินค้าและอุปกรณ์สำหรับเด็ก,เสื้อผ้าและเครื่องประดับ > เสื้อเด็ก,92,ชื่อสินค้าคือเสื้อโปโล
100207,"Polo T-shirt, Bear print เสื้อยืดโปโลลายน้องหมีน่ารักๆ",สินค้าและอุปกรณ์สำหรับเด็ก,เสื้อผ้าและเครื่องประดับ > เสื้อเด็ก,92,ชื่อสินค้าคือเสื้อโปโล
100215,Toddler Boys Cartoon Crab Striped Swimsuitชุดว่ายน้ำเด็กผู้ชายลายการ์ตูนปู,สินค้าและอุปกรณ์สำหรับเด็ก,เสื้อผ้าและเครื่องประดับ > ชุดว่ายน้ำเด็ก,95,ชื่อสินค้าคือชุดว่ายน้ำ
100223,Kids Captain America Swimwear Bodysuitชุดว่ายน้ำเด็ก,สินค้าและอุปกรณ์สำหรับเด็ก,เสื้อผ้าและเครื่องประดับ > ชุดว่ายน้ำเด็ก,95,ชื่อสินค้าคือชุดว่ายน้ำ
100224,Kids Captain America Swimwear Bodysuitชุดว่ายน้ำเด็ก Captain America ชุดบอดี้สูท,สินค้าและอุปกรณ์สำหรับเด็ก,เสื้อผ้าและเครื่องประดับ > ชุดว่ายน้ำเด็ก,95,ชื่อสินค้าคือชุดว่ายน้ำ
110092,110092,,,15,ชื่อสินค้าเป็นรหัส SKU อย่างเดียว ไม่สามารถอนุมานประเภทจากชื่อได้
110090,110090,สินค้าและอุปกรณ์สำหรับเด็ก,สินค้าและอุปกรณ์สำหรับเด็ก,15,ชื่อสินค้าเป็นรหัส SKU อย่างเดียว ไม่สามารถอนุมานประเภทจากชื่อได้
110089,110089,สินค้าและอุปกรณ์สำหรับเด็ก,สินค้าและอุปกรณ์สำหรับเด็ก,15,ชื่อสินค้าเป็นรหัส SKU อย่างเดียว ไม่สามารถอนุมานประเภทจากชื่อได้
110085,110085,สินค้าและอุปกรณ์สำหรับเด็ก,สินค้าและอุปกรณ์สำหรับเด็ก,15,ชื่อสินค้าเป็นรหัส SKU อย่างเดียว ไม่สามารถอนุมานประเภทจากชื่อได้
110086,110086,สินค้าและอุปกรณ์สำหรับเด็ก,สินค้าและอุปกรณ์สำหรับเด็ก,15,ชื่อสินค้าเป็นรหัส SKU อย่างเดียว ไม่สามารถอนุมานประเภทจากชื่อได้
110087,110087,สินค้าและอุปกรณ์สำหรับเด็ก,สินค้าและอุปกรณ์สำหรับเด็ก,15,ชื่อสินค้าเป็นรหัส SKU อย่างเดียว ไม่สามารถอนุมานประเภทจากชื่อได้
110097,110097,สินค้าและอุปกรณ์สำหรับเด็ก,สินค้าและอุปกรณ์สำหรับเด็ก,15,ชื่อสินค้าเป็นรหัส SKU อย่างเดียว ไม่สามารถอนุมานประเภทจากชื่อได้
110104,110104,สินค้าและอุปกรณ์สำหรับเด็ก,สินค้าและอุปกรณ์สำหรับเด็ก,15,ชื่อสินค้าเป็นรหัส SKU อย่างเดียว ไม่สามารถอนุมานประเภทจากชื่อได้
110095,110095,สินค้าและอุปกรณ์สำหรับเด็ก,สินค้าและอุปกรณ์สำหรับเด็ก,15,ชื่อสินค้าเป็นรหัส SKU อย่างเดียว ไม่สามารถอนุมานประเภทจากชื่อได้
110094,110094,สินค้าและอุปกรณ์สำหรับเด็ก,สินค้าและอุปกรณ์สำหรับเด็ก,15,ชื่อสินค้าเป็นรหัส SKU อย่างเดียว ไม่สามารถอนุมานประเภทจากชื่อได้
110100,110100,สินค้าและอุปกรณ์สำหรับเด็ก,สินค้าและอุปกรณ์สำหรับเด็ก,15,ชื่อสินค้าเป็นรหัส SKU อย่างเดียว ไม่สามารถอนุมานประเภทจากชื่อได้
110099,110099,สินค้าและอุปกรณ์สำหรับเด็ก,สินค้าและอุปกรณ์สำหรับเด็ก,15,ชื่อสินค้าเป็นรหัส SKU อย่างเดียว ไม่สามารถอนุมานประเภทจากชื่อได้
110101,110101,สินค้าและอุปกรณ์สำหรับเด็ก,สินค้าและอุปกรณ์สำหรับเด็ก,15,ชื่อสินค้าเป็นรหัส SKU อย่างเดียว ไม่สามารถอนุมานประเภทจากชื่อได้
110098,110098,สินค้าและอุปกรณ์สำหรับเด็ก,สินค้าและอุปกรณ์สำหรับเด็ก,15,ชื่อสินค้าเป็นรหัส SKU อย่างเดียว ไม่สามารถอนุมานประเภทจากชื่อได้
110103,110103,สินค้าและอุปกรณ์สำหรับเด็ก,สินค้าและอุปกรณ์สำหรับเด็ก,15,ชื่อสินค้าเป็นรหัส SKU อย่างเดียว ไม่สามารถอนุมานประเภทจากชื่อได้
110102,110102,สินค้าและอุปกรณ์สำหรับเด็ก,สินค้าและอุปกรณ์สำหรับเด็ก,15,ชื่อสินค้าเป็นรหัส SKU อย่างเดียว ไม่สามารถอนุมานประเภทจากชื่อได้
100226,Mickey Shoes รองเท้าผ้าใบลายมิกกี้,สินค้าและอุปกรณ์สำหรับเด็ก,เสื้อผ้าและเครื่องประดับ > รองเท้า,93,ชื่อสินค้าคือรองเท้า
100231,Kids Casual Shoes รองเท้าลำลองเด็ก,สินค้าและอุปกรณ์สำหรับเด็ก,เสื้อผ้าและเครื่องประดับ > รองเท้า,93,ชื่อสินค้าคือรองเท้า
100230,Mickey Mouse Boys Shoes รองเท้าเด็กผู้ชายลายมิกกี้เมาส์,สินค้าและอุปกรณ์สำหรับเด็ก,เสื้อผ้าและเครื่องประดับ > รองเท้า,93,ชื่อสินค้าคือรองเท้า
110131,110131,สินค้าและอุปกรณ์สำหรับเด็ก,สินค้าและอุปกรณ์สำหรับเด็ก,15,ชื่อสินค้าเป็นรหัส SKU อย่างเดียว ไม่สามารถอนุมานประเภทจากชื่อได้
110128,110128,สินค้าและอุปกรณ์สำหรับเด็ก,สินค้าและอุปกรณ์สำหรับเด็ก,15,ชื่อสินค้าเป็นรหัส SKU อย่างเดียว ไม่สามารถอนุมานประเภทจากชื่อได้
110129,110129,สินค้าและอุปกรณ์สำหรับเด็ก,สินค้าและอุปกรณ์สำหรับเด็ก,15,ชื่อสินค้าเป็นรหัส SKU อย่างเดียว ไม่สามารถอนุมานประเภทจากชื่อได้
110135,110135,สินค้าและอุปกรณ์สำหรับเด็ก,สินค้าและอุปกรณ์สำหรับเด็ก,15,ชื่อสินค้าเป็นรหัส SKU อย่างเดียว ไม่สามารถอนุมานประเภทจากชื่อได้
110134,110134,สินค้าและอุปกรณ์สำหรับเด็ก,สินค้าและอุปกรณ์สำหรับเด็ก,15,ชื่อสินค้าเป็นรหัส SKU อย่างเดียว ไม่สามารถอนุมานประเภทจากชื่อได้
110132,110132,สินค้าและอุปกรณ์สำหรับเด็ก,สินค้าและอุปกรณ์สำหรับเด็ก,15,ชื่อสินค้าเป็นรหัส SKU อย่างเดียว ไม่สามารถอนุมานประเภทจากชื่อได้
110130,110130,สินค้าและอุปกรณ์สำหรับเด็ก,สินค้าและอุปกรณ์สำหรับเด็ก,15,ชื่อสินค้าเป็นรหัส SKU อย่างเดียว ไม่สามารถอนุมานประเภทจากชื่อได้
110140,110140,สินค้าและอุปกรณ์สำหรับเด็ก,สินค้าและอุปกรณ์สำหรับเด็ก,15,ชื่อสินค้าเป็นรหัส SKU อย่างเดียว ไม่สามารถอนุมานประเภทจากชื่อได้
110136,110136,สินค้าและอุปกรณ์สำหรับเด็ก,สินค้าและอุปกรณ์สำหรับเด็ก,15,ชื่อสินค้าเป็นรหัส SKU อย่างเดียว ไม่สามารถอนุมานประเภทจากชื่อได้
110141,110141,สินค้าและอุปกรณ์สำหรับเด็ก,สินค้าและอุปกรณ์สำหรับเด็ก,15,ชื่อสินค้าเป็นรหัส SKU อย่างเดียว ไม่สามารถอนุมานประเภทจากชื่อได้
110143,110143,สินค้าและอุปกรณ์สำหรับเด็ก,สินค้าและอุปกรณ์สำหรับเด็ก,15,ชื่อสินค้าเป็นรหัส SKU อย่างเดียว ไม่สามารถอนุมานประเภทจากชื่อได้
110137,110137,สินค้าและอุปกรณ์สำหรับเด็ก,สินค้าและอุปกรณ์สำหรับเด็ก,15,ชื่อสินค้าเป็นรหัส SKU อย่างเดียว ไม่สามารถอนุมานประเภทจากชื่อได้
110138,110138,สินค้าและอุปกรณ์สำหรับเด็ก,สินค้าและอุปกรณ์สำหรับเด็ก,15,ชื่อสินค้าเป็นรหัส SKU อย่างเดียว ไม่สามารถอนุมานประเภทจากชื่อได้
110142,110142,สินค้าและอุปกรณ์สำหรับเด็ก,สินค้าและอุปกรณ์สำหรับเด็ก,15,ชื่อสินค้าเป็นรหัส SKU อย่างเดียว ไม่สามารถอนุมานประเภทจากชื่อได้
110144,110144,สินค้าและอุปกรณ์สำหรับเด็ก,สินค้าและอุปกรณ์สำหรับเด็ก,15,ชื่อสินค้าเป็นรหัส SKU อย่างเดียว ไม่สามารถอนุมานประเภทจากชื่อได้
110145,110145,สินค้าและอุปกรณ์สำหรับเด็ก,สินค้าและอุปกรณ์สำหรับเด็ก,15,ชื่อสินค้าเป็นรหัส SKU อย่างเดียว ไม่สามารถอนุมานประเภทจากชื่อได้
110105,110105,สินค้าและอุปกรณ์สำหรับเด็ก,สินค้าและอุปกรณ์สำหรับเด็ก,15,ชื่อสินค้าเป็นรหัส SKU อย่างเดียว ไม่สามารถอนุมานประเภทจากชื่อได้
110106,110106,สินค้าและอุปกรณ์สำหรับเด็ก,สินค้าและอุปกรณ์สำหรับเด็ก,15,ชื่อสินค้าเป็นรหัส SKU อย่างเดียว ไม่สามารถอนุมานประเภทจากชื่อได้
110107,110107,สินค้าและอุปกรณ์สำหรับเด็ก,สินค้าและอุปกรณ์สำหรับเด็ก,15,ชื่อสินค้าเป็นรหัส SKU อย่างเดียว ไม่สามารถอนุมานประเภทจากชื่อได้
110108,110108,สินค้าและอุปกรณ์สำหรับเด็ก,สินค้าและอุปกรณ์สำหรับเด็ก,15,ชื่อสินค้าเป็นรหัส SKU อย่างเดียว ไม่สามารถอนุมานประเภทจากชื่อได้
110109,110109,สินค้าและอุปกรณ์สำหรับเด็ก,สินค้าและอุปกรณ์สำหรับเด็ก,15,ชื่อสินค้าเป็นรหัส SKU อย่างเดียว ไม่สามารถอนุมานประเภทจากชื่อได้
110110,110110,สินค้าและอุปกรณ์สำหรับเด็ก,สินค้าและอุปกรณ์สำหรับเด็ก,15,ชื่อสินค้าเป็นรหัส SKU อย่างเดียว ไม่สามารถอนุมานประเภทจากชื่อได้
110111,110111,สินค้าและอุปกรณ์สำหรับเด็ก,สินค้าและอุปกรณ์สำหรับเด็ก,15,ชื่อสินค้าเป็นรหัส SKU อย่างเดียว ไม่สามารถอนุมานประเภทจากชื่อได้
110112,110112,สินค้าและอุปกรณ์สำหรับเด็ก,สินค้าและอุปกรณ์สำหรับเด็ก,15,ชื่อสินค้าเป็นรหัส SKU อย่างเดียว ไม่สามารถอนุมานประเภทจากชื่อได้
110113,110113,สินค้าและอุปกรณ์สำหรับเด็ก,สินค้าและอุปกรณ์สำหรับเด็ก,15,ชื่อสินค้าเป็นรหัส SKU อย่างเดียว ไม่สามารถอนุมานประเภทจากชื่อได้
110114,110114,สินค้าและอุปกรณ์สำหรับเด็ก,สินค้าและอุปกรณ์สำหรับเด็ก,15,ชื่อสินค้าเป็นรหัส SKU อย่างเดียว ไม่สามารถอนุมานประเภทจากชื่อได้
110115,110115,สินค้าและอุปกรณ์สำหรับเด็ก,สินค้าและอุปกรณ์สำหรับเด็ก,15,ชื่อสินค้าเป็นรหัส SKU อย่างเดียว ไม่สามารถอนุมานประเภทจากชื่อได้
110116,110116,สินค้าและอุปกรณ์สำหรับเด็ก,สินค้าและอุปกรณ์สำหรับเด็ก,15,ชื่อสินค้าเป็นรหัส SKU อย่างเดียว ไม่สามารถอนุมานประเภทจากชื่อได้
110117,110117,สินค้าและอุปกรณ์สำหรับเด็ก,สินค้าและอุปกรณ์สำหรับเด็ก,15,ชื่อสินค้าเป็นรหัส SKU อย่างเดียว ไม่สามารถอนุมานประเภทจากชื่อได้
110118,110118,สินค้าและอุปกรณ์สำหรับเด็ก,สินค้าและอุปกรณ์สำหรับเด็ก,15,ชื่อสินค้าเป็นรหัส SKU อย่างเดียว ไม่สามารถอนุมานประเภทจากชื่อได้
110119,110119,สินค้าและอุปกรณ์สำหรับเด็ก,สินค้าและอุปกรณ์สำหรับเด็ก,15,ชื่อสินค้าเป็นรหัส SKU อย่างเดียว ไม่สามารถอนุมานประเภทจากชื่อได้
110120,110120,สินค้าและอุปกรณ์สำหรับเด็ก,สินค้าและอุปกรณ์สำหรับเด็ก,15,ชื่อสินค้าเป็นรหัส SKU อย่างเดียว ไม่สามารถอนุมานประเภทจากชื่อได้
110121,110121,สินค้าและอุปกรณ์สำหรับเด็ก,สินค้าและอุปกรณ์สำหรับเด็ก,15,ชื่อสินค้าเป็นรหัส SKU อย่างเดียว ไม่สามารถอนุมานประเภทจากชื่อได้
110122,110122,สินค้าและอุปกรณ์สำหรับเด็ก,สินค้าและอุปกรณ์สำหรับเด็ก,15,ชื่อสินค้าเป็นรหัส SKU อย่างเดียว ไม่สามารถอนุมานประเภทจากชื่อได้
110123,110123,สินค้าและอุปกรณ์สำหรับเด็ก,สินค้าและอุปกรณ์สำหรับเด็ก,15,ชื่อสินค้าเป็นรหัส SKU อย่างเดียว ไม่สามารถอนุมานประเภทจากชื่อได้
110124,110124,สินค้าและอุปกรณ์สำหรับเด็ก,สินค้าและอุปกรณ์สำหรับเด็ก,15,ชื่อสินค้าเป็นรหัส SKU อย่างเดียว ไม่สามารถอนุมานประเภทจากชื่อได้
110125,110125,สินค้าและอุปกรณ์สำหรับเด็ก,สินค้าและอุปกรณ์สำหรับเด็ก,15,ชื่อสินค้าเป็นรหัส SKU อย่างเดียว ไม่สามารถอนุมานประเภทจากชื่อได้
100239,Crocs Fun Lab Lightning McQueen Lights Clog รองเท้าลำลองเด็กผู้ชาย ลายแม็คควีน,สินค้าและอุปกรณ์สำหรับเด็ก,เสื้อผ้าและเครื่องประดับ > รองเท้า,93,ชื่อสินค้าคือรองเท้า
100241,Adidas Superstar Black รองเท้าลำลองเด็ก,สินค้าและอุปกรณ์สำหรับเด็ก,เสื้อผ้าและเครื่องประดับ > รองเท้า,93,ชื่อสินค้าคือรองเท้า
100240,Crocs Fun Lab Spider-Man Lights Clog รองเท้าลำลองเด็กผู้ชาย,สินค้าและอุปกรณ์สำหรับเด็ก,เสื้อผ้าและเครื่องประดับ > รองเท้า,93,ชื่อสินค้าคือรองเท้า
100235,Adidas Active Play Mickey Shoes รองเท้ามิกกี้แอคทีฟเพลย์,สินค้าและอุปกรณ์สำหรับเด็ก,เสื้อผ้าและเครื่องประดับ > รองเท้า,93,ชื่อสินค้าคือรองเท้า
100234,Adidas Altaventure รองเท้าแตะ,สินค้าและอุปกรณ์สำหรับเด็ก,เสื้อผ้าและเครื่องประดับ > รองเท้า,93,ชื่อสินค้าคือรองเท้า
100238,Crocs Fun Lab Disney And Pixar Cars Band Clog รองเท้าลำลองเด็ก,สินค้าและอุปกรณ์สำหรับเด็ก,เสื้อผ้าและเครื่องประดับ > รองเท้า,93,ชื่อสินค้าคือรองเท้า
100237,Kids Casual Shoes Mickey Mouse Pattern รองเท้าลำลองเด็ก ลายมิกกี้เม้าส์,สินค้าและอุปกรณ์สำหรับเด็ก,เสื้อผ้าและเครื่องประดับ > รองเท้า,93,ชื่อสินค้าคือรองเท้า
100242,Toddler Sandals รองเท้าแตะรัดส้นเด็ก,สินค้าและอุปกรณ์สำหรับเด็ก,เสื้อผ้าและเครื่องประดับ > รองเท้า,93,ชื่อสินค้าคือรองเท้า
100243,Toddler Sandals รองเท้าแตะรัดส้นเด็ก,สินค้าและอุปกรณ์สำหรับเด็ก,เสื้อผ้าและเครื่องประดับ > รองเท้า,93,ชื่อสินค้าคือรองเท้า
100244,Ralph Lauren Polo Shirt เสื้อเชิ้ตคอปกโปโลสีชมพู,สินค้าและอุปกรณ์สำหรับเด็ก,เสื้อผ้าและเครื่องประดับ > เสื้อเด็ก,92,ชื่อสินค้าคือเสื้อโปโล
100248,Ralph Lauren Polo Shirt เสื้อเชิ้ตคอปกโปโลสีฟ้า,สินค้าและอุปกรณ์สำหรับเด็ก,เสื้อผ้าและเครื่องประดับ > เสื้อเด็ก,92,ชื่อสินค้าคือเสื้อโปโล
100249,Ralph Lauren Polo Shirt เสื้อเชิ้ตคอปกโปโลสีน้ำเงิน,สินค้าและอุปกรณ์สำหรับเด็ก,เสื้อผ้าและเครื่องประดับ > เสื้อเด็ก,92,ชื่อสินค้าคือเสื้อโปโล
100250,Ralph Lauren Polo Shirt เสื้อเชิ้ตคอปกโปโลสีกรม,สินค้าและอุปกรณ์สำหรับเด็ก,เสื้อผ้าและเครื่องประดับ > เสื้อเด็ก,92,ชื่อสินค้าคือเสื้อโปโล
100251,Ralph Lauren Polo Shirt เสื้อเชิ้ตคอปกโปโลสีชมพู,สินค้าและอุปกรณ์สำหรับเด็ก,เสื้อผ้าและเครื่องประดับ > เสื้อเด็ก,92,ชื่อสินค้าคือเสื้อโปโล
100252,Ralph Lauren Polo Shirt เสื้อเชิ้ตคอปกโปโลสีเหลือง,สินค้าและอุปกรณ์สำหรับเด็ก,เสื้อผ้าและเครื่องประดับ > เสื้อเด็ก,92,ชื่อสินค้าคือเสื้อโปโล
100253,Ralph Lauren Polo Shirt เสื้อเชิ้ตคอปกโปโลสีน้ำเงิน,สินค้าและอุปกรณ์สำหรับเด็ก,เสื้อผ้าและเครื่องประดับ > เสื้อเด็ก,92,ชื่อสินค้าคือเสื้อโปโล
100254,Ralph Lauren Polo Shirt เสื้อเชิ้ตคอปกโปโลสีแดง,สินค้าและอุปกรณ์สำหรับเด็ก,เสื้อผ้าและเครื่องประดับ > เสื้อเด็ก,92,ชื่อสินค้าคือเสื้อโปโล
100261,Disney Mickey Mouse Scary Cute เสื้อแขนสั้นลายมิกกี้เมาส์,สินค้าและอุปกรณ์สำหรับเด็ก,เสื้อผ้าและเครื่องประดับ > เสื้อเด็ก,90,ชื่อสินค้าคือเสื้อ
100262,Disney Mickey Mouse Scary Cute เสื้อแขนสั้นลายมิกกี้เมาส์,สินค้าและอุปกรณ์สำหรับเด็ก,เสื้อผ้าและเครื่องประดับ > เสื้อเด็ก,90,ชื่อสินค้าคือเสื้อ
100263,T-Shirt Respect The Ocean Dude เสื้อยืดแขนสั้น,สินค้าและอุปกรณ์สำหรับเด็ก,เสื้อผ้าและเครื่องประดับ > เสื้อเด็ก,92,ชื่อสินค้าคือเสื้อยืด
100264,T-Shirt 3 Dinosaurs เสื้อยืดลายไดโนเสาร์3ตัว,สินค้าและอุปกรณ์สำหรับเด็ก,เสื้อผ้าและเครื่องประดับ > เสื้อเด็ก,92,ชื่อสินค้าคือเสื้อยืด
100266,T-Shirt Dinosaur Play Skateboard เสื้อยืดลายไดโนเสาร์เล่นสเก็ตบอร์ด,สินค้าและอุปกรณ์สำหรับเด็ก,เสื้อผ้าและเครื่องประดับ > เสื้อเด็ก,92,ชื่อสินค้าคือเสื้อยืด
100267,T-Shirt Blue White เสื้อยืดแขนสั้น,สินค้าและอุปกรณ์สำหรับเด็ก,เสื้อผ้าและเครื่องประดับ > เสื้อเด็ก,92,ชื่อสินค้าคือเสื้อยืด
100268,T-Shirt Blue White เสื้อยืดแขนสั้น,สินค้าและอุปกรณ์สำหรับเด็ก,เสื้อผ้าและเครื่องประดับ > เสื้อเด็ก,92,ชื่อสินค้าคือเสื้อยืด
100270,T-Shirt Respect The Ocean Dude เสื้อยืดแขนสั้น,สินค้าและอุปกรณ์สำหรับเด็ก,เสื้อผ้าและเครื่องประดับ > เสื้อเด็ก,92,ชื่อสินค้าคือเสื้อยืด
100258,Boys Swimming Trunks กางเกงว่ายน้ำเด็กผู้ชาย,สินค้าและอุปกรณ์สำหรับเด็ก,เสื้อผ้าและเครื่องประดับ > ชุดว่ายน้ำเด็ก,95,ชื่อสินค้าคือกางเกงว่ายน้ำ จัดเป็นชุดว่ายน้ำเด็ก ไม่ใช่กางเกงทั่วไป
100259,Boys Swimming Trunks กางเกงว่ายน้ำเด็กผู้ชาย,สินค้าและอุปกรณ์สำหรับเด็ก,เสื้อผ้าและเครื่องประดับ > ชุดว่ายน้ำเด็ก,95,ชื่อสินค้าคือกางเกงว่ายน้ำ จัดเป็นชุดว่ายน้ำเด็ก ไม่ใช่กางเกงทั่วไป
100260,Boys Swimming Trunks กางเกงว่ายน้ำเด็กผู้ชาย,สินค้าและอุปกรณ์สำหรับเด็ก,เสื้อผ้าและเครื่องประดับ > ชุดว่ายน้ำเด็ก,95,ชื่อสินค้าคือกางเกงว่ายน้ำ จัดเป็นชุดว่ายน้ำเด็ก ไม่ใช่กางเกงทั่วไป
100256,Halloween Pumpkin T-Shirt เสื้อยืดลายฟักทองฮัลโลวีน,สินค้าและอุปกรณ์สำหรับเด็ก,เสื้อผ้าและเครื่องประดับ > เสื้อเด็ก,92,ชื่อสินค้าคือเสื้อยืด
100255,Halloween Pumpkin T-Shirt เสื้อยืดลายฟักทองฮัลโลวีน,สินค้าและอุปกรณ์สำหรับเด็ก,เสื้อผ้าและเครื่องประดับ > เสื้อเด็ก,92,ชื่อสินค้าคือเสื้อยืด
100281,T-Shirt เสื้อยืดลายทาง,สินค้าและอุปกรณ์สำหรับเด็ก,เสื้อผ้าและเครื่องประดับ > เสื้อเด็ก,92,ชื่อสินค้าคือเสื้อยืด
100280,T-Shirt เสื้อยืดสีกรมลายแว่นตาที่กระเป๋า,สินค้าและอุปกรณ์สำหรับเด็ก,เสื้อผ้าและเครื่องประดับ > เสื้อเด็ก,92,ชื่อสินค้าคือเสื้อยืด
100279,T-Shirt เสื้อยืดสีกรมลายแว่นตาที่กระเป๋า,สินค้าและอุปกรณ์สำหรับเด็ก,เสื้อผ้าและเครื่องประดับ > เสื้อเด็ก,92,ชื่อสินค้าคือเสื้อยืด
100278,T-Shirt เสื้อยืดสีดำลายมิกกี้เมาส์ที่กระเป๋า,สินค้าและอุปกรณ์สำหรับเด็ก,เสื้อผ้าและเครื่องประดับ > เสื้อเด็ก,92,ชื่อสินค้าคือเสื้อยืด
100277,Ticking Stipe Shorts กางเกงขาสั้นลายทาง,สินค้าและอุปกรณ์สำหรับเด็ก,เสื้อผ้าและเครื่องประดับ > กางเกงเด็ก,90,ชื่อสินค้าคือกางเกงขาสั้น
100275,Toddler Pull-On Shorts กางเกงขาสั้นเด็ก,สินค้าและอุปกรณ์สำหรับเด็ก,เสื้อผ้าและเครื่องประดับ > กางเกงเด็ก,90,ชื่อสินค้าคือกางเกงขาสั้น
100273,Boys Short Trousers กางเกงขาสั้นเด็กผู้ชาย,สินค้าและอุปกรณ์สำหรับเด็ก,เสื้อผ้าและเครื่องประดับ > กางเกงเด็ก,90,ชื่อสินค้าคือกางเกงขาสั้น
100272,Baby Knit Denim Pants กางเกงยีนส์เด็กถัก,สินค้าและอุปกรณ์สำหรับเด็ก,เสื้อผ้าและเครื่องประดับ > กางเกงยีนส์เด็ก,94,ชื่อสินค้าคือกางเกงยีนส์
100271,Baby Organic Cotton Rib Pants กางเกงผ้าฝ้ายออร์แกนิคเด็ก,สินค้าและอุปกรณ์สำหรับเด็ก,เสื้อผ้าและเครื่องประดับ > กางเกงเด็ก,92,ชื่อสินค้าคือกางเกง
100286,Baby Cotton Pants กางเกงผ้าฝ้ายเด็ก,สินค้าและอุปกรณ์สำหรับเด็ก,เสื้อผ้าและเครื่องประดับ > กางเกงเด็ก,92,ชื่อสินค้าคือกางเกง
100285,Baby Organic Cotton Jeans กางเกงยีนส์เด็กผ้าฝ้ายออร์แกนิค,สินค้าและอุปกรณ์สำหรับเด็ก,เสื้อผ้าและเครื่องประดับ > กางเกงยีนส์เด็ก,94,ชื่อสินค้าคือกางเกงยีนส์
100284,Denim Joggers กางเกงจ๊อกเกอร์ยีนส์,สินค้าและอุปกรณ์สำหรับเด็ก,เสื้อผ้าและเครื่องประดับ > กางเกงยีนส์เด็ก,94,ชื่อสินค้าคือกางเกงยีนส์
100283,Relaxed Fit Jeans กางเกงยีนส์ทรงรีแลกซ์,สินค้าและอุปกรณ์สำหรับเด็ก,เสื้อผ้าและเครื่องประดับ > กางเกงยีนส์เด็ก,94,ชื่อสินค้าคือกางเกงยีนส์
100282,Baby Balloon Denim Jean กางเกงยีนส์ทรงบอลลูนเด็ก,สินค้าและอุปกรณ์สำหรับเด็ก,เสื้อผ้าและเครื่องประดับ > กางเกงยีนส์เด็ก,94,ชื่อสินค้าคือกางเกงยีนส์
100292,Boys Swim Shirt เสื้อว่ายน้ำเด็กผู้ชาย,สินค้าและอุปกรณ์สำหรับเด็ก,เสื้อผ้าและเครื่องประดับ > เสื้อว่ายน้ำเด็ก,95,ชื่อสินค้าคือเสื้อว่ายน้ำ/แรชการ์ด ไม่ใช่ชุดว่ายน้ำทั้งตัว
100291,Boys Swim Shirt เสื้อว่ายน้ำเด็กผู้ชาย,สินค้าและอุปกรณ์สำหรับเด็ก,เสื้อผ้าและเครื่องประดับ > เสื้อว่ายน้ำเด็ก,95,ชื่อสินค้าคือเสื้อว่ายน้ำ/แรชการ์ด ไม่ใช่ชุดว่ายน้ำทั้งตัว
100290,Boys Swim Shirt เสื้อว่ายน้ำเด็กผู้ชาย,สินค้าและอุปกรณ์สำหรับเด็ก,เสื้อผ้าและเครื่องประดับ > เสื้อว่ายน้ำเด็ก,95,ชื่อสินค้าคือเสื้อว่ายน้ำ/แรชการ์ด ไม่ใช่ชุดว่ายน้ำทั้งตัว
100289,Boys Swim Shirt เสื้อว่ายน้ำเด็กผู้ชาย,สินค้าและอุปกรณ์สำหรับเด็ก,เสื้อผ้าและเครื่องประดับ > เสื้อว่ายน้ำเด็ก,95,ชื่อสินค้าคือเสื้อว่ายน้ำ/แรชการ์ด ไม่ใช่ชุดว่ายน้ำทั้งตัว
100287,Shark Boys Swimwear ชุดว่ายน้ำเด็กผู้ชายปลาฉลาม,สินค้าและอุปกรณ์สำหรับเด็ก,เสื้อผ้าและเครื่องประดับ > ชุดว่ายน้ำเด็ก,95,ชื่อสินค้าคือชุดว่ายน้ำ
210181,เสื้อยืดแขนสั้น ลายดาว,สินค้าและอุปกรณ์สำหรับเด็ก,เสื้อผ้าและเครื่องประดับ > เสื้อเด็ก,92,ชื่อสินค้าคือเสื้อยืด
26300003,เสื้อ - real boss,สินค้าและอุปกรณ์สำหรับเด็ก,เสื้อผ้าและเครื่องประดับ > เสื้อเด็ก,82,ชื่อสินค้ามีคำว่าเสื้อ/shirt
26300004,เสื้อ - real boss,สินค้าและอุปกรณ์สำหรับเด็ก,เสื้อผ้าและเครื่องประดับ > เสื้อเด็ก,82,ชื่อสินค้ามีคำว่าเสื้อ/shirt
26300005,กางเกง - Tiny Whale,สินค้าและอุปกรณ์สำหรับเด็ก,เสื้อผ้าและเครื่องประดับ > กางเกงเด็ก,92,ชื่อสินค้าคือกางเกง
26300006,กางเกง - Tiny Whale,สินค้าและอุปกรณ์สำหรับเด็ก,เสื้อผ้าและเครื่องประดับ > กางเกงเด็ก,92,ชื่อสินค้าคือกางเกง
26300008,กางเกง - BabenistA,สินค้าและอุปกรณ์สำหรับเด็ก,เสื้อผ้าและเครื่องประดับ > กางเกงเด็ก,92,ชื่อสินค้าคือกางเกง
26300011,กางเกง - real boss,สินค้าและอุปกรณ์สำหรับเด็ก,เสื้อผ้าและเครื่องประดับ > กางเกงเด็ก,92,ชื่อสินค้าคือกางเกง
26300012,ชุดลายซานต้า,สินค้าและอุปกรณ์สำหรับเด็ก,สินค้าและอุปกรณ์สำหรับเด็ก,25,ชื่อสินค้าไม่ระบุชนิดชัดเจน จึงยังไม่ย้ายออกจากหมวดปัจจุบัน
26300013,เสื้อยืด - GAP,สินค้าและอุปกรณ์สำหรับเด็ก,เสื้อผ้าและเครื่องประดับ > เสื้อเด็ก,92,ชื่อสินค้าคือเสื้อยืด
26300014,เสื้อยืด - GAP,สินค้าและอุปกรณ์สำหรับเด็ก,เสื้อผ้าและเครื่องประดับ > เสื้อเด็ก,92,ชื่อสินค้าคือเสื้อยืด
26300015,กางเกง - UNIQLO,สินค้าและอุปกรณ์สำหรับเด็ก,เสื้อผ้าและเครื่องประดับ > กางเกงเด็ก,92,ชื่อสินค้าคือกางเกง
26300016,เสื้อยืด - ไม่มี,สินค้าและอุปกรณ์สำหรับเด็ก,เสื้อผ้าและเครื่องประดับ > เสื้อเด็ก,92,ชื่อสินค้าคือเสื้อยืด
26300023,เสื้อยืด - UNIQLO,สินค้าและอุปกรณ์สำหรับเด็ก,เสื้อผ้าและเครื่องประดับ > เสื้อเด็ก,92,ชื่อสินค้าคือเสื้อยืด
26300027,เสื้อยืด - ZARA,สินค้าและอุปกรณ์สำหรับเด็ก,เสื้อผ้าและเครื่องประดับ > เสื้อเด็ก,92,ชื่อสินค้าคือเสื้อยืด
26300029,กางเกง - ไม่มี,สินค้าและอุปกรณ์สำหรับเด็ก,เสื้อผ้าและเครื่องประดับ > กางเกงเด็ก,92,ชื่อสินค้าคือกางเกง
26300030,กางเกง - ไม่มี,สินค้าและอุปกรณ์สำหรับเด็ก,เสื้อผ้าและเครื่องประดับ > กางเกงเด็ก,92,ชื่อสินค้าคือกางเกง
26300031,เสื้อยืด - Tiny Tale,สินค้าและอุปกรณ์สำหรับเด็ก,เสื้อผ้าและเครื่องประดับ > เสื้อเด็ก,92,ชื่อสินค้าคือเสื้อยืด
26300032,เสื้อยืด - Tiny Tale,สินค้าและอุปกรณ์สำหรับเด็ก,เสื้อผ้าและเครื่องประดับ > เสื้อเด็ก,92,ชื่อสินค้าคือเสื้อยืด
26300033,กางเกง - ไม่มี,สินค้าและอุปกรณ์สำหรับเด็ก,เสื้อผ้าและเครื่องประดับ > กางเกงเด็ก,92,ชื่อสินค้าคือกางเกง
26300034,ชุด - NICKELODEON,สินค้าและอุปกรณ์สำหรับเด็ก,เสื้อผ้าและเครื่องประดับ,45,ชื่อมีคำว่าชุดแต่ระบุแค่แบรนด์ จึงให้อยู่ที่หมวดเสื้อผ้าชั้นบน ไม่ลงใบ
26300035,ชุด - NICKELODEON,สินค้าและอุปกรณ์สำหรับเด็ก,เสื้อผ้าและเครื่องประดับ,45,ชื่อมีคำว่าชุดแต่ระบุแค่แบรนด์ จึงให้อยู่ที่หมวดเสื้อผ้าชั้นบน ไม่ลงใบ
26300036,เสื้อ - ZARA,สินค้าและอุปกรณ์สำหรับเด็ก,เสื้อผ้าและเครื่องประดับ > เสื้อเด็ก,82,ชื่อสินค้ามีคำว่าเสื้อ/shirt
26300037,เสื้อยืด - ZARA,สินค้าและอุปกรณ์สำหรับเด็ก,เสื้อผ้าและเครื่องประดับ > เสื้อเด็ก,92,ชื่อสินค้าคือเสื้อยืด
26300039,เสื้อยืด - ROAMING,สินค้าและอุปกรณ์สำหรับเด็ก,เสื้อผ้าและเครื่องประดับ > เสื้อเด็ก,92,ชื่อสินค้าคือเสื้อยืด
26300041,กางเกง - UNIQLO,สินค้าและอุปกรณ์สำหรับเด็ก,เสื้อผ้าและเครื่องประดับ > กางเกงเด็ก,92,ชื่อสินค้าคือกางเกง
26300043,กางเกง - H&M,สินค้าและอุปกรณ์สำหรับเด็ก,เสื้อผ้าและเครื่องประดับ > กางเกงเด็ก,92,ชื่อสินค้าคือกางเกง
26300044,กางเกง - GAP,สินค้าและอุปกรณ์สำหรับเด็ก,เสื้อผ้าและเครื่องประดับ > กางเกงเด็ก,92,ชื่อสินค้าคือกางเกง
26300045,กางเกง - GAP,สินค้าและอุปกรณ์สำหรับเด็ก,เสื้อผ้าและเครื่องประดับ > กางเกงเด็ก,92,ชื่อสินค้าคือกางเกง
26300047,เสื้อยืด - ZARA,สินค้าและอุปกรณ์สำหรับเด็ก,เสื้อผ้าและเครื่องประดับ > เสื้อเด็ก,92,ชื่อสินค้าคือเสื้อยืด
26300048,เสื้อยืด - ZARA,สินค้าและอุปกรณ์สำหรับเด็ก,เสื้อผ้าและเครื่องประดับ > เสื้อเด็ก,92,ชื่อสินค้าคือเสื้อยืด
26300049,เสื้อแจ็คเก็ต - Disney,สินค้าและอุปกรณ์สำหรับเด็ก,เสื้อผ้าและเครื่องประดับ > เสื้อแจ็คเก็ตและฮู้ด,90,ชื่อสินค้าคือแจ็คเก็ต/ฮู้ด/เสื้อกันหนาว
26300050,เสื้อแจ็คเก็ต - ZARA,สินค้าและอุปกรณ์สำหรับเด็ก,เสื้อผ้าและเครื่องประดับ > เสื้อแจ็คเก็ตและฮู้ด,90,ชื่อสินค้าคือแจ็คเก็ต/ฮู้ด/เสื้อกันหนาว
26300051,เสื้อยืด - ZARA,สินค้าและอุปกรณ์สำหรับเด็ก,เสื้อผ้าและเครื่องประดับ > เสื้อเด็ก,92,ชื่อสินค้าคือเสื้อยืด
26300052,กางเกง - H&M,สินค้าและอุปกรณ์สำหรับเด็ก,เสื้อผ้าและเครื่องประดับ > กางเกงเด็ก,92,ชื่อสินค้าคือกางเกง
26300053,เสื้อยืด - H&M,สินค้าและอุปกรณ์สำหรับเด็ก,เสื้อผ้าและเครื่องประดับ > เสื้อเด็ก,92,ชื่อสินค้าคือเสื้อยืด
26300054,กางเกง - ZARA,สินค้าและอุปกรณ์สำหรับเด็ก,เสื้อผ้าและเครื่องประดับ > กางเกงเด็ก,92,ชื่อสินค้าคือกางเกง
26300055,เสื้อยืด - ZARA,สินค้าและอุปกรณ์สำหรับเด็ก,เสื้อผ้าและเครื่องประดับ > เสื้อเด็ก,92,ชื่อสินค้าคือเสื้อยืด
26300057,เสื้อแจ็คเก็ต - ZARA,สินค้าและอุปกรณ์สำหรับเด็ก,เสื้อผ้าและเครื่องประดับ > เสื้อแจ็คเก็ตและฮู้ด,90,ชื่อสินค้าคือแจ็คเก็ต/ฮู้ด/เสื้อกันหนาว
26300058,ถุงมือ - ZARA,สินค้าและอุปกรณ์สำหรับเด็ก,เสื้อผ้าและเครื่องประดับ > เครื่องประดับ,88,ชื่อสินค้าคือถุงมือ/ผ้าพันคอ/เครื่องประดับ
26300059,ถุงมือ - GAP,สินค้าและอุปกรณ์สำหรับเด็ก,เสื้อผ้าและเครื่องประดับ > เครื่องประดับ,88,ชื่อสินค้าคือถุงมือ/ผ้าพันคอ/เครื่องประดับ
26300060,เสื้อแจ็คเก็ต - Columbia,สินค้าและอุปกรณ์สำหรับเด็ก,เสื้อผ้าและเครื่องประดับ > เสื้อแจ็คเก็ตและฮู้ด,90,ชื่อสินค้าคือแจ็คเก็ต/ฮู้ด/เสื้อกันหนาว
26300061,เสื้อแจ็คเก็ต - ZARA,สินค้าและอุปกรณ์สำหรับเด็ก,เสื้อผ้าและเครื่องประดับ > เสื้อแจ็คเก็ตและฮู้ด,90,ชื่อสินค้าคือแจ็คเก็ต/ฮู้ด/เสื้อกันหนาว
26300062,เสื้อแจ็คเก็ต - Crazy8,สินค้าและอุปกรณ์สำหรับเด็ก,เสื้อผ้าและเครื่องประดับ > เสื้อแจ็คเก็ตและฮู้ด,90,ชื่อสินค้าคือแจ็คเก็ต/ฮู้ด/เสื้อกันหนาว
26300063,เสื้อแจ็คเก็ต - baby Gap,สินค้าและอุปกรณ์สำหรับเด็ก,เสื้อผ้าและเครื่องประดับ > เสื้อแจ็คเก็ตและฮู้ด,90,ชื่อสินค้าคือแจ็คเก็ต/ฮู้ด/เสื้อกันหนาว
26300064,เสื้อแจ็คเก็ต - ZARA,สินค้าและอุปกรณ์สำหรับเด็ก,เสื้อผ้าและเครื่องประดับ > เสื้อแจ็คเก็ตและฮู้ด,90,ชื่อสินค้าคือแจ็คเก็ต/ฮู้ด/เสื้อกันหนาว
26300066,เสื้อแจ็คเก็ต - under armour,สินค้าและอุปกรณ์สำหรับเด็ก,เสื้อผ้าและเครื่องประดับ > เสื้อแจ็คเก็ตและฮู้ด,90,ชื่อสินค้าคือแจ็คเก็ต/ฮู้ด/เสื้อกันหนาว
26300067,เสื้อแจ็คเก็ต - ZARA,สินค้าและอุปกรณ์สำหรับเด็ก,เสื้อผ้าและเครื่องประดับ > เสื้อแจ็คเก็ตและฮู้ด,90,ชื่อสินค้าคือแจ็คเก็ต/ฮู้ด/เสื้อกันหนาว
26300069,เสื้อแจ็คเก็ต - ZARA,สินค้าและอุปกรณ์สำหรับเด็ก,เสื้อผ้าและเครื่องประดับ > เสื้อแจ็คเก็ตและฮู้ด,90,ชื่อสินค้าคือแจ็คเก็ต/ฮู้ด/เสื้อกันหนาว
26300070,เสื้อแจ็คเก็ต - THE NORTH FACE,สินค้าและอุปกรณ์สำหรับเด็ก,เสื้อผ้าและเครื่องประดับ > เสื้อแจ็คเก็ตและฮู้ด,90,ชื่อสินค้าคือแจ็คเก็ต/ฮู้ด/เสื้อกันหนาว
26300071,กางเกง - M&S,สินค้าและอุปกรณ์สำหรับเด็ก,เสื้อผ้าและเครื่องประดับ > กางเกงเด็ก,92,ชื่อสินค้าคือกางเกง
26300072,กางเกง - M&S,สินค้าและอุปกรณ์สำหรับเด็ก,เสื้อผ้าและเครื่องประดับ > กางเกงเด็ก,92,ชื่อสินค้าคือกางเกง
26300073,กางเกง - ZARA,สินค้าและอุปกรณ์สำหรับเด็ก,เสื้อผ้าและเครื่องประดับ > กางเกงเด็ก,92,ชื่อสินค้าคือกางเกง
26300074,กางเกง - M&S,สินค้าและอุปกรณ์สำหรับเด็ก,เสื้อผ้าและเครื่องประดับ > กางเกงเด็ก,92,ชื่อสินค้าคือกางเกง
26300075,กางเกง - M&S,สินค้าและอุปกรณ์สำหรับเด็ก,เสื้อผ้าและเครื่องประดับ > กางเกงเด็ก,92,ชื่อสินค้าคือกางเกง
26300076,กางเกง - ZARA,สินค้าและอุปกรณ์สำหรับเด็ก,เสื้อผ้าและเครื่องประดับ > กางเกงเด็ก,92,ชื่อสินค้าคือกางเกง
26300077,กางเกง - M&S,สินค้าและอุปกรณ์สำหรับเด็ก,เสื้อผ้าและเครื่องประดับ > กางเกงเด็ก,92,ชื่อสินค้าคือกางเกง
26300078,กางเกง - M&S,สินค้าและอุปกรณ์สำหรับเด็ก,เสื้อผ้าและเครื่องประดับ > กางเกงเด็ก,92,ชื่อสินค้าคือกางเกง
26300080,กางเกง - ZARA,สินค้าและอุปกรณ์สำหรับเด็ก,เสื้อผ้าและเครื่องประดับ > กางเกงเด็ก,92,ชื่อสินค้าคือกางเกง
26300082,กางเกง - real boss,สินค้าและอุปกรณ์สำหรับเด็ก,เสื้อผ้าและเครื่องประดับ > กางเกงเด็ก,92,ชื่อสินค้าคือกางเกง
26300084,เสื้อยืด - SMALL BUT CHIC,สินค้าและอุปกรณ์สำหรับเด็ก,เสื้อผ้าและเครื่องประดับ > เสื้อเด็ก,92,ชื่อสินค้าคือเสื้อยืด
26300085,เสื้อยืด - SMALL BUT CHIC,สินค้าและอุปกรณ์สำหรับเด็ก,เสื้อผ้าและเครื่องประดับ > เสื้อเด็ก,92,ชื่อสินค้าคือเสื้อยืด
26300086,เสื้อยืด - LEMONADETM,สินค้าและอุปกรณ์สำหรับเด็ก,เสื้อผ้าและเครื่องประดับ > เสื้อเด็ก,92,ชื่อสินค้าคือเสื้อยืด
26300087,เสื้อยืด - LEMONADETM,สินค้าและอุปกรณ์สำหรับเด็ก,เสื้อผ้าและเครื่องประดับ > เสื้อเด็ก,92,ชื่อสินค้าคือเสื้อยืด
26300088,เสื้อยืด - disney,สินค้าและอุปกรณ์สำหรับเด็ก,เสื้อผ้าและเครื่องประดับ > เสื้อเด็ก,92,ชื่อสินค้าคือเสื้อยืด
26300097,เสื้อยืด - ZARA,สินค้าและอุปกรณ์สำหรับเด็ก,เสื้อผ้าและเครื่องประดับ > เสื้อเด็ก,92,ชื่อสินค้าคือเสื้อยืด
26300098,เสื้อยืด - GAP,สินค้าและอุปกรณ์สำหรับเด็ก,เสื้อผ้าและเครื่องประดับ > เสื้อเด็ก,92,ชื่อสินค้าคือเสื้อยืด
26300099,กางเกง - Crazy8,สินค้าและอุปกรณ์สำหรับเด็ก,เสื้อผ้าและเครื่องประดับ > กางเกงเด็ก,92,ชื่อสินค้าคือกางเกง
26300100,เสื้อยืด - ZARA,สินค้าและอุปกรณ์สำหรับเด็ก,เสื้อผ้าและเครื่องประดับ > เสื้อเด็ก,92,ชื่อสินค้าคือเสื้อยืด
26300105,เสื้อยืด - ZARA,สินค้าและอุปกรณ์สำหรับเด็ก,เสื้อผ้าและเครื่องประดับ > เสื้อเด็ก,92,ชื่อสินค้าคือเสื้อยืด
26300108,เสื้อยืด - ZARA,สินค้าและอุปกรณ์สำหรับเด็ก,เสื้อผ้าและเครื่องประดับ > เสื้อเด็ก,92,ชื่อสินค้าคือเสื้อยืด
26300109,เสื้อยืด - ZARA,สินค้าและอุปกรณ์สำหรับเด็ก,เสื้อผ้าและเครื่องประดับ > เสื้อเด็ก,92,ชื่อสินค้าคือเสื้อยืด
26300110,เสื้อยืด - ZARA,สินค้าและอุปกรณ์สำหรับเด็ก,เสื้อผ้าและเครื่องประดับ > เสื้อเด็ก,92,ชื่อสินค้าคือเสื้อยืด
26300111,กางเกง - Crazy8,สินค้าและอุปกรณ์สำหรับเด็ก,เสื้อผ้าและเครื่องประดับ > กางเกงเด็ก,92,ชื่อสินค้าคือกางเกง
26300112,กางเกง - UNIQLO,สินค้าและอุปกรณ์สำหรับเด็ก,เสื้อผ้าและเครื่องประดับ > กางเกงเด็ก,92,ชื่อสินค้าคือกางเกง
26300113,กางเกง - UNIQLO,สินค้าและอุปกรณ์สำหรับเด็ก,เสื้อผ้าและเครื่องประดับ > กางเกงเด็ก,92,ชื่อสินค้าคือกางเกง
26300115,เสื้อยืด - SEVEN BRIDGE,สินค้าและอุปกรณ์สำหรับเด็ก,เสื้อผ้าและเครื่องประดับ > เสื้อเด็ก,92,ชื่อสินค้าคือเสื้อยืด
26300116,เสื้อยืด - ZARA,สินค้าและอุปกรณ์สำหรับเด็ก,เสื้อผ้าและเครื่องประดับ > เสื้อเด็ก,92,ชื่อสินค้าคือเสื้อยืด
26300117,เสื้อยืด - H&M,สินค้าและอุปกรณ์สำหรับเด็ก,เสื้อผ้าและเครื่องประดับ > เสื้อเด็ก,92,ชื่อสินค้าคือเสื้อยืด
26300118,เสื้อยืด - H&M,สินค้าและอุปกรณ์สำหรับเด็ก,เสื้อผ้าและเครื่องประดับ > เสื้อเด็ก,92,ชื่อสินค้าคือเสื้อยืด
26300119,เสื้อแจ็คเก็ต - Crazy8,สินค้าและอุปกรณ์สำหรับเด็ก,เสื้อผ้าและเครื่องประดับ > เสื้อแจ็คเก็ตและฮู้ด,90,ชื่อสินค้าคือแจ็คเก็ต/ฮู้ด/เสื้อกันหนาว
26300121,เสื้อแจ็คเก็ต - Cat&Jack,สินค้าและอุปกรณ์สำหรับเด็ก,เสื้อผ้าและเครื่องประดับ > เสื้อแจ็คเก็ตและฮู้ด,90,ชื่อสินค้าคือแจ็คเก็ต/ฮู้ด/เสื้อกันหนาว
26300122,ชุด - UNIQLO,สินค้าและอุปกรณ์สำหรับเด็ก,เสื้อผ้าและเครื่องประดับ,45,ชื่อมีคำว่าชุดแต่ระบุแค่แบรนด์ จึงให้อยู่ที่หมวดเสื้อผ้าชั้นบน ไม่ลงใบ
26300123,กางเกง - UNIQLO,สินค้าและอุปกรณ์สำหรับเด็ก,เสื้อผ้าและเครื่องประดับ > กางเกงเด็ก,92,ชื่อสินค้าคือกางเกง
26300124,กางเกง - UNIQLO,สินค้าและอุปกรณ์สำหรับเด็ก,เสื้อผ้าและเครื่องประดับ > กางเกงเด็ก,92,ชื่อสินค้าคือกางเกง
26300125,เสื้อแจ็คเก็ต - adidas,สินค้าและอุปกรณ์สำหรับเด็ก,เสื้อผ้าและเครื่องประดับ > เสื้อแจ็คเก็ตและฮู้ด,90,ชื่อสินค้าคือแจ็คเก็ต/ฮู้ด/เสื้อกันหนาว
26300126,เสื้อแจ็คเก็ต - Cat&Jack,สินค้าและอุปกรณ์สำหรับเด็ก,เสื้อผ้าและเครื่องประดับ > เสื้อแจ็คเก็ตและฮู้ด,90,ชื่อสินค้าคือแจ็คเก็ต/ฮู้ด/เสื้อกันหนาว
26300128,เสื้อ - ไม่มี,สินค้าและอุปกรณ์สำหรับเด็ก,เสื้อผ้าและเครื่องประดับ > เสื้อเด็ก,82,ชื่อสินค้ามีคำว่าเสื้อ/shirt
26300129,เสื้อแจ็คเก็ต - Cat&Jack,สินค้าและอุปกรณ์สำหรับเด็ก,เสื้อผ้าและเครื่องประดับ > เสื้อแจ็คเก็ตและฮู้ด,90,ชื่อสินค้าคือแจ็คเก็ต/ฮู้ด/เสื้อกันหนาว
26300130,เสื้อแจ็คเก็ต - Cat&Jack,สินค้าและอุปกรณ์สำหรับเด็ก,เสื้อผ้าและเครื่องประดับ > เสื้อแจ็คเก็ตและฮู้ด,90,ชื่อสินค้าคือแจ็คเก็ต/ฮู้ด/เสื้อกันหนาว
26300131,ชุด - adidas,สินค้าและอุปกรณ์สำหรับเด็ก,เสื้อผ้าและเครื่องประดับ,45,ชื่อมีคำว่าชุดแต่ระบุแค่แบรนด์ จึงให้อยู่ที่หมวดเสื้อผ้าชั้นบน ไม่ลงใบ
26300132,ชุด - adidas,สินค้าและอุปกรณ์สำหรับเด็ก,เสื้อผ้าและเครื่องประดับ,45,ชื่อมีคำว่าชุดแต่ระบุแค่แบรนด์ จึงให้อยู่ที่หมวดเสื้อผ้าชั้นบน ไม่ลงใบ
26300133,เสื้อแจ็คเก็ต - ZARA,สินค้าและอุปกรณ์สำหรับเด็ก,เสื้อผ้าและเครื่องประดับ > เสื้อแจ็คเก็ตและฮู้ด,90,ชื่อสินค้าคือแจ็คเก็ต/ฮู้ด/เสื้อกันหนาว
26300134,ชุด - UNIQLO,สินค้าและอุปกรณ์สำหรับเด็ก,เสื้อผ้าและเครื่องประดับ,45,ชื่อมีคำว่าชุดแต่ระบุแค่แบรนด์ จึงให้อยู่ที่หมวดเสื้อผ้าชั้นบน ไม่ลงใบ
26300135,ชุด - UNIQLO,สินค้าและอุปกรณ์สำหรับเด็ก,เสื้อผ้าและเครื่องประดับ,45,ชื่อมีคำว่าชุดแต่ระบุแค่แบรนด์ จึงให้อยู่ที่หมวดเสื้อผ้าชั้นบน ไม่ลงใบ
26300136,ชุด - UNIQLO,สินค้าและอุปกรณ์สำหรับเด็ก,เสื้อผ้าและเครื่องประดับ,45,ชื่อมีคำว่าชุดแต่ระบุแค่แบรนด์ จึงให้อยู่ที่หมวดเสื้อผ้าชั้นบน ไม่ลงใบ
26300137,เสื้อแจ็คเก็ต - ZARA,สินค้าและอุปกรณ์สำหรับเด็ก,เสื้อผ้าและเครื่องประดับ > เสื้อแจ็คเก็ตและฮู้ด,90,ชื่อสินค้าคือแจ็คเก็ต/ฮู้ด/เสื้อกันหนาว
26300138,ชุด - adidas,สินค้าและอุปกรณ์สำหรับเด็ก,เสื้อผ้าและเครื่องประดับ,45,ชื่อมีคำว่าชุดแต่ระบุแค่แบรนด์ จึงให้อยู่ที่หมวดเสื้อผ้าชั้นบน ไม่ลงใบ
26300139,เสื้อแจ็คเก็ต - ZARA,สินค้าและอุปกรณ์สำหรับเด็ก,เสื้อผ้าและเครื่องประดับ > เสื้อแจ็คเก็ตและฮู้ด,90,ชื่อสินค้าคือแจ็คเก็ต/ฮู้ด/เสื้อกันหนาว
26300140,ชุด - adidas,สินค้าและอุปกรณ์สำหรับเด็ก,เสื้อผ้าและเครื่องประดับ,45,ชื่อมีคำว่าชุดแต่ระบุแค่แบรนด์ จึงให้อยู่ที่หมวดเสื้อผ้าชั้นบน ไม่ลงใบ
26300141,เสื้อแจ็คเก็ต - HANYIMIDOO,สินค้าและอุปกรณ์สำหรับเด็ก,เสื้อผ้าและเครื่องประดับ > เสื้อแจ็คเก็ตและฮู้ด,90,ชื่อสินค้าคือแจ็คเก็ต/ฮู้ด/เสื้อกันหนาว
26300143,เสื้อแจ็คเก็ต - HANYIMIDOO,สินค้าและอุปกรณ์สำหรับเด็ก,เสื้อผ้าและเครื่องประดับ > เสื้อแจ็คเก็ตและฮู้ด,90,ชื่อสินค้าคือแจ็คเก็ต/ฮู้ด/เสื้อกันหนาว
26300144,ชุด - adidas,สินค้าและอุปกรณ์สำหรับเด็ก,เสื้อผ้าและเครื่องประดับ,45,ชื่อมีคำว่าชุดแต่ระบุแค่แบรนด์ จึงให้อยู่ที่หมวดเสื้อผ้าชั้นบน ไม่ลงใบ
26300145,เสื้อแจ็คเก็ต - Disney,สินค้าและอุปกรณ์สำหรับเด็ก,เสื้อผ้าและเครื่องประดับ > เสื้อแจ็คเก็ตและฮู้ด,90,ชื่อสินค้าคือแจ็คเก็ต/ฮู้ด/เสื้อกันหนาว
26300146,เสื้อแจ็คเก็ต - ZARA,สินค้าและอุปกรณ์สำหรับเด็ก,เสื้อผ้าและเครื่องประดับ > เสื้อแจ็คเก็ตและฮู้ด,90,ชื่อสินค้าคือแจ็คเก็ต/ฮู้ด/เสื้อกันหนาว
26300147,เสื้อแจ็คเก็ต - ZARA,สินค้าและอุปกรณ์สำหรับเด็ก,เสื้อผ้าและเครื่องประดับ > เสื้อแจ็คเก็ตและฮู้ด,90,ชื่อสินค้าคือแจ็คเก็ต/ฮู้ด/เสื้อกันหนาว
26300148,เสื้อแจ็คเก็ต - ZARA,สินค้าและอุปกรณ์สำหรับเด็ก,เสื้อผ้าและเครื่องประดับ > เสื้อแจ็คเก็ตและฮู้ด,90,ชื่อสินค้าคือแจ็คเก็ต/ฮู้ด/เสื้อกันหนาว
26300149,เสื้อแจ็คเก็ต - ZARA,สินค้าและอุปกรณ์สำหรับเด็ก,เสื้อผ้าและเครื่องประดับ > เสื้อแจ็คเก็ตและฮู้ด,90,ชื่อสินค้าคือแจ็คเก็ต/ฮู้ด/เสื้อกันหนาว
26300151,เสื้อแจ็คเก็ต - H&M,สินค้าและอุปกรณ์สำหรับเด็ก,เสื้อผ้าและเครื่องประดับ > เสื้อแจ็คเก็ตและฮู้ด,90,ชื่อสินค้าคือแจ็คเก็ต/ฮู้ด/เสื้อกันหนาว
26300153,เสื้อแจ็คเก็ต - H&M,สินค้าและอุปกรณ์สำหรับเด็ก,เสื้อผ้าและเครื่องประดับ > เสื้อแจ็คเก็ตและฮู้ด,90,ชื่อสินค้าคือแจ็คเก็ต/ฮู้ด/เสื้อกันหนาว
26300154,เสื้อแจ็คเก็ต - ไม่มี,สินค้าและอุปกรณ์สำหรับเด็ก,เสื้อผ้าและเครื่องประดับ > เสื้อแจ็คเก็ตและฮู้ด,90,ชื่อสินค้าคือแจ็คเก็ต/ฮู้ด/เสื้อกันหนาว
26300155,เสื้อแจ็คเก็ต - ไม่มี,สินค้าและอุปกรณ์สำหรับเด็ก,เสื้อผ้าและเครื่องประดับ > เสื้อแจ็คเก็ตและฮู้ด,90,ชื่อสินค้าคือแจ็คเก็ต/ฮู้ด/เสื้อกันหนาว
26300156,เสื้อแจ็คเก็ต - H&M,สินค้าและอุปกรณ์สำหรับเด็ก,เสื้อผ้าและเครื่องประดับ > เสื้อแจ็คเก็ตและฮู้ด,90,ชื่อสินค้าคือแจ็คเก็ต/ฮู้ด/เสื้อกันหนาว
26300157,เสื้อแจ็คเก็ต - ไม่มี,สินค้าและอุปกรณ์สำหรับเด็ก,เสื้อผ้าและเครื่องประดับ > เสื้อแจ็คเก็ตและฮู้ด,90,ชื่อสินค้าคือแจ็คเก็ต/ฮู้ด/เสื้อกันหนาว
26300158,เสื้อแจ็คเก็ต - Disney,สินค้าและอุปกรณ์สำหรับเด็ก,เสื้อผ้าและเครื่องประดับ > เสื้อแจ็คเก็ตและฮู้ด,90,ชื่อสินค้าคือแจ็คเก็ต/ฮู้ด/เสื้อกันหนาว
26300159,เสื้อแจ็คเก็ต - H&M,สินค้าและอุปกรณ์สำหรับเด็ก,เสื้อผ้าและเครื่องประดับ > เสื้อแจ็คเก็ตและฮู้ด,90,ชื่อสินค้าคือแจ็คเก็ต/ฮู้ด/เสื้อกันหนาว
26300160,เสื้อแจ็คเก็ต - H&M,สินค้าและอุปกรณ์สำหรับเด็ก,เสื้อผ้าและเครื่องประดับ > เสื้อแจ็คเก็ตและฮู้ด,90,ชื่อสินค้าคือแจ็คเก็ต/ฮู้ด/เสื้อกันหนาว
26300161,กางเกง - ZARA,สินค้าและอุปกรณ์สำหรับเด็ก,เสื้อผ้าและเครื่องประดับ > กางเกงเด็ก,92,ชื่อสินค้าคือกางเกง
26300162,กางเกง - M&S,สินค้าและอุปกรณ์สำหรับเด็ก,เสื้อผ้าและเครื่องประดับ > กางเกงเด็ก,92,ชื่อสินค้าคือกางเกง
26300163,กางเกง - M&S,สินค้าและอุปกรณ์สำหรับเด็ก,เสื้อผ้าและเครื่องประดับ > กางเกงเด็ก,92,ชื่อสินค้าคือกางเกง
26300164,กางเกง - ZARA,สินค้าและอุปกรณ์สำหรับเด็ก,เสื้อผ้าและเครื่องประดับ > กางเกงเด็ก,92,ชื่อสินค้าคือกางเกง
26300165,กางเกง - M&S,สินค้าและอุปกรณ์สำหรับเด็ก,เสื้อผ้าและเครื่องประดับ > กางเกงเด็ก,92,ชื่อสินค้าคือกางเกง
26300166,กางเกง - M&S,สินค้าและอุปกรณ์สำหรับเด็ก,เสื้อผ้าและเครื่องประดับ > กางเกงเด็ก,92,ชื่อสินค้าคือกางเกง
26300167,กางเกง - ZARA,สินค้าและอุปกรณ์สำหรับเด็ก,เสื้อผ้าและเครื่องประดับ > กางเกงเด็ก,92,ชื่อสินค้าคือกางเกง
26300168,กางเกง - M&S,สินค้าและอุปกรณ์สำหรับเด็ก,เสื้อผ้าและเครื่องประดับ > กางเกงเด็ก,92,ชื่อสินค้าคือกางเกง
26300169,กางเกง - M&S,สินค้าและอุปกรณ์สำหรับเด็ก,เสื้อผ้าและเครื่องประดับ > กางเกงเด็ก,92,ชื่อสินค้าคือกางเกง
26300171,กางเกง - CARTER'S,สินค้าและอุปกรณ์สำหรับเด็ก,เสื้อผ้าและเครื่องประดับ > กางเกงเด็ก,92,ชื่อสินค้าคือกางเกง
26300172,กางเกง - ZARA,สินค้าและอุปกรณ์สำหรับเด็ก,เสื้อผ้าและเครื่องประดับ > กางเกงเด็ก,92,ชื่อสินค้าคือกางเกง
26300173,กางเกง - CARTER'S,สินค้าและอุปกรณ์สำหรับเด็ก,เสื้อผ้าและเครื่องประดับ > กางเกงเด็ก,92,ชื่อสินค้าคือกางเกง
26300174,กางเกง - ZARA,สินค้าและอุปกรณ์สำหรับเด็ก,เสื้อผ้าและเครื่องประดับ > กางเกงเด็ก,92,ชื่อสินค้าคือกางเกง
26300175,กางเกง - GYMBOREE,สินค้าและอุปกรณ์สำหรับเด็ก,เสื้อผ้าและเครื่องประดับ > กางเกงเด็ก,92,ชื่อสินค้าคือกางเกง
26300178,กางเกง - ZARA,สินค้าและอุปกรณ์สำหรับเด็ก,เสื้อผ้าและเครื่องประดับ > กางเกงเด็ก,92,ชื่อสินค้าคือกางเกง
26300179,เสื้อยืด - RALPH LAUREN,สินค้าและอุปกรณ์สำหรับเด็ก,เสื้อผ้าและเครื่องประดับ > เสื้อเด็ก,92,ชื่อสินค้าคือเสื้อยืด
26300182,เสื้อเชิ้ต - RALPH LAUREN,สินค้าและอุปกรณ์สำหรับเด็ก,เสื้อผ้าและเครื่องประดับ > เสื้อเด็ก,90,ชื่อสินค้าคือเสื้อ
26300183,เสื้อเชิ้ต - RALPH LAUREN,สินค้าและอุปกรณ์สำหรับเด็ก,เสื้อผ้าและเครื่องประดับ > เสื้อเด็ก,90,ชื่อสินค้าคือเสื้อ
26300187,เสื้อยืด - POLO,สินค้าและอุปกรณ์สำหรับเด็ก,เสื้อผ้าและเครื่องประดับ > เสื้อเด็ก,92,ชื่อสินค้าคือเสื้อโปโล
26300199,เสื้อยืด - POLO,สินค้าและอุปกรณ์สำหรับเด็ก,เสื้อผ้าและเครื่องประดับ > เสื้อเด็ก,92,ชื่อสินค้าคือเสื้อโปโล
26300203,คอสเพลย์เจ้าหน้าที่ดับเพลิง - ไม่มี,สินค้าและอุปกรณ์สำหรับเด็ก,เสื้อผ้าและเครื่องประดับ > ชุดแฟนซี,90,ชื่อสินค้าคือชุดแฟนซี/คอสเพลย์ ไม่ใช่ชุดเดรสทั่วไป
26300204,คอสเพลย์นักบินอวกาศ - ไม่มี,สินค้าและอุปกรณ์สำหรับเด็ก,เสื้อผ้าและเครื่องประดับ > ชุดแฟนซี,90,ชื่อสินค้าคือชุดแฟนซี/คอสเพลย์ ไม่ใช่ชุดเดรสทั่วไป
26300206,เสื้อยืด - Cat&Jack,สินค้าและอุปกรณ์สำหรับเด็ก,เสื้อผ้าและเครื่องประดับ > เสื้อเด็ก,92,ชื่อสินค้าคือเสื้อยืด
26300207,เสื้อยืด - Cat&Jack,สินค้าและอุปกรณ์สำหรับเด็ก,เสื้อผ้าและเครื่องประดับ > เสื้อเด็ก,92,ชื่อสินค้าคือเสื้อยืด
26300211,เสื้อยืด - ไม่มี,สินค้าและอุปกรณ์สำหรับเด็ก,เสื้อผ้าและเครื่องประดับ > เสื้อเด็ก,92,ชื่อสินค้าคือเสื้อยืด
26300212,กางเกง - M&S,สินค้าและอุปกรณ์สำหรับเด็ก,เสื้อผ้าและเครื่องประดับ > กางเกงเด็ก,92,ชื่อสินค้าคือกางเกง
26300214,กางเกง - ZARA,สินค้าและอุปกรณ์สำหรับเด็ก,เสื้อผ้าและเครื่องประดับ > กางเกงเด็ก,92,ชื่อสินค้าคือกางเกง
26300218,กางเกง - M&S,สินค้าและอุปกรณ์สำหรับเด็ก,เสื้อผ้าและเครื่องประดับ > กางเกงเด็ก,92,ชื่อสินค้าคือกางเกง
26300219,เสื้อยืด - Disney,สินค้าและอุปกรณ์สำหรับเด็ก,เสื้อผ้าและเครื่องประดับ > เสื้อเด็ก,92,ชื่อสินค้าคือเสื้อยืด
26300220,เสื้อเชิ้ต - RALPH LAUREN,สินค้าและอุปกรณ์สำหรับเด็ก,เสื้อผ้าและเครื่องประดับ > เสื้อเด็ก,90,ชื่อสินค้าคือเสื้อ
26300221,เสื้อยืด - Disney,สินค้าและอุปกรณ์สำหรับเด็ก,เสื้อผ้าและเครื่องประดับ > เสื้อเด็ก,92,ชื่อสินค้าคือเสื้อยืด
26300222,กางเกง - ZARA,สินค้าและอุปกรณ์สำหรับเด็ก,เสื้อผ้าและเครื่องประดับ > กางเกงเด็ก,92,ชื่อสินค้าคือกางเกง
26300223,กางเกง - Kidsplanat,สินค้าและอุปกรณ์สำหรับเด็ก,เสื้อผ้าและเครื่องประดับ > กางเกงเด็ก,92,ชื่อสินค้าคือกางเกง
26300224,ชุด - adidas,สินค้าและอุปกรณ์สำหรับเด็ก,เสื้อผ้าและเครื่องประดับ,45,ชื่อมีคำว่าชุดแต่ระบุแค่แบรนด์ จึงให้อยู่ที่หมวดเสื้อผ้าชั้นบน ไม่ลงใบ
26300225,เสื้อเชิ้ต - RALPH LAUREN,สินค้าและอุปกรณ์สำหรับเด็ก,เสื้อผ้าและเครื่องประดับ > เสื้อเด็ก,90,ชื่อสินค้าคือเสื้อ
26300226,เสื้อ - POLO,สินค้าและอุปกรณ์สำหรับเด็ก,เสื้อผ้าและเครื่องประดับ > เสื้อเด็ก,92,ชื่อสินค้าคือเสื้อโปโล
26300227,ชุด - adidas,สินค้าและอุปกรณ์สำหรับเด็ก,เสื้อผ้าและเครื่องประดับ,45,ชื่อมีคำว่าชุดแต่ระบุแค่แบรนด์ จึงให้อยู่ที่หมวดเสื้อผ้าชั้นบน ไม่ลงใบ
26300228,กางเกง - M&S,สินค้าและอุปกรณ์สำหรับเด็ก,เสื้อผ้าและเครื่องประดับ > กางเกงเด็ก,92,ชื่อสินค้าคือกางเกง
26300229,ชุด - adidas,สินค้าและอุปกรณ์สำหรับเด็ก,เสื้อผ้าและเครื่องประดับ,45,ชื่อมีคำว่าชุดแต่ระบุแค่แบรนด์ จึงให้อยู่ที่หมวดเสื้อผ้าชั้นบน ไม่ลงใบ
26300230,กางเกง - ZARA,สินค้าและอุปกรณ์สำหรับเด็ก,เสื้อผ้าและเครื่องประดับ > กางเกงเด็ก,92,ชื่อสินค้าคือกางเกง
26300231,กางเกง - GAP,สินค้าและอุปกรณ์สำหรับเด็ก,เสื้อผ้าและเครื่องประดับ > กางเกงเด็ก,92,ชื่อสินค้าคือกางเกง
26300232,กางเกง - M&S,สินค้าและอุปกรณ์สำหรับเด็ก,เสื้อผ้าและเครื่องประดับ > กางเกงเด็ก,92,ชื่อสินค้าคือกางเกง
26300234,กางเกง - ZARA,สินค้าและอุปกรณ์สำหรับเด็ก,เสื้อผ้าและเครื่องประดับ > กางเกงเด็ก,92,ชื่อสินค้าคือกางเกง
26300237,กางเกง - M&S,สินค้าและอุปกรณ์สำหรับเด็ก,เสื้อผ้าและเครื่องประดับ > กางเกงเด็ก,92,ชื่อสินค้าคือกางเกง
26300238,กางเกง - ZARA,สินค้าและอุปกรณ์สำหรับเด็ก,เสื้อผ้าและเครื่องประดับ > กางเกงเด็ก,92,ชื่อสินค้าคือกางเกง
26300239,กางเกง - M&S,สินค้าและอุปกรณ์สำหรับเด็ก,เสื้อผ้าและเครื่องประดับ > กางเกงเด็ก,92,ชื่อสินค้าคือกางเกง
26300241,เสื้อยืด - POLO,สินค้าและอุปกรณ์สำหรับเด็ก,เสื้อผ้าและเครื่องประดับ > เสื้อเด็ก,92,ชื่อสินค้าคือเสื้อโปโล
26300243,เสื้อยืด - POLO,สินค้าและอุปกรณ์สำหรับเด็ก,เสื้อผ้าและเครื่องประดับ > เสื้อเด็ก,92,ชื่อสินค้าคือเสื้อโปโล
26300244,เสื้อยืด - POLO,สินค้าและอุปกรณ์สำหรับเด็ก,เสื้อผ้าและเครื่องประดับ > เสื้อเด็ก,92,ชื่อสินค้าคือเสื้อโปโล
26300246,เสื้อ - POLO,สินค้าและอุปกรณ์สำหรับเด็ก,เสื้อผ้าและเครื่องประดับ > เสื้อเด็ก,92,ชื่อสินค้าคือเสื้อโปโล
26300248,เสื้อยืด - RALPH LAUREN,สินค้าและอุปกรณ์สำหรับเด็ก,เสื้อผ้าและเครื่องประดับ > เสื้อเด็ก,92,ชื่อสินค้าคือเสื้อยืด
26300249,เสื้อเชิ้ต - RALPH LAUREN,สินค้าและอุปกรณ์สำหรับเด็ก,เสื้อผ้าและเครื่องประดับ > เสื้อเด็ก,90,ชื่อสินค้าคือเสื้อ
26300250,เสื้อยืด - PLAY,สินค้าและอุปกรณ์สำหรับเด็ก,เสื้อผ้าและเครื่องประดับ > เสื้อเด็ก,92,ชื่อสินค้าคือเสื้อยืด
26300251,กางเกง - M&S,สินค้าและอุปกรณ์สำหรับเด็ก,เสื้อผ้าและเครื่องประดับ > กางเกงเด็ก,92,ชื่อสินค้าคือกางเกง
26300252,กางเกง - ZARA,สินค้าและอุปกรณ์สำหรับเด็ก,เสื้อผ้าและเครื่องประดับ > กางเกงเด็ก,92,ชื่อสินค้าคือกางเกง
26300253,เสื้อ - POLO,สินค้าและอุปกรณ์สำหรับเด็ก,เสื้อผ้าและเครื่องประดับ > เสื้อเด็ก,92,ชื่อสินค้าคือเสื้อโปโล
26300254,กางเกง - M&S,สินค้าและอุปกรณ์สำหรับเด็ก,เสื้อผ้าและเครื่องประดับ > กางเกงเด็ก,92,ชื่อสินค้าคือกางเกง
26300256,เสื้อเชิ้ต - RALPH LAUREN,สินค้าและอุปกรณ์สำหรับเด็ก,เสื้อผ้าและเครื่องประดับ > เสื้อเด็ก,90,ชื่อสินค้าคือเสื้อ
26300257,กางเกง - M&S,สินค้าและอุปกรณ์สำหรับเด็ก,เสื้อผ้าและเครื่องประดับ > กางเกงเด็ก,92,ชื่อสินค้าคือกางเกง
26300258,กางเกง - M&S,สินค้าและอุปกรณ์สำหรับเด็ก,เสื้อผ้าและเครื่องประดับ > กางเกงเด็ก,92,ชื่อสินค้าคือกางเกง
26300260,กางเกง - M&S,สินค้าและอุปกรณ์สำหรับเด็ก,เสื้อผ้าและเครื่องประดับ > กางเกงเด็ก,92,ชื่อสินค้าคือกางเกง
26300261,กางเกง - ZARA,สินค้าและอุปกรณ์สำหรับเด็ก,เสื้อผ้าและเครื่องประดับ > กางเกงเด็ก,92,ชื่อสินค้าคือกางเกง
26300262,เสื้อยืด - Disney,สินค้าและอุปกรณ์สำหรับเด็ก,เสื้อผ้าและเครื่องประดับ > เสื้อเด็ก,92,ชื่อสินค้าคือเสื้อยืด
26300263,กางเกง - M&S,สินค้าและอุปกรณ์สำหรับเด็ก,เสื้อผ้าและเครื่องประดับ > กางเกงเด็ก,92,ชื่อสินค้าคือกางเกง
26300264,กางเกง - M&S,สินค้าและอุปกรณ์สำหรับเด็ก,เสื้อผ้าและเครื่องประดับ > กางเกงเด็ก,92,ชื่อสินค้าคือกางเกง
26300265,กางเกง - M&S,สินค้าและอุปกรณ์สำหรับเด็ก,เสื้อผ้าและเครื่องประดับ > กางเกงเด็ก,92,ชื่อสินค้าคือกางเกง
26300266,เสื้อยืด - Disney,สินค้าและอุปกรณ์สำหรับเด็ก,เสื้อผ้าและเครื่องประดับ > เสื้อเด็ก,92,ชื่อสินค้าคือเสื้อยืด
26300267,เสื้อยืด - Disney,สินค้าและอุปกรณ์สำหรับเด็ก,เสื้อผ้าและเครื่องประดับ > เสื้อเด็ก,92,ชื่อสินค้าคือเสื้อยืด
26300268,กางเกง - M&S,สินค้าและอุปกรณ์สำหรับเด็ก,เสื้อผ้าและเครื่องประดับ > กางเกงเด็ก,92,ชื่อสินค้าคือกางเกง
26300269,เสื้อยืด - H&M,สินค้าและอุปกรณ์สำหรับเด็ก,เสื้อผ้าและเครื่องประดับ > เสื้อเด็ก,92,ชื่อสินค้าคือเสื้อยืด
26300271,ชุดเซ็ทเสื้อ กางเกงมิกกี้เม้าส์,สินค้าและอุปกรณ์สำหรับเด็ก,เสื้อผ้าและเครื่องประดับ > กางเกงเด็ก,92,ชื่อสินค้าคือกางเกง
26300272,กางเกง - ZARA,สินค้าและอุปกรณ์สำหรับเด็ก,เสื้อผ้าและเครื่องประดับ > กางเกงเด็ก,92,ชื่อสินค้าคือกางเกง
26300273,กางเกง - M&S,สินค้าและอุปกรณ์สำหรับเด็ก,เสื้อผ้าและเครื่องประดับ > กางเกงเด็ก,92,ชื่อสินค้าคือกางเกง
26300274,กางเกง - ZARA,สินค้าและอุปกรณ์สำหรับเด็ก,เสื้อผ้าและเครื่องประดับ > กางเกงเด็ก,92,ชื่อสินค้าคือกางเกง
26300275,กางเกง - ZARA,สินค้าและอุปกรณ์สำหรับเด็ก,เสื้อผ้าและเครื่องประดับ > กางเกงเด็ก,92,ชื่อสินค้าคือกางเกง
26300276,กางเกง - ZARA,สินค้าและอุปกรณ์สำหรับเด็ก,เสื้อผ้าและเครื่องประดับ > กางเกงเด็ก,92,ชื่อสินค้าคือกางเกง
26300277,กางเกง - M&S,สินค้าและอุปกรณ์สำหรับเด็ก,เสื้อผ้าและเครื่องประดับ > กางเกงเด็ก,92,ชื่อสินค้าคือกางเกง
26300278,กางเกง - M&S,สินค้าและอุปกรณ์สำหรับเด็ก,เสื้อผ้าและเครื่องประดับ > กางเกงเด็ก,92,ชื่อสินค้าคือกางเกง
26300279,ถุงเท้า - ไม่มี,สินค้าและอุปกรณ์สำหรับเด็ก,เสื้อผ้าและเครื่องประดับ > ถุงเท้า,93,ชื่อสินค้าคือถุงเท้า
26300280,ถุงเท้า - ไม่มี,สินค้าและอุปกรณ์สำหรับเด็ก,เสื้อผ้าและเครื่องประดับ > ถุงเท้า,93,ชื่อสินค้าคือถุงเท้า
26300281,เสื้อ - Tiny Tale,สินค้าและอุปกรณ์สำหรับเด็ก,เสื้อผ้าและเครื่องประดับ > เสื้อเด็ก,82,ชื่อสินค้ามีคำว่าเสื้อ/shirt
26300282,เสื้อ - Tiny Tale,สินค้าและอุปกรณ์สำหรับเด็ก,เสื้อผ้าและเครื่องประดับ > เสื้อเด็ก,82,ชื่อสินค้ามีคำว่าเสื้อ/shirt
26300283,เสื้อ - Tiny Tale,สินค้าและอุปกรณ์สำหรับเด็ก,เสื้อผ้าและเครื่องประดับ > เสื้อเด็ก,82,ชื่อสินค้ามีคำว่าเสื้อ/shirt
26300284,เสื้อ - Tiny Tale,สินค้าและอุปกรณ์สำหรับเด็ก,เสื้อผ้าและเครื่องประดับ > เสื้อเด็ก,82,ชื่อสินค้ามีคำว่าเสื้อ/shirt
26300285,เสื้อ - Tiny Tale,สินค้าและอุปกรณ์สำหรับเด็ก,เสื้อผ้าและเครื่องประดับ > เสื้อเด็ก,82,ชื่อสินค้ามีคำว่าเสื้อ/shirt
26300286,เสื้อ - Tiny Tale,สินค้าและอุปกรณ์สำหรับเด็ก,เสื้อผ้าและเครื่องประดับ > เสื้อเด็ก,82,ชื่อสินค้ามีคำว่าเสื้อ/shirt
26300287,เสื้อ - Tiny Tale,สินค้าและอุปกรณ์สำหรับเด็ก,เสื้อผ้าและเครื่องประดับ > เสื้อเด็ก,82,ชื่อสินค้ามีคำว่าเสื้อ/shirt
26300288,เสื้อ - Tiny Tale,สินค้าและอุปกรณ์สำหรับเด็ก,เสื้อผ้าและเครื่องประดับ > เสื้อเด็ก,82,ชื่อสินค้ามีคำว่าเสื้อ/shirt
26300289,เสื้อเชิ้ต - RALPH LAUREN,สินค้าและอุปกรณ์สำหรับเด็ก,เสื้อผ้าและเครื่องประดับ > เสื้อเด็ก,90,ชื่อสินค้าคือเสื้อ
26300291,เสื้อ - Tiny Tale,สินค้าและอุปกรณ์สำหรับเด็ก,เสื้อผ้าและเครื่องประดับ > เสื้อเด็ก,82,ชื่อสินค้ามีคำว่าเสื้อ/shirt
26300292,เสื้อ - Tiny Tale,สินค้าและอุปกรณ์สำหรับเด็ก,เสื้อผ้าและเครื่องประดับ > เสื้อเด็ก,82,ชื่อสินค้ามีคำว่าเสื้อ/shirt
26300293,เสื้อ - Tiny Tale,สินค้าและอุปกรณ์สำหรับเด็ก,เสื้อผ้าและเครื่องประดับ > เสื้อเด็ก,82,ชื่อสินค้ามีคำว่าเสื้อ/shirt
26300294,เสื้อ - Tiny Tale,สินค้าและอุปกรณ์สำหรับเด็ก,เสื้อผ้าและเครื่องประดับ > เสื้อเด็ก,82,ชื่อสินค้ามีคำว่าเสื้อ/shirt
26300295,เสื้อ - Tiny Tale,สินค้าและอุปกรณ์สำหรับเด็ก,เสื้อผ้าและเครื่องประดับ > เสื้อเด็ก,82,ชื่อสินค้ามีคำว่าเสื้อ/shirt
26300296,เสื้อ - Tiny Tale,สินค้าและอุปกรณ์สำหรับเด็ก,เสื้อผ้าและเครื่องประดับ > เสื้อเด็ก,82,ชื่อสินค้ามีคำว่าเสื้อ/shirt
26300300,เสื้อ - Papillon,สินค้าและอุปกรณ์สำหรับเด็ก,เสื้อผ้าและเครื่องประดับ > เสื้อเด็ก,82,ชื่อสินค้ามีคำว่าเสื้อ/shirt
26300301,เสื้อ - Papillon,สินค้าและอุปกรณ์สำหรับเด็ก,เสื้อผ้าและเครื่องประดับ > เสื้อเด็ก,82,ชื่อสินค้ามีคำว่าเสื้อ/shirt
26300302,เสื้อ - Papillon,สินค้าและอุปกรณ์สำหรับเด็ก,เสื้อผ้าและเครื่องประดับ > เสื้อเด็ก,82,ชื่อสินค้ามีคำว่าเสื้อ/shirt
26300303,เสื้อ - Papillon,สินค้าและอุปกรณ์สำหรับเด็ก,เสื้อผ้าและเครื่องประดับ > เสื้อเด็ก,82,ชื่อสินค้ามีคำว่าเสื้อ/shirt
26300305,เสื้อ - ไม่มี,สินค้าและอุปกรณ์สำหรับเด็ก,เสื้อผ้าและเครื่องประดับ > เสื้อเด็ก,82,ชื่อสินค้ามีคำว่าเสื้อ/shirt
26300306,เสื้อ - ไม่มี,สินค้าและอุปกรณ์สำหรับเด็ก,เสื้อผ้าและเครื่องประดับ > เสื้อเด็ก,82,ชื่อสินค้ามีคำว่าเสื้อ/shirt
26300307,เสื้อ - ไม่มี,สินค้าและอุปกรณ์สำหรับเด็ก,เสื้อผ้าและเครื่องประดับ > เสื้อเด็ก,82,ชื่อสินค้ามีคำว่าเสื้อ/shirt
26300308,เสื้อ - ไม่มี,สินค้าและอุปกรณ์สำหรับเด็ก,เสื้อผ้าและเครื่องประดับ > เสื้อเด็ก,82,ชื่อสินค้ามีคำว่าเสื้อ/shirt
26300309,เสื้อ - ไม่มี,สินค้าและอุปกรณ์สำหรับเด็ก,เสื้อผ้าและเครื่องประดับ > เสื้อเด็ก,82,ชื่อสินค้ามีคำว่าเสื้อ/shirt
26300310,ชุด - BABY LOVETT,สินค้าและอุปกรณ์สำหรับเด็ก,เสื้อผ้าและเครื่องประดับ,45,ชื่อมีคำว่าชุดแต่ระบุแค่แบรนด์ จึงให้อยู่ที่หมวดเสื้อผ้าชั้นบน ไม่ลงใบ
26300311,ชุด - BABY LOVETT,สินค้าและอุปกรณ์สำหรับเด็ก,เสื้อผ้าและเครื่องประดับ,45,ชื่อมีคำว่าชุดแต่ระบุแค่แบรนด์ จึงให้อยู่ที่หมวดเสื้อผ้าชั้นบน ไม่ลงใบ
26300312,ชุด - ไม่มี,สินค้าและอุปกรณ์สำหรับเด็ก,เสื้อผ้าและเครื่องประดับ,45,ชื่อมีคำว่าชุดแต่ระบุแค่แบรนด์ จึงให้อยู่ที่หมวดเสื้อผ้าชั้นบน ไม่ลงใบ
26300313,ชุด - ไม่มี,สินค้าและอุปกรณ์สำหรับเด็ก,เสื้อผ้าและเครื่องประดับ,45,ชื่อมีคำว่าชุดแต่ระบุแค่แบรนด์ จึงให้อยู่ที่หมวดเสื้อผ้าชั้นบน ไม่ลงใบ
26300314,เสื้อเชิ้ต - RALPH LAUREN,สินค้าและอุปกรณ์สำหรับเด็ก,เสื้อผ้าและเครื่องประดับ > เสื้อเด็ก,90,ชื่อสินค้าคือเสื้อ
26300315,เสื้อเชิ้ต - RALPH LAUREN,สินค้าและอุปกรณ์สำหรับเด็ก,เสื้อผ้าและเครื่องประดับ > เสื้อเด็ก,90,ชื่อสินค้าคือเสื้อ
26300317,เสื้อเชิ้ต - RALPH LAUREN,สินค้าและอุปกรณ์สำหรับเด็ก,เสื้อผ้าและเครื่องประดับ > เสื้อเด็ก,90,ชื่อสินค้าคือเสื้อ
26300319,เสื้อเชิ้ต - RALPH LAUREN,สินค้าและอุปกรณ์สำหรับเด็ก,เสื้อผ้าและเครื่องประดับ > เสื้อเด็ก,90,ชื่อสินค้าคือเสื้อ
26300321,เสื้อเชิ้ต - RALPH LAUREN,สินค้าและอุปกรณ์สำหรับเด็ก,เสื้อผ้าและเครื่องประดับ > เสื้อเด็ก,90,ชื่อสินค้าคือเสื้อ
26300324,เสื้อ - BABY MORNING,สินค้าและอุปกรณ์สำหรับเด็ก,เสื้อผ้าและเครื่องประดับ > เสื้อเด็ก,82,ชื่อสินค้ามีคำว่าเสื้อ/shirt
26300325,เสื้อ - BabenistA,สินค้าและอุปกรณ์สำหรับเด็ก,เสื้อผ้าและเครื่องประดับ > เสื้อเด็ก,82,ชื่อสินค้ามีคำว่าเสื้อ/shirt
26300326,เสื้อ - BabenistA,สินค้าและอุปกรณ์สำหรับเด็ก,เสื้อผ้าและเครื่องประดับ > เสื้อเด็ก,82,ชื่อสินค้ามีคำว่าเสื้อ/shirt
26300327,เสื้อ - Tiny Whale,สินค้าและอุปกรณ์สำหรับเด็ก,เสื้อผ้าและเครื่องประดับ > เสื้อเด็ก,82,ชื่อสินค้ามีคำว่าเสื้อ/shirt
26300328,เสื้อ - Tiny Whale,สินค้าและอุปกรณ์สำหรับเด็ก,เสื้อผ้าและเครื่องประดับ > เสื้อเด็ก,82,ชื่อสินค้ามีคำว่าเสื้อ/shirt
26300329,เสื้อ - Tiny Whale,สินค้าและอุปกรณ์สำหรับเด็ก,เสื้อผ้าและเครื่องประดับ > เสื้อเด็ก,82,ชื่อสินค้ามีคำว่าเสื้อ/shirt
26300330,เสื้อ - Tiny Whale,สินค้าและอุปกรณ์สำหรับเด็ก,เสื้อผ้าและเครื่องประดับ > เสื้อเด็ก,82,ชื่อสินค้ามีคำว่าเสื้อ/shirt
26300333,รองเท้า - NIKE,สินค้าและอุปกรณ์สำหรับเด็ก,เสื้อผ้าและเครื่องประดับ > รองเท้า,93,ชื่อสินค้าคือรองเท้า
26300334,รองเท้า - SPERRY,สินค้าและอุปกรณ์สำหรับเด็ก,เสื้อผ้าและเครื่องประดับ > รองเท้า,93,ชื่อสินค้าคือรองเท้า
26300335,รองเท้า - NIKE,สินค้าและอุปกรณ์สำหรับเด็ก,เสื้อผ้าและเครื่องประดับ > รองเท้า,93,ชื่อสินค้าคือรองเท้า
26300337,รองเท้า - SPERRY,สินค้าและอุปกรณ์สำหรับเด็ก,เสื้อผ้าและเครื่องประดับ > รองเท้า,93,ชื่อสินค้าคือรองเท้า
26300338,รองเท้า - ASLCS,สินค้าและอุปกรณ์สำหรับเด็ก,เสื้อผ้าและเครื่องประดับ > รองเท้า,93,ชื่อสินค้าคือรองเท้า
26300339,รองเท้า - NIKE,สินค้าและอุปกรณ์สำหรับเด็ก,เสื้อผ้าและเครื่องประดับ > รองเท้า,93,ชื่อสินค้าคือรองเท้า
26300340,รองเท้า - COMVERSE,สินค้าและอุปกรณ์สำหรับเด็ก,เสื้อผ้าและเครื่องประดับ > รองเท้า,93,ชื่อสินค้าคือรองเท้า
26300344,รองเท้า - MARVEL,สินค้าและอุปกรณ์สำหรับเด็ก,เสื้อผ้าและเครื่องประดับ > รองเท้า,93,ชื่อสินค้าคือรองเท้า
26300347,รองเท้า - CAKE CUSH,สินค้าและอุปกรณ์สำหรับเด็ก,เสื้อผ้าและเครื่องประดับ > รองเท้า,93,ชื่อสินค้าคือรองเท้า
26300349,รองเท้า - ASLCS,สินค้าและอุปกรณ์สำหรับเด็ก,เสื้อผ้าและเครื่องประดับ > รองเท้า,93,ชื่อสินค้าคือรองเท้า
26300350,รองเท้า - NEW BALANCE,สินค้าและอุปกรณ์สำหรับเด็ก,เสื้อผ้าและเครื่องประดับ > รองเท้า,93,ชื่อสินค้าคือรองเท้า
26300351,รองเท้า - adidas,สินค้าและอุปกรณ์สำหรับเด็ก,เสื้อผ้าและเครื่องประดับ > รองเท้า,93,ชื่อสินค้าคือรองเท้า
26300352,รองเท้า - adidas,สินค้าและอุปกรณ์สำหรับเด็ก,เสื้อผ้าและเครื่องประดับ > รองเท้า,93,ชื่อสินค้าคือรองเท้า
26300353,รองเท้า - NIKE,สินค้าและอุปกรณ์สำหรับเด็ก,เสื้อผ้าและเครื่องประดับ > รองเท้า,93,ชื่อสินค้าคือรองเท้า
26300354,รองเท้า - NEW BALANCE,สินค้าและอุปกรณ์สำหรับเด็ก,เสื้อผ้าและเครื่องประดับ > รองเท้า,93,ชื่อสินค้าคือรองเท้า
26300355,รองเท้า - NIKE,สินค้าและอุปกรณ์สำหรับเด็ก,เสื้อผ้าและเครื่องประดับ > รองเท้า,93,ชื่อสินค้าคือรองเท้า
26300360,รองเท้า - NATIVE,สินค้าและอุปกรณ์สำหรับเด็ก,เสื้อผ้าและเครื่องประดับ > รองเท้า,93,ชื่อสินค้าคือรองเท้า
26300361,ถุงเท้า - ไม่มี,สินค้าและอุปกรณ์สำหรับเด็ก,เสื้อผ้าและเครื่องประดับ > ถุงเท้า,93,ชื่อสินค้าคือถุงเท้า
26300362,ถุงเท้า - ไม่มี,สินค้าและอุปกรณ์สำหรับเด็ก,เสื้อผ้าและเครื่องประดับ > ถุงเท้า,93,ชื่อสินค้าคือถุงเท้า
26300363,ถุงเท้า - ไม่มี,สินค้าและอุปกรณ์สำหรับเด็ก,เสื้อผ้าและเครื่องประดับ > ถุงเท้า,93,ชื่อสินค้าคือถุงเท้า
26300364,ถุงเท้า - ไม่มี,สินค้าและอุปกรณ์สำหรับเด็ก,เสื้อผ้าและเครื่องประดับ > ถุงเท้า,93,ชื่อสินค้าคือถุงเท้า
26300365,ถุงเท้า - ไม่มี,สินค้าและอุปกรณ์สำหรับเด็ก,เสื้อผ้าและเครื่องประดับ > ถุงเท้า,93,ชื่อสินค้าคือถุงเท้า
26300366,ถุงเท้า - ไม่มี,สินค้าและอุปกรณ์สำหรับเด็ก,เสื้อผ้าและเครื่องประดับ > ถุงเท้า,93,ชื่อสินค้าคือถุงเท้า
26300367,ถุงเท้า - ไม่มี,สินค้าและอุปกรณ์สำหรับเด็ก,เสื้อผ้าและเครื่องประดับ > ถุงเท้า,93,ชื่อสินค้าคือถุงเท้า
26300368,ถุงเท้า - ไม่มี,สินค้าและอุปกรณ์สำหรับเด็ก,เสื้อผ้าและเครื่องประดับ > ถุงเท้า,93,ชื่อสินค้าคือถุงเท้า
26300369,ถุงเท้า - ไม่มี,สินค้าและอุปกรณ์สำหรับเด็ก,เสื้อผ้าและเครื่องประดับ > ถุงเท้า,93,ชื่อสินค้าคือถุงเท้า
26300370,ถุงเท้า - ไม่มี,สินค้าและอุปกรณ์สำหรับเด็ก,เสื้อผ้าและเครื่องประดับ > ถุงเท้า,93,ชื่อสินค้าคือถุงเท้า
26300371,ถุงเท้า - ไม่มี,สินค้าและอุปกรณ์สำหรับเด็ก,เสื้อผ้าและเครื่องประดับ > ถุงเท้า,93,ชื่อสินค้าคือถุงเท้า
26300372,ถุงเท้า - ไม่มี,สินค้าและอุปกรณ์สำหรับเด็ก,เสื้อผ้าและเครื่องประดับ > ถุงเท้า,93,ชื่อสินค้าคือถุงเท้า
26300373,ถุงเท้า - ไม่มี,สินค้าและอุปกรณ์สำหรับเด็ก,เสื้อผ้าและเครื่องประดับ > ถุงเท้า,93,ชื่อสินค้าคือถุงเท้า
26300374,ถุงเท้า - ไม่มี,สินค้าและอุปกรณ์สำหรับเด็ก,เสื้อผ้าและเครื่องประดับ > ถุงเท้า,93,ชื่อสินค้าคือถุงเท้า
26300375,ถุงเท้า - ไม่มี,สินค้าและอุปกรณ์สำหรับเด็ก,เสื้อผ้าและเครื่องประดับ > ถุงเท้า,93,ชื่อสินค้าคือถุงเท้า
26300376,ถุงเท้า - ไม่มี,สินค้าและอุปกรณ์สำหรับเด็ก,เสื้อผ้าและเครื่องประดับ > ถุงเท้า,93,ชื่อสินค้าคือถุงเท้า
26300377,ถุงเท้า - ไม่มี,สินค้าและอุปกรณ์สำหรับเด็ก,เสื้อผ้าและเครื่องประดับ > ถุงเท้า,93,ชื่อสินค้าคือถุงเท้า
26300378,ถุงเท้า - ไม่มี,สินค้าและอุปกรณ์สำหรับเด็ก,เสื้อผ้าและเครื่องประดับ > ถุงเท้า,93,ชื่อสินค้าคือถุงเท้า
26300379,ถุงเท้า - ไม่มี,สินค้าและอุปกรณ์สำหรับเด็ก,เสื้อผ้าและเครื่องประดับ > ถุงเท้า,93,ชื่อสินค้าคือถุงเท้า
26300380,ถุงเท้า - ไม่มี,สินค้าและอุปกรณ์สำหรับเด็ก,เสื้อผ้าและเครื่องประดับ > ถุงเท้า,93,ชื่อสินค้าคือถุงเท้า
26300381,ถุงเท้า - ไม่มี,สินค้าและอุปกรณ์สำหรับเด็ก,เสื้อผ้าและเครื่องประดับ > ถุงเท้า,93,ชื่อสินค้าคือถุงเท้า
26300382,ถุงเท้า - ไม่มี,สินค้าและอุปกรณ์สำหรับเด็ก,เสื้อผ้าและเครื่องประดับ > ถุงเท้า,93,ชื่อสินค้าคือถุงเท้า
26300384,ถุงเท้า - ไม่มี,สินค้าและอุปกรณ์สำหรับเด็ก,เสื้อผ้าและเครื่องประดับ > ถุงเท้า,93,ชื่อสินค้าคือถุงเท้า
26300385,ถุงเท้า - ไม่มี,สินค้าและอุปกรณ์สำหรับเด็ก,เสื้อผ้าและเครื่องประดับ > ถุงเท้า,93,ชื่อสินค้าคือถุงเท้า
26300386,ถุงเท้า - ไม่มี,สินค้าและอุปกรณ์สำหรับเด็ก,เสื้อผ้าและเครื่องประดับ > ถุงเท้า,93,ชื่อสินค้าคือถุงเท้า
26300387,ถุงเท้า - ไม่มี,สินค้าและอุปกรณ์สำหรับเด็ก,เสื้อผ้าและเครื่องประดับ > ถุงเท้า,93,ชื่อสินค้าคือถุงเท้า
26300388,ถุงเท้า - ไม่มี,สินค้าและอุปกรณ์สำหรับเด็ก,เสื้อผ้าและเครื่องประดับ > ถุงเท้า,93,ชื่อสินค้าคือถุงเท้า
26300389,ถุงเท้า - ไม่มี,สินค้าและอุปกรณ์สำหรับเด็ก,เสื้อผ้าและเครื่องประดับ > ถุงเท้า,93,ชื่อสินค้าคือถุงเท้า
26300390,รองเท้า - adidas,สินค้าและอุปกรณ์สำหรับเด็ก,เสื้อผ้าและเครื่องประดับ > รองเท้า,93,ชื่อสินค้าคือรองเท้า
26300395,รองเท้า - MONT-BELL,สินค้าและอุปกรณ์สำหรับเด็ก,เสื้อผ้าและเครื่องประดับ > รองเท้า,93,ชื่อสินค้าคือรองเท้า
26300404,เสื้อยืด - ROAMING,สินค้าและอุปกรณ์สำหรับเด็ก,เสื้อผ้าและเครื่องประดับ > เสื้อเด็ก,92,ชื่อสินค้าคือเสื้อยืด
26300405,คอสเพลย์ตำรวจ - ไม่มี,สินค้าและอุปกรณ์สำหรับเด็ก,เสื้อผ้าและเครื่องประดับ > ชุดแฟนซี,90,ชื่อสินค้าคือชุดแฟนซี/คอสเพลย์ ไม่ใช่ชุดเดรสทั่วไป
26300406,เสื้อยืด - ไม่มี,สินค้าและอุปกรณ์สำหรับเด็ก,เสื้อผ้าและเครื่องประดับ > เสื้อเด็ก,92,ชื่อสินค้าคือเสื้อยืด
26300407,เสื้อแจ็คเก็ต - ไม่มี,สินค้าและอุปกรณ์สำหรับเด็ก,เสื้อผ้าและเครื่องประดับ > เสื้อแจ็คเก็ตและฮู้ด,90,ชื่อสินค้าคือแจ็คเก็ต/ฮู้ด/เสื้อกันหนาว
26300408,เสื้อแจ็คเก็ต - H&M,สินค้าและอุปกรณ์สำหรับเด็ก,เสื้อผ้าและเครื่องประดับ > เสื้อแจ็คเก็ตและฮู้ด,90,ชื่อสินค้าคือแจ็คเก็ต/ฮู้ด/เสื้อกันหนาว
26300409,กางเกง - ไม่มี,สินค้าและอุปกรณ์สำหรับเด็ก,เสื้อผ้าและเครื่องประดับ > กางเกงเด็ก,92,ชื่อสินค้าคือกางเกง
26300413,เสื้อยืด - ไม่มี,สินค้าและอุปกรณ์สำหรับเด็ก,เสื้อผ้าและเครื่องประดับ > เสื้อเด็ก,92,ชื่อสินค้าคือเสื้อยืด
26300415,เสื้อ - PHAHURAT.COM,สินค้าและอุปกรณ์สำหรับเด็ก,เสื้อผ้าและเครื่องประดับ > เสื้อเด็ก,82,ชื่อสินค้ามีคำว่าเสื้อ/shirt
26300417,คอสเพลย์ทหารบก - ไม่มี,สินค้าและอุปกรณ์สำหรับเด็ก,เสื้อผ้าและเครื่องประดับ > ชุดแฟนซี,90,ชื่อสินค้าคือชุดแฟนซี/คอสเพลย์ ไม่ใช่ชุดเดรสทั่วไป
26300418,รองเท้าผ้าใบ - adidas,สินค้าและอุปกรณ์สำหรับเด็ก,เสื้อผ้าและเครื่องประดับ > รองเท้า,93,ชื่อสินค้าคือรองเท้า
26300419,ชุด - ไม่มี,สินค้าและอุปกรณ์สำหรับเด็ก,เสื้อผ้าและเครื่องประดับ,45,ชื่อมีคำว่าชุดแต่ระบุแค่แบรนด์ จึงให้อยู่ที่หมวดเสื้อผ้าชั้นบน ไม่ลงใบ
26300421,เสื้อยืด - ROAMING,สินค้าและอุปกรณ์สำหรับเด็ก,เสื้อผ้าและเครื่องประดับ > เสื้อเด็ก,92,ชื่อสินค้าคือเสื้อยืด
26300422,เสื้อยืด - ROAMING,สินค้าและอุปกรณ์สำหรับเด็ก,เสื้อผ้าและเครื่องประดับ > เสื้อเด็ก,92,ชื่อสินค้าคือเสื้อยืด
26300425,คอสเพลย์นักร้อง - ไม่มี,สินค้าและอุปกรณ์สำหรับเด็ก,เสื้อผ้าและเครื่องประดับ > ชุดแฟนซี,90,ชื่อสินค้าคือชุดแฟนซี/คอสเพลย์ ไม่ใช่ชุดเดรสทั่วไป
26300426,คอสเพลย์ตำรวจ - ไม่มี,สินค้าและอุปกรณ์สำหรับเด็ก,เสื้อผ้าและเครื่องประดับ > ชุดแฟนซี,90,ชื่อสินค้าคือชุดแฟนซี/คอสเพลย์ ไม่ใช่ชุดเดรสทั่วไป
26300427,คอสเพลย์นักบิน - ไม่มี,สินค้าและอุปกรณ์สำหรับเด็ก,เสื้อผ้าและเครื่องประดับ > ชุดแฟนซี,90,ชื่อสินค้าคือชุดแฟนซี/คอสเพลย์ ไม่ใช่ชุดเดรสทั่วไป
26300428,คอสเพลย์พิซซ่า - ไม่มี,สินค้าและอุปกรณ์สำหรับเด็ก,เสื้อผ้าและเครื่องประดับ > ชุดแฟนซี,90,ชื่อสินค้าคือชุดแฟนซี/คอสเพลย์ ไม่ใช่ชุดเดรสทั่วไป
26300429,คอสเพลย์พิซซ่า - ไม่มี,สินค้าและอุปกรณ์สำหรับเด็ก,เสื้อผ้าและเครื่องประดับ > ชุดแฟนซี,90,ชื่อสินค้าคือชุดแฟนซี/คอสเพลย์ ไม่ใช่ชุดเดรสทั่วไป
26300430,คอสเพลย์นักบิน - ไม่มี,สินค้าและอุปกรณ์สำหรับเด็ก,เสื้อผ้าและเครื่องประดับ > ชุดแฟนซี,90,ชื่อสินค้าคือชุดแฟนซี/คอสเพลย์ ไม่ใช่ชุดเดรสทั่วไป
26300432,คอสเพลย์นักบิน - ไม่มี,สินค้าและอุปกรณ์สำหรับเด็ก,เสื้อผ้าและเครื่องประดับ > ชุดแฟนซี,90,ชื่อสินค้าคือชุดแฟนซี/คอสเพลย์ ไม่ใช่ชุดเดรสทั่วไป
26300433,เสื้อยืด - TRUE RELIGION,สินค้าและอุปกรณ์สำหรับเด็ก,เสื้อผ้าและเครื่องประดับ > เสื้อเด็ก,92,ชื่อสินค้าคือเสื้อยืด
26300434,เสื้อยืด - H&M,สินค้าและอุปกรณ์สำหรับเด็ก,เสื้อผ้าและเครื่องประดับ > เสื้อเด็ก,92,ชื่อสินค้าคือเสื้อยืด
26300435,เสื้อยืด - H&M,สินค้าและอุปกรณ์สำหรับเด็ก,เสื้อผ้าและเครื่องประดับ > เสื้อเด็ก,92,ชื่อสินค้าคือเสื้อยืด
26300436,คอสเพลย์นักแข่งรถ - ไม่มี,สินค้าและอุปกรณ์สำหรับเด็ก,เสื้อผ้าและเครื่องประดับ > ชุดแฟนซี,90,ชื่อสินค้าคือชุดแฟนซี/คอสเพลย์ ไม่ใช่ชุดเดรสทั่วไป
26300438,คอสเพลย์แดร์กคิวล่า - ไม่มี,สินค้าและอุปกรณ์สำหรับเด็ก,เสื้อผ้าและเครื่องประดับ > ชุดแฟนซี,90,ชื่อสินค้าคือชุดแฟนซี/คอสเพลย์ ไม่ใช่ชุดเดรสทั่วไป
26300439,คอสเพลย์แดร์กคิวล่า - ไม่มี,สินค้าและอุปกรณ์สำหรับเด็ก,เสื้อผ้าและเครื่องประดับ > ชุดแฟนซี,90,ชื่อสินค้าคือชุดแฟนซี/คอสเพลย์ ไม่ใช่ชุดเดรสทั่วไป
26300440,คอสเพลย์ตำรวจ - ไม่มี,สินค้าและอุปกรณ์สำหรับเด็ก,เสื้อผ้าและเครื่องประดับ > ชุดแฟนซี,90,ชื่อสินค้าคือชุดแฟนซี/คอสเพลย์ ไม่ใช่ชุดเดรสทั่วไป
26300441,รองเท้าผ้าใบ adidas LEGO - adidas,สินค้าและอุปกรณ์สำหรับเด็ก,เสื้อผ้าและเครื่องประดับ > รองเท้า,93,ชื่อสินค้าคือรองเท้า
26300442,รองเท้าผ้าใบ SPERRY  - SPERRY,สินค้าและอุปกรณ์สำหรับเด็ก,เสื้อผ้าและเครื่องประดับ > รองเท้า,93,ชื่อสินค้าคือรองเท้า
26300444,รองเท้า crocs - crocs,สินค้าและอุปกรณ์สำหรับเด็ก,เสื้อผ้าและเครื่องประดับ > รองเท้า,93,ชื่อสินค้าคือรองเท้า
26300447,รองเท้าแตะ ลาย Spider Man - Disney S,สินค้าและอุปกรณ์สำหรับเด็ก,เสื้อผ้าและเครื่องประดับ > รองเท้า,93,ชื่อสินค้าคือรองเท้า
26300448,รองเท้าผ้าใบ adidas - adidas,สินค้าและอุปกรณ์สำหรับเด็ก,เสื้อผ้าและเครื่องประดับ > รองเท้า,93,ชื่อสินค้าคือรองเท้า
26300450,รองเท้าผ้าใบ adidas Toy Story - adidas,สินค้าและอุปกรณ์สำหรับเด็ก,ของเล่นและเครื่องนอนการตกแต่ง > ของเล่น,80,ชื่อสินค้าคือของเล่น
26300451,รองเท้าผ้าใบ adidas ลาย Mickey Mouse  - adidas,สินค้าและอุปกรณ์สำหรับเด็ก,เสื้อผ้าและเครื่องประดับ > รองเท้า,93,ชื่อสินค้าคือรองเท้า
26300453,รองเท้า MAX+ JAKE - MAX+ JAKE,สินค้าและอุปกรณ์สำหรับเด็ก,เสื้อผ้าและเครื่องประดับ > รองเท้า,93,ชื่อสินค้าคือรองเท้า
26300454,รองเท้าผ้าใบ adidas - adidas,สินค้าและอุปกรณ์สำหรับเด็ก,เสื้อผ้าและเครื่องประดับ > รองเท้า,93,ชื่อสินค้าคือรองเท้า
26300455,รองเท้า adidas - adidas,สินค้าและอุปกรณ์สำหรับเด็ก,เสื้อผ้าและเครื่องประดับ > รองเท้า,93,ชื่อสินค้าคือรองเท้า
26300458,รองเท้า SPERRY  - SPERRY,สินค้าและอุปกรณ์สำหรับเด็ก,เสื้อผ้าและเครื่องประดับ > รองเท้า,93,ชื่อสินค้าคือรองเท้า
26300460,รองเท้าผ้าใบ adidas LEGO - adidas,สินค้าและอุปกรณ์สำหรับเด็ก,เสื้อผ้าและเครื่องประดับ > รองเท้า,93,ชื่อสินค้าคือรองเท้า
26300462,รองเท้าผ้าใบ adidas - adidas,สินค้าและอุปกรณ์สำหรับเด็ก,เสื้อผ้าและเครื่องประดับ > รองเท้า,93,ชื่อสินค้าคือรองเท้า
26300480,รองเท้าผ้าใบ NIKE - NIKE,สินค้าและอุปกรณ์สำหรับเด็ก,เสื้อผ้าและเครื่องประดับ > รองเท้า,93,ชื่อสินค้าคือรองเท้า
26300482,รองเท้าผ้าใบ NIKE - NIKE,สินค้าและอุปกรณ์สำหรับเด็ก,เสื้อผ้าและเครื่องประดับ > รองเท้า,93,ชื่อสินค้าคือรองเท้า
26300483,รองเท้า SPERRY  - SPERRY,สินค้าและอุปกรณ์สำหรับเด็ก,เสื้อผ้าและเครื่องประดับ > รองเท้า,93,ชื่อสินค้าคือรองเท้า
26300485,รองเท้าผ้าใบ  - NIKE,สินค้าและอุปกรณ์สำหรับเด็ก,เสื้อผ้าและเครื่องประดับ > รองเท้า,93,ชื่อสินค้าคือรองเท้า
26300487,เสื้อเชิ้ตคอปกโปโลสีเขียว - Ralph Lauren,สินค้าและอุปกรณ์สำหรับเด็ก,เสื้อผ้าและเครื่องประดับ > เสื้อเด็ก,90,ชื่อสินค้าคือเสื้อ
26300488,เสื้อยืดแขนสั้นสกรีน - Ralph Lauren,สินค้าและอุปกรณ์สำหรับเด็ก,เสื้อผ้าและเครื่องประดับ > เสื้อเด็ก,92,ชื่อสินค้าคือเสื้อยืด
26300489,เสื้อแขนสั้นมีถุงข้างหน้า - ZARA,สินค้าและอุปกรณ์สำหรับเด็ก,เสื้อผ้าและเครื่องประดับ > เสื้อเด็ก,90,ชื่อสินค้าคือเสื้อ
26300490,กางเกงขายาว - Uniqlo,สินค้าและอุปกรณ์สำหรับเด็ก,เสื้อผ้าและเครื่องประดับ > กางเกงเด็ก,92,ชื่อสินค้าคือกางเกง
26300492,เสื้อกันหนาว - ZARA,สินค้าและอุปกรณ์สำหรับเด็ก,เสื้อผ้าและเครื่องประดับ > เสื้อแจ็คเก็ตและฮู้ด,90,ชื่อสินค้าคือแจ็คเก็ต/ฮู้ด/เสื้อกันหนาว
26300493,เสื้อยืดลายขวาง - ZARA,สินค้าและอุปกรณ์สำหรับเด็ก,เสื้อผ้าและเครื่องประดับ > เสื้อเด็ก,92,ชื่อสินค้าคือเสื้อยืด
26300494,กางเกงขายาว - Uniqlo,สินค้าและอุปกรณ์สำหรับเด็ก,เสื้อผ้าและเครื่องประดับ > กางเกงเด็ก,92,ชื่อสินค้าคือกางเกง
26300496,กางเกงขาสั้น - H&M,สินค้าและอุปกรณ์สำหรับเด็ก,เสื้อผ้าและเครื่องประดับ > กางเกงเด็ก,90,ชื่อสินค้าคือกางเกงขาสั้น
26300498,กางเกงขาสั้น - carter's,สินค้าและอุปกรณ์สำหรับเด็ก,เสื้อผ้าและเครื่องประดับ > กางเกงเด็ก,90,ชื่อสินค้าคือกางเกงขาสั้น
26300500,กางเกงขายาว - GAP,สินค้าและอุปกรณ์สำหรับเด็ก,เสื้อผ้าและเครื่องประดับ > กางเกงเด็ก,92,ชื่อสินค้าคือกางเกง
26300501,กางเกงยีนส์ขาสั้นลายต้นมะพร้าว - M&S,สินค้าและอุปกรณ์สำหรับเด็ก,เสื้อผ้าและเครื่องประดับ > กางเกงยีนส์เด็ก,94,ชื่อสินค้าคือกางเกงยีนส์
26300502,กางเกงขายาว - Uniqlo,สินค้าและอุปกรณ์สำหรับเด็ก,เสื้อผ้าและเครื่องประดับ > กางเกงเด็ก,92,ชื่อสินค้าคือกางเกง
26300505,กางเกงยีนส์ขายาว - M&S,สินค้าและอุปกรณ์สำหรับเด็ก,เสื้อผ้าและเครื่องประดับ > กางเกงยีนส์เด็ก,94,ชื่อสินค้าคือกางเกงยีนส์
26300506,กางเกงขาสั้น - ไม่มี,สินค้าและอุปกรณ์สำหรับเด็ก,เสื้อผ้าและเครื่องประดับ > กางเกงเด็ก,90,ชื่อสินค้าคือกางเกงขาสั้น
26300507,กางเกงขาสั้น - ไม่มี,สินค้าและอุปกรณ์สำหรับเด็ก,เสื้อผ้าและเครื่องประดับ > กางเกงเด็ก,90,ชื่อสินค้าคือกางเกงขาสั้น
26300508,กางเกงขาสั้น - ไม่มี,สินค้าและอุปกรณ์สำหรับเด็ก,เสื้อผ้าและเครื่องประดับ > กางเกงเด็ก,90,ชื่อสินค้าคือกางเกงขาสั้น
26300509,กางเกงขายาว - ไม่มี,สินค้าและอุปกรณ์สำหรับเด็ก,เสื้อผ้าและเครื่องประดับ > กางเกงเด็ก,92,ชื่อสินค้าคือกางเกง
26300510,กางเกงขายาว - ไม่มี,สินค้าและอุปกรณ์สำหรับเด็ก,เสื้อผ้าและเครื่องประดับ > กางเกงเด็ก,92,ชื่อสินค้าคือกางเกง
26300511,กางเกงขายาว ลายพราง - GAP,สินค้าและอุปกรณ์สำหรับเด็ก,เสื้อผ้าและเครื่องประดับ > กางเกงเด็ก,92,ชื่อสินค้าคือกางเกง
26300514,กางเกงขายาวลายขวาง - Uniqlo,สินค้าและอุปกรณ์สำหรับเด็ก,เสื้อผ้าและเครื่องประดับ > กางเกงเด็ก,92,ชื่อสินค้าคือกางเกง
26300516,เสื้อกันหนาว - ZARA,สินค้าและอุปกรณ์สำหรับเด็ก,เสื้อผ้าและเครื่องประดับ > เสื้อแจ็คเก็ตและฮู้ด,90,ชื่อสินค้าคือแจ็คเก็ต/ฮู้ด/เสื้อกันหนาว
26300517,เสื้อเชิ้ตคอปกโปโลสีเขียว - POLO,สินค้าและอุปกรณ์สำหรับเด็ก,เสื้อผ้าและเครื่องประดับ > เสื้อเด็ก,92,ชื่อสินค้าคือเสื้อโปโล
26300519,เสื้อแขนสั้น - ZARA,สินค้าและอุปกรณ์สำหรับเด็ก,เสื้อผ้าและเครื่องประดับ > เสื้อเด็ก,90,ชื่อสินค้าคือเสื้อ
26300520,เสื้อแขนสั้น - ZARA,สินค้าและอุปกรณ์สำหรับเด็ก,เสื้อผ้าและเครื่องประดับ > เสื้อเด็ก,90,ชื่อสินค้าคือเสื้อ
26300521,เสื้อแขนสั้นมีถุงข้างหน้า - ZARA,สินค้าและอุปกรณ์สำหรับเด็ก,เสื้อผ้าและเครื่องประดับ > เสื้อเด็ก,90,ชื่อสินค้าคือเสื้อ
26300522,เสื้อแขนสั้นลายซุปเปอร์ฮีโร่ - MARVEL,สินค้าและอุปกรณ์สำหรับเด็ก,เสื้อผ้าและเครื่องประดับ > เสื้อเด็ก,90,ชื่อสินค้าคือเสื้อ
26300523,เสื้อยืดลายขวาง - ไม่มี,สินค้าและอุปกรณ์สำหรับเด็ก,เสื้อผ้าและเครื่องประดับ > เสื้อเด็ก,92,ชื่อสินค้าคือเสื้อยืด
26300524,เสื้อแขนสั้นลายขวางมีถุงข้างหน้า - ZARA,สินค้าและอุปกรณ์สำหรับเด็ก,เสื้อผ้าและเครื่องประดับ > เสื้อเด็ก,90,ชื่อสินค้าคือเสื้อ
26300525,เสื้อยืดลายหมี - Ralph Lauren,สินค้าและอุปกรณ์สำหรับเด็ก,เสื้อผ้าและเครื่องประดับ > เสื้อเด็ก,92,ชื่อสินค้าคือเสื้อยืด
26300526,เสื้อยืดแขนสั้น - ZARA,สินค้าและอุปกรณ์สำหรับเด็ก,เสื้อผ้าและเครื่องประดับ > เสื้อเด็ก,92,ชื่อสินค้าคือเสื้อยืด
26300527,เสื้อยืดลายขวาง - UNI QLO,สินค้าและอุปกรณ์สำหรับเด็ก,เสื้อผ้าและเครื่องประดับ > เสื้อเด็ก,92,ชื่อสินค้าคือเสื้อยืด
