ID,Type,SKU,"GTIN, UPC, EAN, or ISBN",Name,Published,Is featured?,Visibility in catalog,Short description,Description,Date sale price starts,Date sale price ends,Tax status,Tax class,In stock?,Stock,Low stock amount,Backorders allowed?,Sold individually?,Weight (kg),Length (cm),Width (cm),Height (cm),Allow customer reviews?,Purchase note,Sale price,Regular price,Categories,Tags,Shipping class,Images,Download limit,Download expiry days,Parent,Grouped products,Upsells,Cross-sells,External URL,Button text,Position,Brands,Attribute 1 name,Attribute 1 value(s),Attribute 1 visible,Attribute 1 global,Attribute 2 name,Attribute 2 value(s),Attribute 2 visible,Attribute 2 global,Attribute 3 name,Attribute 3 value(s),Attribute 3 visible,Attribute 3 global,Attribute 4 name,Attribute 4 value(s),Attribute 4 visible,Attribute 4 global,Meta: condition
2110,simple,300058,,Car Body suit 3pieces ชุดบอดี้สูทลายรถ3 ชิ้น,1,0,visible,"เซตบอดี้สูท 3 ชิ้น แบรนด์ Carter’s สีฟ้า,เทา,แดง  ผลิตจากผ้าฝ้าย นุ่ม ใส่สบาย ลายรถสุดน่ารัก ไซส์ เบบี้ 3เดือน(3M)",,,,taxable,,1,1,,0,0,0.2,,,,0,,235,780,สินค้าและอุปกรณ์สำหรับเด็ก,,,"https://punpunkun.com/wp-content/uploads/2021/03/Image-from-iOS-187.jpg, https://punpunkun.com/wp-content/uploads/2021/03/Image-from-iOS-189.jpg, https://punpunkun.com/wp-content/uploads/2021/03/Image-from-iOS-190.jpg, https://punpunkun.com/wp-content/uploads/2021/03/Image-from-iOS-191.jpg, https://punpunkun.com/wp-content/uploads/2021/03/Image-from-iOS-192.jpg, https://punpunkun.com/wp-content/uploads/2021/03/Image-from-iOS-193.jpg",,,,,,,,,87,,สี,"สีฟ้า, สีเทา, สีแดง",1,1,เพศ,ชาย,1,1,Size (เสื้อ),3M,1,1,อายุ,3เดือน,1,1,สภาพดี
2118,simple,300057,,Kenzo Kids Shirt เสื้อยืดเคนโซ่,1,0,visible,"เสื้อยืด แบรนด์ Kenzo kids\n\n&nbsp;\n\nสีน้ำเงิน   สุดเทห์ ไซส์ 6เดือน (6M/68)",,,,taxable,,1,1,,0,0,0.1,,,,0,,810,2700,สินค้าและอุปกรณ์สำหรับเด็ก,,,"https://punpunkun.com/wp-content/uploads/2021/03/D595AEFA-4BFC-43FF-BBC1-FEEB9E4E82F4-scaled.jpeg, https://punpunkun.com/wp-content/uploads/2021/03/FFF0FA1E-A528-41A6-BAAE-353BB01B99E0-scaled.jpeg, https://punpunkun.com/wp-content/uploads/2021/03/AED5B486-2F62-4B72-BC68-C1C3D89F55E5-scaled.jpeg, https://punpunkun.com/wp-content/uploads/2021/03/70C111AE-2FC2-4AEB-B869-93FE71B4DD7D-scaled.jpeg",,,,,,,,,182,,สี,สีน้ำเงิน,1,1,Size (เสื้อ),6M,1,1,เพศ,ชาย,1,1,อายุ,6เดือน,1,1,สภาพดี
2125,simple,300056,,Baby Body suit ชุดบอดี้สูทแขนกุด,1,0,visible,"ชุดบอดี้สูทแขนกุด แบรนด์ Burberry สีขาว\n\n&nbsp;\n\nจะใส่อยู่บ้านหรือพาออกไปเที่ยวข้างนอกก็ดูน่ารัก ไซส์ 3เดือน (3M/62)",,,,taxable,,1,1,,0,0,0.1,,,,0,,600,1990,สินค้าและอุปกรณ์สำหรับเด็ก,,,"https://punpunkun.com/wp-content/uploads/2021/03/862A85AE-01B4-45BC-82BB-9992D1A30F6F-scaled.jpeg, https://punpunkun.com/wp-content/uploads/2021/03/8FBE16E0-4C1A-4CFB-BD45-8F964C436C88-scaled.jpeg, https://punpunkun.com/wp-content/uploads/2021/03/5EAE389D-46DE-4E58-9755-19F2752B77ED-scaled.jpeg, https://punpunkun.com/wp-content/uploads/2021/03/554691B5-6FD8-4A37-A501-70E1A6C6B9E6-scaled.jpeg",,,,,,,,,26,,สี,สีขาว,1,1,Size (เสื้อ),3M,1,1,เพศ,"ชาย, หญิง",1,1,อายุ,3เดือน,1,1,สภาพดี
2130,simple,300055,,Ralph Lauren Shirt เสื้อยืดคอกลมโปโลสีน้ำเงิน,1,0,visible,"เสื้อยืดแขนสั้น แบรนด์ Ralph Lauren\n\n&nbsp;\n\n&nbsp;\n\nสีน้ำเงิน สุดเท่ห์ ผลิตจากผ้าฝ้ายแท้ 100%  สีน้ำเงิน ไซส์ 6เดือน (6M 66/44)",,,,taxable,,1,1,,0,0,0.1,,,,0,,360,1190,สินค้าและอุปกรณ์สำหรับเด็ก,,,"https://punpunkun.com/wp-content/uploads/2021/03/6B717A91-FBC2-4BD9-B6B7-26A5BE62FFF4-scaled.jpeg, https://punpunkun.com/wp-content/uploads/2021/03/6312A92F-E565-493D-81E2-7212D0294702-scaled.jpeg, https://punpunkun.com/wp-content/uploads/2021/03/FCABAF22-636A-455E-9DCA-FA7320CFF269-scaled.jpeg",,,,,,,,,259,,สี,สีน้ำเงิน,1,1,Size (เสื้อ),6M,1,1,เพศ,ชาย,1,1,อายุ,6เดือน,1,1,สภาพดี
2138,simple,300054,,Car&amp;Tree Body suit ชุดบอดี้สูทรถและต้นไม้,1,0,visible,"ชุดบอดี้สูทแขนสั้น แบรนด์ Mamas&amp;Papas\n\n&nbsp;\n\nสีแดงสดใส ผลิตจากผ้า cotton 100% ไซส์ 9-12 เดือน (9-12M)",,,,taxable,,1,1,,0,0,0.1,,,,0,,435,1450,สินค้าและอุปกรณ์สำหรับเด็ก,,,"https://punpunkun.com/wp-content/uploads/2021/03/FCA358F8-2D9C-4B18-949B-E5DC986118CC-scaled.jpeg, https://punpunkun.com/wp-content/uploads/2021/03/CF0C8243-D3D3-49EF-BA78-4760289FB0D3-scaled.jpeg, https://punpunkun.com/wp-content/uploads/2021/03/1B2614DB-985B-499C-92AA-854641E1224D-scaled.jpeg, https://punpunkun.com/wp-content/uploads/2021/03/33D5F5A9-102D-4E89-8E6B-C64E226ECD90-scaled.jpeg",,,,,,,,,99,,สี,สีแดง,1,1,เพศ,"ชาย, หญิง",1,1,Size (เสื้อ),9M,1,1,อายุ,9เดือน,1,1,สภาพดี
2145,simple,300053,,Ralph Lauren Polo Shirt เสื้อเชิ้ตคอปกโปโลสีน้ำเงิน,1,0,visible,"เสื้อโปโล แบรนด์ Ralph Lauren สีน้ำเงิน\n\n&nbsp;\n\nใส่สบาย ไซส์ 3เดือน(3M)",,,,taxable,,1,1,,0,0,0.1,,,,0,,360,1190,สินค้าและอุปกรณ์สำหรับเด็ก,,,"https://punpunkun.com/wp-content/uploads/2021/03/1E823480-5437-477D-B4A9-9A2941F54514-scaled.jpeg, https://punpunkun.com/wp-content/uploads/2021/03/9D5D629D-12FA-4EF3-9B5B-06D4641DDDCB-scaled.jpeg, https://punpunkun.com/wp-content/uploads/2021/03/68A42B0F-6067-485B-9CEC-69144050E3B3-scaled.jpeg, https://punpunkun.com/wp-content/uploads/2021/03/91C4E85D-0CD7-485C-8224-DC78702E3CE4-scaled.jpeg",,,,,,,,,253,,สี,สีน้ำเงิน,1,1,Size (เสื้อ),3M,1,1,เพศ,ชาย,1,1,อายุ,3เดือน,1,1,สภาพดี
2156,simple,300052,,Ralph Lauren Shirt เสื้อยืดคอกลมโปโลสีน้ำเงิน,1,0,visible,"เสื้อยืด แบรนด์ Ralph Lauren\n\n&nbsp;\n\nสีน้ำเงิน มีกระดุมด้านบน ใส่ง่าย เนื้อนุ่ม สวมใส่สบาย ไซส์ 3เดือน ( 3M 60/44)",,,,taxable,,1,1,,0,0,0.1,,,,0,,390,1290,สินค้าและอุปกรณ์สำหรับเด็ก,,,"https://punpunkun.com/wp-content/uploads/2021/03/0722A33A-86A3-4678-BA94-1567E7F20618-scaled-e1730691634932.jpeg, https://punpunkun.com/wp-content/uploads/2021/03/24E681AD-EE1D-4714-A1B8-0322372A34B5-scaled.jpeg, https://punpunkun.com/wp-content/uploads/2021/03/E3F88452-2E85-4562-8CDB-F670EB510A73-scaled.jpeg",,,,,,,,,260,,สี,สีน้ำเงิน,1,1,Size (เสื้อ),3M,1,1,เพศ,ชาย,1,1,อายุ,3เดือน,1,1,สภาพดี
2162,simple,300051,,Ralph Lauren Shirt เสื้อเชิ้ตโปโลคอปกลายทาง,1,0,visible,เสื้อโปโล แบรนด์ Ralph Lauren แถบขาว แดง เหลือง เขียว มีกระดุมด้านหน้า สวมใส่สบาย ไซส์ 3เดือน(3M),,,,taxable,,1,1,,0,0,0.1,,,,0,,360,1190,สินค้าและอุปกรณ์สำหรับเด็ก,,,"https://punpunkun.com/wp-content/uploads/2021/03/44D1D163-D4FF-4A8F-B7BF-FA8BC0A76775-scaled.jpeg, https://punpunkun.com/wp-content/uploads/2021/03/375B017E-CF71-4A31-9D6D-C4E5B50DF1AE-scaled.jpeg, https://punpunkun.com/wp-content/uploads/2021/03/8A53789B-573E-4BEF-8E47-1154B791A866-scaled.jpeg",,,,,,,,,263,,สี,"สีขาว, สีน้ำเงิน, สีเขียว, สีเหลือง, สีแดง",1,1,Size (เสื้อ),3M,1,1,เพศ,ชาย,1,1,อายุ,3เดือน,1,1,สภาพดี
2169,simple,300050,,Baby First Favorite Print Footed One-Piece ชุดนอนแขนยาวลายน้องหมี,1,0,visible,"ชุดนอนแขนยาว แบรนด์ Baby GAP สีฟ้า\n\n&nbsp;\n\n&nbsp;\n\nลายน้องหมีสุดน่ารัก มีซิบบริเวณด้านหน้า สวมใส่ง่าย ไซส์ 6-9เดือน( 6-9M)",,,,taxable,,1,1,,0,0,0.2,,,,0,,175,350,สินค้าและอุปกรณ์สำหรับเด็ก,,,"https://punpunkun.com/wp-content/uploads/2021/03/62C4EF4A-EB7C-41E4-9A56-A7DD64217146-scaled.jpeg, https://punpunkun.com/wp-content/uploads/2021/03/3DE10ADE-68F5-4803-A6BB-B70E280A5C44-scaled.jpeg, https://punpunkun.com/wp-content/uploads/2021/03/E7EFDCC6-1A6B-49BA-B0B0-D6D53226D9BF-scaled.jpeg, https://punpunkun.com/wp-content/uploads/2021/03/655EDD34-AFD8-4F94-9DF5-F9FD352E3966-scaled.jpeg, https://punpunkun.com/wp-content/uploads/2021/03/FF43CDAA-E2DF-4375-86B4-FCFE81589E58-scaled.jpeg",,,,,,,,,28,,สี,สีฟ้า,1,1,Size (เสื้อ),6M,1,1,เพศ,"ชาย, หญิง",1,1,อายุ,6เดือน,1,1,สภาพดี
2421,simple,300049,,Car Boys Bodysuit ชุดบอดี้สูทขาสั้นลายรถ,1,0,visible,"ชุดบอดี้สูทแขนสั้น แบรนด์ Mamas&amp;Papas\n\n&nbsp;\n\nสีเทา ลายยานพาหนะ ผลิตจากผ้า cotton 100% ไซส์ 9-12 เดือน( 9-12M)",,,,taxable,,0,0,,0,0,0.1,,,,0,,495,1650,สินค้าและอุปกรณ์สำหรับเด็ก,,,"https://punpunkun.com/wp-content/uploads/2021/03/A12D203F-552D-469F-BE69-B0B3BB9E4C72-scaled.jpeg, https://punpunkun.com/wp-content/uploads/2021/03/A12D203F-552D-469F-BE69-B0B3BB9E4C72-scaled.jpeg, https://punpunkun.com/wp-content/uploads/2021/03/680A23F4-9D89-4A5F-9666-406E169BB2CD-scaled.jpeg, https://punpunkun.com/wp-content/uploads/2021/03/A14A185F-B2D6-4918-99EE-BB39A45120D9-scaled.jpeg, https://punpunkun.com/wp-content/uploads/2021/03/77DE702C-37E2-4ADC-8B5F-F987C36F829D-scaled.jpeg",,,,,,,,,91,,สี,สีเทา,1,1,Size (เสื้อ),9M,1,1,เพศ,ชาย,1,1,อายุ,9เดือน,1,1,สภาพดี
2423,simple,300048,,Awesome Mom Collectible Bodysuit ชุดบอดี้สูทขาสั้นลายพิมพ์,1,0,visible,"ชุดบอดี้สูทแขนสั้น แบรนด์ Carter’s\n\n&nbsp;\n\nสีเทา ผลิตจากผ้าฝ้าย นุ่ม ใส่สบาย ไซส์ 3เดือน( 3M)",,,,taxable,,1,1,,0,0,0.1,,,,0,,115,280,สินค้าและอุปกรณ์สำหรับเด็ก,,,"https://punpunkun.com/wp-content/uploads/2021/03/E975A688-6FDB-4304-829B-A3D176CA788E-scaled.jpeg, https://punpunkun.com/wp-content/uploads/2021/03/C3971FEA-C011-4B43-8EAB-9A90971B1B1C-scaled.jpeg, https://punpunkun.com/wp-content/uploads/2021/03/581ED65D-1B11-43D9-BF98-9AF60EDF20FD-scaled.jpeg, https://punpunkun.com/wp-content/uploads/2021/03/048C3D75-5B51-4E38-B153-0AF1F3A10A6C-scaled.jpeg, https://punpunkun.com/wp-content/uploads/2021/03/1E039FBE-9FC9-47D6-A874-21A0FE000ECC-scaled.jpeg",,,,,,,,,22,,สี,สีเทา,1,1,Size (เสื้อ),3M,1,1,เพศ,ชาย,1,1,อายุ,3เดือน,1,1,สภาพดี
2426,simple,300047,,2-Way Zip Cotton Sleep &amp; Play ชุดนอนลายน้องหมี,1,0,visible,"ชุดนอน แบรนด์ Carter's สีเทา\n\n&nbsp;\n\nใส่ง่าย ใส่สบาย ลายน้องหมีสุดน่ารัก  ไซส์ เบบี้ 6เดือน(6M)",,,,taxable,,1,1,,0,0,0.2,,,,0,,180,590,สินค้าและอุปกรณ์สำหรับเด็ก,,,"https://punpunkun.com/wp-content/uploads/2021/03/C3DB201B-CE93-4D85-9353-5F8D738D83C5-scaled.jpeg, https://punpunkun.com/wp-content/uploads/2021/03/7AA26ED5-88B1-4834-B73E-A5C79615347B-scaled.jpeg, https://punpunkun.com/wp-content/uploads/2021/03/A3315C30-7A08-47AC-83B2-8240152E1B84-scaled.jpeg",,,,,,,,,2,,สี,สีเทา,1,1,Size (เสื้อ),6M,1,1,เพศ,ชาย,1,1,อายุ,6เดือน,1,1,สภาพดี
2432,simple,300046,,Baby Print Body suit ชุดบอดี้สูทลายหุ่นยนต์,1,0,visible,"ชุดบอดี้สูทแขนยาว แบรนด์ Baby GAP สีแดง\n\n&nbsp;\n\nลายหุ่นยนต์สุดน่ารัก มีกระดุมบริเวณด้านล่าง สวมใส่ง่าย ไซส์ 6-12 เดือน (6-12 M)",,,,taxable,,1,1,,0,0,0.1,,,,0,,120,390,สินค้าและอุปกรณ์สำหรับเด็ก,,,"https://punpunkun.com/wp-content/uploads/2021/03/46F36335-B406-4F12-8D4E-B00CFC0165FE-scaled.jpeg, https://punpunkun.com/wp-content/uploads/2021/03/18C74168-8ADB-4D68-8100-780B52C4495B-scaled.jpeg, https://punpunkun.com/wp-content/uploads/2021/03/0374D4C7-BD56-4FCC-816F-AE39AC960457-scaled.jpeg, https://punpunkun.com/wp-content/uploads/2021/03/A3C3C5B9-4D0C-4BF0-A892-F8936BD168AF-scaled.jpeg, https://punpunkun.com/wp-content/uploads/2021/03/77231133-8342-4007-964E-188453A0A36D-scaled.jpeg",,,,,,,,,34,,สี,สีแดง,1,1,Size (เสื้อ),6M,1,1,เพศ,ชาย,1,1,อายุ,6เดือน,1,1,สภาพดี
2436,simple,300045,,Ralph Lauren Shirt เสื้อเชิ้ตคอปกลายสก็อต,1,0,visible,"เสื้อเชิ้ต แบรนด์ Ralph Lauren สีน้ำเงิน\n\n&nbsp;\n\nใส่สบาย ไซส์ 6เดือน(6M)",,,,taxable,,1,1,,0,0,0.1,,,,0,,600,1990,สินค้าและอุปกรณ์สำหรับเด็ก,,,"https://punpunkun.com/wp-content/uploads/2021/03/5394CEC8-628F-4BAD-95F6-288A49B67995-scaled.jpeg, https://punpunkun.com/wp-content/uploads/2021/03/6084CC05-7920-46FE-97A0-FC5DC53E1E48-scaled.jpeg, https://punpunkun.com/wp-content/uploads/2021/03/8769E1D8-EB50-4731-A1C6-7B9DDD55B43C-scaled.jpeg, https://punpunkun.com/wp-content/uploads/2021/03/6C546A84-2879-44F2-8F10-5D769CCCFC0D-scaled.jpeg",,,,,,,,,262,,สี,สีน้ำเงิน,1,1,Size (เสื้อ),6M,1,1,เพศ,ชาย,1,1,อายุ,6เดือน,1,1,สภาพดี
2441,simple,300044,,Ralph Lauren Shirt เสื้อเชิ้ตคอปกรุ่นยีนส์,1,0,visible,"เสื้อเชิ้ต แบรนด์ Ralph Lauren สีน้ำเงิน\n\n&nbsp;\n\nใส่สบาย ไซส์ 6 M 66/44 เหมาะสำหรับน้องอายุ 6 เดือน",,,,taxable,,1,1,,0,0,0.1,,,,0,,600,1990,สินค้าและอุปกรณ์สำหรับเด็ก,,,"https://punpunkun.com/wp-content/uploads/2021/03/F185F5A7-E367-4D61-AD86-7AB7C30F30E3-scaled.jpeg, https://punpunkun.com/wp-content/uploads/2021/03/F98AED67-F83B-4CD1-9E03-787CEFEC3269-scaled.jpeg, https://punpunkun.com/wp-content/uploads/2021/03/B4063B87-DD88-4C36-BBC4-F4B1544C1D6D-scaled.jpeg, https://punpunkun.com/wp-content/uploads/2021/03/8701F2F2-8374-48EE-B5D0-A9E8365096D5-scaled.jpeg",,,,,,,,,261,,สี,สีฟ้า,1,1,Size (เสื้อ),6M,1,1,อายุ,6เดือน,1,1,เพศ,ชาย,1,1,สภาพดี
2450,simple,300043,,Plane Body suit ชุดบอดี้สูทรูปเครื่องบิน,1,0,visible,"ชุดบอดี้สูทแขนสั้น แบรนด์ Mamas&amp;Papas\n\n&nbsp;\n\nสีกรม ลายเครื่องบินสุดน่ารัก มีกระดุมบริเวณด้านล่าง สวมใส่ง่าย ไซส์เบบี้  9-12 ดือน(9-12M)",,,,taxable,,1,1,,0,0,0.1,,,,0,,435,1450,สินค้าและอุปกรณ์สำหรับเด็ก,,,"https://punpunkun.com/wp-content/uploads/2021/03/474CA3C9-722B-457B-8EC4-D110238156D1-scaled.jpeg, https://punpunkun.com/wp-content/uploads/2021/03/C8524206-C94A-4670-A99D-26D031E53BA8-scaled.jpeg, https://punpunkun.com/wp-content/uploads/2021/03/6C893151-E05A-4ED0-A94D-B411B0591A07-scaled.jpeg, https://punpunkun.com/wp-content/uploads/2021/03/4CF8E1A8-2550-4E57-A238-9A1F507058CF-scaled.jpeg",,,,,,,,,238,,สี,สีกรม,1,1,Size (เสื้อ),9M,1,1,อายุ,9เดือน,1,1,เพศ,ชาย,1,1,สภาพดี
2455,simple,300042,,Ralph Lauren Body suit ชุดบอดี้สูทแขนสั้นลาย1967,1,0,visible,"ชุดบอดี้สูท แบรนด์ Ralph Lauren สีกรม\n\n&nbsp;\n\nลายขวาง  ผลิตจากผ้าฝ้าย นุ่ม ใส่สบาย ไซส์ เบบี้ 3เดือน(3M)",,,,taxable,,0,-1,,0,0,0.1,,,,0,,265,880,สินค้าและอุปกรณ์สำหรับเด็ก,,,"https://punpunkun.com/wp-content/uploads/2021/03/FC605FEA-E14F-4B3A-85D9-4B3F8869D452-scaled.jpeg, https://punpunkun.com/wp-content/uploads/2021/03/5CA47637-1934-4285-9F18-7CA0D3184903-scaled.jpeg, https://punpunkun.com/wp-content/uploads/2021/03/3EEFA6E6-DC49-4044-BF28-5E73DB9082F4-scaled.jpeg, https://punpunkun.com/wp-content/uploads/2021/03/BD23B578-D974-4E7A-BB71-7A810C78F2F3-scaled.jpeg, https://punpunkun.com/wp-content/uploads/2021/03/E8A48F72-7593-406F-9EC0-4921F78D1BB1-scaled.jpeg",,,,,,,,,249,,สี,สีกรม,1,1,Size (เสื้อ),3M,1,1,อายุ,3เดือน,1,1,เพศ,ชาย,1,1,สภาพดี
2457,simple,300041,,GAP Pajamas ชุดนอนลายปัก GAP,1,0,visible,ชุดนอน แบรนด์ Baby GAP สีเทา นุ่ม ใส่สบาย ลาย GAP สุดเท่ห์ ไซส์ เบบี้ 3เดือน(3M),,,,taxable,,1,1,,0,0,0.3,,,,0,,135,450,สินค้าและอุปกรณ์สำหรับเด็ก,,,"https://punpunkun.com/wp-content/uploads/2021/03/9B3A1B1D-AD38-4BA0-A39E-44A14EA7C88F-scaled.jpeg, https://punpunkun.com/wp-content/uploads/2021/03/3E0CD877-95A8-4011-A005-0E637EE89448-scaled.jpeg, https://punpunkun.com/wp-content/uploads/2021/03/4F7047AF-E403-448E-8E33-F4A344C8DC45-scaled.jpeg",,,,,,,,,161,,สี,สีเทา,1,1,Size (เสื้อ),3M,1,1,อายุ,3เดือน,1,1,เพศ,ชาย,1,1,สภาพดี
2459,simple,300040,,Aircraft Body suit 3pieces ชุดบอดี้สูทลายเครื่องบิน 3 ชิ้น,1,0,visible,"เซตบอดี้สูท 3 ชิ้น แบรนด์ Carter’s สีฟ้า,เหลือง,น้ำเงิน  ผลิตจากผ้าฝ้าย นุ่ม ใส่สบาย ลายเครื่องบิ้นสุดน่ารัก ไซส์ เบบี้ 6เดือน(6M)",,,,taxable,,1,1,,0,0,0.2,,,,0,,270,890,สินค้าและอุปกรณ์สำหรับเด็ก,,,"https://punpunkun.com/wp-content/uploads/2021/03/07671E22-D2AA-4E00-B130-37DEBA061C05-scaled.jpeg, https://punpunkun.com/wp-content/uploads/2021/03/D252A8DE-1336-4CD3-B351-C3CF429ADA53-scaled.jpeg, https://punpunkun.com/wp-content/uploads/2021/03/F96892D5-ED7A-43CE-A9CC-3BE5BFC485BF-scaled.jpeg, https://punpunkun.com/wp-content/uploads/2021/03/843B67CC-0254-4B73-B294-6E81CFE82A2E-scaled.jpeg, https://punpunkun.com/wp-content/uploads/2021/03/FD26C4A9-FA8F-4D54-B6D2-3F563D510DFB-scaled.jpeg, https://punpunkun.com/wp-content/uploads/2021/03/650DCE37-7CEE-423E-8E4A-715C61B8E74C-scaled.jpeg",,,,,,,,,10,,สี,"สีน้ำเงิน, สีฟ้า, สีเหลือง",1,1,Size (เสื้อ),6M,1,1,อายุ,6เดือน,1,1,เพศ,ชาย,1,1,สภาพดี
2462,simple,300039,,Striped Body suit ชุดบอดี้สูทคอกลมขาสั้นลายขวาง,1,0,visible,"บอดี้สูท แบรนด์ Carter’s ผลิตจากผ้าฝ้าย\n\n&nbsp;\n\nสีน้ำเงินลายยาว นุ่ม ใส่สบาย ไซส์ เบบี้ 6เดือน(6M)",,,,taxable,,1,1,,0,0,0.1,,,,0,,105,350,สินค้าและอุปกรณ์สำหรับเด็ก,,,"https://punpunkun.com/wp-content/uploads/2021/03/D75994C6-D06E-4562-98FA-78D638F0A701-scaled.jpeg, https://punpunkun.com/wp-content/uploads/2021/03/5CE702DA-DD1F-4B39-A41C-1A841ACE1441-scaled.jpeg, https://punpunkun.com/wp-content/uploads/2021/03/163EEC3C-7AA6-4B1B-B709-61F67DF00405-scaled.jpeg",,,,,,,,,290,,สี,สีน้ำเงิน,1,1,Size (เสื้อ),6M,1,1,อายุ,6เดือน,1,1,เพศ,ชาย,1,1,สภาพดี
2466,simple,300038,,Let's Snuggle Body suit ชุดบอดี้สูทลายสกรีนSnuggle,1,0,visible,"ชุดบอดี้สูท แบรนด์ Carter’s ลาย\n\n&nbsp;\n\nlet's Snuggle สีฟ้าแสนสดใส ใส่ง่าย สบายตลอดทั้งวัน ไซส์ เบบี้ 3เดือน(3M)",,,,taxable,,1,1,,0,0,0.1,,,,0,,120,390,สินค้าและอุปกรณ์สำหรับเด็ก,,,"https://punpunkun.com/wp-content/uploads/2021/03/1AC333A2-0084-48F1-BEA5-0FEA254E876B-scaled.jpeg, https://punpunkun.com/wp-content/uploads/2021/03/7EF5DF96-08A9-48AB-B989-9655A2ECF021-scaled.jpeg, https://punpunkun.com/wp-content/uploads/2021/03/FFA434D1-61CA-4DDF-B3E3-8D633728B52E-scaled.jpeg",,,,,,,,,188,,สี,สีฟ้า,1,1,Size (เสื้อ),3M,1,1,อายุ,3เดือน,1,1,เพศ,"ชาย, หญิง",1,1,สภาพดี
2470,simple,300037,,Striped Pajamas ชุดนอนคอกลมขายาวลายทาง,1,0,visible,"ชุดนอน แบรนด์ Carter's สีน้ำเงิน นุ่ม\n\n&nbsp;\n\nใส่สบาย ลายทางสุดน่ารักไซส์ เบบี้ 9เดือน(9M)",,,,taxable,,1,1,,0,0,0.2,,,,0,,180,590,สินค้าและอุปกรณ์สำหรับเด็ก,,,"https://punpunkun.com/wp-content/uploads/2021/03/82364A80-ACDC-4AC3-AF29-B66730AF6353-scaled.jpeg, https://punpunkun.com/wp-content/uploads/2021/03/E41809CE-4171-4203-A771-8584359B6663-scaled.jpeg",,,,,,,,,299,,สี,สีน้ำเงิน,1,1,Size (เสื้อ),9M,1,1,อายุ,9เดือน,1,1,เพศ,ชาย,1,1,สภาพดี
2472,simple,300036,,Dog Pajamas ชุดนอนคอกลมขายาวลายน้องหมา,1,0,visible,"ชุดนอน แบรนด์ Carter's สีเหลือง นุ่ม\n\n&nbsp;\n\nใส่สบาย ลายน้องหมาสุดน่ารัก ไซส์ เบบี้ 6เดือน(6M)",,,,taxable,,1,1,,0,0,0.2,,,,0,,225,750,สินค้าและอุปกรณ์สำหรับเด็ก,,,"https://punpunkun.com/wp-content/uploads/2021/03/7B675D5F-5E0E-4C70-89F8-B1ED5907DF93-scaled.jpeg, https://punpunkun.com/wp-content/uploads/2021/03/25F2AB37-E4C5-47A0-ADE0-5ECD94D64547-scaled.jpeg, https://punpunkun.com/wp-content/uploads/2021/03/48D92A9E-649C-47AD-AB66-7D8E96639CB0-scaled.jpeg",,,,,,,,,130,,สี,สีเหลือง,1,1,Size (เสื้อ),6M,1,1,อายุ,6เดือน,1,1,เพศ,ชาย,1,1,สภาพดี
2474,simple,300035,,Dinosaur Pajamas ชุดนอนคอกลมขายาวลายไดโนเสาร์,1,0,visible,"ชุดนอน แบรนด์ H&amp;M สีน้ำเงิน นุ่ม\n\n&nbsp;\n\nใส่สบาย ลายไดโนเสาร์สุดน่ารัก ไซส์ เบบี้ 12เดือน(12M)",,,,taxable,,1,1,,0,0,0.3,,,,0,,330,1090,สินค้าและอุปกรณ์สำหรับเด็ก,,,"https://punpunkun.com/wp-content/uploads/2021/03/C71938E2-0AF2-445E-82B2-A7DF937C513F-scaled.jpeg, https://punpunkun.com/wp-content/uploads/2021/03/17622CDC-6901-4CF6-9378-22F480622DDF-scaled.jpeg, https://punpunkun.com/wp-content/uploads/2021/03/F39AC402-9CDE-40A1-A9B9-FAF3C364A671-scaled.jpeg, https://punpunkun.com/wp-content/uploads/2021/03/390EFAE9-AC7B-494A-8350-D24B71D33A15-scaled.jpeg, https://punpunkun.com/wp-content/uploads/2021/03/CB991E73-B364-4DE0-A4C4-D394F8CE2499-scaled.jpeg",,,,,,,,,121,,สี,สีน้ำเงิน,1,1,Size (เสื้อ),12M,1,1,อายุ,12เดือน,1,1,เพศ,ชาย,1,1,Good
2477,simple,300034,,Construction Pajamas ชุดนอนคอกลมขายาวลายรถเครน,1,0,visible,"ชุดนอน แบรนด์ Carter's สีน้ำเงิน นุ่ม\n\n&nbsp;\n\nใส่สบาย ลายรถเครน สุดเทห์ ไซส์ เบบี้ 6เดือน(6M)",,,,taxable,,1,1,,0,0,0.2,,,,0,,400,990,สินค้าและอุปกรณ์สำหรับเด็ก,,,"https://punpunkun.com/wp-content/uploads/2021/03/0ECC6135-3DB8-4C2C-9F08-D02DA7D47531-scaled.jpeg, https://punpunkun.com/wp-content/uploads/2021/03/3C893788-53F4-4ECC-B15A-63AB1DB1D4DA-scaled.jpeg, https://punpunkun.com/wp-content/uploads/2021/03/8B82A853-491B-418D-81DC-332CC85713AE-scaled.jpeg, https://punpunkun.com/wp-content/uploads/2021/03/BC6915DF-3F07-49EA-A754-743B9EF97FE9-scaled.jpeg",,,,,,,,,108,,สี,สีน้ำเงิน,1,1,Size (เสื้อ),6M,1,1,อายุ,6เดือน,1,1,เพศ,ชาย,1,1,Mint
2483,simple,300033,,Dinosaur Pajamas ชุดนอนคอกลมขายาวลายไดโนเสาร์,1,0,visible,"ชุดนอน แบรนด์ H&amp;M สีน้ำเงิน นุ่ม\n\n&nbsp;\n\nใส่สบาย ลายไดโนเสาร์สุดน่ารัก ไซส์ เบบี้ 6เดือน(6M)",,,,taxable,,1,1,,0,0,0.3,,,,0,,570,1890,สินค้าและอุปกรณ์สำหรับเด็ก,,,"https://punpunkun.com/wp-content/uploads/2021/03/20BD6013-1D19-4B52-8DEA-83E4F6A5D863-scaled.jpeg, https://punpunkun.com/wp-content/uploads/2021/03/531D5A32-CB9E-412E-A824-2BDFF2D65549-scaled.jpeg, https://punpunkun.com/wp-content/uploads/2021/03/FA19EF1F-934D-4697-BC9A-2BD6187FA47C-scaled.jpeg, https://punpunkun.com/wp-content/uploads/2021/03/30A13680-B6DF-4B6B-8BF0-02FE30C3011A-scaled.jpeg",,,,,,,,,122,,สี,สีน้ำเงิน,1,1,Size (เสื้อ),6M,1,1,อายุ,6เดือน,1,1,เพศ,ชาย,1,1,Good
2487,simple,300032,,The sky Pajamas ชุดนอนคอกลมขายาวลายท้องฟ้า,1,0,visible,ชุดนอน แบรนด์ Carter's สีขาว นุ่ม ใส่สบาย ลายท้องฟ้า สุดน่ารักไซส์ เบบี้ 9เดือน(9M),,,,taxable,,1,1,,0,0,0.2,,,,0,,175,580,สินค้าและอุปกรณ์สำหรับเด็ก,,,"https://punpunkun.com/wp-content/uploads/2021/03/B4EDA138-F976-4A94-A26C-D2979F16462E-scaled.jpeg, https://punpunkun.com/wp-content/uploads/2021/03/24A580DE-E9CE-436E-BDC9-5B1BA75EA77F-scaled.jpeg",,,,,,,,,311,,สี,สีขาว,1,1,Size (เสื้อ),9M,1,1,อายุ,9เดือน,1,1,เพศ,หญิง,1,1,Good
2489,simple,300031,,Tiger T-shirt เสื้อยืดลายเสือ,1,0,visible,"เสื้อยืดแขนสั้น แบรนด์ Kenzo ลายเสือ\n\n&nbsp;\n\nสุดเท่ห์ ผลิตจากผ้าฝ้ายแท้ 100%  สีขาว",,,,taxable,,1,1,,0,0,0.1,,,,0,,810,2700,สินค้าและอุปกรณ์สำหรับเด็ก,,,"https://punpunkun.com/wp-content/uploads/2021/03/B16E87ED-7BAE-4A99-B415-EF2C2CC4F618-scaled.jpeg, https://punpunkun.com/wp-content/uploads/2021/03/91480C8E-B359-4627-BD8B-BC9625303585-scaled.jpeg, https://punpunkun.com/wp-content/uploads/2021/03/79CCA60B-21FA-4CC5-B5FF-83CE1AB9FED4-scaled.jpeg",,,,,,,,,314,,สี,สีขาว,1,1,เพศ,ชาย,1,1,,,,,,,,,Good
2491,simple,300030,,Au-Star Pajamas ชุดนอนคอกลมขายาวลายปัก Au-Star,1,0,visible,"ชุดนอน แบรนด์ Carter's สีน้ำเงิน นุ่ม\n\n&nbsp;\n\nใส่สบาย ลาย ปักAu-Star ไซส์ เบบี้ 9เดือน(9M)",,,,taxable,,1,1,,0,0,0.2,,,,0,,235,580,สินค้าและอุปกรณ์สำหรับเด็ก,,,"https://punpunkun.com/wp-content/uploads/2021/03/8F26CBE7-BEEA-4F2A-9D56-DFB28B722F3E-scaled.jpeg, https://punpunkun.com/wp-content/uploads/2021/03/A560767C-868E-4FC5-B888-B1116478894A-scaled.jpeg, https://punpunkun.com/wp-content/uploads/2021/03/B54981A9-6AB6-4DE2-B649-6371E95B89EA-scaled.jpeg",,,,,,,,,21,,สี,สีน้ำเงิน,1,1,Size (เสื้อ),9M,1,1,อายุ,9เดือน,1,1,เพศ,ชาย,1,1,Mint
2493,simple,300029,,Plane Body suit 2pieces ชุดบอดี้สูทลายเครื่องบิน3 ชิ้น,1,0,visible,"เซตบอดี้สูท 2 ชิ้น แบรนด์ Carter’s\n\n&nbsp;\n\n&nbsp;\n\nสีเหลือง,น้ำเงิน  ผลิตจากผ้าฝ้าย นุ่ม ใส่สบาย ลายเครื่องบินสุดน่ารัก ไซส์ เบบี้ 3เดือน(3M)",,,,taxable,,1,1,,0,0,0.1,,,,0,,170,560,สินค้าและอุปกรณ์สำหรับเด็ก,,,"https://punpunkun.com/wp-content/uploads/2021/03/363AD615-0994-456F-B55C-6AB00E78A4E0-scaled.jpeg, https://punpunkun.com/wp-content/uploads/2021/03/868A5B59-DA34-4171-9BA3-B4C679896CFB-scaled.jpeg, https://punpunkun.com/wp-content/uploads/2021/03/FC210357-35C5-4872-85A8-85E126E6BACF-scaled.jpeg, https://punpunkun.com/wp-content/uploads/2021/03/5384BAE6-8902-4F9C-A1D6-F9139FEAEB32-scaled.jpeg",,,,,,,,,237,,สี,"สีน้ำเงิน, สีเหลือง",1,1,Size (เสื้อ),3M,1,1,อายุ,3เดือน,1,1,เพศ,ชาย,1,1,Good
2495,simple,300028,,Striped Body suit ชุดบอดี้สูทคอจีนขาสั้นลายทาง,1,0,visible,"บอดี้สูท แบรนด์ Carter’s สีดำลายยาว\n\n&nbsp;\n\nผลิตจากผ้าฝ้าย นุ่ม ใส่สบาย ไซส์ เบบี้ 3เดือน(3M)",,,,taxable,,1,1,,0,0,0.1,,,,0,,180,590,สินค้าและอุปกรณ์สำหรับเด็ก,,,"https://punpunkun.com/wp-content/uploads/2021/03/0F0EB13A-60D4-40CE-B211-BA2B3E588D26-scaled.jpeg, https://punpunkun.com/wp-content/uploads/2021/03/873FD0B6-1D72-4C2C-9DE1-F2B707838C7B-scaled.jpeg, https://punpunkun.com/wp-content/uploads/2021/03/95255A6E-279B-499B-8900-D3F07B0C19A5-scaled.jpeg",,,,,,,,,291,,สี,สีดำ,1,1,Size (เสื้อ),3M,1,1,อายุ,3เดือน,1,1,เพศ,"ชาย, หญิง",1,1,Good
2497,simple,300027,,Striped Body suit ชุดบอดี้สูทขาสั้นลายขวาง,1,0,visible,"ชุดบอดี้สูทแขนสั้น แบรนด์ Mamas&amp;Papas\n\n&nbsp;\n\nสีดำลายยาว  ผลิตจากผ้าฝ้าย นุ่ม ใส่สบาย ไซส์ เบบี้ 9เดือน(9M)",,,,taxable,,1,1,,0,0,0.1,,,,0,,180,1450,สินค้าและอุปกรณ์สำหรับเด็ก,,,"https://punpunkun.com/wp-content/uploads/2021/03/3521ACE8-F825-4D71-A7AD-57DAB3A2368C-scaled.jpeg, https://punpunkun.com/wp-content/uploads/2021/03/8C1D6358-28DD-4BDA-B6F6-4F5E021FD1B3-scaled.jpeg, https://punpunkun.com/wp-content/uploads/2021/03/D67B07D7-5515-4F55-BE20-2BA0F9BD6647-scaled.jpeg",,,,,,,,,288,,สี,สีดำ,1,1,Size (เสื้อ),9M,1,1,อายุ,9เดือน,1,1,เพศ,ชาย,1,1,Good
2500,simple,300026,,Striped Body suits ชุดบอดี้สูทคอปกลายทางสีน้ำเงิน,1,0,visible,"ชุดบอดี้สูทแขนสั้น แบรนด์  Carter’s\n\n&nbsp;\n\nสีน้ำเงินลายทาง ผลิตจากผ้าฝ้าย นุ่ม ใส่สบาย ไซส์ เบบี้ 3เดือน(3M)",,,,taxable,,1,1,,0,0,0.1,,,,0,,180,590,สินค้าและอุปกรณ์สำหรับเด็ก,,,"https://punpunkun.com/wp-content/uploads/2021/03/3C67C9DB-8A2B-4236-8D46-A3058252C683-scaled.jpeg, https://punpunkun.com/wp-content/uploads/2021/03/D1F6F484-25E3-4173-916F-7935FFC154A1-scaled.jpeg",,,,,,,,,292,,สี,สีน้ำเงิน,1,1,Size (เสื้อ),3M,1,1,อายุ,3เดือน,1,1,เพศ,ชาย,1,1,Good
2521,simple,300025,,Elephants &amp; Star Body suit ชุดบอดี้สูทขาสั้นลายช้างและดวงดาว,1,0,visible,ชุดบอดี้สูทแขนสั้น แบรนด์ Carter's สีขาวลายช้างและดวงดาว  ผลิตจากผ้าฝ้าย นุ่ม ใส่สบาย ไซส์ เบบี้ 3เดือน(3M),,,,taxable,,1,1,,0,0,0.1,,,,0,,225,750,สินค้าและอุปกรณ์สำหรับเด็ก,,,"https://punpunkun.com/wp-content/uploads/2021/03/127AFCAB-A7CB-41DC-BBE7-2364C3043CDA-scaled.jpeg, https://punpunkun.com/wp-content/uploads/2021/03/704E5E58-5D66-4B71-89DD-502BB590C906-scaled.jpeg, https://punpunkun.com/wp-content/uploads/2021/03/D5521641-F8E4-4C2A-9CB7-8EAEBE2EE57D-scaled.jpeg, https://punpunkun.com/wp-content/uploads/2021/03/BEFBAFF4-BD45-4F79-95A8-FA806822F7C1-scaled.jpeg, https://punpunkun.com/wp-content/uploads/2021/03/1AC1379B-8B62-41CD-AC51-F67B6957A28D-scaled.jpeg, https://punpunkun.com/wp-content/uploads/2021/03/884FB4A1-4083-4CA0-BFC7-FF90A6DFA959-scaled.jpeg, https://punpunkun.com/wp-content/uploads/2021/03/13647F03-C82C-4997-B177-3EE070BEDFDF-scaled.jpeg",,,,,,,,,136,,สี,สีขาว,1,1,Size (เสื้อ),3M,1,1,อายุ,3เดือน,1,1,เพศ,"ชาย, หญิง",1,1,Good
2526,simple,300024,,Port Pants กางเกงขายาว ลายสมอเรือ,1,0,visible,"กางเกงขายาว แบรนด์ Baby GAP สีกรม\n\n&nbsp;\n\n&nbsp;\n\nลายสมอเรือ สุดน่ารัก ไซส์ เบบี้ 0เดือน(0M)",,,,taxable,,1,1,,0,0,0.1,,,,0,,105,350,สินค้าและอุปกรณ์สำหรับเด็ก,,,"https://punpunkun.com/wp-content/uploads/2021/03/EBE6FDC6-44E0-4F19-A80F-0F785F9F3069-scaled.jpeg, https://punpunkun.com/wp-content/uploads/2021/03/8E0BD66A-EE18-446D-9DB3-57C2523A2D56-scaled.jpeg, https://punpunkun.com/wp-content/uploads/2021/03/C0A51B88-F7F7-4C9F-8240-1BDE6CC2AF7D-scaled.jpeg",,,,,,,,,242,,สี,สีกรม,1,1,อายุ,0เดือน,1,1,เพศ,ชาย,1,1,Size (กางเกง),0M,1,1,Good
2573,simple,300023,,Raccoon Pajamas ชุดนอนคอกลมขายาวลายปักแร็กคูณ,1,0,visible,"ชุดนอน แบรนด์ Carter's สีเขียว นุ่ม\n\n&nbsp;\n\n&nbsp;\n\nใส่สบาย ลาย ปักแร็กคูณ ไซส์ เบบี้ 6เดือน(6M)",,,,taxable,,1,1,,0,0,0.2,,,,0,,180,590,สินค้าและอุปกรณ์สำหรับเด็ก,,,"https://punpunkun.com/wp-content/uploads/2021/03/CB73B8F0-DD50-4D82-B296-F456BE8E3D3D-scaled.jpeg, https://punpunkun.com/wp-content/uploads/2021/03/479F3B34-425C-48DC-87F9-3D05B95AE5AB-scaled.jpeg, https://punpunkun.com/wp-content/uploads/2021/03/083CF12C-96C2-4944-94B0-91BDF9A81FA7-scaled.jpeg, https://punpunkun.com/wp-content/uploads/2021/03/3CFBC22F-0FCF-4B05-8975-ABBFEF28538D-scaled.jpeg",,,,,,,,,248,,สี,สีเขียว,1,1,Size (เสื้อ),6M,1,1,อายุ,6เดือน,1,1,เพศ,ชาย,1,1,Good
2575,simple,300022,,Au-Star Pajamas ชุดนอนคอกลมขายาวลายปัก Au-Star,1,0,visible,"ชุดนอน แบรนด์ Carter's สีน้ำเงิน นุ่ม\n\n&nbsp;\n\nใส่สบาย ลาย ปักAu-Star ไซส์ เบบี้ 3เดือน(3M)",,,,taxable,,1,1,,0,0,0.1,,,,0,,180,590,สินค้าและอุปกรณ์สำหรับเด็ก,,,"https://punpunkun.com/wp-content/uploads/2021/03/CB8C8C09-CB1F-4058-98F0-DCEFFC3E541B-scaled.jpeg, https://punpunkun.com/wp-content/uploads/2021/03/C518CBE0-A174-4F4C-BF53-58AC6A8163F9-scaled.jpeg, https://punpunkun.com/wp-content/uploads/2021/03/4F8B593B-3231-430A-B195-A79BA66508DD-scaled.jpeg, https://punpunkun.com/wp-content/uploads/2021/03/7BE3504C-4334-4C01-9A26-60046EAE4F54-scaled.jpeg",,,,,,,,,20,,สี,สีกรม,1,1,Size (เสื้อ),3M,1,1,อายุ,3เดือน,1,1,เพศ,ชาย,1,1,Good
2578,simple,300021,,Point and bear Body suit ชุดบอดี้สูทขาสั้นลายจุดและหมี,1,0,visible,ชุดบอดี้สูทแขนสั้น แบรนด์ Carter's สีขาว 2 ชิ้นลายช้างและดวงดาว  ผลิตจากผ้าฝ้าย นุ่ม ใส่สบาย ไซส์ เบบี้ 3เดือน(3M),,,,taxable,,1,1,,0,0,0.2,,,,0,,225,750,สินค้าและอุปกรณ์สำหรับเด็ก,,,"https://punpunkun.com/wp-content/uploads/2021/03/6A8C8476-8E70-4F40-8E33-CED5F5B3B4AA-scaled.jpeg, https://punpunkun.com/wp-content/uploads/2021/03/FD21A08E-906B-490E-BCDA-A270F127D26A-scaled.jpeg, https://punpunkun.com/wp-content/uploads/2021/03/0C9564F5-E3EA-4AD7-9DC2-0F4F283A7723-scaled.jpeg, https://punpunkun.com/wp-content/uploads/2021/03/A489E0C4-81D4-4372-80CA-9DB435284307-scaled.jpeg",,,,,,,,,239,,สี,สีขาว,1,1,Size (เสื้อ),3M,1,1,อายุ,3เดือน,1,1,เพศ,"ชาย, หญิง",1,1,Good
2580,simple,300020,,Crocodile Striped ชุดนอนขายาวแขนยาว ลายจระเข้,1,0,visible,ชุดนอนขายาวแขนยาว แบรนด์ Carter's สีขาวแถบน้ำเงิน ลายจระเข้ มีซิบบริเวณด้านหน้า สวมใส่ง่าย ไซส์ 3เดือน( 3M),,,,taxable,,1,1,,0,0,0.2,,,,0,,180,590,สินค้าและอุปกรณ์สำหรับเด็ก,,,"https://punpunkun.com/wp-content/uploads/2021/03/87F69567-52FD-4748-8797-B1D2F41DF8DB-scaled.jpeg, https://punpunkun.com/wp-content/uploads/2021/03/4EFDCDFB-6648-40BF-B24C-5CCA2B478F1F-scaled.jpeg, https://punpunkun.com/wp-content/uploads/2021/03/F0B49177-7729-4CAA-9982-97C851CD64A4-scaled.jpeg",,,,,,,,,113,,สี,สีขาว,1,1,Size (เสื้อ),3M,1,1,อายุ,3เดือน,1,1,เพศ,ชาย,1,1,Good
2583,simple,300019,,Big deal Body suit ชุดบอดี้สูทขาสั้นลาย Big deal,1,0,visible,ชุดบอดี้สูทแขนสั้น แบรนด์ Carter's สีเทา ลายBig deal  ผลิตจากผ้าฝ้าย นุ่ม ใส่สบาย ไซส์ เบบี้ 3เดือน(3M),,,,taxable,,1,1,,0,0,0.1,,,,0,,120,390,สินค้าและอุปกรณ์สำหรับเด็ก,,,"https://punpunkun.com/wp-content/uploads/2021/03/6C7CC5D3-636C-41A7-BF0E-D33DF972D339-scaled.jpeg, https://punpunkun.com/wp-content/uploads/2021/03/BF9CA21F-E79E-4D7D-934A-294CA127A9C2-scaled.jpeg, https://punpunkun.com/wp-content/uploads/2021/03/E1F4E7C8-3DA9-43E8-ACD3-08844D231600-scaled.jpeg",,,,,,,,,44,,สี,สีเทา,1,1,Size (เสื้อ),3M,1,1,อายุ,3เดือน,1,1,เพศ,ชาย,1,1,Good
2585,simple,300018,,Car Body suit ชุดบอดี้สูทขาสั้นลายรถ,1,0,visible,ชุดบอดี้สูทแขนสั้น แบรนด์ Carter's สีเทาและสีแดง 2 ชิ้นลายรถ  ผลิตจากผ้าฝ้าย นุ่ม ใส่สบาย ไซส์ เบบี้ 6เดือน(6M),,,,taxable,,1,1,,0,0,0.2,,,,0,,180,590,สินค้าและอุปกรณ์สำหรับเด็ก,,,"https://punpunkun.com/wp-content/uploads/2021/03/0C7D0B48-9B8D-4153-9443-E6AB17133DD7-scaled.jpeg, https://punpunkun.com/wp-content/uploads/2021/03/5884FCD1-2051-4E1A-B680-0E649271FF24-scaled.jpeg, https://punpunkun.com/wp-content/uploads/2021/03/B6BCECC8-F611-4D6A-B14E-DF6D35209DB2-scaled.jpeg, https://punpunkun.com/wp-content/uploads/2021/03/1B731911-D24C-452D-9B23-656A67641D72-scaled.jpeg",,,,,,,,,88,,สี,"สีเทา, สีแดง",1,1,Size (เสื้อ),6M,1,1,อายุ,6เดือน,1,1,เพศ,ชาย,1,1,Good
2587,simple,300017,,Dinosaur Body suit ชุดบอดี้สูทขาสั้นลายไดโนเสาร์,1,0,visible,ชุดบอดี้สูทแขนสั้น แบรนด์ Carter's สีเขียว ลายไดโนเสาร์  ผลิตจากผ้าฝ้าย นุ่ม ใส่สบาย ไซส์ เบบี้ 6เดือน(6M),,,,taxable,,1,1,,0,0,0.1,,,,0,,120,390,สินค้าและอุปกรณ์สำหรับเด็ก,,,"https://punpunkun.com/wp-content/uploads/2021/03/702182B0-4160-42C2-932D-0D533CF55C85-scaled.jpeg, https://punpunkun.com/wp-content/uploads/2021/03/AF73E52A-F726-4EB6-87F3-964723D411E2-scaled.jpeg, https://punpunkun.com/wp-content/uploads/2021/03/AD0D4187-9407-4FF6-93E4-7ACDC6A0B713-scaled.jpeg, https://punpunkun.com/wp-content/uploads/2021/03/4A2BE288-D24B-4A69-A442-537E7EE71030-scaled.jpeg",,,,,,,,,118,,สี,สีเขียว,1,1,Size (เสื้อ),6M,1,1,อายุ,6เดือน,1,1,เพศ,ชาย,1,1,Good
2589,simple,300016,,Lion Body suit ชุดบอดี้สูทขาสั้นลายสิงโต,1,0,visible,ชุดบอดี้สูทแขนสั้น แบรนด์ Carter's สีเทาและสีกรม 2 ชิ้นลายสิงโต  ผลิตจากผ้าฝ้าย นุ่ม ใส่สบาย ไซส์ เบบี้ 6เดือน(6M),,,,taxable,,1,1,,0,0,0.2,,,,0,,180,590,สินค้าและอุปกรณ์สำหรับเด็ก,,,"https://punpunkun.com/wp-content/uploads/2021/03/24CE2790-046F-49CA-81A6-2D799996673F-scaled.jpeg, https://punpunkun.com/wp-content/uploads/2021/03/5B4689BD-44D7-4E88-BA10-1A47618187D9-scaled.jpeg, https://punpunkun.com/wp-content/uploads/2021/03/925C5B31-FBD3-4C6E-8126-E325952094DC-scaled.jpeg, https://punpunkun.com/wp-content/uploads/2021/03/6AA04B2B-00C8-474E-BC0C-31757E146877-scaled.jpeg, https://punpunkun.com/wp-content/uploads/2021/03/238145CA-C0FE-4109-B2EB-6FA65781BDA8-scaled.jpeg, https://punpunkun.com/wp-content/uploads/2021/03/EB7539FA-686A-4B6F-94CF-03955BAC2BC7-scaled.jpeg",,,,,,,,,192,,สี,"สีกรม, สีเทา",1,1,Size (เสื้อ),6M,1,1,อายุ,6เดือน,1,1,เพศ,ชาย,1,1,Good
2591,simple,300015,,Hero Body suit ชุดบอดี้สูทขาสั้นลายฮีโร่,1,0,visible,ชุดบอดี้สูทแขนสั้น แบรนด์ Carter's สีแดง 2 ชิ้นลายฮีโร่  ผลิตจากผ้าฝ้าย นุ่ม ใส่สบาย ไซส์ เบบี้ 6เดือน(6M),,,,taxable,,1,1,,0,0,0.2,,,,0,,180,590,สินค้าและอุปกรณ์สำหรับเด็ก,,,"https://punpunkun.com/wp-content/uploads/2021/03/04641341-E81E-4A96-8E3D-168AC336A0D5-scaled.jpeg, https://punpunkun.com/wp-content/uploads/2021/03/AD35B5A5-0E13-4F00-8E9E-8710E3CBAF0B-scaled.jpeg, https://punpunkun.com/wp-content/uploads/2021/03/520483F1-5883-4F3B-AD7A-A0BD5FB7D1D1-scaled.jpeg, https://punpunkun.com/wp-content/uploads/2021/03/BF94477A-07A5-4B7E-A30B-66939561AC7E-scaled.jpeg, https://punpunkun.com/wp-content/uploads/2021/03/32ADE57B-622A-4DDE-BC0A-569524CC0FE4-scaled.jpeg, https://punpunkun.com/wp-content/uploads/2021/03/C6F1E51D-3D36-40A3-B36E-5C3AB1E80B16-scaled.jpeg",,,,,,,,,169,,สี,สีแดง,1,1,Size (เสื้อ),6M,1,1,อายุ,6เดือน,1,1,เพศ,ชาย,1,1,Good
2594,simple,300014,,Striped Pajamas ชุดนอนคอกลมขายาวลายขวาง,1,0,visible,"ชุดนอนขายาวแขนยาว แบรนด์ Carter's สีฟ้า\n\n&nbsp;\n\nมีซิบบริเวณด้านหน้า สวมใส่ง่าย ไซส์ 9เดือน(9M)",,,,taxable,,1,1,,0,0,0.2,,,,0,,180,590,สินค้าและอุปกรณ์สำหรับเด็ก,,,"https://punpunkun.com/wp-content/uploads/2021/03/97E7FA78-1B2C-4554-8516-9D66A21C6A18-scaled.jpeg, https://punpunkun.com/wp-content/uploads/2021/03/1E174249-C429-4F4B-A39F-CD1932CD4447-scaled.jpeg",,,,,,,,,298,,สี,สีฟ้า,1,1,Size (เสื้อ),9M,1,1,อายุ,9เดือน,1,1,เพศ,หญิง,1,1,Good
2596,simple,300013,,Striped Body suit ชุดบอดี้สูทขาสั้นลายทาง,1,0,visible,"ชุดบอดี้สูทแขนสั้น แบรนด์  Carter’s\n\n&nbsp;\n\n&nbsp;\n\n3 ชิ้น สีดำและสีเทาลายทาง ผลิตจากผ้าฝ้าย นุ่ม ใส่สบาย ไซส์ เบบี้ 6เดือน(6M)",,,,taxable,,1,1,,0,0,0.2,,,,0,,255,850,สินค้าและอุปกรณ์สำหรับเด็ก,,,"https://punpunkun.com/wp-content/uploads/2021/03/445C0EE2-93A1-4C9E-8304-4B82DB9C25F9-scaled.jpeg, https://punpunkun.com/wp-content/uploads/2021/03/0584F271-EB17-4D2C-BE39-1D8282D518EA-scaled.jpeg, https://punpunkun.com/wp-content/uploads/2021/03/FEB9D54C-D797-439F-961D-08EA25A13C1F-scaled.jpeg, https://punpunkun.com/wp-content/uploads/2021/03/FD5802FE-A127-445E-B4BB-737E73CE5243-scaled.jpeg, https://punpunkun.com/wp-content/uploads/2021/03/4A3701AF-509D-461D-9BAE-C523BF2E1E2E-scaled.jpeg, https://punpunkun.com/wp-content/uploads/2021/03/BC4389D9-0315-4B84-A309-7E7DB316E164-scaled.jpeg",,,,,,,,,289,,สี,"สีดำ, สีเทา",1,1,Size (เสื้อ),6M,1,1,อายุ,6เดือน,1,1,เพศ,ชาย,1,1,Good
2598,simple,300012,,Star &amp; Mickey Pants กางเกงขายาว ลายดวงดาวและมิกกี้เมาส์,1,0,visible,"กางเกงขายาว แบรนด์ Baby GAP และ Disney baby\n\n&nbsp;\n\n&nbsp;\n\nสีกรม ลายดวงดาวและมิกกี้เมาส์ สุดน่ารัก ไซส์ เบบี้ 3เดือน(3M)",,,,taxable,,1,1,,0,0,0.1,,,,0,,165,550,สินค้าและอุปกรณ์สำหรับเด็ก,,,"https://punpunkun.com/wp-content/uploads/2021/03/E1A86427-B08A-4DCB-B40D-580C6FE408E1-scaled.jpeg, https://punpunkun.com/wp-content/uploads/2021/03/7BD63594-D9D6-4AF6-9F2C-07B24BED39C1-scaled.jpeg, https://punpunkun.com/wp-content/uploads/2021/03/FEC58A02-CD8D-4A49-9665-731003E3EF1F-scaled.jpeg, https://punpunkun.com/wp-content/uploads/2021/03/5506A2A5-DD77-481E-8852-152AB3F74897-scaled.jpeg",,,,,,,,,279,,สี,สีกรม,1,1,Size (กางเกง),3M,1,1,อายุ,3เดือน,1,1,เพศ,ชาย,1,1,Good
2600,simple,300011,,Hero Unit Pants กางเกงขายาว ลายHero Unit,1,0,visible,"กางเกงขายาว แบรนด์ Carter's สีเทา ลายHero\n\n&nbsp;\n\nUnit สุดเทห์ ไซส์ เบบี้ 6เดือน(6M)",,,,taxable,,1,1,,0,0,0.1,,,,0,,120,390,สินค้าและอุปกรณ์สำหรับเด็ก,,,"https://punpunkun.com/wp-content/uploads/2021/03/C203612F-7FEF-4F3C-8F8C-309B726B3D59-scaled.jpeg, https://punpunkun.com/wp-content/uploads/2021/03/C9ED5996-15D7-46B5-8EFD-102CE6F5D18E-scaled.jpeg, https://punpunkun.com/wp-content/uploads/2021/03/0E74716F-310C-4658-8E45-52533AAE19A0-scaled.jpeg",,,,,,,,,170,,สี,สีเทา,1,1,Size (กางเกง),6M,1,1,อายุ,6เดือน,1,1,เพศ,ชาย,1,1,Good
2602,simple,300010,,Car Matching Tops &amp; Bottoms เซตเสื้อและกางเกงลายรถ,1,0,visible,เซตเสื้อและกางเกง 2 ชิ้น แบรนด์ Oshkosh B'gosh สีเทา  ผลิตจากผ้าฝ้าย นุ่ม ใส่สบาย ลายรถสุดน่ารัก ไซส์ เบบี้ 12เดือน(12M),,,,taxable,,1,1,,0,0,0.2,,,,0,,270,900,สินค้าและอุปกรณ์สำหรับเด็ก,,,"https://punpunkun.com/wp-content/uploads/2021/03/71D576ED-7C9B-4CD3-AAC2-968E3D3C0ACE-scaled.jpeg, https://punpunkun.com/wp-content/uploads/2021/03/2DE107D0-6A03-4AF9-9212-06DF299EF6B2-scaled.jpeg, https://punpunkun.com/wp-content/uploads/2021/03/B60A6D15-A9A4-42E8-A7D5-CEA8348061FD-scaled.jpeg, https://punpunkun.com/wp-content/uploads/2021/03/BF5180D9-A7D3-4F6F-97C2-5D196AA5EFC4-scaled.jpeg, https://punpunkun.com/wp-content/uploads/2021/03/D1EB2019-1196-4060-9D6F-E507A69CBFBE-scaled.jpeg",,,,,,,,,92,,สี,สีเทา,1,1,Size (กางเกง),12M,1,1,Size (เสื้อ),12M,1,1,อายุ,12เดือน,1,1,สภาพดี
2604,simple,300009,,Striped Matching Body suits &amp; Bottoms เซตบอดี้สูทและกางเกงลายขวาง,1,0,visible,เซตบอดี้สูทและกางเกง แบรนด์ Baby Gap ชุดบอดี้สูท สีขาว ลายขวาง มาพร้อมกับกางเกงขายาวสุดน่ารัก ผลิตจากผ้าฝ้าย นุ่ม ใส่สบาย ไซส์ เบบี้ 3เดือน(3M),,,,taxable,,1,1,,0,0,0.2,,,,0,,85,280,สินค้าและอุปกรณ์สำหรับเด็ก,,,"https://punpunkun.com/wp-content/uploads/2021/03/30B32145-3E29-41A6-B2CD-798D2B38B17A-scaled.jpeg, https://punpunkun.com/wp-content/uploads/2021/03/272C3620-1B21-4E57-97E5-C04D7E44C326-scaled.jpeg, https://punpunkun.com/wp-content/uploads/2021/03/28BBC578-D200-4DFC-9468-D566B1F10114-scaled.jpeg, https://punpunkun.com/wp-content/uploads/2021/03/C3F8D076-CE42-43FA-BD37-C4862D2AA9A2-scaled.jpeg, https://punpunkun.com/wp-content/uploads/2021/03/7D753164-E68F-4A1B-8B71-DE547EBDB3A4-scaled.jpeg",,,,,,,,,295,,สี,สีขาว,1,1,Size (กางเกง),3M,1,1,Size (เสื้อ),3M,1,1,อายุ,3เดือน,1,1,สภาพดี
2608,simple,300008,,Striped Pants กางเกงขายาว ลายขวาง,1,0,visible,"กางเกงขายาว แบรนด์ Baby GAP สีเทา\n\n&nbsp;\n\n&nbsp;\n\nลายขวาง  ปักน้องหมีสุดเทห์ ไซส์ เบบี้ 0เดือน(0M)",,,,taxable,,1,1,,0,0,0.1,,,,0,,120,390,สินค้าและอุปกรณ์สำหรับเด็ก,,,"https://punpunkun.com/wp-content/uploads/2021/03/69FA2E54-2D73-4247-AD74-A51BB6216B95-scaled.jpeg, https://punpunkun.com/wp-content/uploads/2021/03/CE2F40DD-9D3A-4159-9B45-43B3D2F16C64-scaled.jpeg, https://punpunkun.com/wp-content/uploads/2021/03/3E389C28-203B-4342-854C-08B86DA29944-scaled.jpeg, https://punpunkun.com/wp-content/uploads/2021/03/363DD073-B89F-42E9-962E-744B52834EDC-scaled.jpeg",,,,,,,,,304,,สี,สีเทา,1,1,Size (กางเกง),0M,1,1,อายุ,0เดือน,1,1,เพศ,ชาย,1,1,สภาพดี
2610,simple,300007,,Black Pants กางเกงขายาว สีดำ,1,0,visible,"กางเกงขายาว แบรนด์ Baby GAP สีดำล้วน\n\n&nbsp;\n\nสุดเทห์ ไซส์ เบบี้ 3เดือน(3M)",,,,taxable,,0,-1,,0,0,0.1,,,,0,,120,390,สินค้าและอุปกรณ์สำหรับเด็ก,,,"https://punpunkun.com/wp-content/uploads/2021/03/19198A6D-FDB4-41C5-8F47-BD3D2DFBC0EB-scaled.jpeg, https://punpunkun.com/wp-content/uploads/2021/03/9D67ED5B-4AA8-40DA-80C2-EE5F1B522D94-scaled.jpeg, https://punpunkun.com/wp-content/uploads/2021/03/3C91A87C-639A-4D8B-B33E-EE0F62155734-scaled.jpeg, https://punpunkun.com/wp-content/uploads/2021/03/BEA279FE-665B-481A-A0F1-0581547C632B-scaled.jpeg",,,,,,,,,45,,สี,สีดำ,1,1,Size (กางเกง),3M,1,1,อายุ,3เดือน,1,1,เพศ,ชาย,1,1,สภาพดี
2612,simple,300006,,Striped Pants กางเกงขายาว ลายขวาง,1,0,visible,กางเกงขายาว แบรนด์ Baby GAP สีดำ ลายขวาง  ปักน้องหมีมาพร้อมกระเป๋าข้างหลัง ไซส์ เบบี้ 0เดือน(0M),,,,taxable,,1,1,,0,0,0.1,,,,0,,120,390,สินค้าและอุปกรณ์สำหรับเด็ก,,,"https://punpunkun.com/wp-content/uploads/2021/03/FC96E480-F059-480C-893F-1F8269C73A97-scaled.jpeg, https://punpunkun.com/wp-content/uploads/2021/03/49CA9B67-860D-4CCC-8F13-ED068B32211C-scaled.jpeg, https://punpunkun.com/wp-content/uploads/2021/03/1FDEBE43-C6B9-4E55-918A-89DC8B333DE2-scaled.jpeg, https://punpunkun.com/wp-content/uploads/2021/03/71702671-0B9E-4BB0-B8D1-8FB79EA663EC-scaled.jpeg",,,,,,,,,305,,สี,สีดำ,1,1,Size (กางเกง),0M,1,1,อายุ,0เดือน,1,1,เพศ,ชาย,1,1,สภาพดี
2615,simple,300005,,Striped Pants 2pieces กางเกงขายาว ลายขวาง 2ชิ้น,1,0,visible,กางเกงขายาว 2ชิ้น แบรนด์ Baby GAP สีเทา ลายขวาง สุดเทห์ ไซส์ เบบี้ 3เดือน(3M),,,,taxable,,1,1,,0,0,0.1,,,,0,,195,650,สินค้าและอุปกรณ์สำหรับเด็ก,,,"https://punpunkun.com/wp-content/uploads/2021/03/E2D73219-E39C-4EC5-9887-D69BA72D5188-scaled.jpeg, https://punpunkun.com/wp-content/uploads/2021/03/37DBC0FA-FEDB-4799-9555-8E2DA36D3343-scaled.jpeg, https://punpunkun.com/wp-content/uploads/2021/03/61508A00-7677-4F69-A714-FEEA8CEFEA1C-scaled.jpeg, https://punpunkun.com/wp-content/uploads/2021/03/4BDF518C-D97A-4567-AF07-321DC5FF9746-scaled.jpeg, https://punpunkun.com/wp-content/uploads/2021/03/77D61726-3EAB-44B6-88D0-3F6252811936-scaled.jpeg, https://punpunkun.com/wp-content/uploads/2021/03/F026D18C-7FFB-4C43-A425-CA8706F65515-scaled.jpeg, https://punpunkun.com/wp-content/uploads/2021/03/4608B75D-F010-4057-8EFB-0935CBB2E771-scaled.jpeg",,,,,,,,,301,,สี,สีเทา,1,1,Size (กางเกง),3M,1,1,อายุ,3เดือน,1,1,เพศ,ชาย,1,1,สภาพดี
2617,simple,300004,,Jeans Pants กางเกงขาสั้น สียีนส์,1,0,visible,"กางเกงขาสั้น แบรนด์ Carter's สียีนส์\n\n&nbsp;\n\nพับขาสุดเทห์ ไซส์ เบบี้ 3เดือน(3M)",,,,taxable,,1,1,,0,0,0.1,,,,0,,210,690,สินค้าและอุปกรณ์สำหรับเด็ก,,,"https://punpunkun.com/wp-content/uploads/2021/03/8C93090B-24AD-4734-A65F-318EA0A8FEA7-scaled.jpeg, https://punpunkun.com/wp-content/uploads/2021/03/6224412E-4EEB-447F-A185-96DE6BE5D726-scaled.jpeg, https://punpunkun.com/wp-content/uploads/2021/03/068E64B7-55B6-435E-AF2E-C85330A8EEBF-scaled.jpeg, https://punpunkun.com/wp-content/uploads/2021/03/C3C58763-643F-493B-9B55-04483E12F120-scaled.jpeg",,,,,,,,,177,,สี,สีน้ำเงิน,1,1,Size (กางเกง),3M,1,1,อายุ,3เดือน,1,1,เพศ,"ชาย, หญิง",1,1,สภาพดี
2620,simple,300003,,Set Pants 3pieces เซตกางเกงขายาว 3ชิ้น,1,0,visible,"กางเกงขายาว 2ชิ้น แบรนด์ Carter's 3ชิ้น\n\n&nbsp;\n\nสีน้ำเงินและเทา สุดน่ารัก ไซส์ เบบี้ 6เดือน(6M)",,,,taxable,,1,1,,0,0,0.2,,,,0,,255,840,สินค้าและอุปกรณ์สำหรับเด็ก,,,"https://punpunkun.com/wp-content/uploads/2021/03/5D8C05D2-EEB4-4E85-BEB0-4A5EA75FEDDC-scaled.jpeg, https://punpunkun.com/wp-content/uploads/2021/03/78060E3C-B7B5-4AE9-A8D6-025BF9A81DA7-scaled.jpeg, https://punpunkun.com/wp-content/uploads/2021/03/8245860C-3C7C-4955-B28C-E161322C1ED9-scaled.jpeg, https://punpunkun.com/wp-content/uploads/2021/03/BCE7BAFC-D189-40E2-9C95-2AEA7FB8CE29-scaled.jpeg, https://punpunkun.com/wp-content/uploads/2021/03/8A6A3895-3435-43CC-A91A-30DC33CD38D9-scaled.jpeg, https://punpunkun.com/wp-content/uploads/2021/03/87094D8F-417C-44F0-92FE-EB2E28ED897C-scaled.jpeg",,,,,,,,,268,,สี,"สีกรม, สีเทา",1,1,Size (กางเกง),6M,1,1,อายุ,6เดือน,1,1,เพศ,ชาย,1,1,สภาพดี
2643,simple,100071,,Ralph Lauren Polo Shirt เสื้อเชิ้ตคอปกโปโลสีแดง,1,0,visible,เสื้อโปโล แบรนด์ Ralph Lauren สีแดง ใส่สบาย ไซส์ 6เดือน(6M 70/44),,,,taxable,,1,1,,0,0,0.1,,,,0,,360,1190,สินค้าและอุปกรณ์สำหรับเด็ก,,,"https://punpunkun.com/wp-content/uploads/2021/03/9ECC75C9-8F15-47F8-AF20-459BFAD92736-scaled.jpeg, https://punpunkun.com/wp-content/uploads/2021/03/BE92D4B6-E08F-40C1-89F1-E8D09C2519B7-scaled.jpeg, https://punpunkun.com/wp-content/uploads/2021/03/3DCF307C-5A69-4308-9513-C5C9D6BEB440-scaled.jpeg",,,,,,,,,257,,สี,สีแดง,1,1,Size (เสื้อ),6M,1,1,อายุ,6เดือน,1,1,เพศ,ชาย,1,1,สภาพดี
2682,simple,100070,,Ralph Lauren Polo Shirt เสื้อเชิ้ตคอปกโปโลสีน้ำเงิน,1,0,visible,"เสื้อโปโล แบรนด์ Ralph Lauren สีน้ำเงิน\n\n&nbsp;\n\nใส่สบาย ไซส์ 6เดือน(6M)",,,,taxable,,1,1,,0,0,0.1,,,,0,,360,1190,สินค้าและอุปกรณ์สำหรับเด็ก,,,"https://punpunkun.com/wp-content/uploads/2021/03/48DFEBD0-1821-4F1A-AAE1-68931253985E-scaled.jpeg, https://punpunkun.com/wp-content/uploads/2021/03/1E47AD02-A194-4AF4-B802-2007E1504A24-scaled.jpeg, https://punpunkun.com/wp-content/uploads/2021/03/4EE5AF72-4955-49C6-BB95-D1539AF5735F-scaled.jpeg",,,,,,,,,254,,สี,สีน้ำเงิน,1,1,Size (เสื้อ),6M,1,1,อายุ,6เดือน,1,1,เพศ,ชาย,1,1,สภาพดี
2690,simple,100069,,Ralph Lauren Polo Shirt เสื้อเชิ้ตคอปกโปโลสีเหลือง,1,0,visible,"เสื้อโปโล แบรนด์ Ralph Lauren สีเหลือง\n\n&nbsp;\n\n&nbsp;\n\nใส่สบาย ไซส์ 6เดือน(6M)",,,,taxable,,1,1,,0,0,0.1,,,,0,,360,1190,สินค้าและอุปกรณ์สำหรับเด็ก,,,"https://punpunkun.com/wp-content/uploads/2021/03/B884D834-DC0A-4F72-98D6-FDAAF5585292-scaled.jpeg, https://punpunkun.com/wp-content/uploads/2021/03/A294E445-A0A5-493B-8C41-EB7F4F89B932-scaled.jpeg, https://punpunkun.com/wp-content/uploads/2021/03/90A96CC3-EDDA-4F60-9395-EF5DA8D2DA93-scaled.jpeg",,,,,,,,,256,,สี,สีเหลือง,1,1,Size (เสื้อ),6M,1,1,อายุ,6เดือน,1,1,เพศ,ชาย,1,1,สภาพดี
2692,simple,100068,,Ralph Lauren Polo Shirt เสื้อเชิ้ตคอปกโปโลสีฟ้า,1,0,visible,เสื้อโปโล แบรนด์ Ralph Lauren สีฟ้า ใส่สบาย ไซส์ 6เดือน(6M),,,,taxable,,1,1,,0,0,0.1,,,,0,,360,1190,สินค้าและอุปกรณ์สำหรับเด็ก,,,"https://punpunkun.com/wp-content/uploads/2021/03/F0730815-4F9D-4DAA-83A1-3641EB5514A1-scaled.jpeg, https://punpunkun.com/wp-content/uploads/2021/03/7A0F61DA-54C5-4A94-8ADF-840794F6A3E5-scaled.jpeg, https://punpunkun.com/wp-content/uploads/2021/03/B3071361-7A66-4B32-AF65-1E25CF604E36-scaled.jpeg",,,,,,,,,255,,สี,สีฟ้า,1,1,Size (เสื้อ),6M,1,1,อายุ,6เดือน,1,1,เพศ,ชาย,1,1,สภาพดี
2694,simple,100067,,Ralph Lauren Polo Shirt เสื้อเชิ้ตคอปกโปโลสีแดง,1,0,visible,เสื้อโปโล แบรนด์ Ralph Lauren สีแดง ใส่สบาย ไซส์ 6เดือน(6M),,,,taxable,,1,1,,0,0,0.1,,,,0,,360,1190,สินค้าและอุปกรณ์สำหรับเด็ก,,,"https://punpunkun.com/wp-content/uploads/2021/03/38D1F634-38C5-409C-9895-97ADC6ACFAA8-scaled.jpeg, https://punpunkun.com/wp-content/uploads/2021/03/34179E3B-6F23-43B0-9A59-73BC1F3DB818-scaled.jpeg, https://punpunkun.com/wp-content/uploads/2021/03/2BEFB859-C58A-4314-BD83-FE60130B32FE-scaled.jpeg",,,,,,,,,258,,สี,สีแดง,1,1,Size (เสื้อ),6M,1,1,อายุ,6เดือน,1,1,เพศ,ชาย,1,1,สภาพดี
2696,simple,100066,,BearT-shirt เสื้อยืดคอกลมลายหมี,1,0,visible,"เสื้อยืดคอกลมแขนสั้น แบรนด์ Ralph Lauren\n\n&nbsp;\n\nลายหมี สุดเท่ห์ มีกระดุมบริเวรนไหล่ ใส่ง่าย ผลิตจากผ้าฝ้ายแท้ 100%  สีกรม <span style=""color: inherit; font-family: Roboto;"">ไซส์ 6เดือน ( 6M 66/44)</span>",,,,taxable,,1,1,,0,0,0.1,,,,0,,600,1990,สินค้าและอุปกรณ์สำหรับเด็ก,,,"https://punpunkun.com/wp-content/uploads/2021/03/4E266A76-2DB1-4BFF-9F5C-71B15AF75CC2-scaled.jpeg, https://punpunkun.com/wp-content/uploads/2021/03/19CF1CDD-453A-497D-AC4F-C772E9AEB31E-scaled.jpeg, https://punpunkun.com/wp-content/uploads/2021/03/08F8FB38-D63D-4BC9-9D95-4B828D8197D1-scaled.jpeg",,,,,,,,,42,,สี,สีกรม,1,1,Size (กางเกง),6M,1,1,อายุ,6เดือน,1,1,เพศ,ชาย,1,1,สภาพดี
2698,simple,100065,,5P STAR TRUNKS กางเกงชั้นใน 5 ชิ้น,1,0,visible,"กางเกงชั้นใน 5 ชิ้น แบรนด์ MARK and Spencer\n\n&nbsp;\n\n&nbsp;\n\nสีขาว ลายดวงดาวและลายขวาง ผลิตจากผ้าคอตอล ใส่สบาย <span style=""color: #555555; font-family: Roboto;"">ไซส์ 2ปี ( 2ํY)</span>",,,,taxable,,1,1,,0,0,0.2,,,,0,,595,790,สินค้าและอุปกรณ์สำหรับเด็ก,,,"https://punpunkun.com/wp-content/uploads/2021/03/2E5739A5-EEE1-4538-875D-AD1987FF48B1-scaled.jpeg, https://punpunkun.com/wp-content/uploads/2021/03/3C8A15CF-BB0E-43C5-B5AF-CC970B9A91B0-scaled.jpeg",,,,,,,,,3,,สี,สีขาว,1,1,Size (กางเกง),2Y,1,1,อายุ,2ปี,1,1,เพศ,ชาย,1,1,New
2701,simple,100064,,Port Swimsuit ชุดว่ายน้ำลายสมอเรือ,1,0,visible,"ชุดว่ายน้ำแขนยาว ขาสั้น แบรนด์ koalakids\n\n&nbsp;\n\nสีชมพูน่ารัก ลายสมอเรือ ไซส์ 12-18 เดือน(12-18M)",,,,taxable,,1,1,,0,0,0.1,,,,0,,600,1990,สินค้าและอุปกรณ์สำหรับเด็ก,,,"https://punpunkun.com/wp-content/uploads/2021/03/D3B4F38F-D7EC-4A81-92A1-C0518266C1EC-scaled.jpeg, https://punpunkun.com/wp-content/uploads/2021/03/09D62E24-5C4C-4DD9-8074-C505EAF9B3B9-scaled.jpeg, https://punpunkun.com/wp-content/uploads/2021/03/190C33EB-CB44-48AF-B886-2B3928689B73-scaled.jpeg",,,,,,,,,243,,สี,สีชมพู,1,1,Size (เสื้อ),12M,1,1,อายุ,12เดือน,1,1,เพศ,"ชาย, หญิง",1,1,สภาพดี
2705,simple,100063,,Bow Bodysuit ชุดบอดี้สูทขาสั้นลายโบว์,1,0,visible,ชุดบอดี้สูทแขนสั้นยาว แบรนด์ Baby GAP สีขาว ลายโบว์ ผลิตจากผ้า cotton 100% ไซส์ 6-12 เดือน(6-12M),,,,taxable,,1,1,,0,0,1,,,,0,,240,590,สินค้าและอุปกรณ์สำหรับเด็ก,,,"https://punpunkun.com/wp-content/uploads/2021/03/56FE4976-6C14-4E37-9013-624CA9E4EC7E-scaled.jpeg, https://punpunkun.com/wp-content/uploads/2021/03/D3D607FA-906B-4CBC-BCB1-CE2C896BD161-scaled.jpeg, https://punpunkun.com/wp-content/uploads/2021/03/E7704047-EEA9-41B9-81AD-2590BFB810A7-scaled.jpeg, https://punpunkun.com/wp-content/uploads/2021/03/46340185-DC52-4BF0-A814-05866114860E-scaled.jpeg, https://punpunkun.com/wp-content/uploads/2021/03/C11BF00E-3276-4043-A76E-9D4F38291A0B-scaled.jpeg",,,,,,,,,64,,สี,สีขาว,1,1,Size (เสื้อ),6M,1,1,อายุ,6เดือน,1,1,เพศ,ชาย,1,1,Mint
2707,simple,100062,,Brown Corduroy Pants กางเกงขายาว สีน้ำตาล,1,0,visible,"กางเกงขายาว แบรนด์ Baby GAP สีน้ำตาล\n\n&nbsp;\n\n&nbsp;\n\nผ้าลูกฟูก สุดเทห์ ไซส์ เบบี้ 6เดือน(6M)\n\n&nbsp;",,,,taxable,,1,1,,0,0,1,,,,0,,360,1190,สินค้าและอุปกรณ์สำหรับเด็ก,,,"https://punpunkun.com/wp-content/uploads/2021/03/0D3CD2B3-9B5B-4C50-84D0-26C828F3A7F8-scaled.jpeg, https://punpunkun.com/wp-content/uploads/2021/03/74060D6A-646A-49B3-BD87-99BF6BF38BF9-scaled.jpeg, https://punpunkun.com/wp-content/uploads/2021/03/46FBD85B-6E0C-4B4D-90D9-A8405A227C62-scaled.jpeg, https://punpunkun.com/wp-content/uploads/2021/03/45175EBE-CA90-496A-A6C7-EC9C6EE9D3E2-scaled.jpeg",,,,,,,,,69,,สี,สีน้ำตาล,1,1,Size (กางเกง),6M,1,1,อายุ,6เดือน,1,1,เพศ,ชาย,1,1,สภาพดี
2709,simple,100061,,Brown Corduroy Pants กางเกงขาสั้น สีน้ำตาล,1,0,visible,"กางเกงขาสั้น แบรนด์ Certer's สีน้ำตาล\n\n&nbsp;\n\nผ้าลูกฟูก สุดเทห์ ไซส์ เบบี้ 9เดือน(9M)",,,,taxable,,1,1,,0,0,1,,,,0,,180,590,สินค้าและอุปกรณ์สำหรับเด็ก,,,"https://punpunkun.com/wp-content/uploads/2021/03/3422EFDF-985B-4025-85D3-0FFEC7CF5830-scaled.jpeg, https://punpunkun.com/wp-content/uploads/2021/03/91ABFE7D-097A-49F8-8E88-FA1F535970DD-scaled.jpeg, https://punpunkun.com/wp-content/uploads/2021/03/B48F710B-02ED-48F0-953D-2059B5487137-scaled.jpeg, https://punpunkun.com/wp-content/uploads/2021/03/60136651-B772-4121-B197-A1801F3775ED-scaled.jpeg",,,,,,,,,70,,สี,สีน้ำตาล,1,1,Size (กางเกง),9M,1,1,อายุ,9เดือน,1,1,เพศ,ชาย,1,1,สภาพดี
2711,simple,100060,,Whale Swim Trunks กางเกงว่ายน้ำขาสั้นลายวาฬ,1,0,visible,"กางเกงว่ายน้ำขาสั้น แบรนด์ Koala kids\n\n&nbsp;\n\n&nbsp;\n\nสีฟ้า ลายวาฬสุดน่ารัก ไซส์ เบบี้ 12เดือน(12M)",,,,taxable,,1,1,,0,0,1,,,,0,,360,1190,สินค้าและอุปกรณ์สำหรับเด็ก,,,"https://punpunkun.com/wp-content/uploads/2021/03/A1E355E6-8D09-4A00-A466-81CC2A910B97-scaled.jpeg, https://punpunkun.com/wp-content/uploads/2021/03/FE468B19-34D6-44CB-8481-0C705A28D792-scaled.jpeg",,,,,,,,,321,,สี,สีฟ้า,1,1,Size (กางเกง),12M,1,1,อายุ,12เดือน,1,1,เพศ,ชาย,1,1,สภาพดี
2713,simple,100059,,Black Pants กางเกงขายาว สีดำ,1,0,visible,"กางเกงขายาว แบรนด์ Carter's สีดำ สุดเทห์\n\n&nbsp;\n\nไซส์ เบบี้ 12เดือน(12M)",,,,taxable,,1,1,,0,0,0.1,,,,0,,270,890,สินค้าและอุปกรณ์สำหรับเด็ก,,,"https://punpunkun.com/wp-content/uploads/2021/03/24AE608E-54A9-430D-9ED2-B051D6C71F80-scaled.jpeg, https://punpunkun.com/wp-content/uploads/2021/03/F4622CAE-5A69-4EFF-BB5A-DBC161F09E44-scaled.jpeg",,,,,,,,,46,,สี,สีดำ,1,1,Size (กางเกง),12M,1,1,อายุ,12เดือน,1,1,เพศ,ชาย,1,1,สภาพดี
2715,simple,100058,,Blue Pants กางเกงขาสั้น สีฟ้า,1,0,visible,"กางเกงขาสั้น แบรนด์ Cotton on baby สีฟ้า\n\n&nbsp;\n\n&nbsp;\n\nสุดเทห์ ไซส์ เบบี้ 6เดือน(6M)",,,,taxable,,1,1,,0,0,0.1,,,,0,,180,590,สินค้าและอุปกรณ์สำหรับเด็ก,Clean-Care-Confident,,"https://punpunkun.com/wp-content/uploads/2021/03/E551268F-FEE1-4415-833A-3A21818FA659-scaled.jpeg, https://punpunkun.com/wp-content/uploads/2021/03/3FEF8D62-2E5B-4DF0-9993-052EE37361AF-scaled.jpeg, https://punpunkun.com/wp-content/uploads/2021/03/92FC3197-FA11-4068-90FE-D0BC76996D0E-scaled.jpeg",,,,,,,,,52,,สี,สีฟ้า,1,1,Size (กางเกง),6M,1,1,อายุ,6เดือน,1,1,เพศ,"ชาย, หญิง",1,1,สภาพดี
2716,simple,100057,,Orange Pants กางเกงขายาว สีส้ม,1,0,visible,"กางเกงขายาว แบรนด์ Cotton on baby สีส้ม\n\n&nbsp;\n\n&nbsp;\n\nสุดเทห์ ไซส์ เบบี้ 9เดือน(9M)",,,,taxable,,1,1,,0,0,0.1,,,,0,,300,990,สินค้าและอุปกรณ์สำหรับเด็ก,,,"https://punpunkun.com/wp-content/uploads/2021/03/0B919FF5-D847-4302-9779-2D66BB850ED5-scaled.jpeg, https://punpunkun.com/wp-content/uploads/2021/03/71E6218D-C86E-4161-8DFC-C94E36DAC871-scaled.jpeg, https://punpunkun.com/wp-content/uploads/2021/03/CEA312B4-E425-4490-9D9D-665798D424A0-scaled.jpeg",,,,,,,,,225,,สี,สีส้ม,1,1,Size (กางเกง),9M,1,1,อายุ,9เดือน,1,1,เพศ,ชาย,1,1,สภาพดี
2717,simple,100056,,Blue Pants กางเกงขาสั้น สีกรม,1,0,visible,"กางเกงขาสั้น แบรนด์ Carter's สีกรม\n\n&nbsp;\n\n&nbsp;\n\nสุดเทห์ ไซส์ เบบี้ 12เดือน(12M)",,,,taxable,,1,1,,0,0,0.2,,,,0,,300,990,สินค้าและอุปกรณ์สำหรับเด็ก,,,"https://punpunkun.com/wp-content/uploads/2021/03/5B3D68CD-2CB7-4188-8FE7-1FEA7B505E99-scaled.jpeg, https://punpunkun.com/wp-content/uploads/2021/03/121D8827-D3DD-48A0-973C-A049FE8D9F73-scaled.jpeg, https://punpunkun.com/wp-content/uploads/2021/03/212F5C69-4707-4DF0-A175-998BBD00CAE1-scaled.jpeg",,,,,,,,,49,,สี,สีกรม,1,1,Size (กางเกง),12M,1,1,อายุ,12เดือน,1,1,เพศ,ชาย,1,1,สภาพดี
2718,simple,100055,,Blue Pants กางเกงขายาว สีน้ำเงิน,1,0,visible,"กางเกงขายาว แบรนด์ Carter's สีน้ำเงิน\n\n&nbsp;\n\nผ้านุ้ม ใส่สบาย สุดเทห์ ไซส์ เบบี้ 18เดือน(18M)",,,,taxable,,1,1,,0,0,0.1,,,,0,,270,890,สินค้าและอุปกรณ์สำหรับเด็ก,,,"https://punpunkun.com/wp-content/uploads/2021/03/087ED625-19EB-4077-A54D-6373D4156D2E-scaled.jpeg, https://punpunkun.com/wp-content/uploads/2021/03/000350C4-4BA4-410C-B35A-8E05D1B8F76D-scaled.jpeg, https://punpunkun.com/wp-content/uploads/2021/03/925B145E-1F42-4D9D-90E5-7E582C748020-scaled.jpeg",,,,,,,,,48,,สี,สีน้ำเงิน,1,1,อายุ,18เดือน,1,1,เพศ,ชาย,1,1,,,,,สภาพดี
2870,simple,100054,,Crocs FunLab Shark Band รองเท้าแตะเด็กผู้ชาย,1,0,visible,รองเท้าแตะเด็กผู้ชาย แบรนด์ Crocs สีน้ำเงิน ลายปลาฉลาม  พื้นรองเท้ามีลักษณะเป็นปุ่มช่วยนวดเท้าให้ความรู้สึกสบายและผ่อนคลายขณะสวมใส่ มีสายรัดส้นและรัดหลังเท้าช่วยเพิ่มความกระชับพอดี อัปเปอร์และขอบรองเท้าด้านนอกแต่งลายปลาฉลาม และโลโก้แบรนด์ Crocs ดีไซน์น่ารัก สวมใส่สบายระบายอากาศได้ดี เหมาะสำหรับสวมใส่ในวันสบายๆ ไซส์ 7,,,,taxable,,1,1,,0,0,0.2,,,,0,,550,1100,สินค้าและอุปกรณ์สำหรับเด็ก,,,"https://punpunkun.com/wp-content/uploads/2021/03/4490A4B1-06E3-440D-8717-5533FBEB0F6F-scaled.jpeg, https://punpunkun.com/wp-content/uploads/2021/03/B55850DC-1CAE-453D-AAFC-983356D7D97D-scaled.jpeg, https://punpunkun.com/wp-content/uploads/2021/03/E2197675-0F30-4566-9027-313350484B5A-scaled.jpeg, https://punpunkun.com/wp-content/uploads/2021/03/2DEA1D14-5423-429B-AE50-23A7D374031B-scaled.jpeg, https://punpunkun.com/wp-content/uploads/2021/03/52C0AD05-9586-4B07-9D1A-DB1A573E785B-scaled.jpeg",,,,,,,,,114,,สี,สีน้ำเงิน,1,1,,,,,,,,,,,,,สภาพดี
2871,simple,100053,,Adidas Superstar Black รองเท้าลำลองเด็ก,1,0,visible,รองเท้าลำลองเด็ก แบรนด์ Adidas สีดำ-ขาว ทำจากผ้าตาข่ายทอสองชั้นที่มีความยืดหยุ่นกระชับรูปเท้า สวมใส่ง่าย มีแถบ Adifit บนแผ่นรองฝ่าเท้าช่วยวัดความพอดีของขนาดเท้า แผ่นรองพื้นรองเท้า OrthoLite ให้ความนุ่มสบายและลดกลิ่นอับชื้น  ไซส์,,,,taxable,,0,0,,0,0,0.2,,,,0,,1375,2750,สินค้าและอุปกรณ์สำหรับเด็ก,,,"https://punpunkun.com/wp-content/uploads/2021/03/5A93CA76-C9AB-457C-8BAB-A2302486106F-scaled.jpeg, https://punpunkun.com/wp-content/uploads/2021/03/42E9ACC5-48BF-497C-93DB-12E1061335F9-scaled.jpeg, https://punpunkun.com/wp-content/uploads/2021/03/BD32D94D-314D-44E8-807A-19628728BB28-scaled.jpeg, https://punpunkun.com/wp-content/uploads/2021/03/BDCF16F4-7B1C-41F1-A0B4-F24421CA039F-scaled.jpeg, https://punpunkun.com/wp-content/uploads/2021/03/73B326DB-4056-4342-90C0-54AF29DC1F22-scaled.jpeg",,,,,,,,,9,,สี,"สีขาว, สีดำ",1,1,,,,,,,,,,,,,สภาพดี
2872,simple,100052,,Converse All Star for kids รองเท้าลำลองเด็ก,1,0,visible,รองเท้าลำลองเด็ก แบรนด์ Converse สีน้ำเงิน นุ่มเบาสบายตลอดการสวมใส่ เหมาะสำหรับสวมใส่กับเสื้อผ้าชุดโปรดได้ทุกวัน ไซส์ US 4 UK 4 EUR 20 CM 11.5,,,,taxable,,1,1,,0,0,0.2,,,,0,,945,1890,สินค้าและอุปกรณ์สำหรับเด็ก,,,"https://punpunkun.com/wp-content/uploads/2021/03/6789EB46-9B9B-4F27-B391-A56A0ED4158E-scaled.jpeg, https://punpunkun.com/wp-content/uploads/2021/03/2C82AE15-78B4-4525-8A76-FCA01973EF49-scaled.jpeg, https://punpunkun.com/wp-content/uploads/2021/03/91F3DC61-089E-42C9-B41A-6CDD6E98A89B-scaled.jpeg, https://punpunkun.com/wp-content/uploads/2021/03/F5035AF2-EE78-45D8-9F8D-4000B8441EBA-scaled.jpeg, https://punpunkun.com/wp-content/uploads/2021/03/0077BED0-F8F1-4CB5-828A-80CA5DD86148-scaled.jpeg",,,,,,,,,109,,สี,สีน้ำเงิน,1,1,,,,,,,,,,,,,Good
2876,simple,100051,,Baby toddler Adidas รองเท้าลำลองเด็ก,1,0,visible,"รองเท้าลำลองเด็ก แบรนด์ Adidas สีขาว\n\n&nbsp;\n\nหนังแท้คุณภาพดี มีแถบสายรัดเพิ่มความกระชับรูปเท้า แผ่นรองพื้นรองเท้า OrthoLite มอบความสบายและระบายกลิ่นอับได้ดี พื้นรองเท้ายางชั้นนอกยึดเกาะพื้นได้ดี ไซส์ US 4K UK 3K FR 19 JP 110 CHN 105",,,,taxable,,1,1,,0,0,0.2,,,,0,,550,1100,สินค้าและอุปกรณ์สำหรับเด็ก,,,"https://punpunkun.com/wp-content/uploads/2021/03/4E852EBF-0C13-48AA-B4EB-DBF79A5552D0-scaled.jpeg, https://punpunkun.com/wp-content/uploads/2021/03/A6A560D0-377B-4AC6-8990-FA00D2589C0F-scaled.jpeg, https://punpunkun.com/wp-content/uploads/2021/03/0B0BE4FD-A516-4B1C-8729-E400A185DB59-scaled.jpeg, https://punpunkun.com/wp-content/uploads/2021/03/C6EB4073-EE20-4F63-B19B-8F65D9E4DB51-scaled.jpeg",,,,,,,,,35,,สี,สีขาว,1,1,,,,,,,,,,,,,Good
2879,simple,100050,,Nike Cortes Baby รองเท้าลำลองเด็ก,1,0,visible,รองเท้าลำลองเด็ก แบรนด์ Nike สีขาว-น้ำเงิน นุ่มเบาสบายตลอดการสวมใส่ เหมาะสำหรับสวมใส่กับเสื้อผ้าชุดโปรดได้ทุกวัน ไซส์ US 4C UK 3.5 EUR 19.5 CM 10 BR 18.5 CN 100,,,,taxable,,1,1,,0,0,0.2,,,,0,,750,1500,สินค้าและอุปกรณ์สำหรับเด็ก,,,"https://punpunkun.com/wp-content/uploads/2021/03/AAB1D889-AB4B-4219-A606-A1F660DC8BAE-scaled.jpeg, https://punpunkun.com/wp-content/uploads/2021/03/670FA43A-AD63-4169-9923-E05A77EBCB82-scaled.jpeg, https://punpunkun.com/wp-content/uploads/2021/03/F34165C8-EA78-437D-AC0E-91135FB471DC-scaled.jpeg, https://punpunkun.com/wp-content/uploads/2021/04/F1345A14-43B6-4851-8270-9BAF05217214-scaled.jpeg, https://punpunkun.com/wp-content/uploads/2021/04/18840940-F6A8-499E-85A7-949D19560D77-scaled.jpeg, https://punpunkun.com/wp-content/uploads/2021/04/ED151DEB-AFB3-4196-AF42-C55FFF303145-scaled.jpeg",,,,,,,,,220,,สี,สีน้ำเงิน,1,1,,,,,,,,,,,,,Good
2880,simple,100049,,Adidas Shoes fir kids รองเท้าลำลองเด็ก,1,0,visible,"รองเท้าลำลองเด็ก แบรนด์ Adidas สีดำ\n\n&nbsp;\n\nนุ่มเบาสบายตลอดการสวมใส่ เหมาะสำหรับสวมใส่กับเสื้อผ้าชุดโปรดได้ทุกวัน ไซส์ US 5K UK 4K FR 20 JP 120 CHN 115",,,,taxable,,1,1,,0,0,0.3,,,,0,,750,1500,สินค้าและอุปกรณ์สำหรับเด็ก,,,"https://punpunkun.com/wp-content/uploads/2021/04/8302CC23-D097-4EBE-92BA-94ED9EAF50D3-scaled.jpeg, https://punpunkun.com/wp-content/uploads/2021/03/38FCD258-3545-4057-99FC-404F9B40A249-scaled.jpeg, https://punpunkun.com/wp-content/uploads/2021/03/D1482051-AB9D-4251-B14E-DC9112D05708-scaled.jpeg, https://punpunkun.com/wp-content/uploads/2021/04/8302CC23-D097-4EBE-92BA-94ED9EAF50D3-scaled.jpeg, https://punpunkun.com/wp-content/uploads/2021/04/58B00A95-DAAE-4FAE-A23E-59CB6E0DF28D-scaled.jpeg, https://punpunkun.com/wp-content/uploads/2021/04/385B165A-BAF5-417D-862F-7CDD0F58B17F-scaled.jpeg",,,,,,,,,7,,สี,สีดำ,1,1,,,,,,,,,,,,,Good
2881,simple,100048,,Adidas Super Star รองเท้าลำลองเด็ก,1,0,visible,"รองเท้าลำลองเด็ก แบรนด์ Adidas สีขาว\n\n&nbsp;\n\nหนังแท้คุณภาพดี มีแถบสายรัดเพิ่มความกระชับรูปเท้า แผ่นรองพื้นรองเท้า OrthoLite มอบความสบายและระบายกลิ่นอับได้ดี พื้นรองเท้ายางชั้นนอกยึดเกาะพื้นได้ดี ไซส์ US 2K UK 2K FR 18 JP 100 CHN 100",,,,taxable,,0,0,,0,0,0.1,,,,0,,230,1900,อุปกรณ์อิเล็คทรอนิกส์และเครื่องใช้ไฟฟ้า,,,"https://punpunkun.com/wp-content/uploads/2021/03/E6BD1528-7392-4468-A0C2-ACBF7D954313-scaled.jpeg, https://punpunkun.com/wp-content/uploads/2021/03/ABFCC353-64BD-4097-8D54-45B39B249374-scaled.jpeg, https://punpunkun.com/wp-content/uploads/2021/03/7E70CAE5-5A10-4914-83B9-09DB03BB49AC-scaled.jpeg, https://punpunkun.com/wp-content/uploads/2021/03/D6CBBE9C-F2F2-4270-9DD8-9D1C5EDFD9D3-scaled.jpeg, https://punpunkun.com/wp-content/uploads/2021/03/5B4D41F6-B101-4780-8722-F2EE8B5E58E1-scaled.jpeg",,,,,,,,,8,,สี,สีขาว,1,1,,,,,,,,,,,,,Good
2883,simple,100047,,รองเท้าผ้าใบเบบี้พื้นกันลื่น Adidas,1,0,visible,"รองเท้าผ้าเบบี๋ใบพื้นกันลื่น\n\n&nbsp;\n\n&nbsp;\n\nแบรนด์ Adidas สีดำ นุ่มเบาสบายตลอดการสวมใส่ เหมาะสำหรับสวมใส่กับเสื้อผ้าชุดโปรดได้ทุกวัน  ไซส์ US 3K UK 3K FR 19 JP 110 CHN 105\n\n&nbsp;",,,,taxable,,1,1,,0,0,0.1,,,,0,,525,1050,สินค้าและอุปกรณ์สำหรับเด็ก,,,"https://punpunkun.com/wp-content/uploads/2021/03/8CE7AEB4-AEBA-4167-B8F4-FEE042014839-scaled.jpeg, https://punpunkun.com/wp-content/uploads/2021/03/8ED29D08-D2CC-45DC-9A58-C51819267FF1-scaled.jpeg, https://punpunkun.com/wp-content/uploads/2021/03/07526C44-E5D6-440F-BEFA-D56862397E9A-scaled.jpeg, https://punpunkun.com/wp-content/uploads/2021/03/AA187A07-63FE-4A50-8DA0-3B318DE9912E-scaled.jpeg",,,,,,,,,326,,สี,สีดำ,1,1,,,,,,,,,,,,,Good
2884,simple,100046,,Infant Converse Chuck allstar รองเท้าลำลองเด็ก,1,0,visible,"รองเท้าลำลองเด็ก แบรนด์ Converse สีดำ\n\n&nbsp;\n\nนุ่มเบาสบายตลอดการสวมใส่ เหมาะสำหรับสวมใส่กับเสื้อผ้าชุดโปรดได้ทุกวัน ไซส์ US 3 UK 3 EUR 19 CM 11",,,,taxable,,1,1,,0,0,0.2,,,,0,,1190,1700,สินค้าและอุปกรณ์สำหรับเด็ก,,,"https://punpunkun.com/wp-content/uploads/2021/03/901FDEEA-2F26-43AF-BFDF-98E816A2206A-scaled.jpeg, https://punpunkun.com/wp-content/uploads/2021/03/6AF37E2D-DB5C-4988-B935-CC9F98B4C9C9-scaled.jpeg, https://punpunkun.com/wp-content/uploads/2021/03/C69CF9D8-8043-4DAD-B24B-DD1C3B5FECB4-scaled.jpeg, https://punpunkun.com/wp-content/uploads/2021/03/7D8A4389-374A-47D3-93BE-689580CE9C02-scaled.jpeg, https://punpunkun.com/wp-content/uploads/2021/03/3D2F5E55-BC36-4D81-AE62-CA8142F3B33E-scaled.jpeg, https://punpunkun.com/wp-content/uploads/2021/03/6F6BC950-C066-4C13-889B-A59A5B5029E9-scaled.jpeg",,,,,,,,,174,,สี,สีดำ,1,1,,,,,,,,,,,,,Mint
2885,simple,100045,,Converse Infants All Star รองเท้าลำลองเด็ก,1,0,visible,"รองเท้าลำลองเด็ก แบรนด์ Converse สีขาว\n\n&nbsp;\n\nนุ่มเบาสบายตลอดการสวมใส่ เหมาะสำหรับสวมใส่กับเสื้อผ้าชุดโปรดได้ทุกวัน ไซส์ US 3 UK 3 EUR 19 CM 11\n\n&nbsp;",,,,taxable,,1,1,,0,0,0.2,,,,0,,700,1400,สินค้าและอุปกรณ์สำหรับเด็ก,,,"https://punpunkun.com/wp-content/uploads/2021/03/214E31C8-17F7-4828-A8FA-6BBF35ACD1A0-scaled.jpeg, https://punpunkun.com/wp-content/uploads/2021/03/9610E037-36D3-48A6-8F0A-D5B1AA06947E-scaled.jpeg, https://punpunkun.com/wp-content/uploads/2021/03/B7BD2B56-CE2A-4DFB-9B32-F7824D08C897-scaled.jpeg, https://punpunkun.com/wp-content/uploads/2021/03/A1C8152A-CCEB-4A95-AD1B-9B34D45C8921-scaled.jpeg, https://punpunkun.com/wp-content/uploads/2021/03/BD35E206-ADED-4ABE-AD4F-C06E41094900-scaled.jpeg",,,,,,,,,110,,สี,สีขาว,1,1,,,,,,,,,,,,,Good
2906,simple,100044,,Philips Avent ขวดนมเบบี้,1,0,visible,"ขวดนมเบบี๋ แบรนด์ Philips\n\n&nbsp;\n\nตัวจุกออกแบบพิเศษให้คล้ายเต้านมของแม่ สัมผัสที่นุ่มไม่หดตัวขณะลูกน้อยกำลังดูด",,,,taxable,,1,1,,0,0,1,,,,0,,395,495,สินค้าและอุปกรณ์สำหรับเด็ก,,,"https://punpunkun.com/wp-content/uploads/2021/03/0A635440-493F-4ECA-8BF5-3D53EE4CAC59-scaled.jpeg, https://punpunkun.com/wp-content/uploads/2021/03/75AF6E76-6ECB-463B-81DF-D28288A9CC9A-scaled.jpeg, https://punpunkun.com/wp-content/uploads/2021/03/135FA32A-E089-417D-8308-87ED08864195-scaled.jpeg, https://punpunkun.com/wp-content/uploads/2021/03/F4E536F2-04E5-48C6-9A16-C47CAFF318BB-scaled.jpeg",,,,,,,,,234,,เพศ,"ชาย, หญิง",1,1,,,,,,,,,,,,,New
2927,simple,300002,,Ca Lypso Double Plus เครื่องปั๊มน้ำนมสำหรับคุณแม่,1,0,visible,"เครื่องปั๊มน้ำนมสำหรับคุณแม่\n\n&nbsp;\n\nแบรนด์ Ardo สีเขียว เครื่องปั๊มนมอัตโนมัติที่มีประสิทธิภาพสูง ให้ความนุ่มสบายในการปั๊ม เสียงเบากว่าเครื่องปั๊มทั่วไป สามารถปรับระดับความแรงและจังหวะในการปั๊ม ทั้งในช่วงของการกระตุ้นและการหลั่งน้ำนม ได้อย่างอิสระตามต้องการของแต่ละคนได้ถึง 64 รูปแบบ (Individual Phases) เครื่องปั้มนมเคยทดลองใช้เพียง 1 ครั้งยังไม่ได้ใช้งานจริง",,,,taxable,,1,1,,0,0,2,,,,0,,11175,14900,สินค้าและอุปกรณ์สำหรับเด็ก,,,"https://punpunkun.com/wp-content/uploads/2021/03/D5288F2E-158E-4544-A280-BA33FCF169D1-scaled.jpeg, https://punpunkun.com/wp-content/uploads/2021/03/6A690A8A-4F7C-463B-BB11-4FF0A2794896-scaled.jpeg, https://punpunkun.com/wp-content/uploads/2021/03/961656E4-656F-42C1-9F8C-E629EE30AA5E-scaled.jpeg, https://punpunkun.com/wp-content/uploads/2021/03/A71F8544-4D46-4553-9D44-D0F99C2287EC-scaled.jpeg, https://punpunkun.com/wp-content/uploads/2021/03/56D39B22-92D9-4959-AB97-85FBC3127D03-scaled.jpeg, https://punpunkun.com/wp-content/uploads/2021/03/B728A159-5A94-4E1E-BE0B-D29C8FA792DF-scaled.jpeg, https://punpunkun.com/wp-content/uploads/2021/03/8123B0CB-D1DB-4ACE-BDA2-E6943C585BB9-scaled.jpeg, https://punpunkun.com/wp-content/uploads/2021/03/711E1CC1-E21C-40B4-8159-51D7AC9D7D04-scaled.jpeg",,,,,,,,,84,,สี,สีเขียว,1,1,,,,,,,,,,,,,Mint
2928,simple,300001,,On the road mobile โมบายของเล่นรูปรถ,1,0,visible,"โมบาย กล่องดนตรีรูปรถ\n\n&nbsp;\n\nแบรนด์ Mother care กล่องดนตรีเป็นแบบไขลาน เพื่อกล่อมให้ลูกน้อยหลับสบายมากยิ่งขึ้น มีปุ่มสำหรับเปิด-ปิด เพื่อสะดวกต่อการใช้งานมากยิ่งขึ้น โมบายจะหมุนตามเพลง สินค้ายังไม่ถูกใช้งาน",,,,taxable,,1,1,,0,0,0.7,,,,0,,1200,1500,สินค้าและอุปกรณ์สำหรับเด็ก,,,"https://punpunkun.com/wp-content/uploads/2021/03/33E6DD9E-98EE-40F7-AAA8-01A247B2FAD0-scaled.jpeg, https://punpunkun.com/wp-content/uploads/2021/03/F683803A-1EF7-45CA-9BB5-9F2FA182BE08-scaled.jpeg, https://punpunkun.com/wp-content/uploads/2021/03/166A6489-93E6-4561-B153-31D8833770B3-scaled.jpeg, https://punpunkun.com/wp-content/uploads/2021/03/F8E2400F-0F0B-41FD-9D00-C21990F62D32-scaled.jpeg, https://punpunkun.com/wp-content/uploads/2021/03/1B680BFD-0DE6-42F3-96F8-4558A295033B-scaled.jpeg",,,,,,,,,224,,สี,สีขาว,1,1,,,,,,,,,,,,,New
4321,simple,100043,,Extra Wide Gummi Crib Rail Cover ที่ครอบรางเปล 3 ชิ้น,1,0,visible,"ที่ครอบรางเปลยาว\n\n&nbsp;\n\nยึดกับราวไม้เนื้อแข็งของเปล ปลอดสารพิษปราศจาก BPA ปราศจากน้ำยาง เหมาะกับรางเปลแบบเปิดประทุนที่กว้างขึ้น ใช้สบู่และน้ำเช็ดให้สะอาด",,,,taxable,,1,1,,0,0,0.6,,,,0,,440,550,สินค้าและอุปกรณ์สำหรับเด็ก,,,"https://punpunkun.com/wp-content/uploads/2021/04/1278611B-E45E-400F-87ED-940624E02638-scaled.jpeg, https://punpunkun.com/wp-content/uploads/2021/04/CF59D2F0-F60C-4E57-98D9-0EC7A360BB53-scaled.jpeg, https://punpunkun.com/wp-content/uploads/2021/04/D2AC8A0C-BDD5-4929-A4BE-6CBCF1A93746-scaled.jpeg, https://punpunkun.com/wp-content/uploads/2021/04/01EADCB2-56E1-4407-A800-E0B0DEC6AA7E-scaled.jpeg",,,,,,,,,155,,สี,สีขาว,1,1,อายุ,0เดือน,1,1,,,,,,,,,New
4327,simple,100042,,Disney Store Mickey Mouse Yellow Baby Toddler Costume Dress Up Shoes รองเท้ามิกกี้ เมาส์ สีเหลือง,1,0,visible,"รองเท้าลำลองเด็ก แบรนด์ Disney\n\n&nbsp;\n\n&nbsp;\n\nสีเหลือง เหมาะสำหรับสวมใส่กับเสื้อผ้าชุดโปรดได้ทุกวัน นุ่มเบาสบายตลอดการสวมใส่ ไซส์ US 12-24 M UK 5 EUR 22 JP 14 CM",,,,taxable,,1,1,,0,0,0.1,,,,0,,805,1150,สินค้าและอุปกรณ์สำหรับเด็ก,,,"https://punpunkun.com/wp-content/uploads/2021/04/BDF8D82C-D606-4526-9143-F4A0260CADEA-scaled.jpeg, https://punpunkun.com/wp-content/uploads/2021/04/3232B9F6-823B-4632-845E-1DA04D294DB7-scaled.jpeg, https://punpunkun.com/wp-content/uploads/2021/04/F12563CB-02E7-467B-93DC-CA638005420B-scaled.jpeg, https://punpunkun.com/wp-content/uploads/2021/04/3E56CE13-197E-4A7A-96E2-2EB92D294862-scaled.jpeg, https://punpunkun.com/wp-content/uploads/2021/04/EE8BE9CA-8CB3-4708-A944-75583A577F76-scaled.jpeg, https://punpunkun.com/wp-content/uploads/2021/04/A7E63E9A-F04D-4F62-8443-088F1759F96E-scaled.jpeg",,,,,,,,,127,,สี,สีเหลือง,1,1,,,,,,,,,,,,,Mint
4334,simple,100041,,Disney Store Tigger orange Baby Toddler Costume Dress Up Shoes รองเท้าทิกเกอร์ สีส้ม,1,0,visible,"รองเท้าลำลองเด็ก แบรนด์ Disney สีส้ม\n\n&nbsp;\n\nนุ่มเบาสบายตลอดการสวมใส่ เหมาะสำหรับสวมใส่กับเสื้อผ้าชุดโปรดได้ทุกวัน ไซส์ US 12-24 M UK 5 EUR 22 JP 14 CM",,,,taxable,,1,1,,0,0,0.1,,,,0,,865,1150,สินค้าและอุปกรณ์สำหรับเด็ก,,,"https://punpunkun.com/wp-content/uploads/2021/04/C30FD7F9-560A-4796-9084-430141015747-scaled.jpeg, https://punpunkun.com/wp-content/uploads/2021/04/15B45C72-C6B4-41EC-8657-0284BE4082CA-scaled.jpeg, https://punpunkun.com/wp-content/uploads/2021/04/699E4A8B-9398-4F16-9F88-B95C1D37434A-scaled.jpeg, https://punpunkun.com/wp-content/uploads/2021/04/CD9F73FB-9B3C-4111-8388-0E571768FCEA-scaled.jpeg, https://punpunkun.com/wp-content/uploads/2021/04/2ED8CB0A-C8B2-44CA-8F57-E56BDC276359-scaled.jpeg, https://punpunkun.com/wp-content/uploads/2021/04/15858188-453D-4649-8861-2EFE2F06AC62-scaled.jpeg",,,,,,,,,128,,สี,สีส้ม,1,1,,,,,,,,,,,,,New
4336,simple,100040,,Gray and Black Pants กางเกงขาสั้น สีดำและสีเทา 2 ชิ้น,1,0,visible,กางเกงขาสั้น แบรนด์ Carter’s สีกรมแลสีดำ สุดเทห์ ไซส์ เบบี้ 6เดือน(6M),,,,taxable,,1,1,,0,0,0.1,,,,0,,160,390,สินค้าและอุปกรณ์สำหรับเด็ก,,,"https://punpunkun.com/wp-content/uploads/2021/04/D7D6B2D7-38FD-4AFF-B54D-AB72C812DDC0-scaled.jpeg, https://punpunkun.com/wp-content/uploads/2021/04/40D3DFC4-290F-4A7E-AD22-29C2F8BCD276-scaled.jpeg, https://punpunkun.com/wp-content/uploads/2021/04/F4CC86BB-6B5E-43EB-B1D6-2B90C8241CD7-scaled.jpeg, https://punpunkun.com/wp-content/uploads/2021/04/2CD0C867-849E-4D1E-8B82-B87C768F53D7-scaled.jpeg, https://punpunkun.com/wp-content/uploads/2021/04/FCB70F90-5B2F-4C0C-A9E1-01EE217AFBFC-scaled.jpeg, https://punpunkun.com/wp-content/uploads/2021/04/9D2E055C-9CAF-4DB4-917D-85C8D29E2F84-scaled.jpeg, https://punpunkun.com/wp-content/uploads/2021/04/5A677F75-811E-44AC-9501-00C37DDC98B2-scaled.jpeg",,,,,,,,,165,,สี,"สีดำ, สีเทา",1,1,Size (กางเกง),6M,1,1,อายุ,6เดือน,1,1,เพศ,ชาย,1,1,Mint
4339,simple,100039,,Striped Shirt เสื้อยืด สีลายขวาง,1,0,visible,"เสื้อยืด แบรนด์ Carter's ลายขวาง ไซส์ 6เดือน (6M)\n\n&nbsp;",,,,taxable,,1,1,,0,0,0.1,,,,0,,180,590,สินค้าและอุปกรณ์สำหรับเด็ก,,,"https://punpunkun.com/wp-content/uploads/2021/04/8BFC6DEC-BFEF-44D4-BE10-629DE72D11AE-scaled.jpeg, https://punpunkun.com/wp-content/uploads/2021/04/465C2FA8-9D12-4206-84D9-C5006AE43DD1-scaled.jpeg, https://punpunkun.com/wp-content/uploads/2021/04/1A9BD47F-980B-40DD-8A8E-4BBD03B9A26D-scaled.jpeg",,,,,,,,,307,,สี,"สีขาว, สีแดง",1,1,Size (เสื้อ),6M,1,1,อายุ,6เดือน,1,1,,,,,Good
4341,simple,100038,,Red and orange Body suit ชุดบอดี้สูทขาสั้นแขนยาว สีแดงและสีส้ม 3 ชิ้น,1,0,visible,ชุดบอดี้สูทขาสั้นแขนยาว แบรนด์ Carter’s สีแดง 2 ชิ้น สีส้ม 1 ชิ้น   ผลิตจากผ้าฝ้าย นุ่ม ใส่สบาย ไซส์ เบบี้ 18เดือน(18M),,,,taxable,,1,1,,0,0,0.3,,,,0,,240,590,สินค้าและอุปกรณ์สำหรับเด็ก,,,"https://punpunkun.com/wp-content/uploads/2021/04/468F98D6-D7C1-42FC-8228-95DFE3988F4C-scaled.jpeg, https://punpunkun.com/wp-content/uploads/2021/04/0D1AE8F8-DDD8-4FB1-9E5F-41184676761D-scaled.jpeg, https://punpunkun.com/wp-content/uploads/2021/04/58DCCCEB-E60A-4A0D-92E0-E391C54A0558-scaled.jpeg, https://punpunkun.com/wp-content/uploads/2021/04/BA229F4B-C5A9-4E4B-9654-75D21CA99495-scaled.jpeg, https://punpunkun.com/wp-content/uploads/2021/04/3A7CD790-EA63-4455-AFC3-F36C3B504F90-scaled.jpeg, https://punpunkun.com/wp-content/uploads/2021/04/4CA437FA-DC86-4EEB-8107-9F9A5F84F19D-scaled.jpeg, https://punpunkun.com/wp-content/uploads/2021/04/277486EE-6643-45FD-9B44-BB48CAEC4DD6-scaled.jpeg, https://punpunkun.com/wp-content/uploads/2021/04/090E4462-A709-423C-A322-643A3A1EB619-scaled.jpeg, https://punpunkun.com/wp-content/uploads/2021/04/7C4CC944-86B8-4A75-B75D-EF0E1A9B4DA0-scaled.jpeg",,,,,,,,,264,,สี,"สีส้ม, สีแดง",1,1,Size (เสื้อ),18M,1,1,อายุ,18เดือน,1,1,,,,,Mint
4343,simple,100037,,Car Striped ชุดนอนขายาวแขนยาว ลายรถ,1,0,visible,ชุดนอน แบรนด์ Baby Gap สีเขียว กับ สีแดง นุ่ม ใส่สบาย ลายรถน่ารักไซส์ เบบี้ 12เดือน(12M),,,,taxable,,1,,,0,0,0.3,,,,0,,180,590,สินค้าและอุปกรณ์สำหรับเด็ก,,,"https://punpunkun.com/wp-content/uploads/2021/04/473971C7-8C0A-44DD-B107-AA85B31C977A-scaled.jpeg, https://punpunkun.com/wp-content/uploads/2021/04/C21DD0CB-72BF-4382-B3FF-A00D54324CC7-scaled.jpeg, https://punpunkun.com/wp-content/uploads/2021/04/37D76866-1D05-4293-A82E-5CC939B92CC1-scaled.jpeg, https://punpunkun.com/wp-content/uploads/2021/04/75A909B3-FC24-44AD-AFED-37FC646974ED-scaled.jpeg, https://punpunkun.com/wp-content/uploads/2021/04/BECB2EE8-BCB9-4B31-9506-DF745B3DAAA8-scaled.jpeg, https://punpunkun.com/wp-content/uploads/2021/04/A97D65A2-2B31-4392-B7B4-BA9B1631D8AA-scaled.jpeg",,,,,,,,,96,,สี,"สีเขียว, สีแดง",1,1,Size (เสื้อ),12M,1,1,อายุ,12เดือน,1,1,เพศ,ชาย,1,1,Good
4349,simple,100036,,Adidas Jacket เสื้อแจ็คเก็ต อาดิดาส,1,0,visible,เสื้อแจ็คเก็ต แบรนด์ Adidas  สีน้ำเงินสุดเทห์ ไซส์ 3-6เดือน UK 3-6M US 6M F 3-6M,,,,taxable,,1,1,,0,0,1,,,,0,,760,1890,สินค้าและอุปกรณ์สำหรับเด็ก,,,"https://punpunkun.com/wp-content/uploads/2021/04/D56E1726-F8E8-4DD7-811B-D7804415758B-scaled.jpeg, https://punpunkun.com/wp-content/uploads/2021/04/0BA8C272-13B2-49C7-A7C9-80B18526E872-scaled.jpeg, https://punpunkun.com/wp-content/uploads/2021/04/082BFC0B-FAB3-41AB-9D51-4EF8D33BF6E8-scaled.jpeg",,,,,,,,,4,,สี,สีน้ำเงิน,1,1,Size (เสื้อ),3M,1,1,อายุ,3เดือน,1,1,,,,,Mint
4352,simple,100035,,Gray Bodysuit ชุดบอดี้สูทขาสั้น สีเทา,1,0,visible,"ชุดบอดี้สูทแขนสั้น แบรนด์ Carter’s\n\n&nbsp;\n\n&nbsp;\n\nสีเทา ผลิตจากผ้าฝ้าย นุ่ม ใส่สบาย ไซส์ 18เดือน( 18M)\n\n&nbsp;",,,,taxable,,1,1,,0,0,1,,,,0,,160,390,สินค้าและอุปกรณ์สำหรับเด็ก,,,"https://punpunkun.com/wp-content/uploads/2021/04/0279304B-F94E-45BD-99CA-2A43C771D4D1-scaled.jpeg, https://punpunkun.com/wp-content/uploads/2021/04/587D36BD-8D31-4F65-A758-B9824E26230C-scaled.jpeg, https://punpunkun.com/wp-content/uploads/2021/04/DE78C87B-BFEA-4698-A288-5616341914E3-scaled.jpeg",,,,,,,,,166,,สี,สีเทา,1,1,Size (เสื้อ),18M,1,1,อายุ,18เดือน,1,1,เพศ,"ชาย, หญิง",1,1,Mint
4354,simple,100034,,Striped Bodysuit ชุดบอดี้สูทขาสั้น ลายขวาง,1,0,visible,ชุดบอดี้สูทขาสั้น แบรนด์  Carter's สีกรม ลายยาว  ผลิตจากผ้าฝ้าย นุ่ม ใส่สบาย ไซส์ เบบี้ 18เดือน(18M),,,,taxable,,1,1,,0,0,0.2,,,,0,,200,490,สินค้าและอุปกรณ์สำหรับเด็ก,,,"https://punpunkun.com/wp-content/uploads/2021/04/34E26EF8-FFB6-40F2-88D5-3F2169D17946-scaled.jpeg, https://punpunkun.com/wp-content/uploads/2021/04/B5E42243-3889-463D-B99B-DEB4139D20C6-scaled.jpeg, https://punpunkun.com/wp-content/uploads/2021/04/18ADFE10-BF8B-4BBD-A010-E939F9B28818-scaled.jpeg, https://punpunkun.com/wp-content/uploads/2021/04/6051BF2D-B5F6-4E14-BCEC-844E582ED0B7-scaled.jpeg",,,,,,,,,294,,สี,สีกรม,1,1,Size (เสื้อ),18M,1,1,อายุ,18เดือน,1,1,เพศ,ชาย,1,1,Mint
4357,simple,100033,,Jacket เสื้อแจ็คเก็ต,1,0,visible,"เสื้อแจ็คเก็ต แบรนด์ Carter's  สีน้ำเงิน\n\n&nbsp;\n\nสุดเทห์ ไซส์ 18เดือน (18M)\n\n&nbsp;",,,,taxable,,1,1,,0,0,1,,,,0,,280,690,สินค้าและอุปกรณ์สำหรับเด็ก,,,"https://punpunkun.com/wp-content/uploads/2021/04/847A8A50-FE25-44FB-B670-87685E129CD8-scaled.jpeg, https://punpunkun.com/wp-content/uploads/2021/04/3B4B41AA-26AE-4534-93BA-7A15A80B89DA-scaled.jpeg, https://punpunkun.com/wp-content/uploads/2021/04/BDEA3FDB-0C52-43B8-89DA-224B38419693-scaled.jpeg, https://punpunkun.com/wp-content/uploads/2021/04/C7B91A99-A9B0-4D75-9D1D-4D3BE463636A-scaled.jpeg",,,,,,,,,176,,สี,สีน้ำเงิน,1,1,Size (เสื้อ),18M,1,1,อายุ,18เดือน,1,1,เพศ,ชาย,1,1,Mint
4359,simple,100032,,Set Shirt and Pants 5pieces เซตเสื้อและกางเกง 5ชิ้น,1,0,visible,เซตเสื้อและกางเกง แบรนด์ Carter's สีขาวและสีกรม เสื้อ 4 ชิ้น กางเกง 1 ชิ้น สุดน่ารัก ไซส์ เบบี้ 6เดือน(6M),,,,taxable,,1,1,,0,0,0.3,,,,0,,240,590,สินค้าและอุปกรณ์สำหรับเด็ก,,,"https://punpunkun.com/wp-content/uploads/2021/04/59A0EF7A-E6E4-47A7-A8C6-270A7F8A4E7B-scaled.jpeg, https://punpunkun.com/wp-content/uploads/2021/04/5F724F82-13E6-429E-B672-DA389D9F2167-scaled.jpeg, https://punpunkun.com/wp-content/uploads/2021/04/C54755CA-B494-4B7A-89DF-E8B7B4B13C46-scaled.jpeg, https://punpunkun.com/wp-content/uploads/2021/04/8B748A16-FBE2-48EA-B7C2-B88E1B0DD579-scaled.jpeg, https://punpunkun.com/wp-content/uploads/2021/04/FB9907D2-A8EC-4C52-82F1-F343CB01CABB-scaled.jpeg, https://punpunkun.com/wp-content/uploads/2021/04/3105D3ED-36A9-487D-82BC-4DD2F7B2CBBE-scaled.jpeg, https://punpunkun.com/wp-content/uploads/2021/04/46242F9F-25DB-4999-8F9A-59F1F2056009-scaled.jpeg, https://punpunkun.com/wp-content/uploads/2021/04/8A8D019F-7365-43E7-83BE-5C1AFE9CEC14-scaled.jpeg, https://punpunkun.com/wp-content/uploads/2021/04/7CF75C6D-7807-4278-9DFA-9F79700C49D4-scaled.jpeg",,,,,,,,,269,,สี,"สีกรม, สีขาว",1,1,Size (กางเกง),6M,1,1,Size (เสื้อ),6M,1,1,อายุ,6เดือน,1,1,Mint
4361,simple,100031,,Set Shirt and Pants เซตเสื้อและกางเกง,1,0,visible,"เซตเสื้อและกางเกง แบรนด์ Carter’s\n\n&nbsp;\n\n&nbsp;\n\nสีฟ้าและสีกรม สุดเทห์ ไซส์ 4ปี (4T)",,,,taxable,,1,1,,0,0,0.3,,,,0,,370,490,สินค้าและอุปกรณ์สำหรับเด็ก,,,"https://punpunkun.com/wp-content/uploads/2021/04/6E01BD71-BBE4-4743-9236-7F276AE17B7C-scaled.jpeg, https://punpunkun.com/wp-content/uploads/2021/04/F47B50C4-6C4E-44A3-A7FA-27966249250C-scaled.jpeg, https://punpunkun.com/wp-content/uploads/2021/04/30E2135B-7ED9-43C5-BC4E-3EFFBCD590D4-scaled.jpeg, https://punpunkun.com/wp-content/uploads/2021/04/0050895B-2E9C-4B28-B54E-CA5A6AB15F9C-scaled.jpeg, https://punpunkun.com/wp-content/uploads/2021/04/B1AABAC9-F224-4ADF-956C-67DC1E7F91DA-scaled.jpeg, https://punpunkun.com/wp-content/uploads/2021/04/CD460D72-FBD8-4F8B-9648-ED078D19501A-scaled.jpeg, https://punpunkun.com/wp-content/uploads/2021/04/F1ACA1D8-1065-4B94-B5BB-7D8F4E836728-scaled.jpeg",,,,,,,,,270,,สี,"สีกรม, สีฟ้า",1,1,Size (กางเกง),4Y,1,1,Size (เสื้อ),4Y,1,1,อายุ,4ปี,1,1,New
4363,simple,100030,,Striped Pajamas ชุดนอนขายาวแขนยาว ลายขวาง,1,0,visible,"ชุดนอน แบรนด์ Carter’s สีเขียวแดง นุ่ม\n\n&nbsp;\n\nใส่สบาย ลายขวาง สุดเทห์ ไซส์ เบบี้ 18เดือน(18M)",,,,taxable,,1,1,,0,0,0.2,,,,0,,120,390,สินค้าและอุปกรณ์สำหรับเด็ก,,,"https://punpunkun.com/wp-content/uploads/2021/04/2E737178-521F-4587-83A4-554CB23E2E63-scaled.jpeg, https://punpunkun.com/wp-content/uploads/2021/04/8F5ADC99-F815-4FBB-BBF2-59965E829A80-scaled.jpeg, https://punpunkun.com/wp-content/uploads/2021/04/ED55790A-B8CC-48E1-8160-234DEDA6BEC0-scaled.jpeg, https://punpunkun.com/wp-content/uploads/2021/04/8078A969-DDCC-4DAB-9CA8-4E0D2635252B-scaled.jpeg",,,,,,,,,296,,สี,"สีเขียว, สีแดง",1,1,Size (เสื้อ),18M,1,1,อายุ,18เดือน,1,1,เพศ,ชาย,1,1,Good
4365,simple,100029,,Checkered Shirt เสื้อเชิ้ต รุ่นตาราง,1,0,visible,"เสื้อเชิ้ต แบรนด์ Carter's ลายตาราง\n\n&nbsp;\n\n&nbsp;\n\nใส่สบาย ไซส์ 4T เหมาะสำหรับน้องอายุ 4 ปี",,,,taxable,,1,1,,0,0,0.2,,,,0,,445,590,สินค้าและอุปกรณ์สำหรับเด็ก,,,"https://punpunkun.com/wp-content/uploads/2021/04/DD9591E8-C74E-42E7-805B-EEE82B18619E-scaled.jpeg, https://punpunkun.com/wp-content/uploads/2021/04/B687C427-348D-4153-9E76-18329623B15E-scaled.jpeg, https://punpunkun.com/wp-content/uploads/2021/04/85C82A54-9E37-4C9F-8DCD-0350FF50CBA0-scaled.jpeg",,,,,,,,,103,,สี,สีเทา,1,1,Size (เสื้อ),4Y,1,1,อายุ,4ปี,1,1,เพศ,ชาย,1,1,New
4368,simple,100028,,Car Body suit ชุดบอดี้สูทลายรถ,1,0,visible,ชุดบอดี้สูทขาสั้น ลายรถ สีขาว ไซส์ 18เดือน(18M),,,,taxable,,1,,,0,0,0.1,,,,0,,160,390,สินค้าและอุปกรณ์สำหรับเด็ก,,,"https://punpunkun.com/wp-content/uploads/2021/04/7A891690-9B50-43CB-936E-8540631DA45F-scaled.jpeg, https://punpunkun.com/wp-content/uploads/2021/04/8BA19E9C-2B86-4C34-B307-CF3D21CBB7AA-scaled.jpeg, https://punpunkun.com/wp-content/uploads/2021/04/1C7EF528-A732-45AC-89AF-7B275BBFC7DA-scaled.jpeg, https://punpunkun.com/wp-content/uploads/2021/04/6CED4392-012F-47BE-9DD9-59D30C7D8E73-scaled.jpeg",,,,,,,,,89,,สี,สีขาว,1,1,Size (เสื้อ),18M,1,1,อายุ,18เดือน,1,1,เพศ,"ชาย, หญิง",1,1,Mint
4370,simple,100027,,All Star Body suit ชุดบอดี้สูทขาสั้นลาย All Star,1,0,visible,"เซตบอดี้สูทขาสั้น แบรนด์ Oshkosh B'gosh สีเทา ผลิตจากผ้าฝ้าย นุ่ม ใส่สบาย ลายปักAll star สุดน่ารัก ไซส์ เบบี้ 6เดือน(6M)\n\n&nbsp;",,,,taxable,,1,1,,0,0,0.1,,,,0,,120,390,สินค้าและอุปกรณ์สำหรับเด็ก,,,"https://punpunkun.com/wp-content/uploads/2021/04/C8514188-C9ED-47C3-A574-C6521808224D-scaled.jpeg, https://punpunkun.com/wp-content/uploads/2021/04/52DFBA09-2BF9-40F0-B077-AE740FEE7E27-scaled.jpeg, https://punpunkun.com/wp-content/uploads/2021/04/00B18912-81F7-4BB6-8E98-B07ECFA7044E-scaled.jpeg, https://punpunkun.com/wp-content/uploads/2021/04/81FF6DCD-89BD-47FB-9866-389FCF6960E0-scaled.jpeg",,,,,,,,,11,,สี,สีเทา,1,1,Size (เสื้อ),6M,1,1,อายุ,6เดือน,1,1,,,,,Good
4372,simple,100026,,Checkered Pants กางเกงขาสั้น ลายตาราง,1,0,visible,"กางเกงขาสั้น แบรนด์ Carter ลายตาราง\n\n&nbsp;\n\nสุดเทห์ ไซส์ เบบี้ 6เดือน(6M)",,,,taxable,,1,1,,0,0,1,,,,0,,200,490,สินค้าและอุปกรณ์สำหรับเด็ก,,,"https://punpunkun.com/wp-content/uploads/2021/04/555DB834-1363-45D4-B4AC-848A9071A271-scaled.jpeg, https://punpunkun.com/wp-content/uploads/2021/04/3C3DFA94-0207-4B06-9905-E1207D50B007-scaled.jpeg, https://punpunkun.com/wp-content/uploads/2021/04/7CD16015-14C8-4245-B5D4-A7DD22E07DC9-scaled.jpeg",,,,,,,,,102,,สี,"สีขาว, สีน้ำเงิน",1,1,Size (กางเกง),6M,1,1,อายุ,6เดือน,1,1,เพศ,ชาย,1,1,Mint
4374,simple,100025,,Sharks Set Body suit and Pants เซตบอดี้สูทและกางเกง 2 ชิ้น ลายฉลาม,1,0,visible,"เซตบอดี้สูทและกางเกง แบรนด์ Carter\n\n&nbsp;\n\nสีเขียวและสีกรม ลายฉลามสุดน่ารัก ไซส์ 6 เดือน (6M)",,,,taxable,,1,1,,0,0,1,,,,0,,160,390,สินค้าและอุปกรณ์สำหรับเด็ก,,,"https://punpunkun.com/wp-content/uploads/2021/04/8284530F-59D8-4E70-9412-EEEDB220F7CE-scaled.jpeg, https://punpunkun.com/wp-content/uploads/2021/04/B725014A-44CA-452F-A0A7-28A32C2BB6D7-scaled.jpeg, https://punpunkun.com/wp-content/uploads/2021/04/6A6C3E6D-87C9-4B9F-8975-3DE189707E50-scaled.jpeg, https://punpunkun.com/wp-content/uploads/2021/04/8FE355CD-7E8D-4CC8-83C6-702D32AD9BE7-scaled.jpeg, https://punpunkun.com/wp-content/uploads/2021/04/83502B3A-D52B-44A4-B3CD-6E295CA3C9C7-scaled.jpeg, https://punpunkun.com/wp-content/uploads/2021/04/32F91AF0-76F8-4511-90E5-5FB83489A969-scaled.jpeg",,,,,,,,,271,,สี,"สีกรม, สีเขียว",1,1,Size (กางเกง),6M,1,1,Size (เสื้อ),6M,1,1,อายุ,6เดือน,1,1,Mint
4376,simple,100024,,Striped Pants กางเกงขายาว ลายขวาง,1,0,visible,"กางเกงขายาว แบรนด์ Carter's สีดำ ลายขวาง\n\n&nbsp;\n\nไซส์ เบบี้ 6เดือน(6M)",,,,taxable,,1,1,,0,0,0.1,,,,0,,160,390,สินค้าและอุปกรณ์สำหรับเด็ก,,,"https://punpunkun.com/wp-content/uploads/2021/04/0367AB09-4866-434F-8069-C74909030A08-scaled.jpeg, https://punpunkun.com/wp-content/uploads/2021/04/9DFCF491-E097-4EC9-B719-5B13E4956E09-scaled.jpeg, https://punpunkun.com/wp-content/uploads/2021/04/C3C061FF-7795-4321-A2EE-2ADADCE6A7FE-scaled.jpeg, https://punpunkun.com/wp-content/uploads/2021/04/BE4C168E-7E3D-4C2D-995A-2B4183A233FD-scaled.jpeg",,,,,,,,,302,,สี,สีดำ,1,1,Size (กางเกง),6M,1,1,Size (เสื้อ),6M,1,1,อายุ,6เดือน,1,1,Mint
4378,simple,100023,,Blue Pants กางเกงขายาว สีกรม,1,0,visible,"กางเกงขายาว แบรนด์ Carter's สีกรม  ไซส์\n\n&nbsp;\n\nเบบี้ 12เดือน(12M)",,,,taxable,,1,1,,0,0,1,,,,0,,120,390,สินค้าและอุปกรณ์สำหรับเด็ก,,,"https://punpunkun.com/wp-content/uploads/2021/04/8360FA16-1857-47E8-BADC-47788DF1F887-scaled.jpeg, https://punpunkun.com/wp-content/uploads/2021/04/A226D547-59FA-41A9-88C0-683BB73114AA-scaled.jpeg, https://punpunkun.com/wp-content/uploads/2021/04/4A457DB7-792E-4C5C-9205-C1DB8F638281-scaled.jpeg",,,,,,,,,47,,สี,สีกรม,1,1,Size (กางเกง),12M,1,1,อายุ,12เดือน,1,1,เพศ,ชาย,1,1,Good
4380,simple,100022,,Blue Pants กางเกงขาสั้น สีน้ำเงิน,1,0,visible,กางเกงขาสั้น แบรนด์ Carter’s สีกรม สุดเทห์ ไซส์ เบบี้ 6เดือน(6M),,,,taxable,,1,1,,0,0,1,,,,0,,200,490,สินค้าและอุปกรณ์สำหรับเด็ก,,,"https://punpunkun.com/wp-content/uploads/2021/04/3D17FD5E-CE5C-43EA-8A1F-5E56A9759D28-scaled.jpeg, https://punpunkun.com/wp-content/uploads/2021/04/0A5E6A23-8D11-424A-B1CF-E69331BBFF1D-scaled.jpeg, https://punpunkun.com/wp-content/uploads/2021/04/B2FB6E35-F48C-4DED-A016-BED4210E53C0-scaled.jpeg",,,,,,,,,50,,สี,สีกรม,1,1,Size (กางเกง),6M,1,1,อายุ,6เดือน,1,1,เพศ,ชาย,1,1,Mint
4382,simple,100021,,Set Pants 2pieces เซตกางเกงขาสั้น 2ชิ้น,1,0,visible,กางเกงขาสั้น 2ชิ้น แบรนด์ Carter’s 2ชิ้น สีน้ำเงิน สุดน่ารัก ไซส์ เบบี้ 6เดือน(6M),,,,taxable,,1,1,,0,0,0.2,,,,0,,240,590,สินค้าและอุปกรณ์สำหรับเด็ก,,,"https://punpunkun.com/wp-content/uploads/2021/04/BE1040D2-386C-45D1-BC6E-BAB4BCEFB9A7-scaled.jpeg, https://punpunkun.com/wp-content/uploads/2021/04/B1074040-CA60-4E6F-A3BC-2977239F8ACB-scaled.jpeg, https://punpunkun.com/wp-content/uploads/2021/04/F1646DDC-F45F-4A48-A08D-FB3CDCD47F50-scaled.jpeg, https://punpunkun.com/wp-content/uploads/2021/04/9EA50270-354D-490A-8DF7-D01F9EDDFFBB-scaled.jpeg, https://punpunkun.com/wp-content/uploads/2021/04/ACC6FD65-2FC1-4D31-A0A8-A71446E0193B-scaled.jpeg, https://punpunkun.com/wp-content/uploads/2021/04/FB89D82E-21B8-48B5-A0E7-67EA76C40F03-scaled.jpeg",,,,,,,,,267,,สี,สีน้ำเงิน,1,1,Size (กางเกง),6M,1,1,อายุ,6เดือน,1,1,เพศ,ชาย,1,1,Mint
4384,simple,100020,,Striped Pants กางเกงขายาว ลายขวาง,1,0,visible,"กางเกงขายาว แบรนด์ Baby cat &amp; jack\n\n&nbsp;\n\nสีน้ำเงิน ลายขวาง ไซส์ เบบี้ 3-6เดือน(3-6M)",,,,taxable,,1,1,,0,0,0.1,,,,0,,160,390,สินค้าและอุปกรณ์สำหรับเด็ก,,,"https://punpunkun.com/wp-content/uploads/2021/04/B1260139-DEAA-4FD9-922C-31DEF94521B5-scaled.jpeg, https://punpunkun.com/wp-content/uploads/2021/04/4E455485-2B05-4DDC-8C0C-5BF010B2435B-scaled.jpeg, https://punpunkun.com/wp-content/uploads/2021/04/375E8DC4-37F2-4DA1-BE42-F4CCE7C2E271-scaled.jpeg",,,,,,,,,303,,สี,สีน้ำเงิน,1,1,Size (กางเกง),3M,1,1,อายุ,3เดือน,1,1,เพศ,ชาย,1,1,Mint
4386,simple,100076,,Disfraz Pato Donald para baby ชุดดิสเฟรซ พาโต้ โดนัลด์ พารา,1,0,visible,ชุดดิสเฟรซ พาโต้ โดนัลด์ พารา แบรนด์ Disney สีน้ำเงิน พร้อมหมวกสุดน่ารัก ไซส์ 12-18 เดือน (12-18M),,,,taxable,,0,0,,0,0,,,,,1,,575,850,เสื้อผ้าและเครื่องประดับ,,,"https://punpunkun.com/wp-content/uploads/2021/04/520BE18E-8C85-4C2A-AE0F-0E77C613D30C-scaled.jpeg, https://punpunkun.com/wp-content/uploads/2021/04/A019454D-A694-46F4-A75B-AF6FEA641702-scaled.jpeg, https://punpunkun.com/wp-content/uploads/2021/04/052E64F5-A4FB-4C69-95C7-D046E29152CD-scaled.jpeg, https://punpunkun.com/wp-content/uploads/2021/04/D04DC385-A1C7-4C99-8DA6-AF2DC51F0FB2-scaled.jpeg, https://punpunkun.com/wp-content/uploads/2021/04/6BB212F6-7701-42DD-8A86-5DB16B1466DB-scaled.jpeg, https://punpunkun.com/wp-content/uploads/2021/04/225D3FBF-6261-44FD-9598-F61520F7CF04-scaled.jpeg",,,,,,,,,125,,สี,"สีขาว, สีน้ำเงิน",1,1,Size (เสื้อ),12M,1,1,อายุ,12เดือน,1,1,เพศ,ชาย,1,1,Good
4394,simple,100019,,3 story books (3 languages) หนังสือนิทาน 3 เล่ม (3 ภาษา),1,0,visible,"หนังสือนิทาน 3 ภาษา\n\n&nbsp;\n\nแจ็คกับถั่ววิเศษ ปีเตอร์แพนผจญภัยแดนมหัศจรรย์ และสองพี่น้องผจญภัยบ้านขนมปัง สแกน QR code เพื่อฟังเสียงประกอบได้",,,,taxable,,0,0,,0,0,0.5,,,,1,,115,375,หนังสือและการเรียนรู้,,,"https://punpunkun.com/wp-content/uploads/2021/04/BC40BAD1-6CB2-4884-AF3F-274FCD90C139-scaled.jpeg, https://punpunkun.com/wp-content/uploads/2021/04/A9F4AA4E-0CF7-434E-9B5F-2C5B7DE9907B-scaled.jpeg, https://punpunkun.com/wp-content/uploads/2021/04/3C8502D6-ED79-4157-9F3F-BA191F285214-scaled.jpeg, https://punpunkun.com/wp-content/uploads/2021/04/AEFAFAC9-09C0-45BE-8093-18E0960D9EB3-scaled.jpeg, https://punpunkun.com/wp-content/uploads/2021/04/31540BF0-99CB-470A-A951-92DBAE2D6C6C-scaled.jpeg, https://punpunkun.com/wp-content/uploads/2021/04/CEBA8F83-BFA8-4F7A-A9E7-51BBFDC56184-scaled.jpeg",,,,,,,,,1,,อายุ,0เดือน,1,1,เพศ,"ชาย, หญิง",1,1,,,,,,,,,Mint
4397,simple,100018,,Diapers Reusable ผ้าอ้อมเด็กแบบซักได้,1,0,visible,"ผ้าอ้อม 7 ชิ้น แบรนด์ Nora's nursery\n\n&nbsp;\n\n&nbsp;\n\n&nbsp;\n\nใชซ้ำได้ ทำจากลูกผสมไม้ไผ่ / ไมโครไฟเบอร์สำหรับผ้าอ้อมผ้าอ้อมของเรามาในลายพิมพ์ที่ทันสมัยและสีทึบและได้รับการออกแบบให้ดูดซับได้ดีเยี่ยมและเป็นหนังกลับแบบปรับได้ด้วย ซับใน TPU  สามารถปรับระดับได้ มาพร้อมกระเป๋าสำหรับเก็บ",,,,taxable,,1,1,,0,0,0.9,,,,0,,920,1150,สินค้าและอุปกรณ์สำหรับเด็ก,,,"https://punpunkun.com/wp-content/uploads/2021/04/F880728B-9BF2-45B1-81A0-51BB5BEAF550-scaled.jpeg, https://punpunkun.com/wp-content/uploads/2021/04/57CB205D-7522-4849-809D-703DA51486A3-scaled.jpeg, https://punpunkun.com/wp-content/uploads/2021/04/B3ABB0B3-9B96-4249-8199-513AE128ED86-scaled.jpeg, https://punpunkun.com/wp-content/uploads/2021/04/2BDA59C6-FF38-4582-8373-79B3540C4490-scaled.jpeg",,,,,,,,,117,,สี,"สีขาว, สีฟ้า, สีส้ม, สีเขียว, สีเทา",1,1,อายุ,0เดือน,1,1,เพศ,"ชาย, หญิง",1,1,,,,,New
4407,simple,100017,,Dreambaby Swivel Oven and Appliance Lock with EZY-Check Indicator (3 Pack) อุปกรณ์ล็อคป้องกันเด็กเปิด-ปิด,1,0,visible,"ล็อคเครื่องใช้ไฟฟ้าแบบหมุนได้\n\n&nbsp;\n\nพร้อมกาวทนความร้อนเหมาะสำหรับเตาอบเตาไมโครเวฟ เครื่องล้างจาน เครื่องซักผ้าและเครื่องอบผ้า ไฟแสดงสถานะสีเปิดหรือปิดอยู่",,,,taxable,,1,1,,0,0,0.2,,,,0,,425,530,สินค้าและอุปกรณ์สำหรับเด็ก,,,"https://punpunkun.com/wp-content/uploads/2021/04/D99ED5CA-5D89-403C-A2DA-23BD27C7F93B-scaled.jpeg, https://punpunkun.com/wp-content/uploads/2021/04/AEF425C6-5065-4219-A1B8-7EDAB1C539FB-scaled.jpeg, https://punpunkun.com/wp-content/uploads/2021/04/2E14A77C-D98F-4706-B465-FCFF252BDD43-scaled.jpeg",,,,,,,,,134,,สี,สีเทา,0,1,เพศ,"ชาย, หญิง",1,1,,,,,,,,,New
4560,simple,100016,,Elephants and stars Body suit 2pieces ชุดบอดี้สูทลายช้างและดวงดาว 2 ชิ้น,1,0,visible,"เซตบอดี้สูท 2 ชิ้น แบรนด์ Carter’s สีฟ้า,กรม  ผลิตจากผ้าฝ้าย นุ่ม ใส่สบาย ลายเครื่องช้างและดวงดาวสุดน่ารัก ไซส์ เบบี้ 3เดือน(3M)",,,,taxable,,1,1,,0,0,0.1,,,,0,,120,590,สินค้าและอุปกรณ์สำหรับเด็ก,,,"https://punpunkun.com/wp-content/uploads/2021/04/S__3162138.jpg, https://punpunkun.com/wp-content/uploads/2021/04/S__3162139.jpg, https://punpunkun.com/wp-content/uploads/2021/04/S__3162146.jpg, https://punpunkun.com/wp-content/uploads/2021/04/S__3162141-1.jpg, https://punpunkun.com/wp-content/uploads/2021/04/S__3162140-1.jpg, https://punpunkun.com/wp-content/uploads/2021/04/S__3162143.jpg, https://punpunkun.com/wp-content/uploads/2021/04/685BA0C6-63DD-4299-ADD6-3E38E07B590B-scaled.jpg, https://punpunkun.com/wp-content/uploads/2021/04/3F94ED21-DE1C-4E02-AA6F-FB3CAD36C54B-scaled.jpg, https://punpunkun.com/wp-content/uploads/2021/04/E5F8B858-45CE-4884-94A4-637AD98475AE-scaled.jpg",,,,,,,,,137,,สี,"สีกรม, สีฟ้า",1,1,Size (เสื้อ),3M,1,1,อายุ,3เดือน,1,1,เพศ,"ชาย, หญิง",1,1,Fair
4562,simple,100015,,Ralph Lauren Polo Shirt เสื้อเชิ้ตคอปกโปโลสีขาว,1,0,visible,เสื้อโปโล แบรนด์ Ralph Lauren สีขาว ใส่สบาย ไซส์ 6เดือน(6M),,,,taxable,,1,1,,0,0,1,,,,0,,360,1190,สินค้าและอุปกรณ์สำหรับเด็ก,,,"https://punpunkun.com/wp-content/uploads/2021/04/S__3162129.jpg, https://punpunkun.com/wp-content/uploads/2021/04/S__3162127.jpg, https://punpunkun.com/wp-content/uploads/2021/04/S__3162130.jpg, https://punpunkun.com/wp-content/uploads/2021/04/S__3162131.jpg",,,,,,,,,252,,สี,สีขาว,1,1,Size (เสื้อ),6M,1,1,อายุ,6เดือน,1,1,เพศ,"ชาย, หญิง",1,1,Good
4564,simple,100014,,Dinosaurs Bodysuit ชุดบอดี้สูทขาสั้นลายไดโนเสาร์,1,0,visible,"เซตบอดี้สูท แบรนด์ Carter’s สีเทา  ผลิต\n\n&nbsp;\n\nจากผ้าฝ้าย นุ่ม ใส่สบาย ลายไดโนเสาร์ สุดน่ารัก ไซส์ เบบี้ 6เดือน(6M)",,,,taxable,,1,1,,0,0,0.1,,,,0,,150,490,สินค้าและอุปกรณ์สำหรับเด็ก,,,"https://punpunkun.com/wp-content/uploads/2021/04/S__3162123.jpg, https://punpunkun.com/wp-content/uploads/2021/04/S__3162125.jpg, https://punpunkun.com/wp-content/uploads/2021/04/S__3162126.jpg",,,,,,,,,123,,สี,สีเทา,1,1,Size (เสื้อ),6M,1,1,อายุ,6เดือน,1,1,เพศ,ชาย,1,1,Good
4566,simple,300065,,Ralph Lauren Polo Shirt เสื้อเชิ้ตคอปกโปโล ลายขวาง,1,0,visible,"เสื้อโปโล แบรนด์ Ralph Lauren สีน้ำเงิน,ฟ้า,ขาว ลายขวาง ใส่สบาย ไซส์ 6เดือน(6M)",,,,taxable,,1,1,,0,0,1,,,,0,,240,1190,สินค้าและอุปกรณ์สำหรับเด็ก,,,"https://punpunkun.com/wp-content/uploads/2021/04/S__3162118.jpg, https://punpunkun.com/wp-content/uploads/2021/04/S__3162122.jpg, https://punpunkun.com/wp-content/uploads/2021/04/S__3162121.jpg, https://punpunkun.com/wp-content/uploads/2021/04/S__3162120.jpg",,,,,,,,,250,,สี,"สีขาว, สีน้ำเงิน, สีฟ้า",1,1,Size (เสื้อ),6M,1,1,อายุ,6เดือน,1,1,เพศ,ชาย,1,1,Fair
4568,simple,300064,,Ralph Lauren Polo Shirt เสื้อเชิ้ตคอปกโปโล ลายขวาง,1,0,visible,"เสื้อโปโล แบรนด์ Ralph Lauren สีน้ำเงิน,ฟ้า,ขาว,แดง ลายขวาง ใส่สบาย ไซส์ 6เดือน(6M)",,,,taxable,,1,1,,0,0,0.1,,,,0,,360,1190,สินค้าและอุปกรณ์สำหรับเด็ก,,,"https://punpunkun.com/wp-content/uploads/2021/04/S__3162117.jpg, https://punpunkun.com/wp-content/uploads/2021/04/S__3162114.jpg, https://punpunkun.com/wp-content/uploads/2021/04/S__3162116.jpg",,,,,,,,,251,,สี,"สีขาว, สีน้ำเงิน, สีฟ้า, สีแดง",1,1,Size (เสื้อ),6M,1,1,อายุ,6เดือน,1,1,เพศ,ชาย,1,1,Good
4577,simple,100011,,Stars Pajamas ชุดนอนคอกลมขายาวลายดวงดาว,1,0,visible,"ชุดนอน แบรนด์ Carter’s สีขาว นุ่ม\n\n&nbsp;\n\n&nbsp;\n\nใส่สบาย ลายดวงดาวสุดน่ารัก ไซส์ เบบี้ 6เดือน(6M)",,,,taxable,,1,1,,0,0,0.1,,,,0,,180,590,สินค้าและอุปกรณ์สำหรับเด็ก,,,"https://punpunkun.com/wp-content/uploads/2021/04/S__3162154.jpg, https://punpunkun.com/wp-content/uploads/2021/04/S__3162156.jpg, https://punpunkun.com/wp-content/uploads/2021/04/S__3162158.jpg, https://punpunkun.com/wp-content/uploads/2021/04/S__3162157.jpg",,,,,,,,,284,,สี,สีขาว,1,1,Size (เสื้อ),3M,1,1,อายุ,3เดือน,1,1,เพศ,"ชาย, หญิง",1,1,Good
4579,simple,300066,,Baby Body suit ชุดบอดี้สูทขาสั้น สำหรับเบบี๋,1,0,visible,"ชุดบอดี้สูทขาสั้น แบรนด์ Paul smith\n\n&nbsp;\n\nสีขาว สำหรับเบบี๋ ใส่สบาย ไซส์ 9เดือน(9M)",,,,taxable,,0,0,,0,0,1,,,,1,,175,590,เสื้อผ้าและเครื่องประดับ,,,"https://punpunkun.com/wp-content/uploads/2021/04/S__3162150.jpg, https://punpunkun.com/wp-content/uploads/2021/04/S__3162152.jpg, https://punpunkun.com/wp-content/uploads/2021/04/S__3162153.jpg",,,,,,,,,25,,สี,สีขาว,1,1,Size (เสื้อ),9M,1,1,อายุ,9เดือน,1,1,เพศ,ชาย,1,1,Good
4899,simple,100009,,Pink Shirt เสื้อยืด สีชมพู,1,0,visible,"เสื้อยืด แบรนด์ Carter's สีชมพูสุดน่ารัก ไซส์ 6เดือน (6M)\n\n&nbsp;",,,,taxable,,1,1,,0,0,0.1,,,,0,,180,590,สินค้าและอุปกรณ์สำหรับเด็ก,,,"https://punpunkun.com/wp-content/uploads/2021/04/90703DD5-18F6-4C6B-9BEB-59947D7028C3-scaled.jpeg, https://punpunkun.com/wp-content/uploads/2021/04/769130BC-3547-445E-B5BB-CE8B3D90519E-scaled.jpeg, https://punpunkun.com/wp-content/uploads/2021/04/20162DD0-3C7B-496A-8087-78FBA644C502-scaled.jpeg",,,,,,,,,235,,สี,สีชมพู,1,1,Size (เสื้อ),6M,1,1,อายุ,6เดือน,1,1,,,,,Good
5218,simple,200116,,Elephants Set Shirt and Pants เซตเสื้อและกางเกง ลายช้าง,1,0,visible,"เซตเสื้อและกางเกง แบรนด์ Fagottino  สีชมพู ลายช้าง สุดน่ารัก ไซส์ 9-12 เดือน (9M) 74CM\n\n&nbsp;",,,,taxable,,1,1,,0,0,0.2,,,,0,,120,390,สินค้าและอุปกรณ์สำหรับเด็ก,,,"https://punpunkun.com/wp-content/uploads/2021/04/6E95C174-B4FC-4DC9-8B26-CF3EC0F11EA3-scaled.jpeg, https://punpunkun.com/wp-content/uploads/2021/04/C719EAB3-8553-40A8-AD28-1A2E06383C5E-scaled.jpeg, https://punpunkun.com/wp-content/uploads/2021/04/601C543F-9173-42CF-A755-020F8CF73AD4-scaled.jpeg",,,,,,,,,138,,สี,สีชมพู,1,1,Size (เสื้อ),9M,1,1,Size (กางเกง),9M,1,1,อายุ,9เดือน,1,1,Good
5237,simple,200115,,Cuddles with mummy Pajamas ชุดนอนคอวีขายาว ลายCuddles with mummy,1,0,visible,ชุดนอนขายาวแขนยาว แบรนด์ Mother care สีเหลือง ลายCuddles with mummy  มีกระดุมบริเวณด้านหน้า สวมใส่ง่าย ไซส์ตั้งแต่ 1เดือน(1M) CN 59/40,,,,taxable,,1,1,,0,0,0.2,,,,0,,150,490,สินค้าและอุปกรณ์สำหรับเด็ก,,,"https://punpunkun.com/wp-content/uploads/2021/04/F2FD95E2-3E7F-4DF7-814D-0BD44F1083F3-scaled.jpeg, https://punpunkun.com/wp-content/uploads/2021/04/C484A84D-7840-4182-AD67-9FD695AA03B8-scaled.jpeg, https://punpunkun.com/wp-content/uploads/2021/04/39FAE404-DF83-4D48-BD5B-AC60666310D1-scaled.jpeg",,,,,,,,,116,,สี,สีเหลือง,1,1,อายุ,1เดือน,1,1,เพศ,ชาย,1,1,Size (เสื้อ),1M,1,1,Good
5242,simple,200114,,Stripes Shirt เสื้อเชิ้ตคอปกแขนยาว ลายขวาง,1,0,visible,"เสื้อเชิ้ตแขนยาว แบรนด์ Fagottino สีดำ\n\n&nbsp;\n\nเทา ลายขวาง ใส่สบาย ไซส์ 9-12เดือน(9M)",,,,taxable,,1,1,,0,0,0.1,,,,0,,120,390,สินค้าและอุปกรณ์สำหรับเด็ก,,,"https://punpunkun.com/wp-content/uploads/2021/04/F369A718-D567-4629-AE8F-9FFF28B059FE-scaled.jpeg, https://punpunkun.com/wp-content/uploads/2021/04/9951A546-DD0A-481C-BBFC-E15D18BDC6F2-scaled.jpeg, https://punpunkun.com/wp-content/uploads/2021/04/437CC98E-A68C-429C-94A3-0C7A4DED9A7A-scaled.jpeg",,,,,,,,,308,,สี,"สีดำ, สีเทา",0,1,Size (เสื้อ),9M,1,1,เพศ,ชาย,1,1,อายุ,9เดือน,1,1,Good
5245,simple,200113,,Miss cute sweater เสื้อกันหนาว ลายMiss cute,1,0,visible,เสื้อกันหนาว แบรนด์ Fagottino สีเทา ลายMiss cute  มีซิปบริเวณด้านหน้า สวมใส่ง่าย ไซส์ตั้งแต่ 9เดือน(9M) CM 74,,,,taxable,,1,1,,0,0,0.2,,,,0,,150,490,สินค้าและอุปกรณ์สำหรับเด็ก,,,"https://punpunkun.com/wp-content/uploads/2021/04/C31FD349-E363-4D4F-B695-7E3FDB4ACFBC-scaled.jpeg, https://punpunkun.com/wp-content/uploads/2021/04/05312939-6E5C-417C-9203-4601892E5CF6-scaled.jpeg, https://punpunkun.com/wp-content/uploads/2021/04/37141099-9702-4688-8D72-B5122E3CD735-scaled.jpeg",,,,,,,,,213,,สี,สีเทา,1,1,เพศ,หญิง,1,1,อายุ,9เดือน,1,1,Size (เสื้อ),9M,1,1,Good
5247,simple,200112,,Rabbit Pajamas ชุดนอนคอกลมขายาว ลายกระต่าย,1,0,visible,"ชุดนอนขายาวแขนยาว แบรนด์ Kiabi สีขาว\n\n&nbsp;\n\nลายกระต่าย สุดน่ารัก มีกระดุมบริเวณด้านหลัง ไซส์ 6เดือน(6M) 63-69 CM",,,,taxable,,1,1,,0,0,0.2,,,,0,,150,490,สินค้าและอุปกรณ์สำหรับเด็ก,,,"https://punpunkun.com/wp-content/uploads/2021/04/C326AF7A-1A7C-4CD6-AAB0-7C653B18CFEB-scaled.jpeg, https://punpunkun.com/wp-content/uploads/2021/04/D421D1CB-C9B3-49AE-8B98-DA5B6CEDCC26-scaled.jpeg, https://punpunkun.com/wp-content/uploads/2021/04/1D5B0FD0-51F4-43B7-B747-74781A3C4676-scaled.jpeg, https://punpunkun.com/wp-content/uploads/2021/04/D3A9F7AA-E054-401C-90F9-34A399C71DEF-scaled.jpeg, https://punpunkun.com/wp-content/uploads/2021/04/A5061AEF-7F50-4EFD-9790-0AF59BE29B5C-scaled.jpeg, https://punpunkun.com/wp-content/uploads/2021/04/8C75D61F-1E37-4675-9106-A6ADE0E53D04-scaled.jpeg, https://punpunkun.com/wp-content/uploads/2021/04/58F010F1-2D19-43C9-BEBB-FC759F0C6D10-scaled.jpeg",,,,,,,,,245,,สี,สีขาว,1,1,Size (เสื้อ),6M,1,1,อายุ,6เดือน,1,1,เพศ,"ชาย, หญิง",1,1,Good
5249,simple,200111,,Point Pants กางเกงขายาว ลายจุด,1,0,visible,"กางเกงขายาว แบรนด์ Fagottino สีชมพู\n\n&nbsp;\n\nผ้านุ่ม ใส่สบาย สุดน่ารัก ไซส์ 9เดือน(9M)",,,,taxable,,1,1,,0,0,0.1,,,,0,,120,390,สินค้าและอุปกรณ์สำหรับเด็ก,,,"https://punpunkun.com/wp-content/uploads/2021/04/1601B71C-CB50-4EE8-AFD4-275FCF8FE444-scaled.jpeg, https://punpunkun.com/wp-content/uploads/2021/04/16B28E43-41EE-4FA2-BAE8-2E7C26643F7D-scaled.jpeg, https://punpunkun.com/wp-content/uploads/2021/04/093B4BEB-CC85-4760-9A3A-27DB98182523-scaled.jpeg",,,,,,,,,240,,สี,สีชมพู,1,1,อายุ,9เดือน,1,1,เพศ,หญิง,1,1,Size (กางเกง),9M,1,1,Good
5251,simple,200110,,Little sunshine Body suit ชุดบอดี้สูทลายLittle sunshine,1,0,visible,"ชุดบอดี้สูทแขนยาว แบรนด์ Baby GAP สีเทา\n\n&nbsp;\n\nลายLittle sunshine สุดน่ารัก มีกระดุมบริเวณด้านล่าง เนื้อผ้านุ่ม ไซส์ 12-18 เดือน (12-18 M)",,,,taxable,,1,1,,0,0,0.1,,,,0,,105,350,สินค้าและอุปกรณ์สำหรับเด็ก,,,"https://punpunkun.com/wp-content/uploads/2021/04/D0FA8ED6-83AB-4339-8F36-392DE3742DC9-scaled.jpeg, https://punpunkun.com/wp-content/uploads/2021/04/27114EC9-EDDD-4A03-8593-145131B61D9B-scaled.jpeg, https://punpunkun.com/wp-content/uploads/2021/04/E74474B8-87F5-44CC-9B68-A77CB151D090-scaled.jpeg",,,,,,,,,194,,สี,สีเทา,1,1,Size (เสื้อ),12M,1,1,อายุ,12เดือน,1,1,เพศ,ชาย,1,1,Good
5253,simple,200109,,Cheeky monkey Body suit ชุดบอดี้สูท ลายCheeky monkey,1,0,visible,ชุดบอดี้สูทแขนยาว แบรนด์ Baby GAP สีครีม ลายCheeky monkey สุดน่ารัก มีกระดุมบริเวณด้านล่าง เนื้อผ้านุ่ม ไซส์ 12-18 เดือน (12-18 M),,,,taxable,,1,3,,0,0,0.1,,,,0,,105,350,สินค้าและอุปกรณ์สำหรับเด็ก,,,"https://punpunkun.com/wp-content/uploads/2021/04/4830E5C9-A4A9-46A2-AC3F-4FB5F074FE66-scaled.jpeg, https://punpunkun.com/wp-content/uploads/2021/04/0E2FD179-6C98-4591-91C3-99C4929D6EB8-scaled.jpeg, https://punpunkun.com/wp-content/uploads/2021/04/53008241-1BEA-4C06-B6AE-0CE8F19C8AA2-scaled.jpeg",,,,,,,,,104,,สี,สีครีม,1,1,Size (เสื้อ),12M,1,1,อายุ,12เดือน,1,1,เพศ,หญิง,1,1,Good
5255,simple,200108,,Adidas Shirt เสื้อยืด สกรีนAdidas,1,0,visible,"เสื้อยืด แบรนด์ Adidas สีกรม  สกรีนAdidas\n\n&nbsp;\n\nสุดเท่ห์ ไซส์ 9เดือน (9M)",,,,taxable,,1,1,,0,0,0.1,,,,0,,240,800,สินค้าและอุปกรณ์สำหรับเด็ก,,,"https://punpunkun.com/wp-content/uploads/2021/04/5ECD836F-8CF2-4907-9668-20E3F5938458-scaled.jpeg, https://punpunkun.com/wp-content/uploads/2021/04/E44BB8D2-3AA8-47AD-BF45-1C024F0A598C-scaled.jpeg, https://punpunkun.com/wp-content/uploads/2021/04/F8B2237C-A35F-4C3E-9AF7-CF6D7144F3F0-scaled.jpeg",,,,,,,,,6,,สี,สีกรม,1,1,Size (เสื้อ),9M,1,1,อายุ,9เดือน,1,1,เพศ,ชาย,1,1,Good
5257,simple,200107,,Mumy's handsome little Man Shirt เสื้อยืด สกรีนMumy's handsome little Man,1,0,visible,"เสื้อยืด แบรนด์ Primark สกรีนMumy's handsome little Man\n\n&nbsp;\n\nสีกรม สุดเทห์ ไซส์ 12เดือน (12M)",,,,taxable,,1,1,,0,0,0.1,,,,0,,105,350,สินค้าและอุปกรณ์สำหรับเด็ก,,,"https://punpunkun.com/wp-content/uploads/2021/04/6E090B94-3EF9-4A6D-BE78-4E352EE89407-scaled.jpeg, https://punpunkun.com/wp-content/uploads/2021/04/18B17C25-9BA6-4287-8ABC-31D18E7CE640-scaled.jpeg, https://punpunkun.com/wp-content/uploads/2021/04/91D953CD-4614-476B-9F92-840CEF129A23-scaled.jpeg",,,,,,,,,216,,สี,สีกรม,1,1,Size (เสื้อ),12M,1,1,อายุ,12เดือน,1,1,เพศ,ชาย,1,1,Good
5376,simple,200106,,Adidas Shirt เสื้อยืด สกรีนAdidas,1,0,visible,เสื้อยืด แบรนด์ Adidas สีเหลือง สกรีนAdidas สุดเท่ห์ ไซส์ 9เดือน (9M),,,,taxable,,1,1,,0,0,0.1,,,,0,,160,800,สินค้าและอุปกรณ์สำหรับเด็ก,,,"https://punpunkun.com/wp-content/uploads/2021/04/2F84645B-5099-4231-B05C-55CEBB225980-scaled.jpeg, https://punpunkun.com/wp-content/uploads/2021/04/55177943-A6ED-4072-9711-F410C1C1E624-scaled.jpeg, https://punpunkun.com/wp-content/uploads/2021/04/673D9B02-C5B9-45FD-BCAE-3DA424B8B163-scaled.jpeg, https://punpunkun.com/wp-content/uploads/2021/04/0F292F75-D8A6-4F5B-AD96-A316724F386C-scaled.jpeg",,,,,,,,,5,,สี,สีเหลือง,1,1,Size (เสื้อ),9M,1,1,อายุ,9เดือน,1,1,เพศ,"ชาย, หญิง",1,1,Fair
5403,simple,200105,,Mickey Mouse Bodysuit ชุดบอดี้สูทขาสั้นลายมิกกี้เม้าส์,1,0,visible,"บอดี้สูท แบรนด์ Uniqlo สีเทา  ผลิตจาก\n\n&nbsp;\n\nผ้าฝ้าย นุ่ม ใส่สบาย ลายมิกกี้เม้าส์ สุดน่ารัก ไซส์ เบบี้ 18เดือน (18M)",,,,taxable,,1,1,,0,0,0.1,,,,0,,60,200,สินค้าและอุปกรณ์สำหรับเด็ก,,,"https://punpunkun.com/wp-content/uploads/2021/04/5D345B7E-88FD-4BED-AA1F-6A95D072D9E4-scaled.jpeg, https://punpunkun.com/wp-content/uploads/2021/04/EB66236C-31F3-4104-948E-6091650666C7-scaled.jpeg, https://punpunkun.com/wp-content/uploads/2021/04/A882C28D-D011-42C1-B1ED-F30B1EFDF9B0-scaled.jpeg",,,,,,,,,207,,สี,สีเทา,1,1,Size (เสื้อ),18M,1,1,อายุ,18เดือน,1,1,เพศ,"ชาย, หญิง",1,1,Good
5430,simple,200104,,Minnie Mouse Bodysuit ชุดบอดี้สูทขาสั้นลายมินนี่ เมาส์,1,0,visible,"บอดี้สูท แบรนด์ Uniqlo สีขาว ผลิตจาก\n\n&nbsp;\n\nผ้าฝ้าย นุ่ม ใส่สบาย ลายมินนี่ เมาส์ สุดน่ารัก ไซส์ เบบี้ 18เดือน (18M)",,,,taxable,,1,1,,0,0,0.1,,,,0,,60,200,สินค้าและอุปกรณ์สำหรับเด็ก,,,"https://punpunkun.com/wp-content/uploads/2021/04/8ECF6561-8DB4-4F2F-BC3F-950E63514792-scaled.jpeg, https://punpunkun.com/wp-content/uploads/2021/04/5278CB66-DB4B-4A95-ADEB-A77B5B9E490E-scaled.jpeg, https://punpunkun.com/wp-content/uploads/2021/04/C7A0DF9B-86A8-4A4E-8FE2-D2906F782D91-scaled.jpeg",,,,,,,,,212,,สี,สีขาว,1,1,Size (เสื้อ),18M,1,1,อายุ,18เดือน,1,1,เพศ,หญิง,1,1,Good
5442,simple,200103,,Circle Pants กางเกงขาสั้น ลายวางกลม,1,0,visible,"กางเกงขาสั้น แบรนด์Uniqlo สีฟ้า\n\n&nbsp;\n\n&nbsp;\n\nสุดน่ารัก ไซส์ เบบี้ 3-18เดือน(3-18M)",,,,taxable,,1,1,,0,0,0.1,,,,0,,120,390,สินค้าและอุปกรณ์สำหรับเด็ก,,,"https://punpunkun.com/wp-content/uploads/2021/04/841EBD96-2CA3-4396-B793-26A458C44CC8-scaled.jpeg, https://punpunkun.com/wp-content/uploads/2021/04/119A8A20-4C0E-48C1-9CF9-76A2C34EA18A-scaled.jpeg, https://punpunkun.com/wp-content/uploads/2021/04/C7A6B844-6394-441C-BC9B-A4061DA4D7DC-scaled.jpeg",,,,,,,,,106,,สี,สีฟ้า,1,1,Size (กางเกง),3M,1,1,อายุ,3เดือน,1,1,เพศ,หญิง,1,1,Good
5455,simple,200102,,Boat Pajamas ชุดนอนคอวีขายาว ลายเรือ,1,0,visible,ชุดนอนขายาวแขนยาว แบรนด์ H&amp;M สีขาว ลายเรือ มีกระดุมบริเวณด้านหน้า สวมใส่ง่าย ไซส์ 9เดือน(9M) EUR 80 US 9-12M CA 9-12M CN 80/48 MX 80 AUS 1,,,,taxable,,1,1,,0,0,0.2,,,,0,,105,350,สินค้าและอุปกรณ์สำหรับเด็ก,,,"https://punpunkun.com/wp-content/uploads/2021/04/B5640986-BDF4-45C8-8BA6-917F1CF35120-scaled.jpeg, https://punpunkun.com/wp-content/uploads/2021/04/12242FC2-914C-4E14-B4E8-B85141889F1F-scaled.jpeg, https://punpunkun.com/wp-content/uploads/2021/04/D7F5D61F-44E5-4925-BB47-632283AB3ED3-scaled.jpeg",,,,,,,,,53,,สี,สีขาว,1,1,Size (เสื้อ),9M,1,1,อายุ,9เดือน,1,1,เพศ,ชาย,1,1,Good
5457,simple,200101,,Anchor Pajamas ชุดนอนคอวีขายาว ลายสมอเรือ,1,0,visible,ชุดนอนขายาวแขนยาว แบรนด์ H&amp;M สีขาว ลายสมอเรือ มีกระดุมบริเวณด้านหน้า สวมใส่ง่าย ไซส์ 9เดือน(9M) EUR 80 US 9-12M CA 9-12M CN 80/48 MX 80 AUS 1,,,,taxable,,1,1,,0,0,0.2,,,,0,,105,350,สินค้าและอุปกรณ์สำหรับเด็ก,,,"https://punpunkun.com/wp-content/uploads/2021/04/FC7CB32A-DAFA-42A3-A79B-00EABDA61B44-scaled.jpeg, https://punpunkun.com/wp-content/uploads/2021/04/2F6863BE-E06B-4842-A490-EF5F7B8704FF-scaled.jpeg, https://punpunkun.com/wp-content/uploads/2021/04/CFC00D73-A791-4ABF-BA8F-B36C7DD1E9A1-scaled.jpeg",,,,,,,,,15,,สี,สีขาว,1,1,Size (เสื้อ),9M,1,1,อายุ,9เดือน,1,1,เพศ,ชาย,1,1,Good
5459,simple,200100,,Little nugget Bodysuit ชุดบอดี้สูทขาสั้น ลายLittle nugget,1,0,visible,"ชุดบอดี้สูทแขนสั้น แบรนด์ Carter’s\n\n&nbsp;\n\nสีขาว ผลิตจากผ้าฝ้าย นุ่ม ใส่สบาย ไซส์ 24เดือน (24M)",,,,taxable,,1,1,,0,0,0.1,,,,0,,120,390,สินค้าและอุปกรณ์สำหรับเด็ก,,,"https://punpunkun.com/wp-content/uploads/2021/04/65CE00E1-1F35-4C4B-A2EF-2C943BEA1816-scaled.jpeg, https://punpunkun.com/wp-content/uploads/2021/04/54C59B8A-500A-404E-BADF-4BAE0D91B0DC-scaled.jpeg, https://punpunkun.com/wp-content/uploads/2021/04/05B71D60-74A1-487E-A4B8-F615249AA4D5-scaled.jpeg",,,,,,,,,193,,สี,สีขาว,1,1,Size (เสื้อ),24M,1,1,อายุ,24เดือน,1,1,เพศ,หญิง,1,1,Good
5461,simple,200099,,Striped Body suits บอดี้สูท ลายขวาง,1,0,visible,"บอดี้สูท แบรนด์ Carter's ชุดบอดี้สูท\n\n&nbsp;\n\nสีขาวเขียว ลายขวาง ผลิตจากผ้าฝ้าย นุ่ม ใส่สบาย ไซส์ เบบี้ 24เดือน (24M)",,,,taxable,,1,1,,0,0,0.1,,,,0,,120,390,สินค้าและอุปกรณ์สำหรับเด็ก,,,"https://punpunkun.com/wp-content/uploads/2021/04/A42229CA-F8E2-4054-960B-A80F9B98AA77-scaled.jpeg, https://punpunkun.com/wp-content/uploads/2021/04/0F1E0FFA-DDC5-443A-83BF-547FF626AA11-scaled.jpeg, https://punpunkun.com/wp-content/uploads/2021/04/7079BFA3-A8AC-4586-A24C-D93CB9B384AD-scaled.jpeg",,,,,,,,,293,,สี,"สีขาว, สีเขียว",1,1,Size (เสื้อ),24M,1,1,อายุ,24เดือน,1,1,เพศ,ชาย,1,1,Good
5463,simple,200098,,Car Pants กางเกงขาสั้น ลายรถ,1,0,visible,"กางเกงขาสั้น แบรนด์Sanrio สีฟ้า ลายรถ\n\n&nbsp;\n\nสุดน่ารัก ไซส์ เบบี้ 1 ปี (1Y)",,,,taxable,,1,1,,0,0,0.1,,,,0,,90,295,สินค้าและอุปกรณ์สำหรับเด็ก,,,"https://punpunkun.com/wp-content/uploads/2021/04/D3EEF6CE-990C-4F1C-8517-3256CB0CB28B-scaled.jpeg, https://punpunkun.com/wp-content/uploads/2021/04/168E7DA4-2209-4A12-AD9D-417C91C36934-scaled.jpeg, https://punpunkun.com/wp-content/uploads/2021/04/240DA149-DC16-45BA-8B03-20BEE76305F2-scaled.jpeg",,,,,,,,,94,,สี,สีฟ้า,1,1,Size (กางเกง),1Y,1,1,อายุ,1ปี,1,1,เพศ,ชาย,1,1,Good
5466,simple,200097,,Rabbit Shirt เสื้อแขนยาว ลายกระต่าย,1,0,visible,"เสื้อยืด แบรนด์ E'clat สีชมพูสุดน่ารัก\n\n&nbsp;\n\nไซส์ 2ปี (2Y)",,,,taxable,,1,1,,0,0,0.2,,,,0,,105,350,สินค้าและอุปกรณ์สำหรับเด็ก,,,"https://punpunkun.com/wp-content/uploads/2021/04/76C9E85E-77A1-41F4-89AB-F7F96D931005-scaled.jpeg, https://punpunkun.com/wp-content/uploads/2021/04/25F8765E-7F19-4CE8-AF2B-FE16468BF187-scaled.jpeg, https://punpunkun.com/wp-content/uploads/2021/04/31D04BCE-B9E8-420D-9050-04309A30AD72-scaled.jpeg",,,,,,,,,247,,สี,สีชมพู,1,1,Size (เสื้อ),2Y,1,1,อายุ,2ปี,1,1,เพศ,หญิง,1,1,Good
5469,simple,200096,,Straight line Shirt เสื้อเชิ้ต ลายเส้นตรง,1,0,visible,เสื้อเชิ้ตแขนสั้น แบรนด์ Old Navy สีเขียว ลายเส้นตรง ใส่สบาย ไซส์ 12-18เดือน (12-18M),,,,taxable,,1,1,,0,0,0.1,,,,0,,135,450,สินค้าและอุปกรณ์สำหรับเด็ก,,,"https://punpunkun.com/wp-content/uploads/2021/04/40904930-608B-48E7-9FA9-DD94DE3F387C-scaled.jpeg, https://punpunkun.com/wp-content/uploads/2021/04/8577B7B7-CF35-49CA-B08D-670639895D7E-scaled.jpeg, https://punpunkun.com/wp-content/uploads/2021/04/F5424D97-0CA9-40B3-A1F7-BF58C6DA6297-scaled.jpeg",,,,,,,,,287,,สี,สีเขียว,1,1,Size (เสื้อ),12M,1,1,อายุ,12เดือน,1,1,เพศ,ชาย,1,1,Good
5472,simple,200095,,Straight line Dresses ชุดเดรส ลายตรง,1,0,visible,"ชุดเดรส แบรนด์ Old Navy สีฟ้า ลายตรง\n\n&nbsp;\n\nใส่สบาย ไซส์ 12เดือน (12M)",,,,taxable,,1,1,,0,0,0.1,,,,0,,200,600,สินค้าและอุปกรณ์สำหรับเด็ก,,,"https://punpunkun.com/wp-content/uploads/2021/04/7AA9FFC7-7C30-4B1A-B1F5-67809CADF717-scaled.jpeg, https://punpunkun.com/wp-content/uploads/2021/04/8F68549F-BFE5-4182-91FA-3D9A88CE1FE5-scaled.jpeg, https://punpunkun.com/wp-content/uploads/2021/04/4117197F-17D1-40D6-BF37-4EDD22B2AB97-scaled.jpeg",,,,,,,,,286,,สี,สีฟ้า,1,1,Size (เสื้อ),12M,1,1,อายุ,12เดือน,1,1,เพศ,หญิง,1,1,Good
5474,simple,200094,,Dog Pajamas ชุดนอนคอกลมขายาวลายหมา,1,0,visible,"ชุดนอน แบรนด์ Kiddiezoom สีเทา นุ่ม\n\n&nbsp;\n\n&nbsp;\n\nใส่สบาย ลายน้องหมาสุดน่ารัก ไซส์ เบบี้ 6เดือน(6M)",,,,taxable,,0,0,,0,0,0.2,,,,0,,195,650,สินค้าและอุปกรณ์สำหรับเด็ก,,,"https://punpunkun.com/wp-content/uploads/2021/04/FFB5E363-0987-4215-9651-EB00000B21FA-scaled.jpeg, https://punpunkun.com/wp-content/uploads/2021/04/55DAAB5A-AB27-4894-A769-6AB5C784BDA4-scaled.jpeg, https://punpunkun.com/wp-content/uploads/2021/04/EA3996DE-D22F-4801-BB17-3B362C07DEA3-scaled.jpeg",,,,,,,,,131,,สี,สีเทา,1,1,Size (เสื้อ),6M,1,1,อายุ,6เดือน,1,1,เพศ,ชาย,1,1,Good
5476,simple,200093,,Purple Shirt เสื้อเชิ้ตคอกลม สีม่วง,1,0,visible,"เสื้อ แบรนด์ Zara สีม่วง ใส่สบาย\n\n&nbsp;\n\n&nbsp;\n\nสุดน่ารัก ไซส์ 9เดือน(9M)",,,,taxable,,1,1,,0,0,0.1,,,,0,,105,350,สินค้าและอุปกรณ์สำหรับเด็ก,,,"https://punpunkun.com/wp-content/uploads/2021/04/9DC97027-B7C0-494B-ADEA-C56406576943-scaled.jpeg, https://punpunkun.com/wp-content/uploads/2021/04/BBE9E5C9-3738-4120-AF6A-2D2ABC68640A-scaled.jpeg, https://punpunkun.com/wp-content/uploads/2021/04/7CF0EA37-AFC2-4996-A363-2072F9B0F53C-scaled.jpeg",,,,,,,,,244,,สี,สีม่วง,1,1,Size (เสื้อ),9M,1,1,อายุ,9เดือน,1,1,เพศ,หญิง,1,1,Good
5477,simple,200092,,Heart Pants กางเกงขายาว ปักหัวใจ,1,0,visible,"กางเกงขายาว แบรนด์ e'clat สีเหลือง\n\n&nbsp;\n\nผ้านุ่ม ใส่สบาย สุดน่ารัก ไซส์ 9เดือน(9M)",,,,taxable,,1,1,,0,0,0.1,,,,0,,105,350,สินค้าและอุปกรณ์สำหรับเด็ก,,,"https://punpunkun.com/wp-content/uploads/2021/04/3CE17322-8B7D-40D2-9592-1C594171051E-scaled.jpeg, https://punpunkun.com/wp-content/uploads/2021/04/CF1F9DD4-C5C6-4E58-A603-6A2637417D98-scaled.jpeg, https://punpunkun.com/wp-content/uploads/2021/04/A4E8DE95-1A9E-4D0E-BB8C-21D675F88A59-scaled.jpeg",,,,,,,,,168,,สี,สีเหลือง,1,1,Size (กางเกง),9M,1,1,อายุ,9เดือน,1,1,เพศ,หญิง,1,1,Good
5480,simple,200091,,Space Pajamas ชุดนอนคอกลมขายาว ลายอวกาศ,1,0,visible,"ชุดนอน แบรนด์ Mamas &amp; papas สีม่วง นุ่ม\n\n&nbsp;\n\nใส่สบาย ลายอวกาศ ไซส์ เบบี้ 9เดือน(9M)",,,,taxable,,1,1,,0,0,0.2,,,,0,,105,350,สินค้าและอุปกรณ์สำหรับเด็ก,,,"https://punpunkun.com/wp-content/uploads/2021/04/C048F92D-44BC-4191-96F6-A88ADD1094F1-scaled.jpeg, https://punpunkun.com/wp-content/uploads/2021/04/AA84E96E-57FB-4490-901B-369BEF822B95-scaled.jpeg",,,,,,,,,274,,สี,สีม่วง,1,1,Size (เสื้อ),9M,1,1,อายุ,9เดือน,1,1,เพศ,ชาย,1,1,Good
5482,simple,200090,,The runabouts Shirt เสื้อยืด ลายThe runabouts,1,0,visible,เสื้อยืด แบรนด์ Sanrio ลายThe runabouts ไซส์ 2ปี (2Y),,,,taxable,,1,1,,0,0,0.1,,,,0,,120,390,สินค้าและอุปกรณ์สำหรับเด็ก,,,"https://punpunkun.com/wp-content/uploads/2021/04/B6107210-7AF2-416F-B7B8-6ECD118B68C3-scaled.jpeg, https://punpunkun.com/wp-content/uploads/2021/04/613DFB1C-B818-4171-B851-285167C4990D-scaled.jpeg, https://punpunkun.com/wp-content/uploads/2021/04/09502995-5319-4F53-8932-58AFA66ED240-scaled.jpeg",,,,,,,,,310,,สี,สีเทา,1,1,Size (เสื้อ),2Y,1,1,อายุ,2ปี,1,1,เพศ,ชาย,1,1,Good
5499,simple,200089,,Striped Pants กางเกงขายาว ลายขวาง,1,0,visible,"กางเกงขายาว แบรนด์ Carter's ลายขวาง\n\n&nbsp;\n\n&nbsp;\n\nสีกรม ไซส์ เบบี้ 3เดือน(3M)",,,,taxable,,1,1,,0,0,0.1,,,,0,,105,350,สินค้าและอุปกรณ์สำหรับเด็ก,,,"https://punpunkun.com/wp-content/uploads/2021/04/CD1BBE73-8339-485D-AD61-130DE07B7283-scaled.jpeg, https://punpunkun.com/wp-content/uploads/2021/04/61ED3F2E-63F4-468E-9407-F7C79ECF995E-scaled.jpeg, https://punpunkun.com/wp-content/uploads/2021/04/177272A7-68B0-445C-ACAC-657741DF23F1-scaled.jpeg",,,,,,,,,306,,สี,สีกรม,1,1,Size (กางเกง),3M,1,1,อายุ,3เดือน,1,1,เพศ,ชาย,1,1,Good
5501,simple,200088,,Baby Body suit ชุดบอดี้สูทขาสั้น สำหรับเบบี๋,1,0,visible,ชุดบอดี้สูทขาสั้น แบรนด์ Zara สีขาว สำหรับเบบี๋ ใส่สบาย ไซส์ 9เดือน(9M) 80CM,,,,taxable,,1,3,,0,0,0.1,,,,0,,120,390,สินค้าและอุปกรณ์สำหรับเด็ก,,,"https://punpunkun.com/wp-content/uploads/2021/04/39D8BD95-ACE6-4953-B1CE-40711220C00A-scaled.jpeg, https://punpunkun.com/wp-content/uploads/2021/04/78BEE80E-40D6-494C-9453-1EF4AF066927-scaled.jpeg, https://punpunkun.com/wp-content/uploads/2021/04/BD496B27-EB0A-413E-A9A1-4EEF93B8DDCD-scaled.jpeg",,,,,,,,,24,,สี,สีขาว,1,1,Size (เสื้อ),9M,1,1,อายุ,9เดือน,1,1,เพศ,"ชาย, หญิง",1,1,Good
5503,simple,200087,,Bow Pants กางเกงขายาว ปักโบว์,1,0,visible,"กางเกงขายาว แบรนด์ Smart Babies สีแดง\n\n&nbsp;\n\nปักโบว์ ไซส์ เบบี้ 24-36เดือน(24-36M)",,,,taxable,,1,1,,0,0,0.1,,,,0,,120,390,สินค้าและอุปกรณ์สำหรับเด็ก,,,"https://punpunkun.com/wp-content/uploads/2021/04/36262481-4FA2-40B8-8933-2A8DC7046C68-scaled.jpeg, https://punpunkun.com/wp-content/uploads/2021/04/BAF4916D-0C5A-421C-B723-A3BB5B28FEFD-scaled.jpeg, https://punpunkun.com/wp-content/uploads/2021/04/189A739D-DA66-4D06-B0F7-13218A987BC9-scaled.jpeg",,,,,,,,,65,,สี,สีแดง,1,1,Size (กางเกง),24M,1,1,อายุ,24เดือน,1,1,เพศ,หญิง,1,1,Good
5505,simple,200086,,Linear Pajamas ชุดนอนคอกลมขายาวลายเส้นตรง,1,0,visible,"ชุดนอน แบรนด์ H&amp;M สีกรม นุ่ม ใส่สบาย\n\n&nbsp;\n\nลายเส้นตรง สุดน่ารัก ไซส์ เบบี้ 9-12เดือน(9-12M) EUR 80 US 9-12M CA 9-12M CN 80/48 MX 80 AUS 1",,,,taxable,,1,1,,0,0,0.2,,,,0,,120,390,สินค้าและอุปกรณ์สำหรับเด็ก,,,"https://punpunkun.com/wp-content/uploads/2021/04/AA4FDCCF-C107-4694-B548-BCE657EC0525-scaled.jpeg, https://punpunkun.com/wp-content/uploads/2021/04/5AFBC78A-913E-432E-AC1B-205FBD3EA18F-scaled.jpeg, https://punpunkun.com/wp-content/uploads/2021/04/BF252E05-277F-4BE0-82A8-E2483503F91B-scaled.jpeg",,,,,,,,,191,,สี,สีกรม,1,1,Size (เสื้อ),9M,1,1,อายุ,9เดือน,1,1,เพศ,ชาย,1,1,Good
5507,simple,200085,,Linear Pajamas ชุดนอนคอกลมขายาวลายดวงดาว,1,0,visible,"ชุดนอน แบรนด์ H&amp;M สีกรม นุ่ม ใส่สบาย\n\n&nbsp;\n\nลายเส้นตรง สุดน่ารัก ไซส์ เบบี้ 12-18เดือน(12-18M) EUR 86 US 12-18M CA 12-18M CN 90/48 MX 86 AUS 1 1/2",,,,taxable,,1,1,,0,0,0.2,,,,0,,120,390,สินค้าและอุปกรณ์สำหรับเด็ก,,,"https://punpunkun.com/wp-content/uploads/2021/04/E529039F-493C-4BB4-9EFD-964D6A5E732D-scaled.jpeg, https://punpunkun.com/wp-content/uploads/2021/04/4BBC421D-BD36-4410-ACAD-A30CC870C0C3-scaled.jpeg, https://punpunkun.com/wp-content/uploads/2021/04/D1E72A29-18CF-4162-8AB0-7E824214EAC7-scaled.jpeg",,,,,,,,,190,,สี,สีกรม,1,1,Size (เสื้อ),12M,1,1,อายุ,12เดือน,1,1,เพศ,"ชาย, หญิง",1,1,Good
5509,simple,200084,,Gray Pants กางเกงขาสั้น สีเทา,1,0,visible,กางเกงขาสั้น แบรนด์ Primark สีเทา สุดเทห์ ไซส์ เบบี้ 12-18เดือน(12-18M) 86CM,,,,taxable,,1,1,,0,0,0.1,,,,0,,120,390,สินค้าและอุปกรณ์สำหรับเด็ก,,,"https://punpunkun.com/wp-content/uploads/2021/04/AE4FDC7F-D11F-41B4-9D5F-19FA1897E994-scaled.jpeg, https://punpunkun.com/wp-content/uploads/2021/04/1D9E7209-AE89-4A01-8BD2-5117F4EF4FAD-scaled.jpeg, https://punpunkun.com/wp-content/uploads/2021/04/36971152-C57E-4394-8197-994A645615E5-scaled.jpeg",,,,,,,,,167,,สี,สีเทา,1,1,Size (กางเกง),12M,1,1,อายุ,12เดือน,1,1,เพศ,ชาย,1,1,Good
5511,simple,200083,,Striped Pajamas ชุดนอนคอกลมขายาว ลายขวาง,1,0,visible,"ชุดนอน แบรนด์ H&amp;M สีน้ำเงิน นุ่ม\n\n&nbsp;\n\nใส่สบาย ลายขวาง สุดน่ารัก ไซส์ เบบี้ 12-18เดือน(12-18M) EUR 86 US 12-18M CA 12-18M CN 90/48 MX 86 AUS 1 1/2",,,,taxable,,1,1,,0,0,0.2,,,,0,,150,490,สินค้าและอุปกรณ์สำหรับเด็ก,,,"https://punpunkun.com/wp-content/uploads/2021/04/D85E8488-EC63-40F7-8227-B0CD98D362F5-scaled.jpeg, https://punpunkun.com/wp-content/uploads/2021/04/821CB1AE-20BD-4315-A4BA-00CDB55763BE-scaled.jpeg, https://punpunkun.com/wp-content/uploads/2021/04/99D43E34-FD14-4FCE-AE10-23256692124F-scaled.jpeg",,,,,,,,,297,,สี,สีน้ำเงิน,1,1,Size (เสื้อ),12M,1,1,อายุ,12เดือน,1,1,เพศ,ชาย,1,1,Good
5514,simple,200082,,Duck Set Shirt and Pants เซตเสื้อและกางเกง ลายเป็ด,1,0,visible,"เซตเสื้อและกางเกง แบรนด์ Enfant สีครีม\n\n&nbsp;\n\nลายเป็ด สุดน่ารัก ไซส์ 0-3M (0-3M)",,,,taxable,,0,0,,0,0,0.2,,,,1,,230,560,เสื้อผ้าและเครื่องประดับ,,,"https://punpunkun.com/wp-content/uploads/2021/04/33098A94-1F2C-4FDF-830C-A122B7F2F508-scaled.jpeg, https://punpunkun.com/wp-content/uploads/2021/04/5EB36724-6345-4037-AA6E-16F62792B7FE-scaled.jpeg, https://punpunkun.com/wp-content/uploads/2021/04/1712EDEF-CB90-420C-A63D-42C42211D39A-scaled.jpeg",,,,,,,,,135,,สี,สีครีม,1,1,Size (เสื้อ),0M,1,1,Size (กางเกง),0M,1,1,อายุ,0เดือน,1,1,Mint
5516,simple,200081,,Bear Set Shirt and Pants เซตเสื้อและกางเกง ลายหมี,1,0,visible,"เซตเสื้อและกางเกง แบรนด์ Enfant สีชมพู\n\n&nbsp;\n\nลายหมี สุดน่ารัก ไซส์ 0-3M (0-3M)",,,,taxable,,1,1,,0,0,0.2,,,,0,,225,560,สินค้าและอุปกรณ์สำหรับเด็ก,,,"https://punpunkun.com/wp-content/uploads/2021/04/59F2A1B4-0B8A-4A4C-8398-889BFF649C93-scaled.jpeg, https://punpunkun.com/wp-content/uploads/2021/04/7F3356F6-F641-4159-A4F3-B6AAB2BE04A8-scaled.jpeg, https://punpunkun.com/wp-content/uploads/2021/04/B63EC530-4003-46B0-BA72-012DE4A25CCB-scaled.jpeg",,,,,,,,,41,,สี,สีชมพู,1,1,Size (เสื้อ),0M,1,1,Size (กางเกง),0M,1,1,อายุ,0เดือน,1,1,Mint
5519,simple,200080,,Anchor Pajamas ชุดนอนคอกลมขายาว ลายปักสมอเรือ,1,0,visible,"ชุดนอน แบรนด์ H&amp;M สีน้ำเงิน นุ่ม\n\n&nbsp;\n\nใส่สบาย ลาย ปักAu-Star ไซส์ 9-12เดือน(9-12M) EUR 80 US 9-12M CA 9-12M CN 80/48 MX 80 AUS 1",,,,taxable,,1,1,,0,0,0.2,,,,0,,120,390,สินค้าและอุปกรณ์สำหรับเด็ก,,,"https://punpunkun.com/wp-content/uploads/2021/04/C78D564B-E119-4A09-8CAF-35777DCB886E-scaled.jpeg, https://punpunkun.com/wp-content/uploads/2021/04/C5C10946-0356-42EA-B386-94C30CCC7B67-scaled.jpeg, https://punpunkun.com/wp-content/uploads/2021/04/EFBE8B79-AFBA-454B-80FB-ADE7F09C88A7-scaled.jpeg",,,,,,,,,14,,สี,สีน้ำเงิน,1,1,Size (เสื้อ),9M,1,1,อายุ,9เดือน,1,1,เพศ,ชาย,1,1,Good
5521,simple,200079,,Bear Pajamas ชุดนอนคอกลมขายาวลายปักหมี,1,0,visible,"ชุดนอน แบรนด์ Kiddiezoom สีเขียว นุ่ม\n\n&nbsp;\n\n&nbsp;\n\nใส่สบาย ลายปักหมี ไซส์ เบบี้ 6เดือน(6M)",,,,taxable,,1,1,,0,0,0.2,,,,0,,120,390,สินค้าและอุปกรณ์สำหรับเด็ก,,,"https://punpunkun.com/wp-content/uploads/2021/04/0B6BEC5A-7B80-4B96-BEA7-B6B6EEAB6634-scaled.jpeg, https://punpunkun.com/wp-content/uploads/2021/04/D78F4FB3-78C7-445B-B23E-C90301B5B75C-scaled.jpeg, https://punpunkun.com/wp-content/uploads/2021/04/5A19A46A-72D4-4E84-9D51-1A1338011A48-scaled.jpeg",,,,,,,,,39,,สี,สีเขียว,1,1,Size (เสื้อ),6M,1,1,อายุ,6เดือน,1,1,เพศ,ชาย,1,1,Good
5523,simple,200078,,Monkey Bodysuit ชุดบอดี้สูทขาสั้นลายลิง,1,0,visible,"เซตบอดี้สูท แบรนด์ Mom&amp;Bab สีขาว นุ่ม\n\n&nbsp;\n\nใส่สบาย ลายไดโนเสาร์ สุดน่ารัก ไซส์ เบบี้ 9เดือน(9M)",,,,taxable,,1,1,,0,0,0.1,,,,0,,120,390,สินค้าและอุปกรณ์สำหรับเด็ก,,,"https://punpunkun.com/wp-content/uploads/2021/04/BA624DDA-733A-49A7-AB06-F90AE7B2219C-scaled.jpeg, https://punpunkun.com/wp-content/uploads/2021/04/A1E22308-A66F-4AE0-A128-506E5F3CC74C-scaled.jpeg, https://punpunkun.com/wp-content/uploads/2021/04/CB10A53A-361E-41C5-9E22-BD3EA07B34B2-scaled.jpeg",,,,,,,,,215,,สี,"สีขาว, สีส้ม",1,1,Size (เสื้อ),9M,1,1,อายุ,9เดือน,1,1,เพศ,ชาย,1,1,Good
5525,simple,200077,,Spaceman Pajamas ชุดนอนคอกลมขายาวลายมนุษย์อวกาศ,1,0,visible,ชุดนอน แบรนด์ Mamas&amp;papas สีเหลือง นุ่ม ใส่สบาย ลายมนุษย์อวกาศ ไซส์ เบบี้ 9-12เดือน(9-12M),,,,taxable,,1,1,,0,0,0.2,,,,0,,120,390,สินค้าและอุปกรณ์สำหรับเด็ก,,,"https://punpunkun.com/wp-content/uploads/2021/04/41A7E0A1-5D28-4826-854E-12CABFF0C6DE-scaled.jpeg, https://punpunkun.com/wp-content/uploads/2021/04/792C7EFF-7876-464E-8B44-8A908235E18D-scaled.jpeg, https://punpunkun.com/wp-content/uploads/2021/04/772FC3BB-2886-4E70-9E8A-7FA10C6912D4-scaled.jpeg",,,,,,,,,275,,สี,สีเหลือง,1,1,Size (เสื้อ),9M,1,1,อายุ,9เดือน,1,1,เพศ,ชาย,1,1,Good
5527,simple,200076,,Unicorn Dresses ชุดเดรส ลายปักยูนิคอร์น,1,0,visible,ชุดเดรส แบรนด์ F&amp;F สีชมพู ปักยูนิคอร์น สุดน่ารัก ไซส์ 12เดือน (12M),,,,taxable,,1,1,,0,0,0.2,,,,0,,160,390,สินค้าและอุปกรณ์สำหรับเด็ก,,,"https://punpunkun.com/wp-content/uploads/2021/04/E9A4FCD1-74DC-4C1E-A38B-E648E39D86B9-scaled.jpeg, https://punpunkun.com/wp-content/uploads/2021/04/65DFBFFB-C961-4D18-9B2F-BD84C9C92021-scaled.jpeg, https://punpunkun.com/wp-content/uploads/2021/04/22E18D54-881F-4C48-B4E7-96BBC361D6F0-scaled.jpeg",,,,,,,,,319,,สี,สีชมพู,1,1,Size (เสื้อ),12M,1,1,อายุ,12เดือน,1,1,เพศ,หญิง,1,1,Mint
5528,simple,200075,,Car Bodysuit ชุดบอดี้สูทขาสั้น ปักลายรถ,1,0,visible,บอดี้สูทขาสั้น แบรนด์ Carter’s สีฟ้า ผลิตจากผ้าฝ้าย นุ่ม ใส่สบาย ปักลายรถ สุดน่ารัก ไซส์ เบบี้ 18เดือน(18M),,,,taxable,,1,1,,0,0,0.1,,,,0,,90,290,สินค้าและอุปกรณ์สำหรับเด็ก,,,"https://punpunkun.com/wp-content/uploads/2021/04/CD6CDE43-B51B-4D24-9139-3BA82D3C437A-scaled.jpeg, https://punpunkun.com/wp-content/uploads/2021/04/7085831C-CA9B-4CA3-AAD6-A2E0C37F71F1-scaled.jpeg, https://punpunkun.com/wp-content/uploads/2021/04/9C33A306-F4B8-4441-9DE2-DD354D52BD47-scaled.jpeg",,,,,,,,,90,,สี,สีฟ้า,1,1,Size (เสื้อ),18M,1,1,อายุ,18เดือน,1,1,เพศ,ชาย,1,1,Good
5531,simple,200074,,Bear Pajamas ชุดนอนคอกลมขายาวลายหมี,1,0,visible,"ชุดนอน แบรนด์ H&amp;M สีเทา นุ่ม ใส่สบาย\n\n&nbsp;\n\nลายหมี สุดน่ารัก ไซส์ เบบี้ 9-12เดือน(9-12M) EUR 80 US 9-12M CA 9-12M CN 80/48 MX 80 AUS 1",,,,taxable,,1,1,,0,0,0.2,,,,0,,120,390,สินค้าและอุปกรณ์สำหรับเด็ก,,,"https://punpunkun.com/wp-content/uploads/2021/04/75913421-7D34-49DD-94AE-02D271153F83-scaled.jpeg, https://punpunkun.com/wp-content/uploads/2021/04/AF9EB4CE-E699-4D71-982A-B55D2B4E83D9-scaled.jpeg, https://punpunkun.com/wp-content/uploads/2021/04/19824EF6-2AEB-4C94-96FC-3F6E9ED32692-scaled.jpeg",,,,,,,,,40,,สี,สีเทา,1,1,Size (เสื้อ),9M,1,1,อายุ,9เดือน,1,1,เพศ,ชาย,1,1,Good
5533,simple,200073,,Shirt เสื้อยืด ระบายชาย,1,0,visible,"เสื้อยืด แบรนด์ Zara ระบายชาย แสนหวาน\n\n&nbsp;\n\nไซส์ 12-18เดือน (12-18M)",,,,taxable,,1,1,,0,0,0.1,,,,0,,120,390,สินค้าและอุปกรณ์สำหรับเด็ก,,,"https://punpunkun.com/wp-content/uploads/2021/04/74EA6497-DAEF-491E-9098-F6B3A8DC150B-scaled.jpeg, https://punpunkun.com/wp-content/uploads/2021/04/25783D36-3A15-48D1-9126-5ACEAA711454-scaled.jpeg",,,,,,,,,272,,สี,สีชมพู,1,1,Size (เสื้อ),12M,1,1,อายุ,12เดือน,1,1,เพศ,หญิง,1,1,Good
5536,simple,200072,,G Sleep &amp; Play ชุดนอนลายปัก G,1,0,visible,"ชุดนอน แบรนด์ Baby Gap สีกรม ลายปัก G\n\n&nbsp;\n\n&nbsp;\n\nสุดเทห์ ไซส์ เบบี้ 12-18เดือน(12-18M)",,,,taxable,,1,1,,0,0,0.2,,,,0,,120,390,สินค้าและอุปกรณ์สำหรับเด็ก,,,"https://punpunkun.com/wp-content/uploads/2021/04/AD5DCCE4-5AEF-411C-A361-5539E6ED93A6-scaled.jpeg, https://punpunkun.com/wp-content/uploads/2021/04/FB14E3B9-9BB8-4AC6-93CA-821B8A723103-scaled.jpeg, https://punpunkun.com/wp-content/uploads/2021/04/4005550A-609B-47D2-B02D-A03B351E169B-scaled.jpeg",,,,,,,,,160,,สี,สีกรม,1,1,Size (เสื้อ),12M,1,1,อายุ,12เดือน,1,1,เพศ,ชาย,1,1,Good
5537,simple,200071,,Tiger Shirt เสื้อยืด ลายเสือ,1,0,visible,"เสื้อยืด แบรนด์ F&amp;F ลายเสือ แสนเทห์\n\n&nbsp;\n\nไซส์ 12-18เดือน (12-18M)",,,,taxable,,1,1,,0,0,0.1,,,,0,,120,390,สินค้าและอุปกรณ์สำหรับเด็ก,,,"https://punpunkun.com/wp-content/uploads/2021/04/FCD17963-E9E0-4CD3-BAB6-DE03950A5EF5-scaled.jpeg, https://punpunkun.com/wp-content/uploads/2021/04/4ED95051-B2AB-4DD8-8DE2-887DF7A08B1B-scaled.jpeg",,,,,,,,,313,,สี,สีแดง,1,1,Size (เสื้อ),12M,1,1,อายุ,12เดือน,1,1,เพศ,ชาย,1,1,Good
5541,simple,200070,,Flowers Bodysuit ชุดบอดี้สูทขาสั้นลายดอกไม้,1,0,visible,เซตบอดี้สูทขาสั้นแขนกุด แบรนด์ Carter’s สีเขียว ผลิตจากผ้าฝ้าย นุ่ม ใส่สบาย ลายดอกไม้ สุดน่ารัก ไซส์ เบบี้ 12เดือน(12M),,,,taxable,,1,1,,0,0,0.1,,,,0,,120,390,สินค้าและอุปกรณ์สำหรับเด็ก,,,"https://punpunkun.com/wp-content/uploads/2021/04/FD40C127-9C61-4296-88CE-57C12A5C3386-scaled.jpeg, https://punpunkun.com/wp-content/uploads/2021/04/A6DBECE7-47CF-49C4-A1E5-3E9F6D1ADD62-scaled.jpeg, https://punpunkun.com/wp-content/uploads/2021/04/21744310-6AFF-46F8-A9A5-63274F10187D-scaled.jpeg",,,,,,,,,158,,สี,สีเขียว,1,1,Size (เสื้อ),12M,1,1,อายุ,12เดือน,1,1,เพศ,หญิง,1,1,Good
5543,simple,200069,,All star Bodysuit ชุดบอดี้สูทขาสั้นลายปักAll star,1,0,visible,เซตบอดี้สูทขาสั้น แบรนด์ Mom&amp;Bab สีส้ม น้ำเงิน ผลิตจากผ้าฝ้าย นุ่ม ใส่สบาย ลายปักAll star สุดน่ารัก ไซส์ เบบี้ 9เดือน(9M),,,,taxable,,1,1,,0,0,0.1,,,,0,,120,390,สินค้าและอุปกรณ์สำหรับเด็ก,,,"https://punpunkun.com/wp-content/uploads/2021/04/AF73B103-51A5-4CB8-B686-E6CC0C820A29-scaled.jpeg, https://punpunkun.com/wp-content/uploads/2021/04/C35B22E9-6D2F-4B2C-9791-F86837598521-scaled.jpeg, https://punpunkun.com/wp-content/uploads/2021/04/A6A6F90E-20E6-4CCC-BE8A-D19CF320BA56-scaled.jpeg",,,,,,,,,12,,สี,สีส้ม,1,1,Size (เสื้อ),9M,1,1,อายุ,9เดือน,1,1,เพศ,"ชาย, หญิง",1,1,Good
5545,simple,200068,,Military pattern Pants กางเกงขายาว ลายทหาร,1,0,visible,กางเกงขายาว แบรนด์ F&amp;F สีกรม ลายทหาร สุดเทห์ ไซส์ เบบี้ 12-18เดือน(12-18M),,,,taxable,,1,1,,0,0,0.1,,,,0,,120,390,สินค้าและอุปกรณ์สำหรับเด็ก,,,"https://punpunkun.com/wp-content/uploads/2021/04/170C5476-C858-4520-9263-C454DB3818A6-scaled.jpeg, https://punpunkun.com/wp-content/uploads/2021/04/10A0DF27-D0EF-4C5F-BF60-1FE2F400D3CD-scaled.jpeg, https://punpunkun.com/wp-content/uploads/2021/04/208FA4D6-8A72-427E-8648-4E43A46811A8-scaled.jpeg",,,,,,,,,208,,สี,สีกรม,1,1,Size (กางเกง),12M,1,1,อายุ,12เดือน,1,1,เพศ,ชาย,1,1,Good
5550,simple,200067,,Bodysuit ขาวยาวลายขวาง,1,0,visible,"ชุดบอดี้สูทขายาว นุ่ม ใส่สบาย\n\n&nbsp;\n\n&nbsp;\n\nสีขาว ลายขวาง ไซส์ เบบี้ 6-9เดือน(6-9M)",,,,taxable,,1,1,,0,0,0.2,,,,0,,120,390,สินค้าและอุปกรณ์สำหรับเด็ก,,,"https://punpunkun.com/wp-content/uploads/2021/04/8690DA04-A131-4C58-988F-47E252829872-scaled.jpeg, https://punpunkun.com/wp-content/uploads/2021/04/F5D7CFC9-DB05-4094-ABB7-9229998D5B2C-scaled.jpeg, https://punpunkun.com/wp-content/uploads/2021/04/D213CA7C-D671-484B-8C13-3DCC999DF0DE-scaled.jpeg",,,,,,,,,56,,สี,สีขาว,1,1,Size (เสื้อ),6M,1,1,อายุ,6เดือน,1,1,เพศ,ชาย,1,1,Good
5555,simple,200066,,Bumkins baby mickey mouse ผ้ากันเปื้อนเด็กลายมิกกี้เมาส์,1,0,visible,ผ้ากันเปื้อนเด็ก สีดำ ลายมิกกี้เมาส์ ไซส์ 1เดือน(1M),,,,taxable,,1,1,,0,0,0.1,,,,0,,45,150,สินค้าและอุปกรณ์สำหรับเด็ก,,,"https://punpunkun.com/wp-content/uploads/2021/04/3381F9F6-1D9C-43EB-A268-1EA396532EAD-scaled.jpeg, https://punpunkun.com/wp-content/uploads/2021/04/E9771FF0-B0DA-4A0C-A158-EFD10D36B3E7-scaled.jpeg, https://punpunkun.com/wp-content/uploads/2021/04/FA548B88-52A0-4334-8C61-F3A3EB122A5B-scaled.jpeg",,,,,,,,,77,,สี,สีดำ,1,1,อายุ,1เดือน,1,1,เพศ,ชาย,1,1,,,,,Good
5575,simple,200065,,Bodysuit Love Bandit ชุดบอดี้สูทขาสั้น,1,0,visible,ชุดบอดี้สูทขาสั้น สีเทา แขนยาว ลายLove Bandit ไซส์ 12-18เดือน(12-18m),,,,taxable,,1,1,,0,0,0.1,,,,0,,120,390,สินค้าและอุปกรณ์สำหรับเด็ก,,,"https://punpunkun.com/wp-content/uploads/2021/04/3F474ABB-1F80-4CF8-AD2C-9B3E1D3BFAEF-scaled.jpeg, https://punpunkun.com/wp-content/uploads/2021/04/FEAA9094-5060-4733-95D3-D425BF8E4A78-scaled.jpeg, https://punpunkun.com/wp-content/uploads/2021/04/72488E24-B356-4901-B3E1-0061B8ADF973-scaled.jpeg",,,,,,,,,55,,สี,สีเทา,1,1,Size (เสื้อ),12M,1,1,อายุ,12เดือน,1,1,เพศ,ชาย,1,1,Good
5588,simple,200064,,Star pattern pants set เซตกางเกงขายาว รูปดาว,1,0,visible,"เซตกางเกงขายาว 2 ชิ้น สีชมพู รูปดาว\n\n&nbsp;\n\nไซส์ 1-2ปี (1-2Y)",,,,taxable,,1,1,,0,0,0.2,,,,0,,120,390,สินค้าและอุปกรณ์สำหรับเด็ก,,,"https://punpunkun.com/wp-content/uploads/2021/04/1DDC6102-DC33-49C9-A257-2E3CE17AB0C9-scaled.jpeg, https://punpunkun.com/wp-content/uploads/2021/04/FEDAF538-C422-4317-BA6B-C7CE47188D77-scaled.jpeg, https://punpunkun.com/wp-content/uploads/2021/04/7D683A9C-90FA-49D8-9293-55B8A3392FE1-scaled.jpeg",,,,,,,,,280,,สี,สีชมพู,1,1,Size (กางเกง),1Y,1,1,อายุ,1ปี,1,1,เพศ,หญิง,1,1,Good
5593,simple,200063,,Monkey Bodysuit ชุดบอดี้สูทขาสั้น ลายลิง,1,0,visible,ชุดบอดี้สูท ลายลิง สีส้ม ไซส์ 9เดือน(9M),,,,taxable,,1,1,,0,0,0.1,,,,0,,120,390,สินค้าและอุปกรณ์สำหรับเด็ก,,,"https://punpunkun.com/wp-content/uploads/2021/04/AE9ACF32-4DF2-445E-81E1-EC1404B56312-scaled.jpeg, https://punpunkun.com/wp-content/uploads/2021/04/6A33C13A-2BAB-4D1F-A052-F218A99F1345-scaled.jpeg, https://punpunkun.com/wp-content/uploads/2021/04/D4CEB13A-260C-4FBD-A394-47D49F956E53-scaled.jpeg",,,,,,,,,214,,สี,สีส้ม,1,1,Size (เสื้อ),9M,1,1,อายุ,9เดือน,1,1,เพศ,ชาย,1,1,Good
5639,simple,200062,,Bumkins baby set เซตผ้ากันเปื้อนเด็ก,1,0,visible,เซตผ้ากันเปื้อนเด็ก สีขาว ไซส์,,,,taxable,,1,1,,0,0,0.1,,,,0,,75,250,สินค้าและอุปกรณ์สำหรับเด็ก,,,"https://punpunkun.com/wp-content/uploads/2021/04/69941DB2-0ECB-432E-ABF2-BC7E1F4BC476-scaled.jpeg, https://punpunkun.com/wp-content/uploads/2021/04/D7ED5E45-477B-4FF7-94AF-04C2CBDC0F0C-scaled.jpeg, https://punpunkun.com/wp-content/uploads/2021/04/B3DB75AA-3864-4A23-8B63-2C68BBEABECB-scaled.jpeg",,,,,,,,,79,,สี,สีขาว,1,1,อายุ,0เดือน,1,1,เพศ,"ชาย, หญิง",1,1,,,,,Good
5641,simple,200061,,Pants set เชตกางเกงขาวยาว,1,0,visible,เชตกางเกงขาวยาว สีเทา 12-18เดือน(12-18M),,,,taxable,,1,1,,0,0,0.2,,,,0,,90,290,สินค้าและอุปกรณ์สำหรับเด็ก,,,"https://punpunkun.com/wp-content/uploads/2021/04/0AA2319A-0F5F-471B-866A-8E5DF3A50E53-scaled.jpeg, https://punpunkun.com/wp-content/uploads/2021/04/9F7C7153-8AE9-45EA-81ED-2578168DBEAE-scaled.jpeg, https://punpunkun.com/wp-content/uploads/2021/04/481B3F63-4FB5-484E-A7A6-7CEDE51CBC9C-scaled.jpeg",,,,,,,,,226,,สี,สีเทา,1,1,Size (กางเกง),12M,1,1,อายุ,12เดือน,1,1,เพศ,ชาย,1,1,Good
5643,simple,200060,,Bumkins baby rabbit set เซตผ้ากันเปื้อนเด็ก ลายกระต่าย,1,0,visible,"เซตผ้ากันเปื้อนสำหรับเด็ก\n\n&nbsp;\n\n&nbsp;\n\nสี ชมพู,ฟ้า ลายกระต่ายสุดน่ารัก",,,,taxable,,1,1,,0,0,0.1,,,,0,,60,150,สินค้าและอุปกรณ์สำหรับเด็ก,,,"https://punpunkun.com/wp-content/uploads/2021/04/976E104B-E37F-4C9C-8DD1-8094E01A6509-scaled.jpeg, https://punpunkun.com/wp-content/uploads/2021/04/BE5944D6-2361-44D4-84B8-9C09978D6F30-scaled.jpeg, https://punpunkun.com/wp-content/uploads/2021/04/C712235B-FED8-42AF-A092-ECF5393A2E20-scaled.jpeg",,,,,,,,,78,,สี,"สีชมพู, สีฟ้า",1,1,อายุ,0เดือน,1,1,เพศ,"ชาย, หญิง",1,1,,,,,Good
5648,simple,200059,,Bumkins baby set เซตผ้ากันเปื้อนเด็ก,1,0,visible,"เชตผ้ากันเปื้อนสำหรับเด็ก\n\n&nbsp;\n\n&nbsp;\n\nสี น้ำเงิน,เทา,ชมพู",,,,taxable,,1,1,,0,0,0.1,,,,0,,75,250,สินค้าและอุปกรณ์สำหรับเด็ก,,,"https://punpunkun.com/wp-content/uploads/2021/04/9A936290-4FE3-44B4-A805-91DE77FBF36E-scaled.jpeg, https://punpunkun.com/wp-content/uploads/2021/04/85BDEB0D-1235-431B-A7B6-131AAED48179-scaled.jpeg, https://punpunkun.com/wp-content/uploads/2021/04/EC9A9F7F-19F6-456D-848F-4A0568D8D0BE-scaled.jpeg",,,,,,,,,80,,สี,"สีชมพู, สีน้ำเงิน, สีเทา",1,1,อายุ,0เดือน,1,1,เพศ,"ชาย, หญิง",1,1,,,,,Good
5650,simple,200058,,Bumkins baby deer set เซตผ้ากันเปื้อนเด็ก ลายกวาง,1,0,visible,"เซตผ้ากันเปื้อนสำหรับเด็ก ลายกวาง\n\n&nbsp;\n\nสี ขาว,ครีม",,,,taxable,,0,0,,0,0,0.1,,,,1,,60,150,เสื้อผ้าและเครื่องประดับ,,,"https://punpunkun.com/wp-content/uploads/2021/04/4379E62F-4B4B-43A8-BE45-C55C373C0CA1-scaled.jpeg, https://punpunkun.com/wp-content/uploads/2021/04/6693C5BE-951D-40D1-BCE9-ADD049599668-scaled.jpeg, https://punpunkun.com/wp-content/uploads/2021/04/9B30862A-EC2F-43E2-8E78-7A0AF5A1EC55-scaled.jpeg",,,,,,,,,73,,สี,"สีขาว, สีครีม",1,1,อายุ,0เดือน,1,1,เพศ,หญิง,1,1,,,,,Good
5652,simple,200057,,Bumkins baby bear set เซตผ้ากันเปื้อนเด็ก ลายหมี,1,0,visible,เซตผ้ากันเปื้อนเด็ก ลายหมี สีฟ้า,,,,taxable,,1,3,,0,0,0.1,,,,0,,60,150,สินค้าและอุปกรณ์สำหรับเด็ก,,,"https://punpunkun.com/wp-content/uploads/2021/04/61E6D2DB-B463-4EF1-B211-FB11079CEAA7-scaled.jpeg, https://punpunkun.com/wp-content/uploads/2021/04/9C98BA5C-5F2D-4D36-A318-C075A96DB1CA-scaled.jpeg, https://punpunkun.com/wp-content/uploads/2021/04/158C3F59-24B0-44A9-BE54-AF1A2E111152-scaled.jpeg",,,,,,,,,71,,สี,สีฟ้า,1,1,อายุ,0เดือน,1,1,เพศ,ชาย,1,1,,,,,Good
5656,simple,200056,,Bumkins baby bear set เซตผ้ากันเปื้อนเด็ก ลายหมี,1,0,visible,เซตผ้ากันเปื้อนเด็ก ลายหมี สีชมพู,,,,taxable,,1,,,0,0,0.1,,,,0,,60,150,สินค้าและอุปกรณ์สำหรับเด็ก,,,"https://punpunkun.com/wp-content/uploads/2021/04/6B446FD2-20F3-4D5E-9582-717BBD4A3C8F-scaled.jpeg, https://punpunkun.com/wp-content/uploads/2021/04/28DB1781-3A30-4C0D-BC2C-173EEFCD76EB-scaled.jpeg, https://punpunkun.com/wp-content/uploads/2021/04/0ABA51AB-48A4-4F83-AF56-032A46F78C5E-scaled.jpeg",,,,,,,,,72,,สี,สีชมพู,1,1,อายุ,0เดือน,1,1,เพศ,หญิง,1,1,,,,,Good
5662,simple,200055,,Baby hat buck หมวกเด็ก ลายเป็ด,1,0,visible,หมวกเด็ก ลายเป็ด สีครีม,,,,taxable,,1,1,,0,0,0.1,,,,0,,60,150,สินค้าและอุปกรณ์สำหรับเด็ก,,,"https://punpunkun.com/wp-content/uploads/2021/04/A1FC2EE5-5BEE-4E65-AE71-9145EFC37283-scaled.jpeg, https://punpunkun.com/wp-content/uploads/2021/04/214459D5-79D4-49C0-BE75-FFEEDB0F2CC8-scaled.jpeg, https://punpunkun.com/wp-content/uploads/2021/04/8DF3F8A6-63AE-47AF-8D3D-EFEB74B0559B-scaled.jpeg",,,,,,,,,30,,สี,สีครีม,1,1,อายุ,0เดือน,1,1,เพศ,ชาย,1,1,,,,,Good
5664,simple,200054,,Baby hat car หมวกเด็ก ลายรถ,1,0,visible,หมวกเด็ก ลายรถ สีกรม,,,,taxable,,1,1,,0,0,0.1,,,,0,,60,150,สินค้าและอุปกรณ์สำหรับเด็ก,,,"https://punpunkun.com/wp-content/uploads/2021/04/3C5BD06A-6B3C-468E-AF17-678F7581EB3C-scaled.jpeg, https://punpunkun.com/wp-content/uploads/2021/04/EB637AAC-54BB-441A-BAE8-10BB63A221B3-scaled.jpeg, https://punpunkun.com/wp-content/uploads/2021/04/028A43C5-75B0-4536-9E8B-13F6BE4693C0-scaled.jpeg",,,,,,,,,31,,สี,สีกรม,1,1,อายุ,0เดือน,1,1,เพศ,ชาย,1,1,,,,,Good
5666,simple,200053,,Baby hat duck หมวกเด็ก ลายเป็ด,1,0,visible,หมวกเด็ก ลายเป็ด สีชมพู,,,,taxable,,0,0,,0,0,0.1,,,,1,,60,150,เสื้อผ้าและเครื่องประดับ,,,"https://punpunkun.com/wp-content/uploads/2021/04/68F5072D-7E11-4511-9C9B-F6AB59F1ADCF-scaled.jpeg, https://punpunkun.com/wp-content/uploads/2021/04/474F8C59-DF0B-4BF8-8C1D-1DF721CBEC6C-scaled.jpeg, https://punpunkun.com/wp-content/uploads/2021/04/685FF644-2FE3-4D69-9043-398156F04F3D-scaled.jpeg",,,,,,,,,32,,สี,สีชมพู,1,1,อายุ,0เดือน,1,1,เพศ,หญิง,1,1,,,,,Good
5669,simple,200052,,Baby hat buck set เซตหมวกเด็ก,1,0,visible,เซตหมวกเด็ก สีขาว,,,,taxable,,1,1,,0,0,0.1,,,,0,,75,250,สินค้าและอุปกรณ์สำหรับเด็ก,,,"https://punpunkun.com/wp-content/uploads/2021/04/C52B99CB-8B68-4B82-8237-1D10FD83063B-scaled.jpeg, https://punpunkun.com/wp-content/uploads/2021/04/94131CA4-FE98-46AB-8A75-82D4A47C89B8-scaled.jpeg, https://punpunkun.com/wp-content/uploads/2021/04/C566C475-0B87-4E37-B56C-1685A8BA8FF6-scaled.jpeg",,,,,,,,,29,,สี,สีขาว,1,1,อายุ,0เดือน,1,1,เพศ,หญิง,1,1,,,,,Good
5671,simple,200051,,Baby hat หมวกเด็ก,1,0,visible,หมวกเด็ก สีชมพู,,,,taxable,,1,1,,0,0,0.1,,,,0,,75,250,สินค้าและอุปกรณ์สำหรับเด็ก,,,"https://punpunkun.com/wp-content/uploads/2021/04/F5A49F62-F4AB-4CDB-A445-2BD738F51F98-scaled.jpeg, https://punpunkun.com/wp-content/uploads/2021/04/92DAFE3A-85CE-4F9B-BBAD-690A22F26864-scaled.jpeg, https://punpunkun.com/wp-content/uploads/2021/04/56C8EBBF-822D-4886-BCC4-CC0DD8C9822B-scaled.jpeg",,,,,,,,,33,,สี,สีชมพู,1,1,อายุ,0เดือน,1,1,เพศ,หญิง,1,1,,,,,Good
5680,simple,200050,,Pants กางเกงขายาว,1,0,visible,กางเกงขายาว สีชมพู ไซส์ 3ปี(3Y),,,,taxable,,1,1,,0,0,0.1,,,,0,,90,290,สินค้าและอุปกรณ์สำหรับเด็ก,,,"https://punpunkun.com/wp-content/uploads/2021/04/2C098C98-76BC-4541-8402-6F6D1B9165EB-scaled.jpeg, https://punpunkun.com/wp-content/uploads/2021/04/7D8BEF4B-4B53-4846-9668-9EB4BFA682B9-scaled.jpeg, https://punpunkun.com/wp-content/uploads/2021/04/DB77B047-79E1-4BFB-826D-E17F52CBDD56-scaled.jpeg",,,,,,,,,228,,สี,สีชมพู,1,1,เพศ,หญิง,1,1,อายุ,3ปี,1,1,Size (กางเกง),3Y,1,1,Good
5682,simple,200049,,Car pants กางเกงขาวยาว ลายรถ,1,0,visible,กางเกงขาวยาว ลายรถ ไซส์70,,,,taxable,,1,1,,0,0,0.1,,,,0,,90,290,สินค้าและอุปกรณ์สำหรับเด็ก,,,"https://punpunkun.com/wp-content/uploads/2021/04/07748CDA-79D0-4A3F-BFF7-12D5796A1D91-scaled.jpeg, https://punpunkun.com/wp-content/uploads/2021/04/294A29CD-F67E-4EF2-842D-40167E245352-scaled.jpeg, https://punpunkun.com/wp-content/uploads/2021/04/974C1B0D-1EBD-4D41-A164-D2D47A625EA1-scaled.jpeg",,,,,,,,,93,,สี,สีชมพู,1,1,เพศ,หญิง,1,1,,,,,,,,,Good
5684,simple,200048,,Pants กางเกงขาวยาว,1,0,visible,กางเกงขายาว สีเหลือง ไซส์24เดือน(24M),,,,taxable,,1,1,,0,0,0.1,,,,0,,90,290,สินค้าและอุปกรณ์สำหรับเด็ก,,,"https://punpunkun.com/wp-content/uploads/2021/04/64405E04-5510-4063-A61F-AF2849F5F286-scaled.jpeg, https://punpunkun.com/wp-content/uploads/2021/04/807DBE21-0D76-47AA-B3CE-2EA4AE065C9E-scaled.jpeg, https://punpunkun.com/wp-content/uploads/2021/04/557F81DA-FD01-4A91-955F-351B8F05838C-scaled.jpeg",,,,,,,,,229,,สี,สีเหลือง,1,1,Size (กางเกง),24M,1,1,อายุ,24เดือน,1,1,เพศ,"ชาย, หญิง",1,1,Good
5686,simple,200047,,Bumkins bear ผ้ากันเปื้อนเด็ก ลายหมี,1,0,visible,ผ้ากันเปื้อนเด็ก ลายหมี สีขาว,,,,taxable,,1,1,,0,0,0.1,,,,0,,75,250,สินค้าและอุปกรณ์สำหรับเด็ก,,,"https://punpunkun.com/wp-content/uploads/2021/04/2F97A487-8C29-4AB6-B47A-C530534A649D-scaled.jpeg, https://punpunkun.com/wp-content/uploads/2021/04/AEAE1BC8-BB1E-4FCA-B222-C6C4131E2638-scaled.jpeg, https://punpunkun.com/wp-content/uploads/2021/04/31434480-7731-4EB5-9535-63627A07EB0F-scaled.jpeg",,,,,,,,,83,,สี,สีขาว,1,1,เพศ,หญิง,1,1,,,,,,,,,Good
5688,simple,200046,,Bumkins baby duck ผ้ากันเปื้อนเด็ก ลายเป็ด,1,0,visible,ผ้ากันเปื้อนเด็ก ลายเป็ด สีขาว,,,,taxable,,1,1,,0,0,0.1,,,,0,,75,250,สินค้าและอุปกรณ์สำหรับเด็ก,,,"https://punpunkun.com/wp-content/uploads/2021/04/06B5CD45-E809-45D5-B5CE-0B44BE34F57E-scaled.jpeg, https://punpunkun.com/wp-content/uploads/2021/04/79E7457F-B330-4E2D-8703-DE48E21F4F96-scaled.jpeg, https://punpunkun.com/wp-content/uploads/2021/04/992CDA10-D427-492E-B252-719580DA6A3F-scaled.jpeg",,,,,,,,,75,,สี,สีขาว,1,1,เพศ,ชาย,1,1,,,,,,,,,Good
5690,simple,200045,,Bumkins baby mickey mouse ผ้ากันเปื้อนเด็ก ลายมิกกี้เมาส์,1,0,visible,ผ้ากันเปื้อนเด็ก ลายมิกกี้เมาส์ สีขาว,,,,taxable,,1,1,,0,0,0.1,,,,0,,75,250,สินค้าและอุปกรณ์สำหรับเด็ก,,,"https://punpunkun.com/wp-content/uploads/2021/04/BA2982B0-BAA9-497B-B12B-2F0D14A68508-scaled.jpeg, https://punpunkun.com/wp-content/uploads/2021/04/DD5F618F-CACD-4901-B328-D0B60315EC7E-scaled.jpeg",,,,,,,,,76,,สี,สีขาว,1,1,เพศ,หญิง,1,1,,,,,,,,,Good
5692,simple,200044,,Bodysuit ชุดบอดี้สูทขาสั้น,1,0,visible,ชุดบอดี้สูทขาสั้น สีเทา ไซส์ 12-18เดือน(12-18M),,,,taxable,,1,1,,0,0,0.2,,,,0,,120,390,สินค้าและอุปกรณ์สำหรับเด็ก,,,"https://punpunkun.com/wp-content/uploads/2021/04/9EBF8647-2CC1-4C55-9B34-9BE1C973ED16-scaled.jpeg, https://punpunkun.com/wp-content/uploads/2021/04/31C49178-9E65-4405-B9F6-F336C2E69677-scaled.jpeg, https://punpunkun.com/wp-content/uploads/2021/04/E0F60237-8CFE-4425-9E53-0AF9AB14BD6A-scaled.jpeg",,,,,,,,,57,,สี,สีเทา,1,1,Size (เสื้อ),12M,1,1,อายุ,12เดือน,1,1,เพศ,ชาย,1,1,Good
5694,simple,200043,,Boat pants กางเกงขาวยาว ลายเรือ,1,0,visible,"กางเกงขายาว ลายเรือ สีดำ\n\n&nbsp;\n\nไซส์ 12-18เดือน(12-18M)",,,,taxable,,1,1,,0,0,0.2,,,,0,,120,390,สินค้าและอุปกรณ์สำหรับเด็ก,,,"https://punpunkun.com/wp-content/uploads/2021/04/EB8BDA5F-C215-43FB-A30E-3D3ACEEB5293-scaled.jpeg, https://punpunkun.com/wp-content/uploads/2021/04/5DFFB4F8-9268-4BA1-A4C7-1558382B2835-scaled.jpeg, https://punpunkun.com/wp-content/uploads/2021/04/D46F4D9E-5172-4858-B893-917BFCD1CB8E-scaled.jpeg",,,,,,,,,54,,สี,สีดำ,1,1,Size (กางเกง),12M,1,1,อายุ,12เดือน,1,1,เพศ,ชาย,1,1,Good
5697,simple,200042,,Pants กางเกงขาวยาว,1,0,visible,กางเกงขายาว ลายจุด สีฟ้า  24เดือน(24M),,,,taxable,,1,1,,0,0,0.1,,,,0,,120,390,สินค้าและอุปกรณ์สำหรับเด็ก,,,"https://punpunkun.com/wp-content/uploads/2021/04/36D2ACE3-BCE9-49E9-982E-9AC43C5E7D61-scaled.jpeg, https://punpunkun.com/wp-content/uploads/2021/04/74EC5D80-9B36-42B1-B576-02B648CC8EE7-scaled.jpeg, https://punpunkun.com/wp-content/uploads/2021/04/438BD630-C231-45B6-8872-8DA469CD16DA-scaled.jpeg",,,,,,,,,230,,สี,สีฟ้า,1,1,Size (กางเกง),24M,1,1,อายุ,24เดือน,1,1,เพศ,หญิง,1,1,Good
5699,simple,200041,,Wrench pants กางเกงขาวยาว ลายประแจ,1,0,visible,"กางเกงขาวยาว ลายประแจ สีน้ำตาล\n\n&nbsp;\n\nไซส์ 12-18เดือน(12-18M)",,,,taxable,,0,0,,0,0,0.1,,,,0,,75,250,สินค้าและอุปกรณ์สำหรับเด็ก,,,"https://punpunkun.com/wp-content/uploads/2021/04/AD72BCD4-A27F-4CF1-817B-C30BB8A05808-scaled.jpeg, https://punpunkun.com/wp-content/uploads/2021/04/FE5CD481-9277-4F40-8092-4B3A78E8FCAF-scaled.jpeg, https://punpunkun.com/wp-content/uploads/2021/04/4F133D4D-6D6A-4A2C-ACD4-9B7BD090DC97-scaled.jpeg",,,,,,,,,324,,สี,สีน้ำตาล,1,1,Size (กางเกง),12M,1,1,อายุ,12เดือน,1,1,เพศ,ชาย,1,1,Good
5701,simple,200040,,Rabbit pants กางเกงขาวยาว ลายกระต่าย,1,0,visible,"กางเกงขาวยาว ลายกระต่าย สีขาว\n\n&nbsp;\n\n&nbsp;\n\nไซส์2ปี(2Y)",,,,taxable,,1,1,,0,0,0.1,,,,0,,75,250,สินค้าและอุปกรณ์สำหรับเด็ก,,,"https://punpunkun.com/wp-content/uploads/2021/04/243C0C82-12CC-4693-8E68-952BEC983D98-scaled.jpeg, https://punpunkun.com/wp-content/uploads/2021/04/72FDC118-49AE-4FAE-B0A8-C7C6A00BF814-scaled.jpeg, https://punpunkun.com/wp-content/uploads/2021/04/D1D86790-EF64-4747-9E56-09F9A120A7E7-scaled.jpeg",,,,,,,,,246,,สี,สีขาว,1,1,Size (กางเกง),2Y,1,1,อายุ,2ปี,1,1,เพศ,หญิง,1,1,Good
5703,simple,200039,,Forg pants กางเกงขาวยาว ลายกบ,1,0,visible,กางเกงขาวยาว ลายกบ สีเหลือง9เดือน(9M),,,,taxable,,1,1,,0,0,0.1,,,,0,,75,250,สินค้าและอุปกรณ์สำหรับเด็ก,,,"https://punpunkun.com/wp-content/uploads/2021/04/4A83CFB6-07D1-4EED-9A3E-41744D4A2888-scaled.jpeg, https://punpunkun.com/wp-content/uploads/2021/04/99D46E5B-79D6-40ED-8E5D-E1E1BE7A7A5E-scaled.jpeg, https://punpunkun.com/wp-content/uploads/2021/04/F0C30474-4E62-4180-8545-BDCA5158C25B-scaled.jpeg",,,,,,,,,159,,สี,สีเหลือง,1,1,Size (กางเกง),9M,1,1,อายุ,9เดือน,1,1,เพศ,ชาย,1,1,Good
5705,simple,200038,,Pants set เซตกางเกงขาวยาว,1,0,visible,เซตกางเกงขาวยาว สีกรม ไซส์ 9-12เดือน(9-12M),,,,taxable,,1,1,,0,0,0.2,,,,0,,120,390,สินค้าและอุปกรณ์สำหรับเด็ก,,,"https://punpunkun.com/wp-content/uploads/2021/04/9E886FC8-3972-4E5D-A2C6-D1D9CF37193A-scaled.jpeg, https://punpunkun.com/wp-content/uploads/2021/04/881A4A96-2E5A-4911-9503-BD0D58F00C5E-scaled.jpeg, https://punpunkun.com/wp-content/uploads/2021/04/0BC3A0BA-51AE-43DF-AEF1-E50510B40C5B-scaled.jpeg",,,,,,,,,227,,สี,สีกรม,1,1,Size (กางเกง),9M,1,1,อายุ,9เดือน,1,1,เพศ,ชาย,1,1,Good
5707,simple,200037,,Pants กางเกงขาสั้น,1,0,visible,กางเกงขาสั้น สีกรม ไซส์ 12-18เดือน(12-18M),,,,taxable,,1,1,,0,0,0.2,,,,0,,90,290,สินค้าและอุปกรณ์สำหรับเด็ก,,,"https://punpunkun.com/wp-content/uploads/2021/04/9049F62D-547E-43C2-9392-66187EAB4B77-scaled.jpeg, https://punpunkun.com/wp-content/uploads/2021/04/6ADCC0AD-73EE-4E69-A6FA-9983F1D6B6A5-scaled.jpeg, https://punpunkun.com/wp-content/uploads/2021/04/E7D7C2FE-6620-4531-AEFD-173A1F327CC7-scaled.jpeg",,,,,,,,,232,,สี,สีกรม,1,1,Size (กางเกง),12M,1,1,อายุ,12เดือน,1,1,เพศ,ชาย,1,1,Good
5709,simple,200036,,Bumkins baby set เซตผ้ากันเปื้อนเด็ก ลายสัตว์,1,0,visible,เซตผ้ากันเปื้อนเด็ก ลายสัตว์ สีขาว,,,,taxable,,1,1,,0,0,0.1,,,,0,,75,250,สินค้าและอุปกรณ์สำหรับเด็ก,,,"https://punpunkun.com/wp-content/uploads/2021/04/028C24D5-3E63-4C6D-9597-1A9F35CE47C8-scaled.jpeg, https://punpunkun.com/wp-content/uploads/2021/04/646102CE-965F-4AFA-84FC-A0BBBE09BF47-scaled.jpeg, https://punpunkun.com/wp-content/uploads/2021/04/4C7D8434-4B16-4216-87CE-055969ADF550-scaled.jpeg",,,,,,,,,81,,สี,สีขาว,1,1,เพศ,"ชาย, หญิง",1,1,,,,,,,,,Good
5711,simple,200035,,Bumkins baby dinosaur Set เซตผ้ากันเปื้อนเด็ก ลายไดโนเสาร์,1,0,visible,เซตผ้ากันเปื้อนเด็ก ลายไดโนเสาร์ สีเทา,,,,taxable,,1,1,,0,0,0.1,,,,0,,75,250,สินค้าและอุปกรณ์สำหรับเด็ก,,,https://punpunkun.com/wp-content/uploads/2021/04/F4BADD4C-D200-4E80-842D-EA3426D83AE4-scaled.jpeg,,,,,,,,,74,,สี,สีเทา,1,1,เพศ,ชาย,1,1,,,,,,,,,Good
5729,simple,100008,,Disney Winnie the pooh peeking pooh Nursery Crib Musicay Mobile โมบายการ์ตูนหมีพู,1,0,visible,"โมบาย แบรนด์ Disney ตัวการ์ตูนหมีพู\n\n&nbsp;\n\nมีปุ่มสำหรับเปิด-ปิด เพลงเพื่อกล่อมลูกน้อยหลับสบายยิ่งขึ้น",,,,taxable,,1,1,,0,1,0.5,,,,0,,960,1600,สินค้าและอุปกรณ์สำหรับเด็ก,,,"https://punpunkun.com/wp-content/uploads/2021/04/739B8A21-8D78-4EDC-A293-CAC3AD396EB8-scaled.jpeg, https://punpunkun.com/wp-content/uploads/2021/04/90314BCA-FFF2-4120-B60D-B3F9B8EA0A85-scaled.jpeg",,,,,,,,,129,,สี,สีเหลือง,1,1,อายุ,0เดือน,1,1,เพศ,"ชาย, หญิง",1,1,,,,,Good
5743,simple,100007,,Nuby vibe vibrating teether ปลาหมึกยางกัดสำหรับเด็ก,1,0,visible,ปลาหมึกยางกัดสำหรับเด็ก สีม่วง,,,,taxable,,1,1,,0,0,0.1,,,,0,,120,200,สินค้าและอุปกรณ์สำหรับเด็ก,,,"https://punpunkun.com/wp-content/uploads/2021/04/9A0680A5-E0EA-461D-B7B5-5FBAC7DDD726-scaled.jpeg, https://punpunkun.com/wp-content/uploads/2021/04/63AA3027-99DD-4849-A24D-6173416722AC-scaled.jpeg, https://punpunkun.com/wp-content/uploads/2021/04/2D8D62E9-F1AB-47A5-99E4-F8C64DB4C93A-scaled.jpeg",,,,,,,,,223,,สี,สีม่วง,1,1,อายุ,0เดือน,1,1,เพศ,"ชาย, หญิง",1,1,,,,,Good
5797,simple,100002,,Fisher Price Delure Sitmeup ที่นั่งพิงลิงแสนซน,1,0,visible,ที่นั่งพิงลิงแสนซน สีแดง,,,,taxable,,1,1,,0,0,0.3,,,,0,,1620,2700,สินค้าและอุปกรณ์สำหรับเด็ก,,,"https://punpunkun.com/wp-content/uploads/2021/04/DFDDBE35-C7C2-45E8-8A5A-8D9669F45F7B-scaled.jpeg, https://punpunkun.com/wp-content/uploads/2021/04/0922E362-6120-4714-9A78-CC620D1FCDFC-scaled.jpeg, https://punpunkun.com/wp-content/uploads/2021/04/E6DA05C2-10D0-49C5-B6B6-CA8D7FF814D8-scaled.jpeg, https://punpunkun.com/wp-content/uploads/2021/04/B2D5A235-B0B0-4983-B863-E2AA45EC161C-scaled.jpeg",,,,,,,,,156,,สี,สีแดง,1,1,อายุ,0เดือน,1,1,เพศ,"ชาย, หญิง",1,1,,,,,Good
5815,simple,400010,,Crayola สีเทียนเคยอล่าไร้สารพิษเซตใหญ่ 152 สี,1,0,visible,"สีเทียนเซตใหญ่สำหรับน้องๆ\n\n&nbsp;\n\nอายุ 3 ขวบขึ้นไป สีเทียนไร้สารพิษ",,,,taxable,,1,1,,0,0,1.4,,,,0,,990,1350,สินค้าและอุปกรณ์สำหรับเด็ก,,,"https://punpunkun.com/wp-content/uploads/2021/04/49C5BA60-7EB5-482E-AA07-9124DA5DD1A2-scaled.jpeg, https://punpunkun.com/wp-content/uploads/2021/04/1F7E9AF8-4DAF-4D82-9FBA-2B9C3296E5BA-scaled.jpeg, https://punpunkun.com/wp-content/uploads/2021/04/27B750C6-833C-427B-AC37-B1AFCBF0F4D6-scaled.jpeg",,,,,,,,,112,,อายุ,3ปี,1,1,เพศ,"ชาย, หญิง",1,1,,,,,,,,,New
5818,simple,200034,,Workshop table music panel โต๊ะเวิร์กชอปอเนกประสงค์,1,0,visible,"โต๊ะเวิร์กชอป แบรนด์ Huile Toys\n\n&nbsp;\n\nสำหรับเด็กอายุ2ปีขึ้นไป ขนาดทั้งหมด63x38x15 Cmขนาดแผงด้านใน 31x30x5 Cm มีเสียงเพลงใช้งานได้ปกติ ใส่ถ่ายAA 4ก้อน",,,,taxable,,1,1,,0,0,3.4,,,,0,,1050,1750,สินค้าและอุปกรณ์สำหรับเด็ก,,,"https://punpunkun.com/wp-content/uploads/2021/04/96A5BB4E-D5AD-4BAF-A4AB-F031E7C74359-scaled.jpeg, https://punpunkun.com/wp-content/uploads/2021/04/E01023C7-9DA7-4EB8-85B9-946037157819-scaled.jpeg, https://punpunkun.com/wp-content/uploads/2021/04/D0432E75-48FA-4EA6-9E0D-56D693E5EF6E-scaled.jpeg, https://punpunkun.com/wp-content/uploads/2021/04/12F04596-93E3-421B-82FB-48D8D009EBCD-scaled.jpeg, https://punpunkun.com/wp-content/uploads/2021/04/52101CD7-D782-4DD0-A1BA-1F737A63DDE8-scaled.jpeg",,,,,,,,,323,,อายุ,2ปี,1,1,สี,"สีส้ม, สีเขียว",1,1,เพศ,"ชาย, หญิง",1,1,,,,,Good
5918,simple,400009,,"Thermos Funtainer Steel Water Bottle with Straw (12 oz, Minions) กระติกน้ำสแตนเลส เก็บอุณหภูมิ ลายมินเนี่ยน",1,0,visible,"กระติกน้ำสแตนเลส เก็บอุณหภูมิ\n\n&nbsp;\n\nลายมินเนี่ยน สีฟ้า ความจุ 12 ออนซ์ (355 ml) แบบกดปุ่มฝาเปิด หลอดเด้ง หลอดซิลิโคนนิ่ม เก็บความเย็นได้ 12 ชม. แบรนด์ Thermos มาพร้อมกับอุปกรณ์ทำความสะอาด",,,,taxable,,1,1,,0,0,0.4,,,,0,,1235,1540,สินค้าและอุปกรณ์สำหรับเด็ก,,,"https://punpunkun.com/wp-content/uploads/2021/04/F5B3A824-E336-4993-A29B-63A36901ED19-scaled.jpeg, https://punpunkun.com/wp-content/uploads/2021/04/DC2DCEED-BEC6-46D9-B1AD-1AF57574F122-scaled.jpeg",,,,,,,,,312,,สี,สีฟ้า,1,1,เพศ,"ชาย, หญิง",1,1,,,,,,,,,New
5921,simple,200033,,Music fisher for baby ที่นอนออกกำลังกายสำหรับเด็กทารก,1,0,visible,ที่ออกกำลังกายสำหรับเบบี้ แบรนด์ Fisher Price มีกระจกและของเล่นให้ลูกน้อยได้เสริมพัฒนาการ,,,,taxable,,1,1,,0,0,1.6,,,,0,,900,1500,สินค้าและอุปกรณ์สำหรับเด็ก,,,"https://punpunkun.com/wp-content/uploads/2021/04/3B746A07-F59B-4A0D-A2D6-536A78B2318D-scaled.jpeg, https://punpunkun.com/wp-content/uploads/2021/04/4C540EC3-42BE-431F-95D8-1252111C6FA2-scaled.jpeg, https://punpunkun.com/wp-content/uploads/2021/04/02F4D883-595E-4B0C-BC3E-900367F42AC6-scaled.jpeg, https://punpunkun.com/wp-content/uploads/2021/04/D25A7E60-4251-4DC6-BEF6-C56F05D68F13-scaled.jpeg, https://punpunkun.com/wp-content/uploads/2021/04/583C6222-C871-4E4C-89AC-3E20A5FBC00F-scaled.jpeg, https://punpunkun.com/wp-content/uploads/2021/04/7F5211ED-DD0A-4EDD-8FDD-E2E0EE2C6A86-scaled.jpeg",,,,,,,,,218,,อายุ,0เดือน,1,1,เพศ,"ชาย, หญิง",1,1,สี,สีเขียว,1,1,,,,,Good
5925,simple,400008,,Kidzamo Elbow Protection kit Bike knee Pad ชุดป้องกันข้อศอก / เข่าสำหรับเด็ก,1,0,visible,"ชุดป้องกันข้อศอกและเข่า\n\n&nbsp;\n\nสำหรับเด็ก สีชมพู 4 ชิ้น ช่วยให้เด็ก ๆ ปลอดภัยขณะขี่รถจักยาน แบรนด์ Kidzamo",,,,taxable,,1,1,,0,0,0.2,,,,0,,1500,2500,สินค้าและอุปกรณ์สำหรับเด็ก,,,"https://punpunkun.com/wp-content/uploads/2021/04/AE960CDD-BCA6-4D3B-B369-1AC04762FD2F-scaled.jpeg, https://punpunkun.com/wp-content/uploads/2021/04/9A2AB182-BA77-475F-8427-E45555DCA56E-scaled.jpeg, https://punpunkun.com/wp-content/uploads/2021/04/B43FEB35-1FEB-485C-B8E2-963ECEDCDE06-scaled.jpeg",,,,,,,,,183,,สี,สีชมพู,1,1,เพศ,หญิง,1,1,,,,,,,,,Good
5950,simple,400007,,Evolving Neoprene Swim Vest เสื้อชูชีพเด็ก,1,0,visible,"อุปกรณ์ช่วงพยุงตัวสำหรับเด็ก\n\n&nbsp;\n\nมีโครงสร้างที่เปี่ยมคุณภาพ นุ่มสบาย ไม่บาดหรือระคายผิวที่บอบบางของเด็กๆ มีการออกแบบที่คำนึงถึงความสะดวกสบายในการสวมใส่  ทำให้เด็กๆ มีช่วงเวลาสนุกๆไปกับการที่พวกเขาสามารถเคลื่อนไหวได้อย่างมีอิสระในน้ำ เช่น สระว่ายน้ำ, ทะเลสาบ หรือ ทะเล แบรนด์ Puddle Jumper",,,,taxable,,1,1,,0,0,0.2,,,,0,,1045,1390,สินค้าและอุปกรณ์สำหรับเด็ก,,,"https://punpunkun.com/wp-content/uploads/2021/04/F25358CC-E745-4510-ABAD-B91BEB0AC356-scaled.jpeg, https://punpunkun.com/wp-content/uploads/2021/04/1FA47B0F-0B58-44A0-8A8A-A45E5B5910CA-scaled.jpeg",,,,,,,,,154,,สี,สีฟ้า,1,1,เพศ,"ชาย, หญิง",1,1,,,,,,,,,Mint
6023,simple,200032,,Spiderman remaote control car รถบังคับ360องศา,1,0,visible,รถยนต์บังคับสีแดง มีรีโมทควบคุม เหมาะกับเด็กอายุ3 ปีขึ้นไป,,,,taxable,,0,0,,0,0,1,,,,1,,260,750,ของเล่นและเครื่องนอนการตกแต่ง,,,"https://punpunkun.com/wp-content/uploads/2021/04/0B201494-E681-4A9B-B356-2658471DB180-scaled.jpeg, https://punpunkun.com/wp-content/uploads/2021/04/9F517162-E233-46DC-8A26-5C78A7DB2075-scaled.jpeg",,,,,,,,,278,,อายุ,3ปี,1,1,เพศ,"ชาย, หญิง",1,1,สี,สีแดง,1,1,,,,,Good
6031,simple,400006,,Colouring Play pimrs Princess สมุดระบายสี สติ๊กเกอร์ เจ้าหญิงดิสนีย์,1,0,visible,สมุดภาพระบายสีเจ้าหญิงดิสนีย์,,,,taxable,,1,1,,0,0,0.2,,,,0,,295,420,หนังสือและดนตรี,,,"https://punpunkun.com/wp-content/uploads/2021/04/75FE240F-1862-4E6B-BA2D-D5E8ACD8963C-scaled.jpeg, https://punpunkun.com/wp-content/uploads/2021/04/A9E30736-AD80-47F9-A05B-4C3078909BC7-scaled.jpeg, https://punpunkun.com/wp-content/uploads/2021/04/49FCC737-A966-438A-87F2-DECA0287D8EE-scaled.jpeg",,,,,,,,,107,,สี,สีชมพู,1,1,เพศ,หญิง,1,1,,,,,,,,,New
6036,simple,400005,,Evolving Neoprene Swim Vest เสื้อชูชีพสําหรับว่ายน้ำเด็ก,1,0,visible,"เสื้อชูชีพเด็ก\n\n&nbsp;\n\nผลิตจากวัสดุคุณภาพตามมาตรฐานความปลอดภัยของออสเตรเลียและยุโรป พิมพ์เป็ด ดีไซน์น่ารัก โทนสีสันสดใส ปิด-เปิดด้วยซิปหน้า มีโฟมด้านในช่วยให้ลอยตัวในน้ำ ช่วยซัพพอร์ตและเพิ่มความปลอดภัยในขณะฝึกซ้อมว่ายน้ำของเด็ก แบรนด์ BBLUV สีฟ้า",,,,taxable,,1,1,,0,0,0.4,,,,0,,1435,1790,สินค้าและอุปกรณ์สำหรับเด็ก,,,"https://punpunkun.com/wp-content/uploads/2021/04/A62990DC-A4A6-4C7E-B3C9-EB6C8304C013-scaled.jpeg, https://punpunkun.com/wp-content/uploads/2021/04/E8C266E6-5AAC-442A-912A-C656B5474DED-scaled.jpeg, https://punpunkun.com/wp-content/uploads/2021/04/0C042065-921C-4ED6-8E58-7A6F736EA3BB-scaled.jpeg, https://punpunkun.com/wp-content/uploads/2021/04/96CA0B8D-7694-479E-9E35-92AFF44AC245-scaled.jpeg",,,,,,,,,153,,สี,สีฟ้า,1,1,อายุ,3ปี,1,1,,,,,,,,,New
6040,simple,400004,,Jual Dijual stroller Gb pockit plus y 2018 รถเข็นเด็ก พับเก็บได้,1,0,visible,"รถเข็นเด็ก แบรนด์ Goodbaby\n\nสีดำ ฟ้า พับเก็บได้ เอนนอนได้ 145 องศา มาพร้อมที่รองสูง สำหรับเด็กตัวสูง ซึ่งเป็นขนาดที่สะดวกพกพาด้วยน้ำหนักเพียง 4.6 Kg. เหมาะสำหรับเด็กตั้งแต่ 6 เดือน ถึง 4 ปี หรือ 17 กิโลกรัม โดยประมาณ",,,,taxable,,0,0,,0,0,7.6,,,,0,,2310,7690,คาร์ซีทและรถเข็นเด็ก,,,"https://punpunkun.com/wp-content/uploads/2021/04/CFEC0A9D-41EA-431A-A990-5B1F3A701420-scaled.jpeg, https://punpunkun.com/wp-content/uploads/2021/04/9E0C7E15-5FD9-4971-A162-E81EA79F3D46-scaled.jpeg, https://punpunkun.com/wp-content/uploads/2021/04/01FCA3FF-ECCB-4B2A-BE68-15B6EF7F612E-scaled.jpeg, https://punpunkun.com/wp-content/uploads/2021/04/0BF97084-B834-420C-AC91-2E29B26B8794-scaled.jpeg, https://punpunkun.com/wp-content/uploads/2021/04/93427474-FB33-420E-9F24-4A2DFA31F92D-scaled.jpeg, https://punpunkun.com/wp-content/uploads/2021/04/1363F83B-E411-4842-9FBC-7EF9EF7F4EEB-scaled.jpeg",,,,,,,,,178,,สี,"สีดำ, สีฟ้า",1,1,อายุ,6เดือน,1,1,เพศ,"ชาย, หญิง",1,1,,,,,Good
6041,simple,200031,,Spectra S1 Plus เครื่องปั๊มน้ำนมสำหรับคุณแม่,1,0,visible,"เครื่องปั๊มน้ำนม\n\n&nbsp;\n\nแบรนด์ Spectra สภาพดีมากมีการใช้งานน้อยมาก อุปกรณ์ใช้งานได้ปกติ สีขาวและสีเขียว",,,,taxable,,1,1,,0,0,1.1,,,,0,,11175,14900,สินค้าและอุปกรณ์สำหรับเด็ก,,,"https://punpunkun.com/wp-content/uploads/2021/04/7C0549C2-B0F5-40D5-93D4-05C64A95DDD8-scaled.jpeg, https://punpunkun.com/wp-content/uploads/2021/04/6244DC20-3E53-4AD7-BA79-AC188E21DB72-scaled.jpeg, https://punpunkun.com/wp-content/uploads/2021/04/1FC7C961-FA8F-4514-9A3A-D521F46E3BC7-scaled.jpeg",,,,,,,,,276,,สี,"สีขาว, สีเขียว",1,1,,,,,,,,,,,,,Mint
6044,simple,200030,,Baby carrier เป้อุ้มเด็กไว้ด้านหน้า,1,0,visible,"เป้อุ้มเด็กสำหรับไว้ด้านหน้า\n\n&nbsp;\n\nแบรนด์ Pagnac สีครีม",,,,taxable,,0,0,,0,0,1.2,,,,1,,1600,4990,เครื่องมือการเลี้ยงดูเด็ก,,,"https://punpunkun.com/wp-content/uploads/2021/04/C24F256C-0F0A-4693-9A14-8C8C644CC4E3-scaled.jpeg, https://punpunkun.com/wp-content/uploads/2021/04/80596BA3-CDFE-42C2-A663-E9868EB2C714-scaled.jpeg, https://punpunkun.com/wp-content/uploads/2021/04/06A67953-168F-472E-83C2-B950F4F7ADF1-scaled.jpeg, https://punpunkun.com/wp-content/uploads/2021/04/29686135-5DA0-4183-9653-7FD59DF58C76-scaled.jpeg",,,,,,,,,27,,สี,สีครีม,1,1,อายุ,1ปี,1,1,เพศ,"ชาย, หญิง",1,1,,,,,Good
6047,simple,400003,,Flower pants กางเกงขาสั้น ลายดอกไม้,1,0,visible,กางเกงขาสั้น แบรนด์ Bossini สีน้ำเงิน ลายดอกไม้ สุดน่ารัก ไซส์ 120,,,,taxable,,1,1,,0,0,0.2,,,,0,,135,330,สินค้าและอุปกรณ์สำหรับเด็ก,,,"https://punpunkun.com/wp-content/uploads/2021/04/21F6672B-DD1C-4739-B9F4-2EB687C74260-scaled.jpeg, https://punpunkun.com/wp-content/uploads/2021/04/21F6672B-DD1C-4739-B9F4-2EB687C74260-scaled.jpeg, https://punpunkun.com/wp-content/uploads/2021/04/BC96DC80-95F4-4DA8-A204-F59A28FEE033-scaled.jpeg",,,,,,,,,157,,สี,สีน้ำเงิน,1,1,,,,,,,,,,,,,Mint
6048,simple,200029,,Baby and Kids Food Processon เครื่องทำอาหารเสริมสำหรับเด็กแบบอเนกประสงค์,1,0,visible,"เครื่องทำอาหารเสริมสำหรับเด็ก\n\n&nbsp;\n\nแบบอเนกประสงค์ แบรนด์ Saker ได้รับมาตรฐานจากยุโรป อุปกรณ์ค่อยข้างครบพร้อมกล่อง",,,,taxable,,1,1,,0,0,2.8,,,,0,,3000,4999,สินค้าและอุปกรณ์สำหรับเด็ก,,,"https://punpunkun.com/wp-content/uploads/2021/04/2B425556-71B8-4DDF-900D-7FE2904314C3-scaled.jpeg, https://punpunkun.com/wp-content/uploads/2021/04/72A50999-D046-46E2-A98F-7C8276ADC39A-scaled.jpeg, https://punpunkun.com/wp-content/uploads/2021/04/589E7BA0-CD54-4DC6-A7D7-030775FA1B19-scaled.jpeg, https://punpunkun.com/wp-content/uploads/2021/04/4E4B093C-DB74-4533-8297-B3A9358F3ECE-scaled.jpeg",,,,,,,,,23,,สี,"สีขาว, สีส้ม",1,1,,,,,,,,,,,,,Good
6050,simple,200028,,Step and Ride Lion รถขับแบบมีเสียงรูปสิงโต,1,0,visible,"รถขับแบบมีเสียงรูปสิงโต แบรนด์ Toy Lion\n\n&nbsp;\n\nสำหรับเด็กอายุ10เดือนถึง3ขวบ มีเสียงเพลงรูปสิงโต สีเหลือง",,,,taxable,,1,1,,0,0,2.5,,,,0,,2310,3850,สินค้าและอุปกรณ์สำหรับเด็ก,,,"https://punpunkun.com/wp-content/uploads/2021/04/FE0F262E-BB25-48F8-AB15-480B6DA66D5E-scaled.jpeg, https://punpunkun.com/wp-content/uploads/2021/04/66D95235-AC5A-41CF-B2DA-6E2C035FD153-scaled.jpeg",,,,,,,,,285,,สี,สีเหลือง,1,1,อายุ,3ปี,1,1,เพศ,"ชาย, หญิง",1,1,,,,,Good
6054,simple,200027,,ฺBaby Stool hipseat เป้อุ้มเด็กแบบคาดเอว,1,0,visible,"เป้อุ้มเด็กแบบคาดเอว\n\n&nbsp;\n\nแบรนด์ aiebao สีม่วง เหมาะสำหรับเด็ก6 เดือนถึง36เดือน",,,,taxable,,1,1,,0,0,2.3,,,,0,,540,899,สินค้าและอุปกรณ์สำหรับเด็ก,,,"https://punpunkun.com/wp-content/uploads/2021/04/11AFC1FB-AF74-4F58-A677-AC8CFFA6A998-scaled.jpeg, https://punpunkun.com/wp-content/uploads/2021/04/248B8DC7-F0F2-46F9-995A-8D05748F5966-scaled.jpeg, https://punpunkun.com/wp-content/uploads/2021/04/A434DCDC-1D92-43FC-8987-ED7718B78D33-scaled.jpeg",,,,,,,,,327,,สี,สีม่วง,1,1,เพศ,"ชาย, หญิง",1,1,อายุ,6เดือน,1,1,,,,,Good
6055,simple,400002,,Dinosaurs Set Shirt and Pants เซตเสื้อและกางเกง ลายไดโนเสาร์,1,0,visible,"เซตเสื้อและกางเกง แบรนด์ Carter's สีขาว\n\n&nbsp;\n\nลายไดโนเสาร์ สุดน่ารัก ไซส์ 6 ปี (6Y)",,,,taxable,,1,1,,0,0,0.2,,,,0,,305,1017,สินค้าและอุปกรณ์สำหรับเด็ก,,,"https://punpunkun.com/wp-content/uploads/2021/04/CAF6A494-659C-4779-A3D1-BB71FA5964C8-scaled.jpeg, https://punpunkun.com/wp-content/uploads/2021/04/B8EF755D-BF63-422B-A066-1F7F3A0EB979-scaled.jpeg, https://punpunkun.com/wp-content/uploads/2021/04/6E8F0A9C-29D1-405E-B56A-3781909EEDDE-scaled.jpeg, https://punpunkun.com/wp-content/uploads/2021/04/3333F262-D7BE-46D5-8049-66CC5AF36F1D-scaled.jpeg",,,,,,,,,124,,สี,สีขาว,1,1,Size (เสื้อ),6Y,1,1,Size (กางเกง),6Y,1,1,อายุ,6ปี,1,1,Good
6058,simple,200026,,The original Hip seat เป้อุ้มเด็กแบบคาดเอว,1,0,visible,"เป้อุ้มเด็กแบบคาดเอว\n\n&nbsp;\n\nแบรนด์ Hippychickสีกรม เหมาะสำหรับเด็ก6 เดือนถึง36เดือน",,,,taxable,,1,1,,0,0,0.4,,,,0,,1020,1700,สินค้าและอุปกรณ์สำหรับเด็ก,,,"https://punpunkun.com/wp-content/uploads/2021/04/89DAC1C0-32D9-41D9-A365-D3DEE3633F4F-scaled.jpeg, https://punpunkun.com/wp-content/uploads/2021/04/E80048E0-BD9D-4A0A-985F-CE3E20E2F58B-scaled.jpeg, https://punpunkun.com/wp-content/uploads/2021/04/B6EF1A92-D051-4B28-B9AD-72F9CC640AD4-scaled.jpeg",,,,,,,,,309,,สี,สีกรม,1,1,อายุ,6เดือน,1,1,,,,,,,,,Good
6061,simple,400001,,Blue Pants กางเกงขาสั้น สีน้ำเงิน,1,0,visible,กางเกงขาสั้น แบรนด์ Bossini สีกรม สุดเทห์ ไซส์ 120,,,,taxable,,1,1,,0,0,0.2,,,,0,,100,330,สินค้าและอุปกรณ์สำหรับเด็ก,,,"https://punpunkun.com/wp-content/uploads/2021/04/DA8A37D1-D4E4-474A-8B86-65806E1F4F8C-scaled.jpeg, https://punpunkun.com/wp-content/uploads/2021/04/10BF5075-2737-461C-9705-CD2B39C12CDA-scaled.jpeg, https://punpunkun.com/wp-content/uploads/2021/04/778CF221-1925-427E-8C4C-242EE9D20280-scaled.jpeg",,,,,,,,,51,,สี,สีกรม,1,1,,,,,,,,,,,,,Good
6062,simple,200025,,Car with Remote Control รถยนต์บังคับมีด้ามจับสีเหลือง,1,0,visible,รถยนต์บังคับ แบบชารแบต มีเสียงเพลง แบรนด์ Lion Toys สีเหลือง,,,,taxable,,0,,,0,0,7.5,,,,1,,515,1480,ของเล่นและเครื่องนอนการตกแต่ง,,,"https://punpunkun.com/wp-content/uploads/2021/04/B8D85FE8-BD9B-4FBF-A0A2-9EE0AF9C5834-scaled.jpeg, https://punpunkun.com/wp-content/uploads/2021/04/63BC8C46-3E2A-4219-94A1-A9FBB9AC81D0-scaled.jpeg, https://punpunkun.com/wp-content/uploads/2021/04/25DC04C3-D2B8-4311-A107-79B234D7E2F1-scaled.jpeg, https://punpunkun.com/wp-content/uploads/2021/04/7E516308-86D7-431A-A3C7-EBD0DF8D5813-scaled.jpeg, https://punpunkun.com/wp-content/uploads/2021/04/8451C6BC-01B8-4475-828C-83802625F4E2-scaled.jpeg",,,,,,,,,97,,สี,สีเหลือง,1,1,อายุ,1ปี,1,1,เพศ,"ชาย, หญิง",1,1,,,,,Good
6064,simple,200024,,Car with Remote Control รถยนต์บังคับมีด้ามจับสีแดง,1,0,visible,รถยนต์บังคับ แบบชารแบต มีเสียงเพลง แบรนด์ Lion Toys สีแดง,,,,taxable,,0,0,,0,0,7.5,,,,1,,680,1480,ของเล่นและเครื่องนอนการตกแต่ง,,,"https://punpunkun.com/wp-content/uploads/2021/04/1EDE866B-EEB9-4203-A19B-0BB47DD1A10B-scaled.jpeg, https://punpunkun.com/wp-content/uploads/2021/04/259A361D-C8D3-4638-BA79-7500FDE18DE9-scaled.jpeg, https://punpunkun.com/wp-content/uploads/2021/04/765BEBB1-CF47-4C08-BD40-1D9D2B854B39-scaled.jpeg, https://punpunkun.com/wp-content/uploads/2021/04/11AD3A3B-069B-4C5B-8F66-AEE13D23C2F0-scaled.jpeg",,,,,,,,,98,,สี,สีแดง,1,1,อายุ,1ปี,1,1,เพศ,"ชาย, หญิง",1,1,,,,,Good
6073,simple,200023,,Brid Shirt เสื้อยืด ลายนก,1,0,visible,เสื้อยืด ลายนก สีชมพู ไซส์ 12เดือน(12M),,,,taxable,,1,1,,0,0,0.1,,,,0,,120,390,สินค้าและอุปกรณ์สำหรับเด็ก,,,"https://punpunkun.com/wp-content/uploads/2021/04/88818DC1-5450-42E1-A163-C63D9596B800-scaled.jpeg, https://punpunkun.com/wp-content/uploads/2021/04/DB6BAB49-EFE7-49D0-A254-D560672EE5EB-scaled.jpeg",,,,,,,,,67,,สี,สีชมพู,1,1,Size (เสื้อ),12M,1,1,อายุ,12เดือน,1,1,เพศ,หญิง,1,1,Good
6075,simple,200022,,Breaker Bodysuit ชุดบอดี้สูท ลายBreaker,1,0,visible,"ชุดบอดี้สูท ลายBreaker สีกรม\n\n&nbsp;\n\nไซส์ 12-18เดือน(12-18M)",,,,taxable,,1,1,,0,0,0.2,,,,0,,135,450,สินค้าและอุปกรณ์สำหรับเด็ก,,,"https://punpunkun.com/wp-content/uploads/2021/04/EBE779B6-E4BA-40F1-B5C0-CAE176FF3FD9-scaled.jpeg, https://punpunkun.com/wp-content/uploads/2021/04/3CB3DCE1-B6F0-4E13-A094-9FAEA7A2A310-scaled.jpeg, https://punpunkun.com/wp-content/uploads/2021/04/01ED643D-A367-4E4C-B3DF-4FE189427492-scaled.jpeg",,,,,,,,,66,,สี,สีกรม,1,1,Size (เสื้อ),12M,1,1,อายุ,12เดือน,1,1,เพศ,ชาย,1,1,Good
6077,simple,200021,,Pants กางเกงขาวยาว,1,0,visible,กางเกงขาวยาว สีกรม ไซส์ 9-12เดือน(9-12M),,,,taxable,,1,1,,0,0,0.2,,,,0,,120,390,สินค้าและอุปกรณ์สำหรับเด็ก,,,"https://punpunkun.com/wp-content/uploads/2021/04/E5C5535D-6540-4C8C-8776-D0332BB300F3-scaled.jpeg, https://punpunkun.com/wp-content/uploads/2021/04/DA8BD515-C316-48AF-BA4B-9D5A52410B1A-scaled.jpeg, https://punpunkun.com/wp-content/uploads/2021/04/628BB299-0180-4621-959F-94B84BD7E8A0-scaled.jpeg",,,,,,,,,231,,สี,สีกรม,1,1,Size (กางเกง),9M,1,1,อายุ,9เดือน,1,1,เพศ,ชาย,1,1,Good
6079,simple,200020,,Striped Pajamas ชุดนอนลายขวาง,1,0,visible,ชุดนอนลายขวาง สีดำ ไซส์ 12-18เดือน(12-18M),,,,taxable,,1,1,,0,0,0.2,,,,0,,180,590,สินค้าและอุปกรณ์สำหรับเด็ก,,,"https://punpunkun.com/wp-content/uploads/2021/04/883F4344-75AD-4458-B562-38F79B556736-scaled.jpeg, https://punpunkun.com/wp-content/uploads/2021/04/5E073833-C44C-459B-ACFA-FFE0E5347565-scaled.jpeg, https://punpunkun.com/wp-content/uploads/2021/04/40CFA7CF-26B9-4468-B5F0-28F5F0DDDF03-scaled.jpeg",,,,,,,,,300,,สี,สีดำ,1,1,Size (เสื้อ),12M,1,1,อายุ,12เดือน,1,1,เพศ,ชาย,1,1,Good
6082,simple,200019,,Crown Bodysuit ชุดบอดี้สูทขาสั้น ลายมงกุฎ,1,0,visible,"ชุดบอดี้สูทขาสั้น ลายมงกุฎ สีฟ้า\n\n&nbsp;\n\nไซส์ 12-18เดือน(12-18M)",,,,taxable,,1,1,,0,0,0.1,,,,0,,120,390,สินค้าและอุปกรณ์สำหรับเด็ก,,,"https://punpunkun.com/wp-content/uploads/2021/04/03B0E7C2-AB77-4ED4-887C-51B06999EF1B-scaled.jpeg, https://punpunkun.com/wp-content/uploads/2021/04/D9DC8C8A-D44F-4DEC-8974-F276BA419C6F-scaled.jpeg, https://punpunkun.com/wp-content/uploads/2021/04/3248966C-0DA7-414A-947A-D0D464A7406B-scaled.jpeg",,,,,,,,,115,,สี,สีฟ้า,1,1,Size (เสื้อ),12M,1,1,อายุ,12เดือน,1,1,เพศ,ชาย,1,1,Good
6084,simple,200018,,Bear Bumkins baby ผ้ากันเปื้อนเด็ก ลายหมี,1,0,visible,ผ้ากันเปื้อนเด็ก ลายหมี สีขาว,,,,taxable,,1,1,,0,0,0.3,,,,0,,60,150,สินค้าและอุปกรณ์สำหรับเด็ก,,,"https://punpunkun.com/wp-content/uploads/2021/04/D041C465-944C-4769-A113-2A267D990410-scaled.jpeg, https://punpunkun.com/wp-content/uploads/2021/04/4E9FA14A-4E74-4B65-81FD-F7E178162512-scaled.jpeg, https://punpunkun.com/wp-content/uploads/2021/04/4121DD0B-76FC-4C83-AA4B-84E601A263DA-scaled.jpeg, https://punpunkun.com/wp-content/uploads/2021/04/65C3614B-424A-46C2-80BF-3B09396E5B9F-scaled.jpeg",,,,,,,,,38,,สี,สีขาว,1,1,เพศ,"ชาย, หญิง",1,1,,,,,,,,,Fair
6123,simple,200017,,NEW BALANCE รองเท้าลำลองเด็ก,1,0,visible,รองเท้าลำลองเด็กทารก แบนรด์ NEW BALANCE สีชมพู อัปเปอร์ผลิตจากหนังกลับและผ้าตาข่าย มาพร้อมสายตีนตุ๊กแกเพิ่มความกระชับเท้า บุนุ่มรอบข้อเท้าและลิ้นรองเท้าเพื่อความนุ่มสบายสูงสุด เสริมทักษะการก้าวเดินให้มั่นคงขึ้น สนุกได้เต็มที่ในทุกกิจกรรม มาพร้อมกล่อง ไซส์ JPN 14.0 USA 7.0 UK 6.5 EUR 23.5,,,,taxable,,1,1,,0,0,0.3,,,,0,,745,1490,สินค้าและอุปกรณ์สำหรับเด็ก,,,"https://punpunkun.com/wp-content/uploads/2021/04/3077373D-D4C6-4664-91C4-0D47BFE05516-scaled.jpeg, https://punpunkun.com/wp-content/uploads/2021/04/CF2A4C27-F708-4A6F-BB80-14AC55EABA50-scaled.jpeg, https://punpunkun.com/wp-content/uploads/2021/04/4DF27589-DC21-4721-96F7-3CFE3FCF4130-scaled.jpeg",,,,,,,,,219,,สี,สีชมพู,1,1,,,,,,,,,,,,,Good
6126,simple,200016,,Nike pico 5 pink รองเท้าลำลองเด็ก,1,0,visible,"รองเท้าวิ่งเด็ก แบรนด์ NIKE รุ่น Pico 5 (TDV)\n\n&nbsp;\n\nมาพร้อมสายรัดหน้าเท้าเพิ่มความกระชับพอดีและพื้นโฟมนุ่มให้การซัพพอร์ตและยึดเกาะได้อย่างมั่นใจ สวมใส่ง่ายสบายทุกขั้นตอน ไซส์ 8c UK 7.5 CM 14 BR 24 EUR 25",,,,taxable,,1,1,,0,0,0.4,,,,0,,600,1200,สินค้าและอุปกรณ์สำหรับเด็ก,,,"https://punpunkun.com/wp-content/uploads/2021/04/13E046F5-A805-430D-AA24-8DBBC934F99B-scaled.jpeg, https://punpunkun.com/wp-content/uploads/2021/04/DD3EBFFD-ECB9-413F-9238-688B4E00994F-scaled.jpeg",,,,,,,,,221,,สี,สีชมพู,1,1,,,,,,,,,,,,,Good
6130,simple,200015,,LAWNSHIP TS รองเท้าเด็ก,1,0,visible,รองเท้าเด็ก แบรนด์ Onitsuka tiger สวมใส่ง่ายสบายทุกขั้นตอน รองเท้าเด็ก มาพร้อมสายรัดหน้าเท้าเพิ่มความกระชับพอดีและพื้นโฟมนุ่มให้การซัพพอร์ตและยึดเกาะได้อย่างมั่นใจ ไซส์ 8c UK 7 EUR 23.5 CM 14.5 UK K6,,,,taxable,,1,1,,0,0,0.4,,,,0,,1250,2500,สินค้าและอุปกรณ์สำหรับเด็ก,,,"https://punpunkun.com/wp-content/uploads/2021/04/E1C2A069-AF51-4A56-9870-E8FE8DC47862-scaled.jpeg, https://punpunkun.com/wp-content/uploads/2021/04/1D52E745-261A-42D4-A6EE-875A7D54CB16-scaled.jpeg, https://punpunkun.com/wp-content/uploads/2021/04/324D0AC9-D541-49A0-AAEB-341458CF584E-scaled.jpeg",,,,,,,,,184,,สี,สีแดง,1,1,,,,,,,,,,,,,Good
6350,simple,100006,,Back side with aluminum film never touch moisture on the top แผ่นรองคลานสำหรับเด็ก,1,0,visible,"แผ่นรองคลานสำหรับเด็ก ลายสัตว์\n\n&nbsp;\n\nสีสันสดใส สีเขียว",,,,taxable,,1,1,,0,0,0.2,,,,0,,280,395,สินค้าและอุปกรณ์สำหรับเด็ก,,,"https://punpunkun.com/wp-content/uploads/2021/04/FF3869F2-F3AA-4C7B-B136-07E36903C346-scaled.jpeg, https://punpunkun.com/wp-content/uploads/2021/04/8FAA95E8-8038-403B-B2DF-50AF62E4B75A-scaled.jpeg, https://punpunkun.com/wp-content/uploads/2021/04/8C596426-E237-4078-8494-B010B7E7BF61-scaled.jpeg, https://punpunkun.com/wp-content/uploads/2021/04/854A739D-A36B-4C29-A99B-FEB5051E8528-scaled.jpeg, https://punpunkun.com/wp-content/uploads/2021/04/6E7FABEA-9EA9-420F-A0D6-9A270B735D06-scaled.jpeg, https://punpunkun.com/wp-content/uploads/2021/04/3A9A4834-9508-4CF4-AE7B-B2A4BA3811D7-scaled.jpeg, https://punpunkun.com/wp-content/uploads/2021/04/34BCA662-08FA-4B34-972F-024614B54255-scaled.jpeg",,,,,,,,,37,,สี,สีเขียว,1,1,,,,,,,,,,,,,Mint
6353,simple,100005,,Memory foam หมอนรองคอ,1,0,visible,หมอนรองคอ สีเทา,,,,taxable,,1,1,,0,0,0.2,,,,0,,175,250,สินค้าและอุปกรณ์สำหรับเด็ก,,,"https://punpunkun.com/wp-content/uploads/2021/04/CD4E50AC-CEB2-4F04-8653-A3360FA84D29-scaled.jpeg, https://punpunkun.com/wp-content/uploads/2021/04/50535893-9964-4CB7-B379-185499F2B3A0-scaled.jpeg, https://punpunkun.com/wp-content/uploads/2021/04/4744D649-286E-4B6C-AEE1-879E97DDBB6B-scaled.jpeg, https://punpunkun.com/wp-content/uploads/2021/04/A22A1F9E-814D-4FED-A324-951AA43AEEEB-scaled.jpeg, https://punpunkun.com/wp-content/uploads/2021/04/7B45511F-A2A9-4ED3-89F8-F52D9452E412-scaled.jpeg",,,,,,,,,206,,สี,สีเทา,1,1,,,,,,,,,,,,,Mint
6394,simple,200014,,Bonbebe jumbo premium seat เก้าอี้หัดนั่ง,1,0,visible,"เก้าอี้หัดนั่งเด็ก\n\n&nbsp;\n\nนั่งได้นาน ทั่งเก้าอี้และถาด วัสดุนุ่ม รองรับน้ำหนักได้ดี ไม่แข็ง เหมือนเก้าอี้พลาสติก มีพนังพิงสูงถึงศรีษะสำหรับเด็กเล็ก มีหมอนรองคอรูปหมีช่วย Support และหนุนศรีษะของน้องนั่งหรือพิง ใช้ได้ตั้งแต่ 3 เดือน - 5 ขวบ (โดยประมาณ)",,,,taxable,,0,0,,0,0,4.5,,,,1,,860,4290,เครื่องมือการเลี้ยงดูเด็ก,,,"https://punpunkun.com/wp-content/uploads/2021/04/5EB2DDEB-F668-479A-9156-4AE54D884DA8-scaled.jpeg, https://punpunkun.com/wp-content/uploads/2021/04/C48DC4DB-4C3C-446B-875D-C6C7DF56DDCF-scaled.jpeg, https://punpunkun.com/wp-content/uploads/2021/04/43BA83F0-9696-4628-BD14-0EC0BDDE642F-scaled.jpeg, https://punpunkun.com/wp-content/uploads/2021/04/5DBB0D4B-ED27-4883-A0D4-1C10684DCE53-scaled.jpeg, https://punpunkun.com/wp-content/uploads/2021/04/9A6AA174-CD61-4AA6-A48A-6789472A2B39-scaled.jpeg",,,,,,,,,61,,สี,สีชมพู,1,1,อายุ,3เดือน,1,1,,,,,,,,,Fair
6395,simple,100004,,Wiggle &amp; Crawl Ball ลูกบอลของเล่น,1,0,visible,"ลูกบอลของเล่นมีมอเตอร์\n\n&nbsp;\n\nแบรนด์ Vtech มีกดปุ่มเพื่อฟังเพลง เสียงเลียนแบบสัตว์",,,,taxable,,1,1,,0,0,0.6,,,,0,,945,1350,สินค้าและอุปกรณ์สำหรับเด็ก,,,https://punpunkun.com/wp-content/uploads/2021/04/548407A0-50DC-405E-99AC-846BDC70CE2A-scaled.jpeg,,,,,,,,,322,,สี,สีเหลือง,1,1,อายุ,0เดือน,1,1,,,,,,,,,Mint
6404,simple,100003,,Life jacket เสื้อชูชีพเด็ก ลายมิกกี้เมาส์,1,0,visible,เสื้อชูชีพเด็ก ลายมิกกี้เมาส์ สีเหลือง,,,,taxable,,1,1,,0,0,0.3,,,,0,,235,390,สินค้าและอุปกรณ์สำหรับเด็ก,,,"https://punpunkun.com/wp-content/uploads/2021/04/1CCF8857-2664-4A22-99BF-5395698AF8EB-scaled.jpeg, https://punpunkun.com/wp-content/uploads/2021/04/F48FF808-212E-47DC-8437-EE60AA04A61B-scaled.jpeg, https://punpunkun.com/wp-content/uploads/2021/04/31703C94-514A-426A-9D5D-A6FB15A8D120-scaled.jpeg",,,,,,,,,189,,สี,สีเหลือง,1,1,,,,,,,,,,,,,Good
6406,simple,200013,,Bright Starts 3-in-1 Step ‘n Ride Lion รถสิงโตหัดเดิน,1,0,visible,"รถสิงโตหัดเดิน\n\n&nbsp;\n\nเด็กสามารถนั่งอยู่ข้างหน้าสิงโตและเล่นผลักไปมา และสามารถนั่งให้ ' อาหารโดยใส่ลูกบอลเข้าไปในปากสิงโตและยกป้ายbright starts ที่หน้าอกสิงโตเพื่อให้ลูกบอลไหลกลับคืนออกมา นอกจากนั้นยังสามารถกดจมูกเพื่อให้ลูกบอลรอบหัวสิงโตหมุนพร้อมมีเสียงเพลงต่างๆ\nเมื่อเด็กยืนได้แล้ว สิงโตสามารถปรับให้เป็นรถหัดเดินโดยมีที่จับที่กระชับและมีความสมดุลที่ดี ไม่คว่ำ เด็กสามารถจับที่จับที่ด้านหลังสิงโตและผลักเดิน เวลาผลักเดินไปนั้นลูกบอลรอบๆหัวสิงโตก้อจะหมุนพร้อมมีแสงไฟและเสีงเพลง\nสำหรับเด็กที่นั่งได้แล้ว สิงโตก็สามารถแปลงร่างให้เป็นที่นั่งขี่สิงโตได้ด้วย",,,,taxable,,1,1,,0,0,2.5,,,,0,,1980,3300,สินค้าและอุปกรณ์สำหรับเด็ก,,,"https://punpunkun.com/wp-content/uploads/2021/04/E8E456AD-6C91-4149-B25F-49E52227AD28-scaled.jpeg, https://punpunkun.com/wp-content/uploads/2021/04/DA608B9D-C8FC-4A17-B94F-FE761DF401BD-scaled.jpeg, https://punpunkun.com/wp-content/uploads/2021/04/6F80214C-42A1-4490-BA49-E2EBF52CA072-scaled.jpeg",,,,,,,,,68,,สี,สีเหลือง,1,1,,,,,,,,,,,,,Good
6408,simple,100001,,Water bottle strap สายคล้องขวดน้ำ,1,0,visible,"สายคล้องขวดน้ำเด็ก\n\n&nbsp;\n\nลายผลไม้สี ฟ้า,เขียว",,,,taxable,,1,1,,0,0,0.9,,,,0,,70,140,สินค้าและอุปกรณ์สำหรับเด็ก,,,"https://punpunkun.com/wp-content/uploads/2021/04/DFAEAA5B-0284-4C91-9ADB-002BFE2E2D88-scaled.jpeg, https://punpunkun.com/wp-content/uploads/2021/04/48222F36-5950-445A-8A38-89367BA3B4A4-scaled.jpeg, https://punpunkun.com/wp-content/uploads/2021/04/4AA3ADE6-3724-4DD8-8289-C3B7A2721C37-scaled.jpeg",,,,,,,,,320,,สี,"สีฟ้า, สีเขียว",1,1,,,,,,,,,,,,,Fair
6415,simple,500008,,Doona infant car seat คาร์ซีทสามารถปรับเป็นรถเข็นได้,1,0,visible,"คาร์ซีทปรับเป็นรถเข็นได้ แบรนด์ Doona\n\n&nbsp;\n\nสีฟ้า มีเบาะกันกระแทก เบาะรองคอ นุ่ม นอนสบาย มีการปกป้องด้านข้าง และวัสดุปลอดภัยสำหรับเด็ก",,,,taxable,,0,0,,0,0,16.5,,,,1,,6400,16000,คาร์ซีทและรถเข็นเด็ก,,,"https://punpunkun.com/wp-content/uploads/2021/04/99301534-A053-49C3-A117-BFDAF1606B92-scaled.jpeg, https://punpunkun.com/wp-content/uploads/2021/04/DFED44B7-291B-4FD5-B457-38BAB14C36AE-scaled.jpeg, https://punpunkun.com/wp-content/uploads/2021/04/BF563623-3A9A-489A-A2F1-9EE811415E8F-scaled.jpeg, https://punpunkun.com/wp-content/uploads/2021/04/B68133D9-B942-41D6-9895-FA4B09649051-scaled.jpeg, https://punpunkun.com/wp-content/uploads/2021/04/BE2F6A7E-B741-461A-BF11-ECC93870964F-scaled.jpeg, https://punpunkun.com/wp-content/uploads/2021/04/7F3CEEA2-0C0D-4B85-92CC-AF395C18064E-scaled.jpeg, https://punpunkun.com/wp-content/uploads/2021/04/693EE0C0-CD9F-4966-82E7-DDBD2B3ED283-scaled.jpeg, https://punpunkun.com/wp-content/uploads/2021/04/2FA48DC2-7D81-4C44-961F-B476A72E7E63-scaled.jpeg, https://punpunkun.com/wp-content/uploads/2021/04/CDB163A9-3D9A-4510-99D8-C5D97FBF98EF-scaled.jpeg, https://punpunkun.com/wp-content/uploads/2021/04/8C181D90-CFB6-40C4-B572-8F5F95873E29-scaled.jpeg, https://punpunkun.com/wp-content/uploads/2021/04/F0E69EE5-73BB-450B-9E19-CAC13A2F9C54-scaled.jpeg, https://punpunkun.com/wp-content/uploads/2021/04/FCC33642-C3EC-4DE7-9852-2612B063AAFA-scaled.jpeg",,,,,,,,,132,,สี,สีฟ้า,1,1,,,,,,,,,,,,,Mint
6416,simple,200012,,Total support headrest หมอนรองคอเด็ก,1,0,visible,หมอนรองคอสำหรับคุณหนูๆ แบรนด์  Travel friend สีแดง ติดตัวเดินทางไปได้ทุกที่,,,,taxable,,1,1,,0,0,0.2,,,,0,,360,600,สินค้าและอุปกรณ์สำหรับเด็ก,,,"https://punpunkun.com/wp-content/uploads/2021/04/4F06BC17-691E-4932-9698-E06870B0B58B-scaled.jpeg, https://punpunkun.com/wp-content/uploads/2021/04/00733B4C-2902-49D6-9625-546B45CAA041-scaled.jpeg",,,,,,,,,315,,สี,สีแดง,1,1,อายุ,0เดือน,1,1,,,,,,,,,Good
6420,simple,500007,,Bumkins baby ผ้ากันเปื้อนเด็ก,1,0,visible,ผ้ากันเปื้อนเด็กซิลิโคน สีเหลือง,,,,taxable,,1,1,,0,0,0.1,,,,0,,340,420,สินค้าและอุปกรณ์สำหรับเด็ก,,,"https://punpunkun.com/wp-content/uploads/2021/04/EB0C35DA-3490-4122-BE74-5CA76E40B895-scaled.jpeg, https://punpunkun.com/wp-content/uploads/2021/04/3AD74658-D7E9-48F7-8A25-726E02512D8B-scaled.jpeg",,,,,,,,,82,,สี,สีเหลือง,1,1,,,,,,,,,,,,,New
6422,simple,200011,,Total support headrest หมอนรองคอเด็กรูปตัว U ลายสิงโต,1,0,visible,หมอนรองคอเด็กเป็นรูกตัว U แบรนด์ Yookidoo ลายสัตว์น่ารักๆ ผลิตจาก ผ้าฝ้ายเส้นใย สำหรับเด็ก 1-4 ปี สภาพดี,,,,taxable,,1,1,,0,0,0.3,,,,0,,415,590,สินค้าและอุปกรณ์สำหรับเด็ก,,,"https://punpunkun.com/wp-content/uploads/2021/04/3D61E99B-7720-4F3D-A760-952F3B4D9A9B-scaled.jpeg, https://punpunkun.com/wp-content/uploads/2021/04/BEF1C1AB-39C8-45FB-BEE0-F4F778B515DB-scaled.jpeg, https://punpunkun.com/wp-content/uploads/2021/04/9E1FD1F8-7801-4D1A-AEEA-E76EB499C9FA-scaled.jpeg",,,,,,,,,317,,สี,สีเหลือง,1,1,อายุ,0เดือน,1,1,,,,,,,,,Mint
6425,simple,500006,,Corral chicco คอกกั้นเด็ก,1,0,visible,คอกกั้นเด็ก แบรนด์ Chicco สีน้ำตาล,,,,taxable,,1,1,,0,0,17,,,,0,,7500,16000,สินค้าและอุปกรณ์สำหรับเด็ก,,,"https://punpunkun.com/wp-content/uploads/2021/04/465099DD-612B-43D0-BA8E-59932E88F4E0-scaled.jpeg, https://punpunkun.com/wp-content/uploads/2021/04/EB4EF9E6-B509-4E3A-B851-DAAADF505A42-scaled.jpeg, https://punpunkun.com/wp-content/uploads/2021/04/ED8909ED-0DF1-4346-BDFB-D25347FFCAF8-scaled.jpeg, https://punpunkun.com/wp-content/uploads/2021/04/64565619-BBDE-4E76-A5A0-7BE8BAB90DE7-scaled.jpeg, https://punpunkun.com/wp-content/uploads/2021/04/72362D1E-04B4-4A4A-8372-E5870DC3A23A-scaled.jpeg, https://punpunkun.com/wp-content/uploads/2021/04/30C8F29B-308A-4969-AE03-D86461334F49-scaled.jpeg, https://punpunkun.com/wp-content/uploads/2021/04/7A9C6AC3-1F43-439B-BA18-C73E2CCA0226-scaled.jpeg, https://punpunkun.com/wp-content/uploads/2021/04/6B89B5B1-3DC5-4DAF-950E-F31C678027B0-scaled.jpeg, https://punpunkun.com/wp-content/uploads/2021/04/4690E6D8-BA01-4806-9C3A-363667006F5E-scaled.jpeg, https://punpunkun.com/wp-content/uploads/2021/04/61420B32-BBE1-4B10-BDC4-1ACB0802973A-scaled.jpeg",,,,,,,,,111,,สี,สีน้ำตาล,1,1,,,,,,,,,,,,,Good
6432,simple,200010,,Total support headrest หมอนรองคอเด็ก,1,0,visible,หมอนรองคอสำหรับคุณหนูๆ แบรนด์ Travel friend สีม่วง ติดตัวเดินทางไปได้ทุกที่,,,,taxable,,1,1,,0,0,0.2,,,,0,,360,600,สินค้าและอุปกรณ์สำหรับเด็ก,,,"https://punpunkun.com/wp-content/uploads/2021/04/AD643989-19FF-4328-A9AE-536C401DAE11-scaled.jpeg, https://punpunkun.com/wp-content/uploads/2021/04/9B316C3D-D5FA-4518-9F75-15103943C1D4-scaled.jpeg, https://punpunkun.com/wp-content/uploads/2021/04/BAAFC7DB-82A6-4006-99B8-F1367C886A3D-scaled.jpeg",,,,,,,,,316,,สี,สีม่วง,1,1,อายุ,0เดือน,1,1,,,,,,,,,Good
6437,simple,200009,,Skip hop bandana buddies activity fox ของเล่นแขวนผ้า,1,0,visible,"ตุ๊กตาผ้าขนกำมะหยี่เนื้อนุ่มนิ่ม\n\n&nbsp;\n\nมีเสียงกรุ๊งกริ๊ง เสียงกร๊อปแกร๊บ ริบบิ้น ยางกัดผ้าพันคอ ตัวผ้าพันคอรูปยางกัดสามารถแกะออกมากัดเล่น และล้างได้สะดวก สินค้าปลอดภัย ไม่มีสารพิษ และ BPA-Free เหมาะสำหรับเด็กวัย 3 เดือนขึ้นไป",,,,taxable,,1,,,0,0,1,,,,0,,400,990,สินค้าและอุปกรณ์สำหรับเด็ก,,,"https://punpunkun.com/wp-content/uploads/2021/04/24707891-AFD8-4E20-A07C-2AEE4A28D656-scaled.jpeg, https://punpunkun.com/wp-content/uploads/2021/04/F9F37EF3-A322-4892-97F3-586D27A2D46F-scaled.jpeg, https://punpunkun.com/wp-content/uploads/2021/04/9A93B231-4F6C-4F52-B34F-B52990A83DDD-scaled.jpeg",,,,,,,,,273,,สี,สีน้ำตาล,1,1,อายุ,3เดือน,1,1,,,,,,,,,Good
6440,simple,500005,,Bonbebe jumbo baby เก้าอี้หัดนั่ง,1,0,visible,เก้าอี้หัดนั่งพร้อมถาด สีเหลือง,,,,taxable,,1,1,,0,0,4.5,,,,0,,1930,4290,สินค้าและอุปกรณ์สำหรับเด็ก,,,"https://punpunkun.com/wp-content/uploads/2021/04/8F920B95-410C-42A0-8774-020ECFB895F5-scaled.jpeg, https://punpunkun.com/wp-content/uploads/2021/04/F3A0B107-56C1-4A03-94B2-675C17A39FC8-scaled.jpeg, https://punpunkun.com/wp-content/uploads/2021/04/0A5D2807-CE20-4ABC-9A97-8AC6E2F60E87-scaled.jpeg, https://punpunkun.com/wp-content/uploads/2021/04/E1A363DA-831B-4A04-B5C9-BE38070F6AB9-scaled.jpeg, https://punpunkun.com/wp-content/uploads/2021/04/22E1177A-5FF0-43E8-B850-FC526B018924-scaled.jpeg, https://punpunkun.com/wp-content/uploads/2021/04/3FB80047-1B67-416F-83AD-D0B67D9DCA42-scaled.jpeg, https://punpunkun.com/wp-content/uploads/2021/04/0C050550-CDB9-478C-B562-DB262F3FF06D-scaled.jpeg, https://punpunkun.com/wp-content/uploads/2021/04/E49354C7-EAD7-4BE1-B027-64A661629D67-scaled.jpeg",,,,,,,,,59,,สี,สีเหลือง,1,1,,,,,,,,,,,,,Good
6443,simple,200008,,Camera Baby MOM Bag กระเป๋าเก็บความเย็น,1,0,visible,"เป็นกระเป๋าเอนกประสงค์\n\n&nbsp;\n\nสำหรับคุณแม่ 2ชั้น สามารถใส่เครื่องปั๊มนม Spectra S1 ได้ มีช่องใส่ขนาดใหญ่ ป้องกันการหกเลอะเทอะของการบรรจุของเหลว",,,,taxable,,1,,,0,0,0.7,,,,0,,550,1100,สินค้าและอุปกรณ์สำหรับเด็ก,,,"https://punpunkun.com/wp-content/uploads/2021/04/FE1CC7BB-DD61-4F64-9A23-AE4A01C74A5E-scaled.jpeg, https://punpunkun.com/wp-content/uploads/2021/04/B8855D98-FD18-457C-97C4-4538C27B4B2B-scaled.jpeg, https://punpunkun.com/wp-content/uploads/2021/04/B5061A07-84DD-442D-AB93-185E439FE031-scaled.jpeg, https://punpunkun.com/wp-content/uploads/2021/04/957B0E6F-0B8D-46FB-BCF8-CA978EEA2F34-scaled.jpeg",,,,,,,,,85,,สี,สีชมพู,1,1,อายุ,0เดือน,1,1,,,,,,,,,Good
6446,simple,500004,,Mamas &amp; Papas เบาะรองเปลี่ยนผ้าอ้อม,1,0,visible,เบาะรองเปลี่ยนผ้าอ้อม ตัวเบาะนุ่ม สบาย สีขาว,,,,taxable,,0,0,,0,0,0.5,,,,1,,300,900,ของเล่นและเครื่องนอนการตกแต่ง,,,"https://punpunkun.com/wp-content/uploads/2021/04/6176B746-F394-4EBB-8B1A-1A1B494A37C7-scaled.jpeg, https://punpunkun.com/wp-content/uploads/2021/04/C02B337E-2938-4B77-89C7-11AC6C070B14-scaled.jpeg",,,,,,,,,196,,สี,สีขาว,1,1,,,,,,,,,,,,,Mint
6457,simple,200007,,HUGGIES ผ้าห่มเด็กมีฮู้ดหมี,1,0,visible,"ผ้าห่มเด็กมีฮู้ดหมี แบรนด์ Huggies\n\n&nbsp;\n\nสำหรับสวมใส่หรือคลุมให้ความอบอุ่นแก่ร่างกาย",,,,taxable,,1,1,,0,0,0.4,,,,0,,140,200,สินค้าและอุปกรณ์สำหรับเด็ก,,,"https://punpunkun.com/wp-content/uploads/2021/04/7DA01B04-E6A7-4D32-8EE5-90F53C16EC83-scaled.jpeg, https://punpunkun.com/wp-content/uploads/2021/04/CA866176-24C2-43BF-A166-F84169BD1B16-scaled.jpeg, https://punpunkun.com/wp-content/uploads/2021/04/62D90010-276F-48D6-BE9F-D2B756CF2CA3-scaled.jpeg",,,,,,,,,172,,สี,สีน้ำตาล,1,1,อายุ,0เดือน,1,1,,,,,,,,,Mint
6459,simple,500003,,Babymoov หมอนป้องกันศรีษะสำหรับเด็ก,1,0,visible,หมอนป้องกันศรีษะสำรหับเด็ก สีเทา,,,,taxable,,1,1,,0,0,1,,,,0,,390,1300,สินค้าและอุปกรณ์สำหรับเด็ก,,,"https://punpunkun.com/wp-content/uploads/2021/04/6391F55F-3086-4201-B183-B90EB5BAA398-scaled.jpeg, https://punpunkun.com/wp-content/uploads/2021/04/E68F41F5-36C4-4E6F-A7AC-6F02874E27A3-scaled.jpeg, https://punpunkun.com/wp-content/uploads/2021/04/D4E905F2-1208-4133-8389-ED1B1811F6FC-scaled.jpeg",,,,,,,,,36,,สี,สีเทา,1,1,,,,,,,,,,,,,Good
6462,simple,200006,,Grace kids เครื่องนอนสำหรับเด็ก,1,0,visible,ชุดเครื่องนอน สำหรับเด็กแรกเกิดขึ้นไป แบรนด์ Grace kids ใช้สำหรับปูรองนอน มาพร้อมกระเป๋าพกพา ที่ผ่านการตรวจสิ่งแปลกปลอมหรือสิ่งปนเปื้อนประเภทโลหะในสินค้าและวัตถุดิบ,,,,taxable,,0,-1,,0,0,,,,,1,,110,350,ของเล่นและเครื่องนอนการตกแต่ง,,,"https://punpunkun.com/wp-content/uploads/2021/04/032699DE-BDFB-45E9-8290-26EB56D132A9-scaled.jpeg, https://punpunkun.com/wp-content/uploads/2021/04/C414A940-E825-4274-9EEB-0A066548BDCC-scaled.jpeg",,,,,,,,,163,,สี,สีฟ้า,1,1,อายุ,0เดือน,1,1,,,,,,,,,Good
6464,simple,200005,,Grace kids เครื่องนอนสำหรับเด็ก,1,0,visible,ชุดเครื่องนอน สำหรับเด็กแรกเกิดขึ้นไป แบรนด์ Grace kids ใช้สำหรับปูรองนอน มาพร้อมกระเป๋าพกพา ที่ผ่านการตรวจสิ่งแปลกปลอมหรือสิ่งปนเปื้อนประเภทโลหะในสินค้าและวัตถุดิบ,,,,taxable,,0,0,,0,0,,,,,1,,110,350,ของเล่นและเครื่องนอนการตกแต่ง,,,"https://punpunkun.com/wp-content/uploads/2021/04/9A6920DD-0344-453E-A41E-5EE69F3523DD-scaled.jpeg, https://punpunkun.com/wp-content/uploads/2021/04/71C51922-620F-4863-A39D-F1CA4D351E82-scaled.jpeg",,,,,,,,,164,,สี,สีชมพู,1,1,อายุ,0เดือน,1,1,,,,,,,,,Good
6470,simple,200004,,Bonbebe jumbo premium seat เก้าอี้หัดนั่ง,1,0,visible,เก้าอี้หัดนั่งเด็ก นั่งได้นาน ทั่งเก้าอี้และถาด วัสดุนุ่ม รองรับน้ำหนักได้ดี ไม่แข็ง เหมือนเก้าอี้พลาสติก มีพนังพิงสูงถึงศรีษะสำหรับเด็กเล็ก มีหมอนรองคอรูปหมีช่วย Support และหนุนศรีษะของน้องนั่งหรือพิง ใช้ได้ตั้งแต่ 3 เดือน - 5 ขวบ (โดยประมาณ),,,,taxable,,1,,,0,0,5,,,,0,,1750,4290,สินค้าและอุปกรณ์สำหรับเด็ก,,,"https://punpunkun.com/wp-content/uploads/2021/04/2C2310C4-C4B8-4286-869C-C73E2CE91ABF-scaled.jpeg, https://punpunkun.com/wp-content/uploads/2021/04/752BFE01-C99D-4ECF-9E88-3E07E1BBDBDB-scaled.jpeg, https://punpunkun.com/wp-content/uploads/2021/04/BCAB8FA2-DBD5-4CC8-93BE-A03A5DCAB0A1-scaled.jpeg, https://punpunkun.com/wp-content/uploads/2021/04/ECA40BC5-0923-4527-968A-B44D1A6246D8-scaled.jpeg, https://punpunkun.com/wp-content/uploads/2021/04/ED64CB16-96FB-485A-BC7A-8699F8FA10B2-scaled.jpeg, https://punpunkun.com/wp-content/uploads/2021/04/6EFCB5F0-6B55-406F-AA96-20CB9A565748-scaled.jpeg, https://punpunkun.com/wp-content/uploads/2021/04/ACBF298D-3524-4A0E-B483-D3FD4FFE0223-scaled.jpeg",,,,,,,,,60,,สี,สีเหลือง,1,1,อายุ,3เดือน,1,1,,,,,,,,,Fair
6484,simple,500002,,Almofada de banho baleia เบาะอาบน้ำปลาวาฬ,1,0,visible,เบาะอาบน้ำปลาวาฬสำหรับเด็ก สีฟ้า,,,,taxable,,1,1,,0,0,1,,,,0,,360,1200,สินค้าและอุปกรณ์สำหรับเด็ก,,,"https://punpunkun.com/wp-content/uploads/2021/04/S__10051891.jpg, https://punpunkun.com/wp-content/uploads/2021/04/S__10051893.jpg",,,,,,,,,13,,สี,สีฟ้า,1,1,,,,,,,,,,,,,Good
6494,simple,200003,,Car Seats คาร์ซีทสำหรับเด็ก,1,0,visible,คาร์ซีทสำหรับเด็กหมุนได้รอบ 360 องศา สามารถดูแลน้องอุ้มเข้าออกโดยไม่รบกวนน้อง เข็มขัดล็อค 5 จุด เบาะนั่งกว้างและนิ่มระบายอากาศได้ดี สามารภใช้งานได้ปกติ,,,,taxable,,1,1,,0,0,13,,,,0,,3850,5500,สินค้าและอุปกรณ์สำหรับเด็ก,,,"https://punpunkun.com/wp-content/uploads/2021/04/35920571-098F-473B-980F-DA97350B3907-scaled.jpeg, https://punpunkun.com/wp-content/uploads/2021/04/C4C5A184-5FF7-4FF7-8DB8-75B063CF9BB2-scaled.jpeg, https://punpunkun.com/wp-content/uploads/2021/04/E85C4BF5-424C-4ADE-98A1-2B9BD15013EA-scaled.jpeg, https://punpunkun.com/wp-content/uploads/2021/04/BA54E8D9-3943-46FB-A4A2-4F31294D6F13-scaled.jpeg, https://punpunkun.com/wp-content/uploads/2021/04/C082C27E-8006-4340-937E-11F0B51A4DF5-scaled.jpeg, https://punpunkun.com/wp-content/uploads/2021/04/5E06B936-268E-42D9-A5D3-5DD66CB8CA37-scaled.jpeg, https://punpunkun.com/wp-content/uploads/2021/04/5E3330DB-7EDC-4D53-8B90-50733EA3C74E-scaled.jpeg, https://punpunkun.com/wp-content/uploads/2021/04/BAE08186-351E-4AE5-A9F7-88F5B9DF9660-scaled.jpeg, https://punpunkun.com/wp-content/uploads/2021/04/D03D6D4C-B2D8-47C4-A374-86A9A48DC608-scaled.jpeg",,,,,,,,,95,,สี,สีครีม,1,1,อายุ,0เดือน,1,1,,,,,,,,,Mint
6496,simple,200002,,Camera Hola ที่นอนมุ้งครอบ,1,0,visible,ที่นอนมุ้งครอบคาเมร่า Camera สำหรับเด็กแรกเกิดขึ้นไป ถึง 4-5 ปี มุ้งถอดได้ -ขอบข้างถอดได้,,,,taxable,,1,,,0,0,2,,,,0,,1250,2500,สินค้าและอุปกรณ์สำหรับเด็ก,,,"https://punpunkun.com/wp-content/uploads/2021/04/40157370-0EAC-4F7E-8450-531A8D04C2CE-scaled.jpeg, https://punpunkun.com/wp-content/uploads/2021/04/F8EC5D5B-4F7D-416A-865D-E53468B7E64D-scaled.jpeg, https://punpunkun.com/wp-content/uploads/2021/04/A42E40BF-B54F-4376-B9C0-EA0331FEAF10-scaled.jpeg",,,,,,,,,86,,สี,สีฟ้า,1,1,อายุ,0เดือน,1,1,,,,,,,,,Fair
6498,simple,200001,,Anti GERD Baby Pillow หมอนกันกรดไหลย้อน,1,0,visible,"หมอนกันกรดไหลย้อน แบรนด์ Mum mom\n\n&nbsp;\n\n&nbsp;\n\nลดกรดไหลย้อน แหวะนม",,,,taxable,,1,,,0,0,0.6,,,,0,,600,1990,สินค้าและอุปกรณ์สำหรับเด็ก,,,"https://punpunkun.com/wp-content/uploads/2021/04/BE941259-95E1-4306-91DC-4F5254440D71-scaled.jpeg, https://punpunkun.com/wp-content/uploads/2021/04/61831AA9-F77C-4D1A-8731-415D91B332CB-scaled.jpeg, https://punpunkun.com/wp-content/uploads/2021/04/71D2F8FB-C81F-4DEC-9DB6-AE380BE63591-scaled.jpeg, https://punpunkun.com/wp-content/uploads/2021/04/779BCFB8-FDB8-4608-A842-AC988DA5FEA6-scaled.jpeg",,,,,,,,,18,,สี,สีฟ้า,1,1,อายุ,0เดือน,1,1,,,,,,,,,Good
6516,simple,500001,,Animal Mobile โมบายสัตว์,1,0,visible,"โมบายตุ๊กตารูปสัตว์\n\n&nbsp;\n\nหมุนได้รอบ 360 องศา มีเสียงเพลง เสียงดนตรี และเสียงธรรมชาติที่ช่วยขับกล่อมลูกน้อย",,,,taxable,,1,1,,0,0,0.6,,,,0,,1050,1500,สินค้าและอุปกรณ์สำหรับเด็ก,,,"https://punpunkun.com/wp-content/uploads/2021/04/S__10051885.jpg, https://punpunkun.com/wp-content/uploads/2021/04/S__10051887.jpg, https://punpunkun.com/wp-content/uploads/2021/04/S__10051888.jpg, https://punpunkun.com/wp-content/uploads/2021/04/S__10051889.jpg",,,,,,,,,17,,สี,สีน้ำเงิน,1,1,อายุ,0เดือน,1,1,,,,,,,,,Mint
6672,simple,600061,,English book for kid set เซตหนังสือนิทานสำหรับเด็ก,1,0,visible,เซตหนังสือนิทานสำหรับเด็ก 4 เล่ม,,,,taxable,,1,,,0,0,0.9,,,,0,,300,750,หนังสือและการเรียนรู้,,,"https://punpunkun.com/wp-content/uploads/2021/04/CDA7ED89-5479-4B37-8D4D-11E68811BA44-scaled.jpeg, https://punpunkun.com/wp-content/uploads/2021/04/3B453FFB-4D9C-43B1-998A-863F0E3B8F53-scaled.jpeg",,,,,,,,,141,,,,,,,,,,,,,,,,,,Good
6674,simple,600060,,Jurassic world book set เซตหนังสือไดโนเสาร์คืนชีพ,1,0,visible,เซตหนังสือไดโนเสาร์คืนชีพ 2 เล่ม,,,,taxable,,0,0,,0,0,1.4,,,,1,,140,700,หนังสือและการเรียนรู้,,,"https://punpunkun.com/wp-content/uploads/2021/04/6447C0C9-EBEC-465C-9283-3325785DD60C-scaled.jpeg, https://punpunkun.com/wp-content/uploads/2021/04/CE912576-9C0E-4A6C-A090-B3B2D066E477-scaled.jpeg, https://punpunkun.com/wp-content/uploads/2021/04/AB445408-CF3D-47DB-9F07-EDD1B3160B60-scaled.jpeg",,,,,,,,,181,,,,,,,,,,,,,,,,,,Fair
6676,simple,600059,,Speedo Kids Athletic water shoes รองเท้าสำหรับเด็กกันน้ำ,1,0,visible,รองเท้าผ้าใบ แบรนด์ Speedo สีดำ กันน้ำ ไซส์13/1,,,,taxable,,1,,,0,0,0.4,,,,0,,600,1200,อุปกรณ์อิเล็คทรอนิกส์และเครื่องใช้ไฟฟ้า,,,https://punpunkun.com/wp-content/uploads/2021/04/C266F7B0-2B65-42B8-8E0F-AE0BFC9034AB-scaled.jpeg,,,,,,,,,277,,สี,สีดำ,1,1,เพศ,ชาย,1,1,,,,,,,,,Good
6678,simple,600058,,Star wars book set เซตหนังสือสตาร์วอร์ส,1,0,visible,เซตหนังสือสตาร์วอร์ส 2 เล่ม,,,,taxable,,1,,,0,0,0.3,,,,0,,65,160,หนังสือและการเรียนรู้,,,https://punpunkun.com/wp-content/uploads/2021/04/D404699B-FB1B-4F5D-A6ED-B2D52C3CC5B0-scaled.jpeg,,,,,,,,,282,,,,,,,,,,,,,,,,,,Good
6680,simple,600057,,Star wars book kid set เซตหนังสือสตาร์วอร์สสำหรับเด็ก,1,0,visible,หนังสือสตาร์วอร์ส 2 เล่ม,,,,taxable,,1,,,0,0,0.2,,,,0,,145,354,หนังสือและการเรียนรู้,,,"https://punpunkun.com/wp-content/uploads/2021/04/FA43553A-4689-49F8-AD56-432A3B80337D-scaled.jpeg, https://punpunkun.com/wp-content/uploads/2021/04/BC6CC59B-5FD3-491A-8F90-5D8802CBD260-scaled.jpeg",,,,,,,,,281,,,,,,,,,,,,,,,,,,Good
6682,simple,600056,,Lego city book kid หนังสือเมืองเลโก้สำหรับเด็ก,1,0,visible,หนังสือเมืองเลโก้สำหรับเด็ก,,,,taxable,,1,,,0,0,0.2,,,,0,,50,115,หนังสือและการเรียนรู้,,,"https://punpunkun.com/wp-content/uploads/2021/04/6D9331A1-BEE5-4AF7-95EF-BBC7862130FF-scaled.jpeg, https://punpunkun.com/wp-content/uploads/2021/04/3B3065E5-2F5B-4B08-BDD4-4F0D354E5FAA-scaled.jpeg",,,,,,,,,187,,,,,,,,,,,,,,,,,,Good
6684,simple,600055,,Ben ten book kid หนังสือเบ็นเท็น,1,0,visible,หนังสือการ์ตูนเบ็นเท็น,,,,taxable,,1,,,0,0,0.3,,,,0,,210,300,หนังสือและการเรียนรู้,,,"https://punpunkun.com/wp-content/uploads/2021/04/D41FB748-6C67-4A52-A3D1-54F7966F6F7C-scaled.jpeg, https://punpunkun.com/wp-content/uploads/2021/04/6C613430-A743-4088-8CEF-ADB521344440-scaled.jpeg",,,,,,,,,43,,,,,,,,,,,,,,,,,,New
6686,simple,600054,,Marvel book set เซตหนังสือมาร์เวล,1,0,visible,หนังสือมาร์เวล ซุปเปอร์ฮีโร่ 3 เล่ม,,,,taxable,,1,,,0,0,0.4,,,,0,,100,240,หนังสือและการเรียนรู้,,,https://punpunkun.com/wp-content/uploads/2021/04/08BDF765-6D9A-4854-A50F-5D476819A640-scaled.jpeg,,,,,,,,,197,,,,,,,,,,,,,,,,,,Good
6688,simple,600053,,Reebok Freestyle Hi News รองเท้าผ้าใบสำหรับเด็ก,1,0,visible,"รองเท้าผ้าใบกันน้ำ แบรนด์ Reebok\n\n&nbsp;\n\n&nbsp;\n\nสีดำ ไซส์ USA 3 UK 2.5 EUR 34 CM 22 MM 220",,,,taxable,,1,,,0,0,1,,,,0,,955,1905,อุปกรณ์อิเล็คทรอนิกส์และเครื่องใช้ไฟฟ้า,,,https://punpunkun.com/wp-content/uploads/2021/04/B7083A9C-993C-4034-A8D9-69BC93901064-scaled.jpeg,,,,,,,,,265,,สี,สีดำ,1,1,เพศ,ชาย,1,1,,,,,,,,,Good
6690,simple,600052,,Lego book for kid set เซตหนังสือเลโก้สำหรับเด็ก,1,0,visible,เซตหนังสือเลโก้สำหรับเด็ก 2 เล่ม,,,,taxable,,1,,,0,0,0.5,,,,0,,225,560,หนังสือและการเรียนรู้,,,"https://punpunkun.com/wp-content/uploads/2021/04/8C0E7AF3-41EC-45F7-982C-DFFD601E5740-scaled.jpeg, https://punpunkun.com/wp-content/uploads/2021/04/472D7248-6DFC-4EF5-B8AF-9A0F07452940-scaled.jpeg",,,,,,,,,185,,,,,,,,,,,,,,,,,,Good
6692,simple,600051,,Marvel book set เซตหนังสือมาร์เวล,1,0,visible,หนังสือมาร์เวล ซุปเปอร์ฮีโร่ 3 เล่ม,,,,taxable,,1,,,0,0,0.3,,,,0,,160,400,หนังสือและการเรียนรู้,,,"https://punpunkun.com/wp-content/uploads/2021/04/8815F973-9D08-4869-9B34-912E4EE915BF-scaled.jpeg, https://punpunkun.com/wp-content/uploads/2021/04/943BD249-D9E2-407D-9624-4C204B2EB174-scaled.jpeg",,,,,,,,,198,,,,,,,,,,,,,,,,,,Good
6694,simple,600050,,Lego book for kid หนังสือเลโก้สำหรับเด็ก,1,0,visible,หนังสือเลโก้สำหรับเด็ก,,,,taxable,,1,,,0,0,0.5,,,,0,,160,400,หนังสือและการเรียนรู้,,,"https://punpunkun.com/wp-content/uploads/2021/04/1A9A39A8-5A6C-4945-B1FE-A99EDE22C2DF-scaled.jpeg, https://punpunkun.com/wp-content/uploads/2021/04/BBA7DC44-089E-4557-9A5D-EA6F0D2D1286-scaled.jpeg",,,,,,,,,186,,,,,,,,,,,,,,,,,,Good
6696,simple,600049,,Transformers book for kid หนังสือทรานฟอร์เมอร์สำหรับเด็ก,1,0,visible,หนังสือทรานฟอร์เมอร์สำหรับเด็ก,,,,taxable,,1,,,0,0,0.5,,,,0,,100,250,หนังสือและการเรียนรู้,,,"https://punpunkun.com/wp-content/uploads/2021/04/5C07D232-04E4-4E05-BF3D-0BEF69E619DC-scaled.jpeg, https://punpunkun.com/wp-content/uploads/2021/04/237E1E89-C92F-421E-98AB-AC901F8B3709-scaled.jpeg",,,,,,,,,318,,,,,,,,,,,,,,,,,,Good
6698,simple,600048,,Marvel book set เซตหนังสือมาร์เวล,1,0,visible,หนังสือมาร์เวล ซุปเปอร์ฮีโร่ 3 เล่ม,,,,taxable,,1,,,0,0,0.3,,,,0,,160,400,หนังสือและการเรียนรู้,,,"https://punpunkun.com/wp-content/uploads/2021/04/C1ACAA8F-34CA-4C58-A679-8A6E37ADF6BF-scaled.jpeg, https://punpunkun.com/wp-content/uploads/2021/04/82197F4F-5EF3-443B-97AD-C9E8AA98E0A4-scaled.jpeg",,,,,,,,,199,,,,,,,,,,,,,,,,,,Good
6700,simple,600047,,minions book for kid หนังสือมิเนี่ยนสำหรับเด็ก,1,0,visible,หนังสือมิเนี่ยนสำหรับเด็ก,,,,taxable,,1,,,0,0,0.2,,,,0,,55,130,หนังสือและการเรียนรู้,,,"https://punpunkun.com/wp-content/uploads/2021/04/6A79043E-9768-4365-9F1F-3A52B23D79E4-scaled.jpeg, https://punpunkun.com/wp-content/uploads/2021/04/63E7C492-8597-42DD-839D-090AA95A654A-scaled.jpeg",,,,,,,,,211,,,,,,,,,,,,,,,,,,Good
6702,simple,600046,,Dr. Seuss book for kid set เซตหนังสือ ดร.ซูสส์ สำหรับเด็ก,1,0,visible,หนังสือ ดร.ซูสส์ สำหรับเด็ก 10 เล่ม,,,,taxable,,0,0,,0,0,1.5,,,,1,,500,1600,หนังสือและการเรียนรู้,,,"https://punpunkun.com/wp-content/uploads/2021/04/2102C51B-6308-4E56-AB38-A511649166A7-scaled.jpeg, https://punpunkun.com/wp-content/uploads/2021/04/25304052-974F-4C71-A6B2-4A0C121B7714-scaled.jpeg, https://punpunkun.com/wp-content/uploads/2021/04/A078BAA0-4601-4990-A780-6690985D1246-scaled.jpeg",,,,,,,,,133,,,,,,,,,,,,,,,,,,Good
6704,simple,600045,,Julia donaldson book for kid set เซตหนังสือจูเลีย โดนัลด์สัน สำหรับเด็ก,1,0,visible,เซตหนังสือจูเลีย โดนัลด์สัน สำหรับเด็ก 18 เล่ม,,,,taxable,,1,,,0,0,1.5,,,,0,,1155,2880,หนังสือและการเรียนรู้,,,"https://punpunkun.com/wp-content/uploads/2021/04/9D2307E7-32E1-4025-B64F-6A8BDA6F1B32-scaled.jpeg, https://punpunkun.com/wp-content/uploads/2021/04/F7E7DE4C-3D9A-40BB-8149-CCEFCBF7D90E-scaled.jpeg",,,,,,,,,179,,,,,,,,,,,,,,,,,,Good
6707,simple,600044,,J Snakemoc D-TUM.LEA+TUM.GBK รองเท้าสำหรับเด็ก,1,0,visible,"รองเท้าผ้าใบสำหรับเด็ก แบรนด์ GEOX\n\n&nbsp;\n\nสีน้ำตาล ขนาด EU 31 UK 12.5 USA 130 MM 206",,,,taxable,,1,,,0,0,0.7,,,,0,,1525,3050,อุปกรณ์อิเล็คทรอนิกส์และเครื่องใช้ไฟฟ้า,,,"https://punpunkun.com/wp-content/uploads/2021/04/8BD4C300-40A1-4642-802F-ADD528F6C97D-scaled.jpeg, https://punpunkun.com/wp-content/uploads/2021/04/EED862F4-DC28-4191-94FB-5F4A300EB79E-scaled.jpeg, https://punpunkun.com/wp-content/uploads/2021/04/AB530B79-6E12-4A91-A5EF-92A5A7359439-scaled.jpeg",,,,,,,,,175,,สี,สีน้ำตาล,1,1,เพศ,ชาย,1,1,,,,,,,,,Good
6709,simple,600043,,Book talking to jids about their bodies with amazing you หนังสือเกี่ยวกับร่างกายสำหรับเด็ก,1,0,visible,หนังสือเกี่ยวกับร่างกาย 2 เล่ม,,,,taxable,,1,,,0,0,0.3,,,,0,,180,450,หนังสือและการเรียนรู้,,,"https://punpunkun.com/wp-content/uploads/2021/04/CFB9286F-F99A-48F0-8CE5-B73AF144C351-scaled.jpeg, https://punpunkun.com/wp-content/uploads/2021/04/16C37A45-388D-41FD-A7A3-E4CAB0F5D01D-scaled.jpeg",,,,,,,,,63,,,,,,,,,,,,,,,,,,Good
6711,simple,600042,,Marvel book set เซตหนังสือมาร์เวล,1,0,visible,หนังสือมาร์เวล ซุปเปอร์ฮีโร่ 2 เล่ม,,,,taxable,,1,,,0,0,0.6,,,,0,,440,1100,หนังสือและการเรียนรู้,,,"https://punpunkun.com/wp-content/uploads/2021/04/13E1199A-204C-451A-896F-926ECAB94D20-scaled.jpeg, https://punpunkun.com/wp-content/uploads/2021/04/9B26EC24-6F7A-41CB-AA7C-B51FACD49B82-scaled.jpeg",,,,,,,,,200,,,,,,,,,,,,,,,,,,Good
6713,simple,600041,,Julia donaldson book for kid set เซตหนังสือจูเลีย โดนัลด์สัน สำหรับเด็ก,1,0,visible,เซตหนังสือจูเลีย โดนัลด์สัน สำหรับเด็ก 2 เล่ม,,,,taxable,,1,,,0,0,0.4,,,,0,,160,400,หนังสือและการเรียนรู้,,,"https://punpunkun.com/wp-content/uploads/2021/04/DB328207-773B-4607-8AC2-0E4F71B93BAE-scaled.jpeg, https://punpunkun.com/wp-content/uploads/2021/04/18D112B3-F530-420F-98C7-58AB9FE9FB07-scaled.jpeg",,,,,,,,,180,,,,,,,,,,,,,,,,,,Good
6715,simple,600040,,The Day the Wi-Fi Broke หนังสือสำหรับเด็ก,1,0,visible,หนังสือ The Day the Wi-Fi Broke สำหรับเด็ก,,,,taxable,,1,,,0,0,0.2,,,,0,,100,250,หนังสือและการเรียนรู้,,,"https://punpunkun.com/wp-content/uploads/2021/04/09A5419B-DDC1-4B04-A959-A0671640061D-scaled.jpeg, https://punpunkun.com/wp-content/uploads/2021/04/A3D4D027-8A84-48EB-A695-91E495BCC445-scaled.jpeg",,,,,,,,,222,,,,,,,,,,,,,,,,,,Good
6717,simple,600039,,Paul Smith delai 2 รองเท้าหนังสำหรับเด็ก,1,0,visible,"รองเท้าหนังสำหรับเด็ก แบรนด์ Paul Smith\n\n&nbsp;\n\nสีดำ ขนาด34CM",,,,taxable,,1,,,0,0,1.6,,,,0,,7665,10950,อุปกรณ์อิเล็คทรอนิกส์และเครื่องใช้ไฟฟ้า,,,"https://punpunkun.com/wp-content/uploads/2021/04/359A24FD-B348-4456-A912-B52500AC35E1-scaled.jpeg, https://punpunkun.com/wp-content/uploads/2021/04/0E2A8F09-D080-4BFC-AA30-5545C5209082-scaled.jpeg, https://punpunkun.com/wp-content/uploads/2021/04/DC0422A9-4955-4C05-87F4-4F7689997EBD-scaled.jpeg, https://punpunkun.com/wp-content/uploads/2021/04/678AE177-0A94-44E0-BA38-43DA31D13407-scaled.jpeg",,,,,,,,,233,,สี,สีดำ,1,1,เพศ,ชาย,1,1,,,,,,,,,Mint
6719,simple,600038,,English book the tiny seed หนังสือเกี่ยวกับต้นไม้ภาษาอังกฤษ,1,0,visible,หนังสือเกี่ยวกับต้นไม้ภาษาอังกฤษ,,,,taxable,,1,,,0,0,0.2,,,,0,,140,350,หนังสือและการเรียนรู้,,,"https://punpunkun.com/wp-content/uploads/2021/04/702A1434-6BDA-4735-8B5F-41A63FFE447D-scaled.jpeg, https://punpunkun.com/wp-content/uploads/2021/04/0DF6C424-540E-4E0F-9BB0-87BA8E0A0179-scaled.jpeg",,,,,,,,,151,,,,,,,,,,,,,,,,,,Good
6721,simple,600037,,Dinosaur book หนังสือเกี่ยวกับไดโนเสาร์,1,0,visible,หนังสือเกี่ยวกับไดโนเสาร์,,,,taxable,,1,,,0,0,0.5,,,,0,,260,650,หนังสือและการเรียนรู้,,,"https://punpunkun.com/wp-content/uploads/2021/04/212ED37D-7FCE-4A0C-833C-E8D6F0D91F52-scaled.jpeg, https://punpunkun.com/wp-content/uploads/2021/04/04991DF3-9CDB-4A40-89FF-461637A83471-scaled.jpeg",,,,,,,,,120,,,,,,,,,,,,,,,,,,Good
6723,simple,600036,,Bolt plus X2 รองเท้าสเก็ต,1,0,visible,รองเท้าสเก็ต 2 ล้อสำหรับเด็ก แบรนด์ HEELYS สีฟ้า ขาว ไซส์ USA YTH4 UK 3 EUR 35 CM 22,,,,taxable,,1,,,0,0,1.5,,,,0,,2305,3070,อุปกรณ์อิเล็คทรอนิกส์และเครื่องใช้ไฟฟ้า,,,"https://punpunkun.com/wp-content/uploads/2021/04/5C10D9D6-A128-4EA2-8AB4-BB88729F2EAB-scaled.jpeg, https://punpunkun.com/wp-content/uploads/2021/04/15E01A82-1D88-4995-93BF-9A5E19C55859-scaled.jpeg",,,,,,,,,58,,สี,"สีขาว, สีฟ้า",1,1,เพศ,ชาย,1,1,,,,,,,,,New
6726,simple,600035,,Dinosaur book set เซตหนังสือเกี่ยวกับไดโนเสาร์,1,0,visible,"หนังสือไดโนเสาร์,สัตว์ทะเล,รถ 3 เล่ม",,,,taxable,,1,,,0,0,0.4,,,,0,,160,400,หนังสือและการเรียนรู้,,,"https://punpunkun.com/wp-content/uploads/2021/04/CD8C4FB1-D740-4B6F-BAE5-D6DFFCF51F48-scaled.jpeg, https://punpunkun.com/wp-content/uploads/2021/04/876F4562-B637-45B7-894C-78E4C45A35CE-scaled.jpeg",,,,,,,,,119,,,,,,,,,,,,,,,,,,Good
6728,simple,600034,,Popcorn eating squirrels book for kid set เซตหนังสือการ์ตูนสำหรับเด็ก,1,0,visible,เซตหนังสือการ์ตูนสำหรับเด็ก Popcorn eating squirrels,,,,taxable,,1,,,0,0,0.7,,,,0,,240,600,หนังสือและการเรียนรู้,,,"https://punpunkun.com/wp-content/uploads/2021/04/CBEFEE0E-7072-430F-9D4F-07B5A90B4FA7-scaled.jpeg, https://punpunkun.com/wp-content/uploads/2021/04/BE95F238-A527-49C2-9510-66120CA42F9E-scaled.jpeg",,,,,,,,,241,,,,,,,,,,,,,,,,,,Good
6731,simple,600033,,Cars Baby Boys 3D CHaracter Shool กระเป๋ารถเข็น,1,0,visible,กระเป๋ารถเข็นสำหรับเด็ก สีเเดง ขนาด18นิ้ว แบรนด์Jumia,,,,taxable,,1,,,0,0,1.7,,,,0,,3375,4500,เครื่องมือการเลี้ยงดูเด็ก,,,"https://punpunkun.com/wp-content/uploads/2021/04/6C80E855-216D-4A08-9106-63E4350CAF6B-scaled.jpeg, https://punpunkun.com/wp-content/uploads/2021/04/72577F9D-4875-4FDD-96EE-2C1595CD0E7B-scaled.jpeg, https://punpunkun.com/wp-content/uploads/2021/04/F6027DF9-CC65-4F58-A48F-45B19925E745-scaled.jpeg, https://punpunkun.com/wp-content/uploads/2021/04/F3C85541-083A-4FBA-85E1-ADF2FB621813-scaled.jpeg",,,,,,,,,100,,สี,สีแดง,1,1,เพศ,ชาย,1,1,,,,,,,,,Mint
6732,simple,600032,,Marvel book หนังสือมาร์เวล,1,0,visible,หนังสือมาร์เวล Spider Man vs Lizard,,,,taxable,,1,,,0,0,0.1,,,,0,,50,120,หนังสือและการเรียนรู้,,,"https://punpunkun.com/wp-content/uploads/2021/04/106B2DC5-80B3-453B-B00B-4A611B13837E-scaled.jpeg, https://punpunkun.com/wp-content/uploads/2021/04/67D75918-8D53-4296-A525-21B6BC13B93A-scaled.jpeg",,,,,,,,,202,,,,,,,,,,,,,,,,,,Good
6735,simple,600031,,English book for kid set เซตหนังสือการ์ตูนสำหรับเด็ก,1,0,visible,เซตหนังสือการ์ตูนสำหรับเด็ก,,,,taxable,,1,,,0,0,0.4,,,,0,,220,540,หนังสือและการเรียนรู้,,,"https://punpunkun.com/wp-content/uploads/2021/04/D896EA04-D517-45AA-8C71-22AD3B28A1D1-scaled.jpeg, https://punpunkun.com/wp-content/uploads/2021/04/576AFD5E-CA72-4877-9682-A7230F613121-scaled.jpeg",,,,,,,,,140,,,,,,,,,,,,,,,,,,Good
6737,simple,600030,,Book copy and draw dinosaurs หนังสือสอนวาดรูปไดโนเสาร์,1,0,visible,หนังสือสอนวาดรูปไดโนเสาร์,,,,taxable,,1,,,0,0,0.4,,,,0,,90,300,หนังสือและการเรียนรู้,,,"https://punpunkun.com/wp-content/uploads/2021/04/F5112F4B-B856-46A0-BDE6-144CA8B04196-scaled.jpeg, https://punpunkun.com/wp-content/uploads/2021/04/0C07BF90-0790-4E86-98B1-350032ED0234-scaled.jpeg, https://punpunkun.com/wp-content/uploads/2021/04/8482C7A9-95F6-4AF9-B95E-97EA76D42B34-scaled.jpeg",,,,,,,,,62,,,,,,,,,,,,,,,,,,Fair
6739,simple,600029,,English book for kid set เซตหนังสือสำหรับเด็กภาษาอังกฤษ,1,0,visible,หนังสือสำหรับเด็กภาษาอังกฤษ 2 เล่ม,,,,taxable,,1,,,0,0,0.4,,,,0,,210,520,หนังสือและการเรียนรู้,,,"https://punpunkun.com/wp-content/uploads/2021/04/CEA17FB7-CB04-4315-B53E-903AEC341307-scaled.jpeg, https://punpunkun.com/wp-content/uploads/2021/04/E4C592D6-14C9-4782-A082-1E5C46F662E7-scaled.jpeg",,,,,,,,,144,,,,,,,,,,,,,,,,,,Good
6741,simple,600001,,Ergobag Sportrucksack Barlissima กระเป๋าใส่รองเท้า,1,0,visible,"กระเป๋าใส่รองเท้า สีม่วง ขนาด35CM\n\n&nbsp;\n\nแบรนด์Ergobag",,,,taxable,,1,,,0,0,0.4,,,,0,,545,905,เครื่องมือการเลี้ยงดูเด็ก,,,"https://punpunkun.com/wp-content/uploads/2021/04/56B83024-4BE0-4D0B-B8FC-F051F59DEBEE-scaled.jpeg, https://punpunkun.com/wp-content/uploads/2021/04/4AC67F62-E51D-4DF1-931C-2DCA0FF8A24E-scaled.jpeg, https://punpunkun.com/wp-content/uploads/2021/04/C43715B3-D43C-4DB0-AAA7-26AD122778C6-scaled.jpeg",,,,,,,,,152,,สี,สีม่วง,1,1,เพศ,หญิง,1,1,,,,,,,,,Good
6742,simple,600028,,Geronimo stilton book for kid set เซตหนังสือนิทานสำหรับเด็ก,1,0,visible,เซตหนังสือนิทานสำหรับเด็ก 4 เล่ม,,,,taxable,,1,,,0,0,1.9,,,,0,,240,600,หนังสือและการเรียนรู้,,,https://punpunkun.com/wp-content/uploads/2021/04/8F23F8FC-3FEF-4AA2-93A4-6B8F6140A540-scaled.jpeg,,,,,,,,,162,,,,,,,,,,,,,,,,,,Good
6745,simple,600027,,Minecraft secrets&amp;cheats book set เซตหนังสือเกี่ยวกับMinecraft secrets&amp;cheats,1,0,visible,หนังสือ Minecraft secrets&amp;cheats 2 เล่ม,,,,taxable,,1,,,0,0,1,,,,0,,60,150,หนังสือและการเรียนรู้,,,"https://punpunkun.com/wp-content/uploads/2021/04/FEE71E95-21A7-4661-8412-999F707D8B1B-scaled.jpeg, https://punpunkun.com/wp-content/uploads/2021/04/25BF1924-4C89-4532-A440-A83895C20472-scaled.jpeg",,,,,,,,,210,,,,,,,,,,,,,,,,,,Good
6748,simple,600026,,English book elmer's day set เซตหนังสือนิทานสำหรับเด็ก elmer's day,1,0,visible,หนังสือนิทานสำหรับเด็ก elmer's day 4 เล่ม,,,,taxable,,0,0,,0,0,1,,,,1,,400,1200,หนังสือและการเรียนรู้,,,"https://punpunkun.com/wp-content/uploads/2021/04/03D09A11-C7D6-4484-AACE-54119CBC55D4-scaled.jpeg, https://punpunkun.com/wp-content/uploads/2021/04/B9729636-0D17-4A05-BF37-E9975956F418-scaled.jpeg",,,,,,,,,139,,,,,,,,,,,,,,,,,,Good
6751,simple,600025,,Angry birds book for kid set เซตหนังสือAngry birds สำหรับเด็ก,1,0,visible,เซตหนังสือAngry birds สำหรับเด็ก 4 เล่ม,,,,taxable,,1,,,0,0,0.6,,,,0,,130,320,หนังสือและการเรียนรู้,,,"https://punpunkun.com/wp-content/uploads/2021/04/4695365D-D5F4-4F37-B2C9-F40F666DED09-scaled.jpeg, https://punpunkun.com/wp-content/uploads/2021/04/B9F460C4-1A71-49A3-ACFC-258382965A08-scaled.jpeg",,,,,,,,,16,,,,,,,,,,,,,,,,,,Good
6754,simple,600024,,Cartoon Netwook BEN10 Backpack กระเป๋าสะพายข้าง,1,0,visible,"กระเป๋าสะพายข้างสำหรับเด็ก\n\n&nbsp;\n\nสีเขียว ขนาด9.5นิ้ว แบรนด์BEN10",,,,taxable,,1,,,0,0,0.3,,,,0,,770,1280,เครื่องมือการเลี้ยงดูเด็ก,,,"https://punpunkun.com/wp-content/uploads/2021/04/EBE123C9-F950-4AB7-93A2-5FA1F9638B8B-scaled.jpeg, https://punpunkun.com/wp-content/uploads/2021/04/900F0842-5C4F-469D-BC75-93B9098D763F-scaled.jpeg, https://punpunkun.com/wp-content/uploads/2021/04/B68A531A-23A0-4C90-96BA-22C4B8139B02-scaled.jpeg",,,,,,,,,101,,สี,สีเขียว,1,1,เพศ,ชาย,1,1,,,,,,,,,Good
6759,simple,600023,,Marvel book set เซตหนังสือมาร์เวล,1,0,visible,หนังสือมาร์เวลซุปเปอร์ฮีโร่ 2 เล่ม,,,,taxable,,1,,,0,0,0.3,,,,0,,75,180,หนังสือและการเรียนรู้,,,"https://punpunkun.com/wp-content/uploads/2021/04/FB11FF06-89DF-4FC5-BDDC-5C48B8EAE71D-scaled.jpeg, https://punpunkun.com/wp-content/uploads/2021/04/54C596D5-CAD6-4877-8EFF-C3D1425BFD34-scaled.jpeg",,,,,,,,,201,,,,,,,,,,,,,,,,,,Good
6766,simple,600022,,English book for kid set เซตหนังสือสำหรับเด็กภาษาอังกฤษ,1,0,visible,หนังสือสำหรับเด็กภาษาอังกฤษ 2 เล่ม,,,,taxable,,0,0,,0,0,1,,,,1,,135,450,หนังสือและการเรียนรู้,,,"https://punpunkun.com/wp-content/uploads/2021/04/1FCF000A-EEF9-4B98-ACAB-B12EDE116722-scaled.jpeg, https://punpunkun.com/wp-content/uploads/2021/04/B886B022-D005-4BB5-A262-4DB3A5F0B2E6-scaled.jpeg",,,,,,,,,145,,,,,,,,,,,,,,,,,,Good
6768,simple,600021,,English book for kid set เซตหนังสือสำหรับเด็กภาษาอังกฤษ,1,0,visible,หนังสือสำหรับเด็กภาษาอังกฤษ 2 เล่ม,,,,taxable,,1,,,0,0,0.5,,,,0,,200,500,หนังสือและการเรียนรู้,,,"https://punpunkun.com/wp-content/uploads/2021/04/E09102B4-43DA-4A04-A43F-D2E5C68478B8-scaled.jpeg, https://punpunkun.com/wp-content/uploads/2021/04/A7AF6142-EE68-463E-BD80-86C2B3BFF9B9-scaled.jpeg",,,,,,,,,146,,,,,,,,,,,,,,,,,,Good
6770,simple,600020,,English book for kid set เซตหนังสือนิทานสำหรับเด็ก,1,0,visible,เซตหนังสือนิทานสำหรับเด็ก 3 เล่ม,,,,taxable,,1,,,0,0,0.8,,,,0,,270,670,หนังสือและการเรียนรู้,,,"https://punpunkun.com/wp-content/uploads/2021/04/24FC38A9-CBBF-42F7-8D48-625CACF6F449-scaled.jpeg, https://punpunkun.com/wp-content/uploads/2021/04/CF2605C0-D975-4057-B2A5-B1534B8F9DF6-scaled.jpeg",,,,,,,,,142,,,,,,,,,,,,,,,,,,Good
6776,simple,600019,,English book for kid set เซตหนังสือนิทานสำหรับเด็ก,1,0,visible,เซตหนังสือนิทานสำหรับเด็ก 2 เล่ม,,,,taxable,,1,,,0,0,0.5,,,,0,,280,700,หนังสือและการเรียนรู้,,,"https://punpunkun.com/wp-content/uploads/2021/04/CA602490-F74E-4C28-9780-4445EFF733EA-scaled.jpeg, https://punpunkun.com/wp-content/uploads/2021/04/97AC6335-4AC0-4CF0-A5FF-11B9D28AE7C0-scaled.jpeg",,,,,,,,,143,,,,,,,,,,,,,,,,,,Good
6777,simple,600018,,Sesame street หมอนผ้าห่ม,1,0,visible,หมอนผ้าห่ม แบรนด์  Sesame street สีเเดง ขนาด 3.5*29CM,,,,taxable,,1,,,0,0,1.5,,,,0,,1690,2415,ของเล่นและเครื่องนอนการตกแต่ง,,,"https://punpunkun.com/wp-content/uploads/2021/04/246A458D-4021-4898-8407-6FB53D485B17-scaled.jpeg, https://punpunkun.com/wp-content/uploads/2021/04/301A31DD-E952-49BC-A30A-EB60E79880F3-scaled.jpeg",,,,,,,,,266,,สี,สีแดง,1,1,เพศ,"ชาย, หญิง",1,1,,,,,,,,,Mint
6781,simple,600017,,Chinese godzilla book set เซตหนังสือก๊อตซิลล่าภาษาจีน,1,0,visible,"หนังสือก๊อตซิลล่าภาษาจีน\n\n&nbsp;\n\nหนังสือใหม่ 1 เล่ม หนังสือแกะแล้ว 1 เล่ม",,,,taxable,,1,,,0,0,0.8,,,,0,,1400,2800,หนังสือและการเรียนรู้,,,"https://punpunkun.com/wp-content/uploads/2021/04/7C0908B7-7477-4082-903B-07853BB1F427-scaled.jpeg, https://punpunkun.com/wp-content/uploads/2021/04/873BACDC-FCBB-4DBA-A97D-470A8B98088E-scaled.jpeg",,,,,,,,,105,,,,,,,,,,,,,,,,,,Mint
6782,simple,600016,,Disney Baby Pooh Blanket ผ้าเช็ดตัวลายหมีพูห์,1,0,visible,"ผ้าเช็ดตัวลายหมีพูห์น่ารัก\n\n&nbsp;\n\nสำหรับเด็ก สีขาว ขนาด66x132CM แบรนด์Disney",,,,taxable,,1,,,0,0,0.3,,,,0,,590,843,ของเล่นและเครื่องนอนการตกแต่ง,,,"https://punpunkun.com/wp-content/uploads/2021/04/6E83438A-3091-424A-AD26-CDEF9BD87BD1-scaled.jpeg, https://punpunkun.com/wp-content/uploads/2021/04/BB44AF4E-8AEC-4D53-ABC5-7B7184942253-scaled.jpeg",,,,,,,,,126,,สี,สีขาว,1,1,เพศ,"ชาย, หญิง",1,1,,,,,,,,,Mint
6785,simple,600015,,Minecraft book set เซตหนังสือเกี่ยวกับMinecraft,1,0,visible,เซตหนังสือเกี่ยวกับ Minecraft  2 เล่ม,,,,taxable,,1,,,0,0,0.7,,,,0,,240,600,หนังสือและการเรียนรู้,,,https://punpunkun.com/wp-content/uploads/2021/04/94083FFB-9FF3-4EAB-AB28-5DEA3E2EEB2B-scaled.jpeg,,,,,,,,,209,,,,,,,,,,,,,,,,,,Good
6787,simple,600014,,English book for kid set เซตหนังสือสำหรับเด็กภาษาอังกฤษ,1,0,visible,เซตหนังสือภาษาอังกฤษ 4 เล่ม,,,,taxable,,1,,,0,0,0.8,,,,0,,440,1100,หนังสือและการเรียนรู้,,,"https://punpunkun.com/wp-content/uploads/2021/04/660A1E9C-E7C8-4D48-A306-9E930F7662FB-scaled.jpeg, https://punpunkun.com/wp-content/uploads/2021/04/36930FCE-C880-4003-A0C5-3ACF10C87913-scaled.jpeg",,,,,,,,,147,,,,,,,,,,,,,,,,,,Good
6790,simple,600013,,Marvel book หนังสือมาร์เวล,1,0,visible,หนังสือมาร์เวล ซุปเปอร์ฮีโร่,,,,taxable,,0,0,,0,0,0.9,,,,0,,155,380,หนังสือและการเรียนรู้,,,"https://punpunkun.com/wp-content/uploads/2021/04/DFC55C5A-796F-412E-ACF0-4EACF72059AF-scaled.jpeg, https://punpunkun.com/wp-content/uploads/2021/04/A9089DD0-0587-48ED-86E6-B77D22D4BD4C-scaled.jpeg",,,,,,,,,203,,,,,,,,,,,,,,,,,,Good
6792,simple,600012,,Marvel book หนังสือมาร์เวล,1,0,visible,หนังสือมาร์เวล ซุปเปอร์ฮีโร่,,,,taxable,,1,,,0,0,0.6,,,,0,,250,625,หนังสือและการเรียนรู้,,,"https://punpunkun.com/wp-content/uploads/2021/04/0DCF99E1-1A8F-483C-9F96-C7EC9F2E83D4-scaled.jpeg, https://punpunkun.com/wp-content/uploads/2021/04/0E1740BD-345F-49CC-9813-59CDDCF1431E-scaled.jpeg",,,,,,,,,204,,,,,,,,,,,,,,,,,,Good
6794,simple,600011,,Plan city play mat แผ่นรองของเล่น,1,0,visible,เป็นแผ่นฐานสำหรับเด็ก แบรนด์ Plan toy สีเขียว ขาว ขนาด 80 x 120CM,,,,taxable,,1,,,0,0,0.6,,,,0,,1595,2655,เครื่องมือการเลี้ยงดูเด็ก,,,"https://punpunkun.com/wp-content/uploads/2021/04/B1130E6C-4C83-432F-8733-A75FABAE35DC-scaled.jpeg, https://punpunkun.com/wp-content/uploads/2021/04/B9190DF7-981E-4A3E-9D7B-6997563FFDA8-scaled.jpeg, https://punpunkun.com/wp-content/uploads/2021/04/74C71635-503C-4B86-906F-3AB4CE47B02F-scaled.jpeg",,,,,,,,,236,,สี,"สีขาว, สีเขียว",1,1,เพศ,"ชาย, หญิง",1,1,,,,,,,,,Good
6797,simple,600010,,English book for kid Spoon: A Read-Along Book หนังสือการ์ตูนสำหรับเด็กเกี่ยวกับช้อน,1,0,visible,หนังสือการ์ตูนเกี่ยวกับช้อน,,,,taxable,,0,0,,0,0,1,,,,1,,95,312,หนังสือและการเรียนรู้,,,"https://punpunkun.com/wp-content/uploads/2021/04/7ED703DD-1D12-4FA9-8A64-24AD9F4D8CEC-scaled.jpeg, https://punpunkun.com/wp-content/uploads/2021/04/9FD951C1-7E86-4E69-98CD-3E9720DB22DD-scaled.jpeg",,,,,,,,,148,,สี,"สีฟ้า, สีแดง",1,1,เพศ,"ชาย, หญิง",1,1,,,,,,,,,Good
6809,simple,600009,,I'm a Scaredy-mouse book for kid หนังสือการ์ตูนสำหรับเด็ก,1,0,visible,หนังสือการ์ตูนสำหรับเด็ก,,,,taxable,,1,,,0,0,0.2,,,,0,,190,635,หนังสือและการเรียนรู้,,,"https://punpunkun.com/wp-content/uploads/2021/04/9AABC158-7680-46E1-9D25-4043131AE00D-scaled.jpeg, https://punpunkun.com/wp-content/uploads/2021/04/43A03C09-F6BC-4F62-BB6B-7912B54A8984-scaled.jpeg",,,,,,,,,173,,,,,,,,,,,,,,,,,,Fair
6814,simple,600008,,English book for kid หนังสือภาษาอังกฤษสำหรับเด็ก,1,0,visible,หนังสือภาษาอังกฤษสำหรับเด็ก,,,,taxable,,1,,,0,0,0.4,,,,0,,95,230,หนังสือและการเรียนรู้,,,"https://punpunkun.com/wp-content/uploads/2021/04/A1DF0849-EAA2-47E7-8364-AB0DA679D650-scaled.jpeg, https://punpunkun.com/wp-content/uploads/2021/04/8D280D68-077F-4A43-91CB-D0F46F85B123-scaled.jpeg",,,,,,,,,149,,,,,,,,,,,,,,,,,,Good
6816,simple,600007,,English book for kid หนังสือภาษาอังกฤษสำหรับเด็ก,1,0,visible,หนังสือภาษาอังกฤษสำหรับเด็ก,,,,taxable,,1,,,0,0,0.7,,,,0,,420,1050,หนังสือและการเรียนรู้,,,"https://punpunkun.com/wp-content/uploads/2021/04/370E9655-5AFC-4FFD-B48C-4BD6A11D3F7E-scaled.jpeg, https://punpunkun.com/wp-content/uploads/2021/04/ECB9314E-B171-4FEE-BD71-42971DDB27DB-scaled.jpeg",,,,,,,,,150,,,,,,,,,,,,,,,,,,Good
6818,simple,600006,,Luke Skywalker's Amazing Story หนังสือเกี่ยวกับสตาร์วอส์,1,0,visible,หนังสือเกี่ยวกับเรื่องสตาร์วอส์,,,,taxable,,0,0,,0,0,0.1,,,,0,,35,80,หนังสือและการเรียนรู้,,,"https://punpunkun.com/wp-content/uploads/2021/04/53D55307-D769-43BA-8F58-B1686BBF84DE-scaled.jpeg, https://punpunkun.com/wp-content/uploads/2021/04/4E4366D9-565D-4DF6-A588-7CA277B7DB5D-scaled.jpeg",,,,,,,,,195,,,,,,,,,,,,,,,,,,Good
6820,simple,600005,,Astonishing X-Men หนังสือซี่รี่ส์การ์ตูน,1,0,visible,ซี่รี่ส์หนังสือการ์ตูนสำหรับเด็ก,,,,taxable,,1,,,0,0,0.2,,,,0,,65,160,หนังสือและการเรียนรู้,,,"https://punpunkun.com/wp-content/uploads/2021/04/604F58CE-129B-4576-BEAA-50FBD1019AE9-scaled.jpeg, https://punpunkun.com/wp-content/uploads/2021/04/BDD56199-70D5-4BC1-8114-94F1DDB0E0CA-scaled.jpeg",,,,,,,,,19,,,,,,,,,,,,,,,,,,Good
6823,simple,600004,,How to Speak Dragonese หนังสือเกี่ยวกับการผจญภัย,1,0,visible,เป็นหนังสือเกี่ยวกับการผจญภัย,,,,taxable,,1,,,0,0,0.7,,,,0,,60,150,หนังสือและการเรียนรู้,,,https://punpunkun.com/wp-content/uploads/2021/04/8A529301-F303-4E75-A19E-F38C78EEECC5-scaled.jpeg,,,,,,,,,171,,,,,,,,,,,,,,,,,,Good
6825,simple,600003,,Marvel Super Hero Squad Adventure Collection หนังสือภาษาอังกฤษสำหรับเด็ก,1,0,visible,เป็นหนังสือภาษาอังกฤษสำหรับเด็ก,,,,taxable,,1,,,0,0,0.4,,,,0,,60,140,หนังสือและการเรียนรู้,,,"https://punpunkun.com/wp-content/uploads/2021/04/26D79DA6-2BDD-469F-8F03-6337174BC02E-scaled.jpeg, https://punpunkun.com/wp-content/uploads/2021/04/CAA2C45A-9823-486D-BB88-B5D97ED21886-scaled.jpeg",,,,,,,,,205,,,,,,,,,,,,,,,,,,Good
6827,simple,600002,,Star wars book หนังสือสตาร์วอส์,1,0,visible,เป็นหนังสือเกี่ยวกับสตาร์วอส์,,,,taxable,,1,,,0,0,0.4,,,,0,,210,520,หนังสือและการเรียนรู้,,,"https://punpunkun.com/wp-content/uploads/2021/04/0ED82E65-F017-4F21-9740-991214F53595-scaled.jpeg, https://punpunkun.com/wp-content/uploads/2021/04/A7F72BAA-B58F-4566-983C-91A469C165E8-scaled.jpeg",,,,,,,,,283,,,,,,,,,,,,,,,,,,Good
7079,simple,200117,,Spiderman remaote control car รถบังคับ360องศา,1,0,visible,รถยนต์บังคับสีแดง มีรีโมทควบคุม เหมาะกับเด็กอายุ3 ปีขึ้นไป,,,,taxable,,0,0,,0,0,0.4,,,,0,,450,750,ของเล่นและเครื่องนอนการตกแต่ง,,,"https://punpunkun.com/wp-content/uploads/2021/04/0B201494-E681-4A9B-B356-2658471DB180-scaled.jpeg, https://punpunkun.com/wp-content/uploads/2021/04/9F517162-E233-46DC-8A26-5C78A7DB2075-scaled.jpeg",,,,,,,,,278,,อายุ,3ปี,1,1,เพศ,"ชาย, หญิง",1,1,สี,สีแดง,1,1,,,,,Good
7085,simple,200118,,Children's mosquito net มุ้งครอบเด็ก,1,0,visible,มุ้งครอบสำหรับเด็ก พับเก็บได้,,,,taxable,,1,1,,0,0,0.7,,,,0,,540,900,สินค้าและอุปกรณ์สำหรับเด็ก,,,"https://punpunkun.com/wp-content/uploads/2021/04/1249C9C5-493E-4B38-8C62-B9EEFDF95717-scaled.jpeg, https://punpunkun.com/wp-content/uploads/2021/04/9C31A3DF-C502-4859-8BCC-03C737548FC2-scaled.jpeg, https://punpunkun.com/wp-content/uploads/2021/04/6266E743-8600-43CB-9B04-F240C3380CB1-scaled.jpeg, https://punpunkun.com/wp-content/uploads/2021/04/BEA7642F-746A-403C-9D16-ABC59B0CB57D-scaled.jpeg, https://punpunkun.com/wp-content/uploads/2021/04/34D24144-D2F7-44B7-ACF5-7CD6773B8609-scaled.jpeg",,,,,,,,,0,,สี,สีฟ้า,1,1,อายุ,0เดือน,1,1,,,,,,,,,Good
7088,simple,300059,,Striped Pajamas ชุดนอนคอวีขายาว ลายขวาง,1,0,visible,"ชุดนอน แบรนด์ Baby Gap สีเหลือง นุ่ม\n\n&nbsp;\n\nใส่สบาย ลายทางสุดน่ารักไซส์ เบบี้ 6เดือน(6M)",,,,taxable,,1,1,,0,0,0.2,,,,0,,180,590,สินค้าและอุปกรณ์สำหรับเด็ก,,,"https://punpunkun.com/wp-content/uploads/2021/03/4BC89B5D-A76B-49AB-9601-E656FEA85AD4-scaled.jpeg, https://punpunkun.com/wp-content/uploads/2021/03/D3DAC55B-7AA3-4688-8150-2919104E1792-scaled.jpeg, https://punpunkun.com/wp-content/uploads/2021/03/8C49B70D-E305-4565-A306-B1F0F8A92D34-scaled.jpeg",,,,,,,,,0,,สี,สีเหลือง,1,1,Size (เสื้อ),6M,1,1,อายุ,6เดือน,1,1,,,,,Good
7089,simple,100072,,Jum pair กางเกงขาจัมพ์,1,0,visible,"กางเกงขาจั้มพ์ แบรนด์ Carter's สีเทา\n\n&nbsp;\n\nนุ่ม ใส่สบาย เนื้อผ้าดี",,,,taxable,,1,1,,0,0,0.1,,,,0,,150,490,สินค้าและอุปกรณ์สำหรับเด็ก,,,"https://punpunkun.com/wp-content/uploads/2021/04/998BE2E2-595D-442E-B1DE-90BC4EBBCB38-scaled.jpeg, https://punpunkun.com/wp-content/uploads/2021/04/5108BA2C-AAE3-4BE2-ACC1-E1076F4E7C4D-scaled.jpeg, https://punpunkun.com/wp-content/uploads/2021/04/D43486C0-A35E-47D0-9ADD-AB7B9609BD0C-scaled.jpeg, https://punpunkun.com/wp-content/uploads/2021/04/E5CDA632-AE2B-449F-A8FC-4FBDD37EF61E-scaled.jpeg",,,,,,,,,0,,สี,สีเทา,1,1,Size (กางเกง),6M,1,1,อายุ,6เดือน,1,1,เพศ,ชาย,1,1,Good
7092,simple,300060,,Raccoon Pajamas ชุดนอนคอกลมขายาวลายปักแร็กคูณ,1,0,visible,"ชุดนอน แบรนด์ Carter’s สีเขียว นุ่ม\n\n&nbsp;\n\n&nbsp;\n\nใส่สบาย ลาย ปักแร็กคูณ ไซส์ เบบี้ 3เดือน(3M)",,,,taxable,,1,1,,0,0,0.2,,,,0,,180,590,สินค้าและอุปกรณ์สำหรับเด็ก,,,"https://punpunkun.com/wp-content/uploads/2021/03/CB73B8F0-DD50-4D82-B296-F456BE8E3D3D-scaled.jpeg, https://punpunkun.com/wp-content/uploads/2021/03/54D23B84-4459-476A-8639-7896F7E5CFDE-scaled.jpeg, https://punpunkun.com/wp-content/uploads/2021/03/39867DAB-6B51-4018-ABFB-D6522AD40C39-scaled.jpeg, https://punpunkun.com/wp-content/uploads/2021/03/64ADD2FB-8D16-4E74-BDBC-F0780CC686DF-scaled.jpeg, https://punpunkun.com/wp-content/uploads/2021/03/3CFBC22F-0FCF-4B05-8975-ABBFEF28538D-scaled.jpeg, https://punpunkun.com/wp-content/uploads/2021/03/6BC4D974-BDF8-437A-A0FC-912665C6EF16-scaled.jpeg",,,,,,,,,0,,สี,สีเขียว,1,1,Size (เสื้อ),3M,1,1,อายุ,3เดือน,1,1,,,,,Good
7094,simple,300061,,Striped Pants กางเกงขายาว ลายขวาง,1,0,visible,กางเกงขายาว แบรนด์ Carter’s สีดำ ลายขวาง ไซส์ เบบี้ 3เดือน(3M),,,,taxable,,1,1,,0,0,0.1,,,,0,,120,390,สินค้าและอุปกรณ์สำหรับเด็ก,,,"https://punpunkun.com/wp-content/uploads/2021/03/37DBC0FA-FEDB-4799-9555-8E2DA36D3343-scaled.jpeg, https://punpunkun.com/wp-content/uploads/2021/03/61508A00-7677-4F69-A714-FEEA8CEFEA1C-scaled.jpeg, https://punpunkun.com/wp-content/uploads/2021/03/4608B75D-F010-4057-8EFB-0935CBB2E771-scaled.jpeg",,,,,,,,,0,,สี,สีดำ,1,1,Size (กางเกง),3M,1,1,อายุ,3เดือน,1,1,,,,,Good
7096,simple,300062,,Summer Pants กางเกงขาสั้น ลายซัมเมอร์,1,0,visible,"กางเกงขาสั้น แบรนด์ Carter’s\n\n&nbsp;\n\nลายซัมเมอร์ สีกรม สุดเทห์ ไซส์ เบบี้ 3เดือน(3M)",,,,taxable,,1,1,,0,0,0.1,,,,0,,150,490,สินค้าและอุปกรณ์สำหรับเด็ก,,,"https://punpunkun.com/wp-content/uploads/2021/03/0964CB58-E39D-4630-ADFC-5831D45BE375-scaled.jpeg, https://punpunkun.com/wp-content/uploads/2021/03/B94C5042-0903-4C78-AB38-DCC53E8D7C6D-scaled.jpeg, https://punpunkun.com/wp-content/uploads/2021/03/123F0F12-AD93-49C1-8032-355D910EE704-scaled.jpeg, https://punpunkun.com/wp-content/uploads/2021/03/AC61D3B5-C41A-4C92-BAC8-B2081327C224-scaled.jpeg",,,,,,,,,0,,สี,สีกรม,1,1,Size (กางเกง),3M,1,1,อายุ,3เดือน,1,1,,,,,Good
7099,simple,300063,,Elephants Pajamas ชุดนอนคอวีขายาว ลายช้าง,1,0,visible,ชุดนอนขายาวแขนยาว แบรนด์ Naet สีกรม ลายช้าง มีกระดุมบริเวณด้านหน้า สวมใส่ง่าย ไซส์ 6เดือน(6M),,,,taxable,,1,1,,0,0,0.2,,,,0,,105,350,สินค้าและอุปกรณ์สำหรับเด็ก,,,"https://punpunkun.com/wp-content/uploads/2021/04/B7A8262E-F075-4E15-A04F-D2CDC560878B-scaled.jpeg, https://punpunkun.com/wp-content/uploads/2021/04/D0FC3300-7E0B-47A7-93AB-9E21904636F2-scaled.jpeg, https://punpunkun.com/wp-content/uploads/2021/04/C669DB80-ECD5-4B49-A2B3-CDC89AFC4571-scaled.jpeg",,,,,,,,,0,,สี,สีกรม,1,1,Size (เสื้อ),6M,1,1,อายุ,6เดือน,1,1,,,,,Good
7107,simple,100073,,Set LEN Mattress protector and Pillow for cot ผ้ารองกันเปื้อนที่นอนและหมอนเด็กอ่อน,1,0,visible,"ผ้ารองกันเปื้อนที่นอน แบรนด์ Ikea\n\n&nbsp;\n\nสีขาว 35x55 ซม. หมอนเด็กอ่อน ขาว35x55 ซม.",,,,taxable,,1,1,,0,0,0.4,,,,0,,315,390,สินค้าและอุปกรณ์สำหรับเด็ก,,,"https://punpunkun.com/wp-content/uploads/2021/05/3095CDEC-4492-46D0-8342-0BC77CB499D8.jpeg, https://punpunkun.com/wp-content/uploads/2021/05/752301A3-A6AB-44A3-949D-B024056EED46.jpeg, https://punpunkun.com/wp-content/uploads/2021/05/3095CDEC-4492-46D0-8342-0BC77CB499D8.jpeg",,,,,,,,,0,,สี,สีขาว,1,1,อายุ,0เดือน,1,1,,,,,,,,,New
7113,simple,100074,,Captivating Crab ที่ครอบกล้อง สำหรับถ่ายรูปเด็ก,1,0,visible,ที่ครอบกล้อง สำหรับถ่ายรูปเด็ก เรียกความสนใจจากเด็กให้มองที่กล้อง,,,,taxable,,1,1,,0,0,0.1,,,,0,,420,700,สินค้าและอุปกรณ์สำหรับเด็ก,,,"https://punpunkun.com/wp-content/uploads/2021/05/638E1CE6-5350-4F3F-B1A0-1B966667FA0E-rotated.jpeg, https://punpunkun.com/wp-content/uploads/2021/05/220C3A67-69FB-4ABE-80E2-62590D69F7F3-rotated.jpeg, https://punpunkun.com/wp-content/uploads/2021/05/7AACF7EA-6781-4F1D-82FB-F277A5E3246B-rotated.jpeg",,,,,,,,,0,,สี,สีส้ม,1,1,,,,,,,,,,,,,Good
7349,simple,600062,,Blue Pants กางเกงขาสั้นลายสก๊อต,1,0,visible,กางเกงขาสั้นลายสก๊อต แบรนด์ The Original Arizona Jean Companny สีกรม ไซส์ 2ปี(2T),,,,taxable,,1,,,0,0,0.2,,,,0,,60,200,เสื้อผ้าและเครื่องประดับ,,,"https://punpunkun.com/wp-content/uploads/2021/05/753BFE9B-617A-45CE-9D50-F4C950600BF0-rotated.jpeg, https://punpunkun.com/wp-content/uploads/2021/05/7203073D-146A-4DF7-ACD2-BC1973FDB4B1-rotated.jpeg, https://punpunkun.com/wp-content/uploads/2021/05/0C9C4342-AB2F-45D8-9E5C-72B60C136E04-rotated.jpeg",,,,,,,,,0,,สี,สีกรม,1,1,Size (กางเกง),2Y,1,1,อายุ,2ปี,1,1,เพศ,ชาย,1,1,Good
7351,simple,600063,,Pants กางเกงขายาว,1,0,visible,กางเกงขายาว สีครีม ไซส์ 3ปี(3Y),,,,taxable,,1,,,0,1,0.2,,,,0,,400,1320,เสื้อผ้าและเครื่องประดับ,,,"https://punpunkun.com/wp-content/uploads/2021/05/34ED7963-5C07-4736-B881-16EFD0929945-rotated.jpeg, https://punpunkun.com/wp-content/uploads/2021/05/3E3A4D8D-7588-4075-A7E9-A38E690D92F5-rotated.jpeg, https://punpunkun.com/wp-content/uploads/2021/05/BA2DF96D-BFE8-41F1-87C9-FE2859551EE2-rotated.jpeg",,,,,,,,,0,,สี,สีครีม,1,1,อายุ,3ปี,1,1,เพศ,ชาย,1,1,,,,,Good
7354,simple,600064,,Ralph Lauren Shirt เสื้อเชิ้ตคอปกลายสก็อต,1,0,visible,"เสื้อเชิ้ตลายสก๊อต แบรนด์ Ralph Lauren\n\n&nbsp;\n\nสี ส้ม,เหลือง ไซส์ 2ปี(2T)",,,,taxable,,1,,,0,0,0.1,,,,0,,270,900,เสื้อผ้าและเครื่องประดับ,,,"https://punpunkun.com/wp-content/uploads/2021/05/DFE6E245-C97C-4ADA-9009-27D0D360D2C3-rotated.jpeg, https://punpunkun.com/wp-content/uploads/2021/05/B52282A8-AB3B-40A7-ABF9-0B28EB34E15F-rotated.jpeg, https://punpunkun.com/wp-content/uploads/2021/05/F6ACBB5C-F8DD-49A3-85F6-0891026A6571-rotated.jpeg",,,,,,,,,0,,สี,"สีส้ม, สีเหลือง",1,1,Size (เสื้อ),2Y,1,1,อายุ,2ปี,1,1,เพศ,ชาย,1,1,Good
7368,simple,600065,,Shirt Set เซตเสื้อกางเกง สีเขียว,1,0,visible,เซตเสื้อกางเกง แบรนด์ Shanghai tang สีเขียว,,,,taxable,,1,,,0,0,0.2,,,,0,,1800,6000,เสื้อผ้าและเครื่องประดับ,,,"https://punpunkun.com/wp-content/uploads/2021/05/4BDB861F-B0D4-4CCB-8914-5665D387EA81-rotated.jpeg, https://punpunkun.com/wp-content/uploads/2021/05/9FFF5648-0E46-4CE0-B590-93160FFE0BD4-rotated.jpeg, https://punpunkun.com/wp-content/uploads/2021/05/3BB00F15-3EC2-443F-9B6E-ADB7F2E74CAF-rotated.jpeg",,,,,,,,,0,,สี,สีเขียว,1,1,เพศ,ชาย,1,1,,,,,,,,,Good
7381,simple,600066,,Emile et rose Set Shirt เซตเสื้อกางเกงหมวก,1,0,visible,เซตเสื้อกางเกงหมวก แบรนด์ Emile et rose สีกรม ไซส์ 12เดือน(12M),,,,taxable,,0,,,0,0,,,,,1,,210,700,เสื้อผ้าและเครื่องประดับ,,,"https://punpunkun.com/wp-content/uploads/2021/05/1AE0840B-C422-42F8-9DD5-59F52F069DFE-rotated.jpeg, https://punpunkun.com/wp-content/uploads/2021/05/D087900B-5A90-4543-9DD8-052F064869E1-rotated.jpeg, https://punpunkun.com/wp-content/uploads/2021/05/3EE2C993-D569-4CEC-8C0B-66E8EB73F3F6-rotated.jpeg, https://punpunkun.com/wp-content/uploads/2021/05/60D56B6F-B829-4287-A05D-027FF63AD45E-rotated.jpeg, https://punpunkun.com/wp-content/uploads/2021/05/C238AEA7-38FB-41EE-95E3-C9B9A54C4A5B-rotated.jpeg, https://punpunkun.com/wp-content/uploads/2021/05/4019E0D2-E34F-4AAA-A391-06C794CB7BFF-rotated.jpeg",,,,,,,,,0,,สี,สีกรม,1,1,Size (เสื้อ),12M,1,1,อายุ,12เดือน,1,1,เพศ,ชาย,1,1,Good
7397,simple,600067,,Pants กางเกงขาสั้น,1,0,visible,กางเกงขาสั้น H&amp;M สีเขียว ไซส์ 12เดือน(12M),,,,taxable,,1,,,0,0,0.1,,,,0,,105,350,เสื้อผ้าและเครื่องประดับ,,,"https://punpunkun.com/wp-content/uploads/2021/05/8508C0CE-EDC8-483A-B29D-25CDECEA8FA7-rotated.jpeg, https://punpunkun.com/wp-content/uploads/2021/05/64D07C1C-72C5-4A45-A0FA-D92AA9CB39F3-rotated.jpeg, https://punpunkun.com/wp-content/uploads/2021/05/55D0EAE6-8A2F-4568-8257-61ACEE528169-rotated.jpeg",,,,,,,,,0,,สี,สีเขียว,1,1,Size (กางเกง),12M,1,1,อายุ,12เดือน,1,1,เพศ,ชาย,1,1,Good
7399,simple,600068,,All Blacks Polo Shirt เสื้อเชิ้ตคอปกโปโลสีดำ,1,0,visible,เสื้อเชิ้ตคอปกโปโล All Blacks Shirt สีดำ ไซส์ 4ปี(4Y),,,,taxable,,1,,,0,0,0.2,,,,0,,450,1500,เสื้อผ้าและเครื่องประดับ,,,"https://punpunkun.com/wp-content/uploads/2021/05/A6DDBDF4-AA0A-4013-82B3-F781CE9C5454-rotated.jpeg, https://punpunkun.com/wp-content/uploads/2021/05/F057863E-FB6B-4811-A730-3C4D827B1746-rotated.jpeg, https://punpunkun.com/wp-content/uploads/2021/05/12F7B26B-3A24-4847-A6F9-8001E7EBD0E2-rotated.jpeg",,,,,,,,,0,,สี,สีดำ,1,1,Size (เสื้อ),4Y,1,1,อายุ,4ปี,1,1,เพศ,ชาย,1,1,Good
7401,simple,600069,,All Blacks Polo Shirt เสื้อเชิ้ตคอปกโปโลสีดำ,1,0,visible,เสื้อเชิ้ตคอปกโปโลสีดำ All Blacks Polo Shirt สีดำ ไซส์ 6ปี(6Y),,,,taxable,,1,,,0,0,0.2,,,,0,,450,1500,เสื้อผ้าและเครื่องประดับ,,,"https://punpunkun.com/wp-content/uploads/2021/05/2BDA54EF-65F1-4E80-9A09-C60A29F14F71-rotated.jpeg, https://punpunkun.com/wp-content/uploads/2021/05/966C32B4-2FB5-48D6-B58E-7AC738979B48-rotated.jpeg, https://punpunkun.com/wp-content/uploads/2021/05/2C2D6864-6440-4991-BEF3-B53F8B0409CD-rotated.jpeg",,,,,,,,,0,,สี,สีดำ,1,1,Size (เสื้อ),6Y,1,1,อายุ,6ปี,1,1,เพศ,ชาย,1,1,Good
7403,simple,600070,,Pants กางเกงขายาว,1,0,visible,กางเกงขายาว สีครีม ไซส์ 6ปี(6Y),,,,taxable,,1,,,0,0,0.2,,,,0,,400,1320,เสื้อผ้าและเครื่องประดับ,,,"https://punpunkun.com/wp-content/uploads/2021/05/801EC8DA-D48C-4DFC-8798-AA29D60E0040-rotated.jpeg, https://punpunkun.com/wp-content/uploads/2021/05/BAD84C2D-0996-4541-824C-13093A5468FD-rotated.jpeg, https://punpunkun.com/wp-content/uploads/2021/05/AB220339-B517-4046-A451-E347A9A8B31D-rotated.jpeg",,,,,,,,,0,,สี,สีครีม,1,1,Size (กางเกง),6Y,1,1,อายุ,6ปี,1,1,เพศ,ชาย,1,1,Good
7405,simple,600071,,Cream Shirt เสื้อเอี้ยมสีครีม,1,0,visible,เสื้อเอี้ยมสีครีม ไซส์ 10เดือน(10M),,,,taxable,,0,-1,,0,0,1,,,,1,,150,500,เสื้อผ้าและเครื่องประดับ,,,"https://punpunkun.com/wp-content/uploads/2021/05/0B3577A9-1CAB-4F2C-81E4-CA70AD393D1B-rotated.jpeg, https://punpunkun.com/wp-content/uploads/2021/05/2163F973-0516-4000-8D67-EE8CB5453BED-rotated.jpeg, https://punpunkun.com/wp-content/uploads/2021/05/D66FFB3F-1222-4512-A449-69CC8DA393FD-rotated.jpeg, https://punpunkun.com/wp-content/uploads/2021/05/6D643F1E-F9C0-46AC-BE80-9D62DCB60EA7-rotated.jpeg",,,,,,,,,0,,สี,สีครีม,1,1,เพศ,ชาย,1,1,,,,,,,,,Good
7411,simple,400011,,ADVANTAGE รองเท้าเด็ก,1,0,visible,"รองเท้าสำหรับเด็กเล็ก แบรนด์ Adidas\n\n&nbsp;\n\nช่วยให้เจ้าตัวเล็กพร้อมตะลุย สร้างก้าวแรกได้ง่าย ๆ เคลื่อนไหวไปข้างหน้าด้วยพื้นรองเท้าที่ยึดเกาะได้ดี อัปเปอร์ทำจากหนังสังเคราะห์ในลุคเรียบง่ายที่ปราศจากการเติมแต่ง มาพร้อมแถบหนามเตยที่ช่วยให้สวมและถอดรองเท้าได้ง่าย สีขาว ไซส์ US 12K UK 11 1/2K FR 30 JP 180 CHN 180",,,,taxable,,1,1,,0,0,0.5,,,,0,,650,1300,สินค้าและอุปกรณ์สำหรับเด็ก,,,"https://punpunkun.com/wp-content/uploads/2021/05/4F332904-1761-4B42-9DFA-707652C828A6-rotated.jpeg, https://punpunkun.com/wp-content/uploads/2021/05/926EB8E4-2EC5-4DD2-8A32-540B9BADED64-rotated.jpeg, https://punpunkun.com/wp-content/uploads/2021/05/4F332904-1761-4B42-9DFA-707652C828A6-rotated.jpeg, https://punpunkun.com/wp-content/uploads/2021/05/16A94195-591A-4A5E-A0E8-063E7F72C5D4-rotated.jpeg, https://punpunkun.com/wp-content/uploads/2021/05/DAA8390D-1633-4D87-BD48-9959B66231A6-rotated.jpeg",,,,,,,,,0,,สี,สีขาว,1,1,,,,,,,,,,,,,Good
7414,simple,600072,,Baby Gap Shirt เสื้อเชิ้ตคอปก,1,0,visible,เสื้อเชิ้ตคอปก Baby Gap ลายสีแดง ไซส์ 2ปี(2Y),,,,taxable,,1,,,0,0,0.1,,,,0,,180,600,เสื้อผ้าและเครื่องประดับ,,,"https://punpunkun.com/wp-content/uploads/2021/05/362D1474-83B0-4909-B71C-EB0EFC3BB662-rotated.jpeg, https://punpunkun.com/wp-content/uploads/2021/05/B015E59E-4783-4A3F-A6CC-9A36B292F4DA-rotated.jpeg, https://punpunkun.com/wp-content/uploads/2021/05/3294F895-D9F9-4FB1-B6C9-4BEBC78A77B2-rotated.jpeg",,,,,,,,,0,,สี,สีแดง,1,1,Size (เสื้อ),2Y,1,1,อายุ,2ปี,1,1,เพศ,ชาย,1,1,Good
7416,simple,600073,,Button Up Shirt เสื้อเชิ้ตคอปกแขนยาว,1,0,visible,เสื้อเชิ้ตคอปกแขนยาว Button Up สีชมพู,,,,taxable,,1,,,0,0,0.2,,,,0,,775,2580,เสื้อผ้าและเครื่องประดับ,,,"https://punpunkun.com/wp-content/uploads/2021/05/A912A773-59A6-4EC3-8B0F-688A3A35586F-rotated.jpeg, https://punpunkun.com/wp-content/uploads/2021/05/281CE12F-BA10-4DA4-A73F-683B0B691827-rotated.jpeg, https://punpunkun.com/wp-content/uploads/2021/05/1EC033CC-BCBC-4444-86D9-BADFF3A16F03-rotated.jpeg",,,,,,,,,0,,สี,สีชมพู,1,1,เพศ,ชาย,1,1,,,,,,,,,Good
7418,simple,600074,,Gingham Shirt เสื้อเชิ้ตสีแดง ลายตาราง,1,0,visible,เสื้อเชิ้ต แบรนด์ Chateau de sable ลายตาราง สีแดง ไซส์ 4เดือน(4M),,,,taxable,,1,,,0,0,0.1,,,,0,,330,1100,เสื้อผ้าและเครื่องประดับ,,,"https://punpunkun.com/wp-content/uploads/2021/05/C4019348-92A7-420A-B2E8-859448F27DC3-rotated.jpeg, https://punpunkun.com/wp-content/uploads/2021/05/CB4851E2-251B-4039-A7E3-04FAE6828395-rotated.jpeg, https://punpunkun.com/wp-content/uploads/2021/05/4C5CF3A6-D3A1-436F-A960-C6E4801C4763-rotated.jpeg",,,,,,,,,0,,สี,สีแดง,1,1,เพศ,ชาย,1,1,Size (เสื้อ),4M,1,1,อายุ,4เดือน,1,1,Good
7420,simple,600075,,Ralph Lauren Shirt เสื้อเชิ้ตคอปกลายสก๊อต,1,0,visible,"เสื้อเชิ้ตคอปก Ralph Lauren ลายสก๊อต สีฟ้า\n\n&nbsp;\n\nไซส์ 6เดือน(6M)",,,,taxable,,1,,,0,0,0.1,,,,0,,330,1100,เสื้อผ้าและเครื่องประดับ,,,"https://punpunkun.com/wp-content/uploads/2021/05/C4923D04-FF32-49A2-99E5-2D5DEEBF9CAF-rotated.jpeg, https://punpunkun.com/wp-content/uploads/2021/05/248A0AC3-4AD2-405E-BEA7-3067A4DC12E5-rotated.jpeg, https://punpunkun.com/wp-content/uploads/2021/05/6EF14BE8-6AD2-428D-B592-B247FDDAC15E-rotated.jpeg",,,,,,,,,0,,สี,สีฟ้า,1,1,Size (เสื้อ),6M,1,1,อายุ,6เดือน,1,1,เพศ,ชาย,1,1,Good
7423,simple,600076,,Burberry Shirt เสื้อเชิ้ตคอปกโปโล,1,0,visible,เสื้อเชิ้ตคอปกโปโล แบนรด์ Burberry สีฟ้า ไซส์ 7ปี(7Y),,,,taxable,,1,,,0,0,0.2,,,,0,,1510,5020,เสื้อผ้าและเครื่องประดับ,,,"https://punpunkun.com/wp-content/uploads/2021/05/428DDEB8-0BBE-4AF8-AB2F-3FB71AEE5188-rotated.jpeg, https://punpunkun.com/wp-content/uploads/2021/05/6473E024-0C52-47B7-AD7E-173F2A996F4C-rotated.jpeg, https://punpunkun.com/wp-content/uploads/2021/05/F774FC82-F04B-4A74-9718-E6021700DB1D-rotated.jpeg",,,,,,,,,0,,สี,สีฟ้า,1,1,เพศ,ชาย,1,1,อายุ,7ปี,1,1,,,,,Good
7425,simple,600077,,Burberry Shirt เสื้อเชิ้ตคอปกแขนยาว,1,0,visible,เสื้อเชิ้ตคอปกแขนยาว Burberry สีน้ำตาล ไซส์ 6ปี(6Y),,,,taxable,,1,,,0,0,0.3,,,,0,,1800,6000,เสื้อผ้าและเครื่องประดับ,,,"https://punpunkun.com/wp-content/uploads/2021/05/9FAA52C0-5952-4CBD-82FC-F476211D6991-rotated.jpeg, https://punpunkun.com/wp-content/uploads/2021/05/D2A784AF-C6B6-4193-9B2D-F05A4B276055-rotated.jpeg, https://punpunkun.com/wp-content/uploads/2021/05/FB1B4336-6F29-4224-9784-86D8A19E2B9D.jpeg, https://punpunkun.com/wp-content/uploads/2021/05/6781C0B3-6801-4CF4-AD2D-96453E681700-rotated.jpeg",,,,,,,,,0,,สี,สีน้ำตาล,1,1,Size (เสื้อ),6Y,1,1,อายุ,6ปี,1,1,,,,,Good
7427,simple,600078,,Burberry Shirt เสื้อเชิ้ตคอปก,1,0,visible,"เสื้อเชิ้ตคอปก Burberry ลายสก๊อต สีแดง\n\n&nbsp;\n\nไซส์ 2ปี(2Y)",,,,taxable,,1,,,0,0,1,,,,0,,1800,6000,เสื้อผ้าและเครื่องประดับ,,,"https://punpunkun.com/wp-content/uploads/2021/05/08A07082-65C0-4B56-AFC1-A637F110E345-rotated.jpeg, https://punpunkun.com/wp-content/uploads/2021/05/EF0A54ED-1B49-49E1-A681-C05473E77C0A-rotated.jpeg, https://punpunkun.com/wp-content/uploads/2021/05/78D49AB5-9B5A-4DB5-A11F-BA3744EF9EC9-rotated.jpeg",,,,,,,,,0,,สี,สีแดง,1,1,Size (เสื้อ),2Y,1,1,อายุ,2ปี,1,1,เพศ,ชาย,1,1,Good
7429,simple,600079,,DKNY Shirt เสื้อยืดสีเขียว,1,0,visible,เสื้อยืด DKNY สีเขียว,,,,taxable,,1,,,0,0,0.1,,,,0,,450,1500,เสื้อผ้าและเครื่องประดับ,,,"https://punpunkun.com/wp-content/uploads/2021/05/CA1E5A09-8C0E-45BC-89B7-ADA5E32B4BBD-rotated.jpeg, https://punpunkun.com/wp-content/uploads/2021/05/D11ADC8C-E966-4173-BD70-CA6A2D5F7FD8-rotated.jpeg",,,,,,,,,0,,สี,สีเขียว,1,1,เพศ,ชาย,1,1,,,,,,,,,Good
7431,simple,600080,,Pants กางเกงสั้น,1,0,visible,กางเกงขาสั้น สีกรม ไซส์ 5ปี(5Y),,,,taxable,,1,,,0,0,0.2,,,,0,,135,450,เสื้อผ้าและเครื่องประดับ,,,"https://punpunkun.com/wp-content/uploads/2021/05/A5B4420E-4A0E-4116-82EA-E080CDA34972-rotated.jpeg, https://punpunkun.com/wp-content/uploads/2021/05/1A116F0B-A4B3-45CC-ACEF-C8C4CE1FAB6F-rotated.jpeg, https://punpunkun.com/wp-content/uploads/2021/05/73E5672D-C606-4737-9209-0379F9618607-rotated.jpeg",,,,,,,,,0,,สี,สีกรม,1,1,เพศ,ชาย,1,1,อายุ,5ปี,1,1,,,,,Good
7433,simple,600081,,Button Up Shirt เสื้อเชิ้ตคอปกแขนยาว,1,0,visible,"เสื้อเชิ้ตคอปกแขนยาว แบนรด์ Button Up\n\n&nbsp;\n\nสีดำ ไซส์ 90CM",,,,taxable,,1,,,0,0,0.1,,,,0,,775,2580,เสื้อผ้าและเครื่องประดับ,,,"https://punpunkun.com/wp-content/uploads/2021/05/35055205-855F-47F2-9698-F67D49F4A254-rotated.jpeg, https://punpunkun.com/wp-content/uploads/2021/05/82E3E3EF-904F-4129-86DF-036D085760B9-rotated.jpeg, https://punpunkun.com/wp-content/uploads/2021/05/70654B6A-CB25-4F30-A23D-E54CE5742BDD-rotated.jpeg",,,,,,,,,0,,สี,สีดำ,1,1,เพศ,ชาย,1,1,,,,,,,,,Good
7435,simple,600082,,Ralph Lauren Shirt เสื้อเชิ้ตลายสก๊อต,1,0,visible,"เสื้อเชิ้ตลายสก๊อต แบรนด์ Ralph Lauren\n\n&nbsp;\n\nลายสก๊อต สี แดง,ส้ม,เขียว ไซส์ 4ปี(4Y)",,,,taxable,,1,,,0,0,0.1,,,,0,,430,1420,เสื้อผ้าและเครื่องประดับ,,,"https://punpunkun.com/wp-content/uploads/2021/05/9B97EC5B-8FE5-4D34-8447-BC5E8D9EC4CE-rotated.jpeg, https://punpunkun.com/wp-content/uploads/2021/05/DD2CA7DC-2AE9-4153-BE86-07BEB97294F7-rotated.jpeg, https://punpunkun.com/wp-content/uploads/2021/05/2705B551-E144-4C02-93A8-146B31719EE7-rotated.jpeg",,,,,,,,,0,,สี,"สีกรม, สีขาว, สีครีม, สีชมพู, สีดำ, สีน้ำตาล, สีน้ำเงิน, สีฟ้า, สีม่วง, สีส้ม, สีเขียว, สีเทา, สีเหลือง, สีแดง",1,1,Size (เสื้อ),4Y,1,1,อายุ,4ปี,1,1,เพศ,ชาย,1,1,Good
7438,simple,600083,,Button Up Shirt เสื้อเชิ้ตคอปกแขนยาว,1,0,visible,เสื้อเชิ้ตคอปกแขนยาว Button Up สีดำ ไซส์ 110CM,,,,taxable,,1,,,0,0,0.2,,,,0,,775,2580,เสื้อผ้าและเครื่องประดับ,,,"https://punpunkun.com/wp-content/uploads/2021/05/BC776CEA-29F9-422B-B70F-C5D8211EC0A1-rotated.jpeg, https://punpunkun.com/wp-content/uploads/2021/05/AEF20032-B672-4B14-9661-10B935B308D1-rotated.jpeg, https://punpunkun.com/wp-content/uploads/2021/05/5DCCC301-8FCF-4692-A607-C799A20432F8-rotated.jpeg",,,,,,,,,0,,สี,สีดำ,1,1,เพศ,ชาย,1,1,,,,,,,,,Good
7440,simple,600084,,Ralph Lauren Polo เสื้อโปโล,1,0,visible,"เสื้อโปโล Ralph Lauren สีส้ม ลายขวาง\n\n&nbsp;\n\nไซส์ 3ปี(3T)",,,,taxable,,1,,,0,0,0.2,,,,0,,360,1200,เสื้อผ้าและเครื่องประดับ,,,"https://punpunkun.com/wp-content/uploads/2021/05/D28FDD53-CCFA-4406-A1C5-7FAD4CAC0D41-rotated.jpeg, https://punpunkun.com/wp-content/uploads/2021/05/624285DA-42E8-4C4D-97F8-F9C281E4D193-rotated.jpeg, https://punpunkun.com/wp-content/uploads/2021/05/3D45E0DA-58E8-46FB-A28F-D95C0A1A2FA7-rotated.jpeg",,,,,,,,,0,,สี,สีส้ม,1,1,เพศ,ชาย,1,1,อายุ,3ปี,1,1,,,,,Good
7442,simple,600085,,Pants กางเกงขายาว,1,0,visible,กางเกงขายาว สีดำ ไซส์ 12เดือน(12M),,,,taxable,,1,,,0,0,0.2,,,,0,,450,1500,เสื้อผ้าและเครื่องประดับ,,,"https://punpunkun.com/wp-content/uploads/2021/05/2EE0E5F5-3705-4116-A9AF-CBEBD342A862-rotated.jpeg, https://punpunkun.com/wp-content/uploads/2021/05/94630848-FABC-4321-953A-8760C6EBF782-rotated.jpeg, https://punpunkun.com/wp-content/uploads/2021/05/638B2CD2-2BFD-47FD-B146-5D6C0587625A-rotated.jpeg",,,,,,,,,0,,สี,สีดำ,1,1,Size (กางเกง),12M,1,1,อายุ,12เดือน,1,1,เพศ,ชาย,1,1,Good
7491,simple,600086,,Gymboree Pants กางเกงขายาว,1,0,visible,กางเกงขายาว Gymboree สีครีม ไซส์  12เดือน(12M),,,,taxable,,1,,,0,0,0.1,,,,0,,150,500,เสื้อผ้าและเครื่องประดับ,,,"https://punpunkun.com/wp-content/uploads/2021/05/308F861D-4E35-4805-9AA6-D13CCEF15300-rotated.jpeg, https://punpunkun.com/wp-content/uploads/2021/05/B1E9384B-478B-400B-8B20-7C3072321E96-rotated.jpeg, https://punpunkun.com/wp-content/uploads/2021/05/56DB1668-CCD2-4301-9A82-8CFD123E4EB3-rotated.jpeg",,,,,,,,,0,,สี,สีครีม,1,1,Size (กางเกง),12M,1,1,อายุ,12เดือน,1,1,เพศ,ชาย,1,1,Good
7515,simple,600087,,Ralph Lauren Pants กางเกงขาสั้นลายสก๊อต,1,0,visible,"กางเกงขาสั้น Ralph Lauren ลายสก๊อต\n\n&nbsp;\n\nสี น้ำเงิน,เขียว ไซส์ 6ปี(6Y)",,,,taxable,,1,,,0,0,0.2,,,,0,,390,1300,เสื้อผ้าและเครื่องประดับ,,,"https://punpunkun.com/wp-content/uploads/2021/05/DFA43E08-D73F-48DB-98A8-75CB1207A851-rotated.jpeg, https://punpunkun.com/wp-content/uploads/2021/05/07D3DC23-484D-4BFD-B996-C44BC82E4A3A-rotated.jpeg, https://punpunkun.com/wp-content/uploads/2021/05/E67B929F-5AE1-4A38-A4FA-90AE7CA953CB-rotated.jpeg",,,,,,,,,0,,สี,"สีน้ำเงิน, สีเขียว",1,1,Size (กางเกง),6Y,1,1,อายุ,6ปี,1,1,เพศ,ชาย,1,1,Good
7517,simple,600088,,Tommy hilfiger Shirt เสื้อโปโลลายขวาง,1,0,visible,"เสื้อโปโล Tommy hilfiger ลายขวาง\n\n&nbsp;\n\n&nbsp;\n\nสี น้ำเงิน,ส้ม ไซส์ 6ปี(6Y)",,,,taxable,,1,,,0,0,0.2,,,,0,,1200,3990,เสื้อผ้าและเครื่องประดับ,,,"https://punpunkun.com/wp-content/uploads/2021/05/B53E3C54-0F17-4A94-95DD-EA356390F60A-rotated.jpeg, https://punpunkun.com/wp-content/uploads/2021/05/475FB3C6-0CDD-4E22-87E9-4E86D2231F5B-rotated.jpeg, https://punpunkun.com/wp-content/uploads/2021/05/DCFBFD0C-8A8A-489F-B049-29D73832D3F2-rotated.jpeg",,,,,,,,,0,,สี,"สีน้ำเงิน, สีส้ม",1,1,Size (เสื้อ),6Y,1,1,อายุ,6ปี,1,1,เพศ,ชาย,1,1,Good
7519,simple,600089,,Chateau de sadle Shirt เสื้อเชิ้ต,1,0,visible,เสื้อเชิ้ต Chateau de sable สีเทา ไซส์ 6ปี(6Y),,,,taxable,,1,,,0,0,0.2,,,,0,,330,1100,เสื้อผ้าและเครื่องประดับ,,,"https://punpunkun.com/wp-content/uploads/2021/05/C2AFA2BF-B02D-4D3A-A0BF-FE8F028EDD93-rotated.jpeg, https://punpunkun.com/wp-content/uploads/2021/05/58AFA746-EED8-408F-9D2D-03CEAD01C3DF-rotated.jpeg, https://punpunkun.com/wp-content/uploads/2021/05/07C466C6-6B3A-46BA-8621-AC559308577D-rotated.jpeg",,,,,,,,,0,,สี,สีเทา,1,1,Size (เสื้อ),6Y,1,1,อายุ,6ปี,1,1,เพศ,ชาย,1,1,Good
7521,simple,600090,,Shirt เสื้อเชิ้ตลายสก๊อต,1,0,visible,"เสื้อเชิ้ต ลายสก๊อต สี ขาว,ดำ\n\n&nbsp;\n\n&nbsp;\n\nไซส์ 1ปี(1Y)",,,,taxable,,1,,,0,0,0.1,,,,0,,195,650,เสื้อผ้าและเครื่องประดับ,,,"https://punpunkun.com/wp-content/uploads/2021/05/53FA65F6-3E51-4793-B759-2A2FB091C49F-rotated.jpeg, https://punpunkun.com/wp-content/uploads/2021/05/D1E81EAA-ED9C-4AEB-80C0-B5987AE9E3BB.jpeg",,,,,,,,,0,,สี,"สีขาว, สีดำ",1,1,เพศ,ชาย,1,1,,,,,,,,,Good
7523,simple,600091,,Ralph Lauren Shirt เสื้อเชิ้ตแขนยาว,1,0,visible,"เสื้อเชิ้ต Ralph Lauren แขนยาว สีน้ำเงิน\n\n&nbsp;\n\nไซส์ 6ปี(6Y)",,,,taxable,,1,,,0,0,0.2,,,,0,,570,1900,เสื้อผ้าและเครื่องประดับ,,,"https://punpunkun.com/wp-content/uploads/2021/05/5C3DE326-4CAF-49D4-915A-EE2378354358-rotated.jpeg, https://punpunkun.com/wp-content/uploads/2021/05/C3019842-432B-480D-9A57-C738EE332695-rotated.jpeg, https://punpunkun.com/wp-content/uploads/2021/05/20156C6D-E08C-48DD-9BDD-F5D51CD580C2-rotated.jpeg",,,,,,,,,0,,สี,สีน้ำเงิน,1,1,Size (เสื้อ),6Y,1,1,อายุ,6ปี,1,1,เพศ,ชาย,1,1,Good
7525,simple,600092,,Ralph Lauren Shirt เสื้อเชิ้ตแบรนด์,1,0,visible,เสื้อเชิ้ต Ralph Lauren สีชมพู ไซส์ 2ปี(2T),,,,taxable,,1,,,0,0,0.2,,,,0,,570,1900,เสื้อผ้าและเครื่องประดับ,,,"https://punpunkun.com/wp-content/uploads/2021/05/A337A5A4-78DF-4C50-86DF-DC339B031C48-rotated.jpeg, https://punpunkun.com/wp-content/uploads/2021/05/3159A32F-98E6-4745-82A4-029222343171.jpeg, https://punpunkun.com/wp-content/uploads/2021/05/81CDF9AA-1F84-416C-9A4F-D0ED85F2273B-rotated.jpeg",,,,,,,,,0,,สี,สีชมพู,1,1,Size (เสื้อ),2Y,1,1,อายุ,2ปี,1,1,เพศ,ชาย,1,1,Good
7527,simple,600093,,Shirt เสื้อเชิ้ตสีขาว,1,0,visible,เสื้อเชิ้ตสำหรับเด็ก สีขาว,,,,taxable,,1,,,0,0,0.1,,,,0,,145,720,เสื้อผ้าและเครื่องประดับ,,,"https://punpunkun.com/wp-content/uploads/2021/05/3931E88C-1BD1-4FBF-89F5-CAAB55D1FC99-rotated.jpeg, https://punpunkun.com/wp-content/uploads/2021/05/8F1A5419-2D4E-4933-A6FB-79924A088830-rotated.jpeg, https://punpunkun.com/wp-content/uploads/2021/05/E3B14F19-24A6-4184-A2BD-CE9D65D57E63-rotated.jpeg, https://punpunkun.com/wp-content/uploads/2021/05/24DD7945-4CC9-4082-8AE4-E9CF14D2C5DA-rotated.jpeg",,,,,,,,,0,,สี,สีขาว,1,1,เพศ,ชาย,1,1,,,,,,,,,Fair
7529,simple,600094,,Shirt เสื้อเชิ้ตสีแดง,1,0,visible,"เสื้อเชิ้ตคอจีน กระดุมจีน แขนสั้น\n\n&nbsp;\n\nสีแดง ไซส์ 3ปี(3Y) แบรนด์นำเข้า Baby Gro",,,,taxable,,1,,,0,0,0.1,,,,0,,155,510,เสื้อผ้าและเครื่องประดับ,,,"https://punpunkun.com/wp-content/uploads/2021/05/C20C3E71-F433-4035-9435-4391A5AB62B7-rotated.jpeg, https://punpunkun.com/wp-content/uploads/2021/05/C15EEEBC-1611-4638-88AB-468C22644FD5-rotated.jpeg, https://punpunkun.com/wp-content/uploads/2021/05/0328CC21-9F96-42E9-B3CD-A1D47F985626-rotated.jpeg",,,,,,,,,0,,สี,สีแดง,1,1,อายุ,3ปี,1,1,เพศ,ชาย,1,1,,,,,Good
7531,simple,600095,,Pants กางเกงสั้น,1,0,visible,กางเกงขาสั้น แบรนด์ Armani สีดำ ไซส์ 6ปี(6Y),,,,taxable,,1,,,0,0,0.2,,,,0,,1020,3400,เสื้อผ้าและเครื่องประดับ,,,"https://punpunkun.com/wp-content/uploads/2021/05/E2951935-5332-420A-9E49-16F5610DB3D4-rotated.jpeg, https://punpunkun.com/wp-content/uploads/2021/05/93BC6351-0330-4AAA-8892-32DF41E2C2B5-rotated.jpeg, https://punpunkun.com/wp-content/uploads/2021/05/2BFD803C-0DB8-4CDF-9B68-510B2D08B81D-rotated.jpeg",,,,,,,,,0,,สี,สีดำ,1,1,Size (กางเกง),6Y,1,1,อายุ,6ปี,1,1,เพศ,ชาย,1,1,Good
7537,simple,600096,,Pants กางเกงขาสั้น,1,0,visible,กางเกงขาสั้น สีน้ำตาล ไซส์ 2ปี(2Y),,,,taxable,,1,,,0,0,0.2,,,,0,,390,1300,เสื้อผ้าและเครื่องประดับ,,,"https://punpunkun.com/wp-content/uploads/2021/05/FA30DBFD-CFFF-4AB7-93E8-640F242A4138-rotated.jpeg, https://punpunkun.com/wp-content/uploads/2021/05/1E505727-A032-4BFE-A88B-161BFEE77DAD-rotated.jpeg, https://punpunkun.com/wp-content/uploads/2021/05/C1067D76-E392-4866-A3B5-98D05F586DCE-rotated.jpeg",,,,,,,,,0,,สี,สีน้ำตาล,1,1,Size (กางเกง),2Y,1,1,อายุ,2ปี,1,1,เพศ,ชาย,1,1,Good
7559,simple,600097,,Oshkosh Shirt set เซตเสื้อเชิ้ตเอี้ยม,1,0,visible,"เซตเสื้อเชิ้ตเอี้ยม Oshkosh สี ฟ้า,น้ำเงิน ไซส์ 2ปี(2Y)",,,,taxable,,0,-1,,0,0,1,,,,1,,180,600,เสื้อผ้าและเครื่องประดับ,,,"https://punpunkun.com/wp-content/uploads/2021/05/2FD4C69E-85D9-4937-9877-5988DEA2F33C-rotated.jpeg, https://punpunkun.com/wp-content/uploads/2021/05/7597BD1D-B62E-4F4D-BA02-9AA5333D2CD5-rotated.jpeg, https://punpunkun.com/wp-content/uploads/2021/05/0BFEA226-534B-4F64-B72E-583BC1958B67-rotated.jpeg",,,,,,,,,0,,สี,"สีน้ำเงิน, สีฟ้า",1,1,Size (เสื้อ),2Y,1,1,อายุ,2ปี,1,1,เพศ,ชาย,1,1,Good
7610,simple,600098,,Disney Pants กางเกงขายาว,1,0,visible,"กางเกงขายาว Disney มิกกี้เมาส์ สีดำ\n\n&nbsp;\n\nไซส์ 1ปี(1Y)",,,,taxable,,1,,,0,0,0.2,,,,0,,360,1190,เสื้อผ้าและเครื่องประดับ,,,"https://punpunkun.com/wp-content/uploads/2021/05/6DA56EA1-D877-4F9E-AEF8-770EE931DD85-rotated.jpeg, https://punpunkun.com/wp-content/uploads/2021/05/D60550B3-0359-44A9-B3AE-710C52E4CAED-rotated.jpeg, https://punpunkun.com/wp-content/uploads/2021/05/21D1AFC6-50FA-40BA-8FBF-7232B17CB4E9-rotated.jpeg",,,,,,,,,0,,สี,สีดำ,1,1,Size (กางเกง),1Y,1,1,อายุ,1ปี,1,1,เพศ,ชาย,1,1,Good
7646,simple,600099,,Ralph Lauren Shirt เสื้อโปโล,1,0,visible,เสื้อโปโล Ralph Lauren สีขาว ไซส์ 4ปี(4T),,,,taxable,,1,,,0,0,0.2,,,,0,,390,1300,เสื้อผ้าและเครื่องประดับ,,,"https://punpunkun.com/wp-content/uploads/2021/05/A76827ED-0846-4E9A-8CF2-0B886DFCB971-rotated.jpeg, https://punpunkun.com/wp-content/uploads/2021/05/B8C96D1F-CA13-486B-BB99-41550AC01DE4-rotated.jpeg, https://punpunkun.com/wp-content/uploads/2021/05/5FC8CE22-A292-4169-812A-4A18D3987393-rotated.jpeg",,,,,,,,,0,,สี,สีขาว,1,1,Size (เสื้อ),4Y,1,1,อายุ,4ปี,1,1,เพศ,ชาย,1,1,Good
7672,simple,600100,,Bow Shirt เสื้อเชิ้ตมีโบว์,1,0,visible,"เสื้อเชิ้ตมีโบว์ Nicholas bears สีชมพู\n\n&nbsp;\n\n&nbsp;\n\nไซส์ 6ปี(6Y)",,,,taxable,,1,,,0,0,0.2,,,,0,,730,2430,เสื้อผ้าและเครื่องประดับ,,,"https://punpunkun.com/wp-content/uploads/2021/05/4F054EDD-7AFD-4327-B504-902EF4D2F4EC-rotated.jpeg, https://punpunkun.com/wp-content/uploads/2021/05/66B43FE5-470C-4EB8-8FF3-D89B4A4BEBCF-rotated.jpeg",,,,,,,,,0,,สี,สีชมพู,1,1,เพศ,ชาย,1,1,Size (เสื้อ),6Y,1,1,อายุ,6ปี,1,1,Good
7683,simple,600101,,Shirt เสื้อเชิ้ตลายสก๊อต,1,0,visible,"เสื้อเชิ้ตลายสก๊อต สี แดง,น้ำเงิน\n\n&nbsp;\n\nไซส์ 6ปี(6Y)",,,,taxable,,1,,,0,0,0.1,,,,0,,300,990,เสื้อผ้าและเครื่องประดับ,,,"https://punpunkun.com/wp-content/uploads/2021/05/3F20E577-C714-448B-8739-723450101F54-rotated.jpeg, https://punpunkun.com/wp-content/uploads/2021/05/D5D565EF-2EED-4991-9E9C-0A992EE167B0-rotated.jpeg, https://punpunkun.com/wp-content/uploads/2021/05/40216B1F-6E53-424D-98EC-F999B00FC880-rotated.jpeg",,,,,,,,,0,,สี,"สีน้ำเงิน, สีแดง",1,1,Size (เสื้อ),6Y,1,1,อายุ,6ปี,1,1,เพศ,ชาย,1,1,Good
7685,simple,600102,,Ralph Lauren Shirt เสื้อโปโล,1,0,visible,เสื้อโปโล Ralph Lauren สีขาว ไซส์ 24เดือน(24M),,,,taxable,,1,,,0,0,0.2,,,,0,,450,1500,เสื้อผ้าและเครื่องประดับ,,,"https://punpunkun.com/wp-content/uploads/2021/05/59E125B6-B5C6-4EF9-A7F0-97B1C409AB78-rotated.jpeg, https://punpunkun.com/wp-content/uploads/2021/05/27303064-252F-4309-BE8B-3A08FA774DE6-rotated.jpeg, https://punpunkun.com/wp-content/uploads/2021/05/F7BB46F1-74CB-4FCD-9E9D-D5DE18B09F4D-rotated.jpeg",,,,,,,,,0,,สี,สีขาว,1,1,Size (เสื้อ),24M,1,1,อายุ,24เดือน,1,1,เพศ,ชาย,1,1,Good
7687,simple,600103,,Ralph Lauren Shirt เสื้อโปโล,1,0,visible,เสื้อโปโล Ralph Lauren สีแดง ไซส์ 2ปี(2T),,,,taxable,,1,,,0,0,0.2,,,,0,,450,1500,เสื้อผ้าและเครื่องประดับ,,,"https://punpunkun.com/wp-content/uploads/2021/05/9FB4E0ED-40BD-4C71-9E5D-D08181284353-rotated.jpeg, https://punpunkun.com/wp-content/uploads/2021/05/4D1D4A3C-E5AB-428B-81DA-7DDF0201CD85-rotated.jpeg, https://punpunkun.com/wp-content/uploads/2021/05/C714CF43-B312-4A69-835A-F0C604518BF2-rotated.jpeg",,,,,,,,,0,,สี,สีแดง,1,1,Size (เสื้อ),2Y,1,1,อายุ,2ปี,1,1,เพศ,ชาย,1,1,Good
7689,simple,600104,,Ralph Lauren Shirt เสื้อโปโล,1,0,visible,เสื้อโปโล Ralph Lauren สีเขียวลายขวาง ไซส์ 5ปี(5Y),,,,taxable,,1,,,0,0,0.2,,,,0,,420,1400,เสื้อผ้าและเครื่องประดับ,,,"https://punpunkun.com/wp-content/uploads/2021/05/2E874CFF-8DAD-438E-B7E1-5A1A920479B2-rotated.jpeg, https://punpunkun.com/wp-content/uploads/2021/05/C0DBD162-F7A3-43C1-928C-46F834408276-rotated.jpeg, https://punpunkun.com/wp-content/uploads/2021/05/B0D00189-225F-4950-82CC-E83B65419919-rotated.jpeg",,,,,,,,,0,,สี,สีเขียว,1,1,เพศ,ชาย,1,1,อายุ,5ปี,1,1,,,,,Good
7693,simple,600105,,Shirt เสื้อเชิ้ตลายสก๊อต,1,0,visible,เสื้อเชิ้ตลายสก๊อต สีแดง ไซส์ 4ปี(4Y),,,,taxable,,1,,,0,0,0.2,,,,0,,285,950,เสื้อผ้าและเครื่องประดับ,,,"https://punpunkun.com/wp-content/uploads/2021/05/598B2012-4869-4A25-8CF2-FB0E5A50573B-rotated.jpeg, https://punpunkun.com/wp-content/uploads/2021/05/1439C897-BC19-4D1F-8F90-5680E386F476-rotated.jpeg, https://punpunkun.com/wp-content/uploads/2021/05/79169BAA-D1DA-42C8-B282-DFF70A42946D-rotated.jpeg",,,,,,,,,0,,สี,สีแดง,1,1,Size (เสื้อ),4Y,1,1,อายุ,4ปี,1,1,เพศ,ชาย,1,1,Good
7695,simple,200119,,Cat Pajamas ชุดนอนคอวีขายาว ลายแมว,1,0,visible,ชุดนอน แบรนด์ Mamas and Papas สีขาว นุ่ม ใส่สบาย ลายแมวสุดน่ารักไซส์ เบบี้ 3เดือน(3M),,,,taxable,,1,1,,0,0,0.2,,,,0,,495,1650,สินค้าและอุปกรณ์สำหรับเด็ก,,,"https://punpunkun.com/wp-content/uploads/2021/05/056D9E5D-7282-43C8-A020-AF204FCAB463-rotated.jpeg, https://punpunkun.com/wp-content/uploads/2021/05/4A1E0DD7-7736-49F1-A9B1-24212A509FDC-rotated.jpeg, https://punpunkun.com/wp-content/uploads/2021/05/FBDD5BE2-1F8F-44DE-B4B1-3BDE7E60AC67-rotated.jpeg",,,,,,,,,0,,สี,สีขาว,1,1,Size (เสื้อ),3M,1,1,อายุ,3เดือน,1,1,,,,,Good
7697,simple,200120,,Wave Pajamas ชุดนอนคอวีขายาว ลายคลื่น,1,0,visible,ชุดนอน แบรนด์ H &amp; M สีฟ้า นุ่ม ใส่สบาย ลายคลื่น สุดน่ารัก ไซส์ 9-12เดือน(9-12M) EUR 80 US 9-12M CA 9-12M CN 80/48 MX 80 AUS 1,,,,taxable,,1,1,,0,0,0.2,,,,0,,105,350,สินค้าและอุปกรณ์สำหรับเด็ก,,,"https://punpunkun.com/wp-content/uploads/2021/05/C47C792C-5DFF-4EE8-B052-F1662FD78688-rotated.jpeg, https://punpunkun.com/wp-content/uploads/2021/05/344DA424-EDBC-4BB6-B90A-717ED732F917-rotated.jpeg, https://punpunkun.com/wp-content/uploads/2021/05/832AAABC-B280-4AD0-ACAD-CBBDD8322B0B-rotated.jpeg",,,,,,,,,0,,สี,สีฟ้า,1,1,Size (เสื้อ),9M,1,1,อายุ,9เดือน,1,1,,,,,Good
7698,simple,600106,,Paul smith Shirt เสื้อเชิ้ต,1,0,visible,เสื้อเชิ้ต Paul smith แขนสั้น ลายแนวตั้ง หลากสี ไซส์ 18เดือน(18M),,,,taxable,,1,,,0,0,0.1,,,,0,,450,1500,เสื้อผ้าและเครื่องประดับ,,,"https://punpunkun.com/wp-content/uploads/2021/05/853E0875-0B96-45FB-BE6E-A4EFB3243677-rotated.jpeg, https://punpunkun.com/wp-content/uploads/2021/05/D38FB88A-7716-494D-B389-8CD3F29466E3-rotated.jpeg, https://punpunkun.com/wp-content/uploads/2021/05/78B18D31-7482-4A91-BFB8-7E90F685AEAF-rotated.jpeg",,,,,,,,,0,,Size (เสื้อ),18M,1,1,อายุ,18เดือน,1,1,เพศ,ชาย,1,1,,,,,Good
7700,simple,600107,,Chateau de sadle Shirt เสื้อเชิ้ต,1,0,visible,เสื้อเชิ้ต Chateau de sadle สีครีม ไซส์ 24เดือน(24M),,,,taxable,,1,,,0,0,0.1,,,,0,,330,1100,เสื้อผ้าและเครื่องประดับ,,,"https://punpunkun.com/wp-content/uploads/2021/05/8E3BE9FA-1B99-48CB-8C6A-575E59FAA5CF.jpeg, https://punpunkun.com/wp-content/uploads/2021/05/A3069890-3B29-48C1-ABE2-941490930F4B.jpeg, https://punpunkun.com/wp-content/uploads/2021/05/BE54D20A-4B3F-4E80-B33D-86C1AC6174AB-rotated.jpeg",,,,,,,,,0,,สี,สีครีม,1,1,Size (เสื้อ),24M,1,1,อายุ,24เดือน,1,1,เพศ,ชาย,1,1,Good
7703,simple,200121,,My Auntie much fun Body suit ชุดบอดี้สูทขาสั้นลาย My Auntie much fun,1,0,visible,"เซตบอดี้สูทขาสั้น แบรนด์ Carter's สีฟ้า\n\n&nbsp;\n\nผลิตจากผ้าฝ้าย นุ่ม ใส่สบาย ลายปักMy Auntie much fun สุดน่ารัก ไซส์ เบบี้ 6เดือน(6M)",,,,taxable,,1,1,,0,0,0.1,,,,0,,120,590,สินค้าและอุปกรณ์สำหรับเด็ก,,,"https://punpunkun.com/wp-content/uploads/2021/05/3A4D923C-F10D-43C1-B331-E2EA2B88AC57-rotated.jpeg, https://punpunkun.com/wp-content/uploads/2021/05/4A2A60E0-5C96-42B9-B260-7B2E67D0349A-rotated.jpeg, https://punpunkun.com/wp-content/uploads/2021/05/34E334CE-3EC2-4D85-A8D2-F311F98DE6FA-rotated.jpeg, https://punpunkun.com/wp-content/uploads/2021/05/139C0EC8-9015-40A1-A08C-D4358A121E8D-rotated.jpeg",,,,,,,,,0,,สี,สีฟ้า,1,1,Size (เสื้อ),6M,1,1,อายุ,6เดือน,1,1,,,,,Fair
7705,simple,600108,,Shirt เสื้อเชิ้ตแขนยาว,1,0,visible,"เสื้อเชิ้ตแขนยาว สีขาว ไซส์ 100/52\n\n&nbsp;\n\nแบรนด์นำเข้า  Benkala",,,,taxable,,1,,,0,0,0.1,,,,0,,185,610,เสื้อผ้าและเครื่องประดับ,,,"https://punpunkun.com/wp-content/uploads/2021/05/A8F2F7F4-607E-4349-9C9C-BD634D27CD7B-rotated.jpeg, https://punpunkun.com/wp-content/uploads/2021/05/103F752D-92DE-420E-B374-194AFAC52F62-rotated.jpeg, https://punpunkun.com/wp-content/uploads/2021/05/45E528F5-2D2B-4F68-81C6-DAD4DF06BF54-rotated.jpeg",,,,,,,,,0,,สี,สีขาว,1,1,เพศ,ชาย,1,1,,,,,,,,,Good
7708,simple,600109,,Ralph Lauren Shirt เสื้อโปโล,1,0,visible,เสื้อโปโล Ralph Lauren สีชมพู ไซส์ 5ปี(5Y),,,,taxable,,1,,,0,0,0.2,,,,0,,390,1300,เสื้อผ้าและเครื่องประดับ,,,"https://punpunkun.com/wp-content/uploads/2021/05/9E57E8A0-FCFB-4626-9EE7-7C18EC9FA88C-rotated.jpeg, https://punpunkun.com/wp-content/uploads/2021/05/1D2C3141-45A5-4776-9B48-C9AF20F5534C-rotated.jpeg, https://punpunkun.com/wp-content/uploads/2021/05/92A2EA67-92E0-466A-BA99-106A7179A8F8-rotated.jpeg",,,,,,,,,0,,สี,สีชมพู,1,1,เพศ,ชาย,1,1,อายุ,5ปี,1,1,,,,,Good
7710,simple,600110,,Ralph Lauren Shirt เสื้อโปโล,1,0,visible,เสื้อโปโล Ralph Lauren สีเหลือง ไซส์ 3ปี(3T),,,,taxable,,1,,,0,0,0.2,,,,0,,390,1300,เสื้อผ้าและเครื่องประดับ,,,"https://punpunkun.com/wp-content/uploads/2021/05/251398EE-CB32-47F1-AA1C-D934181AB59C-rotated.jpeg, https://punpunkun.com/wp-content/uploads/2021/05/0B73A333-2C13-4E10-AD26-B98DB5FF8A8C-rotated.jpeg, https://punpunkun.com/wp-content/uploads/2021/05/7273792C-399E-4D1C-97DB-D573B46FAE1B-rotated.jpeg",,,,,,,,,0,,สี,สีเหลือง,1,1,เพศ,ชาย,1,1,อายุ,3ปี,1,1,,,,,Good
7712,simple,600111,,Ralph Lauren Shirt เสื้อโปโลแขนยาว,1,0,visible,เสื้อโปโล Ralph Lauren แขนยาว สีขาว ลายขวาง ไซส์ 6ปี(6Y),,,,taxable,,1,,,0,0,0.2,,,,0,,300,1500,เสื้อผ้าและเครื่องประดับ,,,"https://punpunkun.com/wp-content/uploads/2021/05/1E0AE068-9EDA-47EC-A499-FFFF58FE9B15-rotated.jpeg, https://punpunkun.com/wp-content/uploads/2021/05/50A65976-4C17-4D85-9C47-88460EDC455A-rotated.jpeg, https://punpunkun.com/wp-content/uploads/2021/05/B0824A0D-B207-4140-B85D-5395DEB361E3-rotated.jpeg, https://punpunkun.com/wp-content/uploads/2021/05/7EFAB620-B77A-4106-832E-3D5E8ACB9701-rotated.jpeg",,,,,,,,,0,,สี,สีขาว,1,1,Size (เสื้อ),6Y,1,1,อายุ,6ปี,1,1,เพศ,ชาย,1,1,Fair
7714,simple,600112,,Chateau de sable Pants กางเกงขาสั้นลายสก๊อต,1,0,visible,"กางเกงขาสั้น Chateau de sable ลายสก๊อต\n\n&nbsp;\n\nสี แดง,ฟ้า,ขาว ไซส์ 24เดือน(24M)",,,,taxable,,1,,,0,0,0.2,,,,0,,390,1300,เสื้อผ้าและเครื่องประดับ,,,"https://punpunkun.com/wp-content/uploads/2021/05/22A02890-A1CC-4C85-BBCA-1606B15C37A2-rotated.jpeg, https://punpunkun.com/wp-content/uploads/2021/05/EDB0802F-83A7-45A4-951F-EF0EB0163CDE-rotated.jpeg, https://punpunkun.com/wp-content/uploads/2021/05/B33BF0D4-4129-4CE8-9DF3-9BEE095005EC-rotated.jpeg",,,,,,,,,0,,สี,"สีขาว, สีฟ้า, สีแดง",1,1,Size (กางเกง),24M,1,1,อายุ,24เดือน,1,1,,,,,Good
7716,simple,600113,,Cotton Linen Shorts Pants กางเกงขาสั้นสีขาว,1,0,visible,กางเกงขาสั้น สีขาว ปักโลโก้ Chateau de sable ไซส์ 1ปี(1Y),,,,taxable,,1,,,0,0,0.1,,,,0,,370,1220,เสื้อผ้าและเครื่องประดับ,,,"https://punpunkun.com/wp-content/uploads/2021/05/B1B0963D-9594-4091-B50A-D5329BD012FE.jpeg, https://punpunkun.com/wp-content/uploads/2021/05/6BB6473A-19B3-43D4-9657-6DDA8FB9679F-rotated.jpeg, https://punpunkun.com/wp-content/uploads/2021/05/484EC046-6E5E-444A-8839-4121802C49C6-rotated.jpeg",,,,,,,,,0,,สี,สีขาว,1,1,Size (กางเกง),1Y,1,1,อายุ,1ปี,1,1,เพศ,ชาย,1,1,Good
7718,simple,600114,,Pants กางเกงขายาวสีดำ,1,0,visible,กางเกงขายาว สีดำ ไซส์ 4ปี(4Y),,,,taxable,,1,,,0,0,0.4,,,,0,,615,2040,เสื้อผ้าและเครื่องประดับ,,,"https://punpunkun.com/wp-content/uploads/2021/05/DB18769D-2305-468B-9A01-0FAA09BE1ED2-rotated.jpeg, https://punpunkun.com/wp-content/uploads/2021/05/32E4A50C-1445-4C27-8B5F-279F19D30F27-rotated.jpeg, https://punpunkun.com/wp-content/uploads/2021/05/28900F19-F49A-42AB-ADAD-646A1FE63DA9-rotated.jpeg",,,,,,,,,0,,สี,สีดำ,1,1,Size (กางเกง),4Y,1,1,อายุ,4ปี,1,1,เพศ,ชาย,1,1,Good
7720,simple,600115,,H&amp;M Pants กางเกงขายาวสีกรม,1,0,visible,กางเกงขายาว H&amp;M สีกรม ไซส์ 9เดือน(9M),,,,taxable,,1,,,0,0,0.2,,,,0,,180,600,เสื้อผ้าและเครื่องประดับ,,,"https://punpunkun.com/wp-content/uploads/2021/05/29CEAD39-22BB-4BFC-8CBA-A73669F6860A-rotated.jpeg, https://punpunkun.com/wp-content/uploads/2021/05/FC0B2C14-1A53-4EE2-92E5-F8BF30CD95EC-rotated.jpeg, https://punpunkun.com/wp-content/uploads/2021/05/5F0016DE-3BFC-4C19-894B-A01238A016CA-rotated.jpeg",,,,,,,,,0,,สี,สีกรม,1,1,Size (กางเกง),9M,1,1,อายุ,9เดือน,1,1,เพศ,ชาย,1,1,Good
7723,simple,600116,,Pants กางเกงสามส่วนลายสก๊อต,1,0,visible,"กางเกงสามส่วน ลายสก๊อต สี ดำ,ขาว ไซส์ 8ปี(8Y)",,,,taxable,,1,,,0,0,0.2,,,,0,,180,600,เสื้อผ้าและเครื่องประดับ,,,"https://punpunkun.com/wp-content/uploads/2021/05/9870A624-5B0A-441D-8A37-DF80505025C2.jpeg, https://punpunkun.com/wp-content/uploads/2021/05/63A0AF7E-49D9-46A1-B038-26C243D79767.jpeg, https://punpunkun.com/wp-content/uploads/2021/05/6BF0AF55-217D-40F2-8FD9-605E8D4C7D79-rotated.jpeg",,,,,,,,,0,,สี,"สีขาว, สีดำ",1,1,เพศ,ชาย,1,1,อายุ,8ปี,1,1,,,,,Good
7725,simple,600117,,Ralph Lauren Shirt เสื้อโปโล,1,0,visible,เสื้อโปโล Ralph Lauren สีขาว ไซส์ 7ปี(7Y),,,,taxable,,1,,,0,0,0.2,,,,0,,260,1300,เสื้อผ้าและเครื่องประดับ,,,"https://punpunkun.com/wp-content/uploads/2021/05/209A39C2-223A-491A-9DE2-D61F06AD2516.jpeg, https://punpunkun.com/wp-content/uploads/2021/05/9AFD856F-A91D-40F1-A996-2ACF3C0E490C.jpeg, https://punpunkun.com/wp-content/uploads/2021/05/F7A3E63D-3C65-4B2D-A8FE-2B8749D1E6DD-rotated.jpeg, https://punpunkun.com/wp-content/uploads/2021/05/E1896F71-2F0F-4FFB-8F53-D1F380300724-rotated.jpeg",,,,,,,,,0,,สี,สีขาว,1,1,เพศ,ชาย,1,1,อายุ,7ปี,1,1,,,,,Fair
7727,simple,600118,,Fashion Men swimwear กางเกงขาสั้นชาย,1,0,visible,กางเกงขาสั้นสีเหลือง ฟ้า น้ำเงิน,,,,taxable,,1,,,0,0,0.2,,,,0,,150,500,เสื้อผ้าและเครื่องประดับ,,,"https://punpunkun.com/wp-content/uploads/2021/05/D876EE8C-E1FB-4295-8D68-594F96CAA9B6-rotated.jpeg, https://punpunkun.com/wp-content/uploads/2021/05/1DD8A087-4D41-4446-936F-2D5D0679A08E-rotated.jpeg, https://punpunkun.com/wp-content/uploads/2021/05/AB5601DD-BB8E-4319-B036-8B5AB2AF73BF-rotated.jpeg",,,,,,,,,0,,สี,"สีน้ำเงิน, สีฟ้า, สีเหลือง",1,1,เพศ,ชาย,1,1,,,,,,,,,Good
7728,simple,600119,,Shirt เสื้อเชิ้ตลายสก๊อต,1,0,visible,"เสื้อเชิ้ตลายสก๊อต สี ดำ,ฟ้า,ขาว ไซส์ 2ปี(2Y)",,,,taxable,,1,,,0,1,0.1,,,,0,,290,960,เสื้อผ้าและเครื่องประดับ,,,"https://punpunkun.com/wp-content/uploads/2021/05/05DD04A5-2305-496A-9EA8-40334EE62A4F-rotated.jpeg, https://punpunkun.com/wp-content/uploads/2021/05/7CC3137F-9518-4B5B-9F0A-08A8908C5FAD.jpeg, https://punpunkun.com/wp-content/uploads/2021/05/16439BFD-56F3-40CE-A23A-25FFF49EA1C4-rotated.jpeg",,,,,,,,,0,,สี,"สีขาว, สีดำ, สีฟ้า",1,1,Size (เสื้อ),2Y,1,1,อายุ,2ปี,1,1,เพศ,ชาย,1,1,Good
7731,simple,600120,,Short Sleevel Top เสื้อโปโลสีเหลือง,1,0,visible,"เสื้อโปโล Nicholas bears สีเหลือง\n\n&nbsp;\n\nไซส์ 2ปี(2Y)",,,,taxable,,1,,,0,0,0.1,,,,0,,480,2390,เสื้อผ้าและเครื่องประดับ,,,"https://punpunkun.com/wp-content/uploads/2021/05/4DC20299-08E2-45D8-89F6-9031A3CF9BF3.jpeg, https://punpunkun.com/wp-content/uploads/2021/05/AFB87266-68F4-4A2C-B63E-419CE507A346.jpeg, https://punpunkun.com/wp-content/uploads/2021/05/877E6700-9019-4B98-BB1A-4864DA5BD645-rotated.jpeg, https://punpunkun.com/wp-content/uploads/2021/05/9FCF84DA-F403-45DB-922C-3ACC7A1601AF-rotated.jpeg",,,,,,,,,0,,สี,สีเหลือง,1,1,Size (เสื้อ),2Y,1,1,อายุ,2ปี,1,1,เพศ,ชาย,1,1,Fair
7732,simple,700001,,Super light Taekwondo Uniform Kids and adult ชุดเทควันโด,1,0,visible,ชุดเทควันโด สวมใส่สบายไม่อึดอัด ผ้าแห่งง่าย เบอร์2 (120ซม.),,,,taxable,,1,1,,0,0,0.6,,,,0,,240,800,สินค้าและอุปกรณ์สำหรับเด็ก,,,"https://punpunkun.com/wp-content/uploads/2021/05/AAA5A736-6BB1-42E5-935A-E1E68B005A89-rotated.jpg, https://punpunkun.com/wp-content/uploads/2021/05/B43F68C3-B769-417B-9472-ACC4AE70A844-rotated.jpg",,,,,,,,,0,,สี,สีขาว,1,1,,,,,,,,,,,,,Good
7735,simple,600121,,Blue Shirt เสื้อเชิ้ตสีฟ้า,1,0,visible,"เสื้อเชิ้ต Nicholas bears สีฟ้า สำหรับเด็ก\n\n&nbsp;\n\nไซส์ 12เดือน(12M)",,,,taxable,,1,,,0,0,0.1,,,,0,,730,2430,เสื้อผ้าและเครื่องประดับ,,,"https://punpunkun.com/wp-content/uploads/2021/05/CF6C9765-5DB6-4205-9BE3-EC171529F7CF-rotated.jpeg, https://punpunkun.com/wp-content/uploads/2021/05/1D98BA49-4153-444D-AEDD-172FC005DFEA-rotated.jpeg",,,,,,,,,0,,Size (เสื้อ),12M,1,1,อายุ,12เดือน,1,1,เพศ,ชาย,1,1,สี,สีฟ้า,1,1,Good
7736,simple,600122,,Sports pants กางเกงกีฬา,1,0,visible,กางเกงกีฬาขาสั้นสีดำ เเดง เเบรนด์adidas ไซส์ ส่วนสูง150,,,,taxable,,1,,,0,0,0.2,,,,0,,360,1200,เสื้อผ้าและเครื่องประดับ,,,"https://punpunkun.com/wp-content/uploads/2021/05/2984D101-D9D6-4FDC-AF2C-2F8478D2F7E0-rotated.jpeg, https://punpunkun.com/wp-content/uploads/2021/05/FE05679F-09EB-41A3-9D26-F151D0192B52-rotated.jpeg, https://punpunkun.com/wp-content/uploads/2021/05/0BB1392C-10E9-4663-80B2-AAB851F45CC4-rotated.jpeg",,,,,,,,,0,,สี,"สีดำ, สีแดง",1,1,,,,,,,,,,,,,Good
7739,simple,700002,,Taekwondo Uniform Kids ชุดเทควันโด,1,0,visible,ชุดเทควันโด สวมใส่สบายไม่อึดอัด ผ้าแห่งง่าย เบอร์5 (150ซม.),,,,taxable,,1,1,,0,0,0.8,,,,0,,240,800,สินค้าและอุปกรณ์สำหรับเด็ก,,,"https://punpunkun.com/wp-content/uploads/2021/05/A53B4D0B-DAD0-4105-9211-EA5235110AD2-rotated.jpg, https://punpunkun.com/wp-content/uploads/2021/05/90AFC90E-5008-4C22-979A-004F00BAC8B4-rotated.jpg, https://punpunkun.com/wp-content/uploads/2021/05/6280F988-E05E-44E6-AF5B-A02B154625BB-rotated.jpg, https://punpunkun.com/wp-content/uploads/2021/05/F57831FE-B487-447C-9176-21923475D8CF-rotated.jpg, https://punpunkun.com/wp-content/uploads/2021/05/857904E9-6CFC-4E44-A02A-7BA9D50A2670-rotated.jpg",,,,,,,,,0,,สี,สีขาว,1,1,,,,,,,,,,,,,Good
7741,simple,600123,,Polo Shirt เสื้อโปโลสีเทา,1,0,visible,เสื้อโปโล Ted baker สีเทา สำหรับเด็ก ไซส์ 18เดือน(18M),,,,taxable,,1,,,0,0,0.8,,,,0,,360,1200,เสื้อผ้าและเครื่องประดับ,,,"https://punpunkun.com/wp-content/uploads/2021/05/0EA32D39-229A-433E-97F4-47B016FDB19A-rotated.jpeg, https://punpunkun.com/wp-content/uploads/2021/05/B1665F12-B6A7-4394-91D5-55B18E4C2415-rotated.jpeg, https://punpunkun.com/wp-content/uploads/2021/05/23E2D88D-453C-4A0A-BEBA-624E3B28059D-rotated.jpeg",,,,,,,,,0,,สี,สีเทา,1,1,Size (เสื้อ),18M,1,1,อายุ,18เดือน,1,1,เพศ,ชาย,1,1,Good
7743,simple,700003,,Chopsticks ตะเกียบ,1,0,visible,ตะเกียบสำหรับเด็ก มาพร้อมกล่อง พกพาง่าย,,,,taxable,,1,1,,0,0,1,,,,0,,,100,สินค้าและอุปกรณ์สำหรับเด็ก,,,https://punpunkun.com/wp-content/uploads/2021/05/S__3260472.jpg,,,,,,,,,0,,สี,สีฟ้า,1,1,,,,,,,,,,,,,Good
7744,simple,600124,,Rugged Long Sleeve Shirt เสื้อเชิ้ตลายสก๊อต,1,0,visible,"เสื้อเชิ้ต Cotton on ลายสก๊อต\n\n&nbsp;\n\nสี เขียว,ม่วง ความสูง 108 เอว 56 อก 60",,,,taxable,,1,,,0,0,0.2,,,,0,,300,1000,เสื้อผ้าและเครื่องประดับ,,,"https://punpunkun.com/wp-content/uploads/2021/05/DAD96537-21C9-4085-9222-99DF138D0A55-rotated.jpeg, https://punpunkun.com/wp-content/uploads/2021/05/FA837305-3F4D-4F1F-99DF-6D5D8BD414B2-rotated.jpeg, https://punpunkun.com/wp-content/uploads/2021/05/82F57388-26F0-42F8-A47B-D22F7FE48DC3-rotated.jpeg",,,,,,,,,0,,สี,"สีม่วง, สีเขียว",1,1,เพศ,ชาย,1,1,,,,,,,,,Good
7746,simple,600125,,Kids Long Sleeve Mesh Polo Shirt เสื้อกันหนาว,1,0,visible,"เสื้อกันหนาว เเบรนด์ Land's end สีขาว,เทา\n\n&nbsp;\n\nขนาด US 10-12 CM 135-150 อายุ 9-10 ปี",,,,taxable,,0,0,,0,0,0.3,,,,0,,235,780,เสื้อผ้าและเครื่องประดับ,,,"https://punpunkun.com/wp-content/uploads/2021/05/91CE8A0D-80FE-4A27-87E2-1CA239202306-rotated.jpeg, https://punpunkun.com/wp-content/uploads/2021/05/C32691A5-4FE4-4B07-AB51-F495E1C86888-rotated.jpeg, https://punpunkun.com/wp-content/uploads/2021/05/42614FC8-B578-47EF-BFB9-2D58839F2C9C-rotated.jpeg",,,,,,,,,0,,สี,"สีขาว, สีเทา",1,1,เพศ,"ชาย, หญิง",1,1,อายุ,9ปี,1,1,,,,,Good
7749,simple,600126,,Printed shirt เสื้อเชิ้ตรูปรองเท้า,1,0,visible,"เสื้อเชิ้ตลายรองเท้า H&amp;M สีเขียว\n\n&nbsp;\n\nไซส์ EUR 86 US 12-18M CA 12-18M CN 90/52 เหมาะสำหรับอายุ 12เดือน(12M)",,,,taxable,,1,,,0,0,0.1,,,,0,,60,299,เสื้อผ้าและเครื่องประดับ,,,"https://punpunkun.com/wp-content/uploads/2021/05/320A208F-D858-4AF5-9EB0-13FFB2253AB6-rotated.jpeg, https://punpunkun.com/wp-content/uploads/2021/05/F17516F6-A613-45B2-B008-DA7456039658-rotated.jpeg, https://punpunkun.com/wp-content/uploads/2021/05/3087B499-7417-4876-8EE7-8C670ED9D66B-rotated.jpeg, https://punpunkun.com/wp-content/uploads/2021/05/2676BF8B-F4A1-439F-AC8A-2BC4C6333537-rotated.jpeg",,,,,,,,,0,,สี,สีเขียว,1,1,Size (เสื้อ),12M,1,1,อายุ,12เดือน,1,1,เพศ,ชาย,1,1,Fair
7751,simple,600127,,Gingham Button Down Shirt เสื้อเชิ้ตสีแดงแขนสั้น,1,0,visible,เสื้อเชิ้ต แบรนด์ Chateaue de sable สีแดง ไซส์ 12ปี(12Y),,,,taxable,,1,,,0,0,0.2,,,,0,,330,1100,เสื้อผ้าและเครื่องประดับ,,,"https://punpunkun.com/wp-content/uploads/2021/05/C1829C57-3DA4-445F-AC08-7F0C4236AB01-rotated.jpeg, https://punpunkun.com/wp-content/uploads/2021/05/4D015F2C-7BF7-471D-98C2-3A81C18004E9-rotated.jpeg, https://punpunkun.com/wp-content/uploads/2021/05/875B018E-4D92-42C2-B050-4D9F495F609C-rotated.jpeg",,,,,,,,,0,,สี,สีแดง,1,1,Size (เสื้อ),12Y,1,1,อายุ,12ปี,1,1,,,,,Good
7753,simple,600128,,Baby Shirt เสื้อเชิ้ตแขนยาวลายทางสีรุ้ง,1,0,visible,เสื้อเชิ้ต Nicholas bears แขนยาว ลายทางสีรุ้ง ไซส์ 18เดือน(18M),,,,taxable,,1,,,0,0,0.1,,,,0,,490,2440,เสื้อผ้าและเครื่องประดับ,,,"https://punpunkun.com/wp-content/uploads/2021/05/3FD1EE4D-0BC7-418A-9647-9C388E2F2FA6-rotated.jpeg, https://punpunkun.com/wp-content/uploads/2021/05/701B6A38-5193-4752-A226-7BC33D5DD3C7-rotated.jpeg, https://punpunkun.com/wp-content/uploads/2021/05/803BBBE3-30F9-44E5-AFD1-BC3B89C83824-rotated.jpeg, https://punpunkun.com/wp-content/uploads/2021/05/EFA505F8-05AA-4AEE-94E0-47727166880C-rotated.jpeg",,,,,,,,,0,,Size (เสื้อ),18M,1,1,อายุ,18เดือน,1,1,เพศ,ชาย,1,1,,,,,Fair
7755,simple,700004,,Chopsticks training suit ชุดฝึกใช้ตะเกียบ,1,0,visible,"อุปกรณ์เสริมทักษะสำหรับเด็กเล็ก\n\n&nbsp;\n\nที่ช่วยให้พวกเขาพัฒนาได้อย่างถูกต้อง ชุดฝึกใช้ตะเกียบพร้อมที่ล็อค ฝึกง่าย รวดเร็ว และถูกวิธี ตะเกียบ 9 คู่ ช้อนส้อม 5 คู่",,,,taxable,,0,0,,0,0,1,,,,0,,,100,เครื่องมือการเลี้ยงดูเด็ก,,,https://punpunkun.com/wp-content/uploads/2021/05/S__3260469.jpg,,,,,,,,,0,,สี,"สีชมพู, สีน้ำเงิน, สีฟ้า, สีส้ม, สีเหลือง, สีแดง",1,1,,,,,,,,,,,,,Good
7757,simple,600129,,Baby Shirt เสื้อเชิ้ตลายสก๊อต,1,0,visible,"เสื้อเชิ้ต Nicholas bears ลายสก๊อต สีชมพู\n\n&nbsp;\n\nสำหรับเด็ก ไซส์ 12เดือน(12M)",,,,taxable,,1,,,0,0,0.1,,,,0,,735,2440,เสื้อผ้าและเครื่องประดับ,,,"https://punpunkun.com/wp-content/uploads/2021/05/ECFDC149-A791-43EA-ADD5-F6B0A9B7D7E7-rotated.jpeg, https://punpunkun.com/wp-content/uploads/2021/05/B3F28CA2-6541-43E7-A4BF-6A77DD5CEDCA-rotated.jpeg, https://punpunkun.com/wp-content/uploads/2021/05/E0F54CB2-21AD-4D48-9A4A-A0EE3EEA67BC-rotated.jpeg",,,,,,,,,0,,สี,สีชมพู,1,1,Size (เสื้อ),12M,1,1,อายุ,12เดือน,1,1,เพศ,ชาย,1,1,Good
7759,simple,600130,,Polo Ralph Lauren Yellow เสื้อโปโลสีเหลือง,1,0,visible,"เสื้อโปโลคอปก สีเหลือง\n\n&nbsp;\n\nแบรนด์ Polo Lauren ไซส์ M",,,,taxable,,1,,,0,0,0.2,,,,0,,390,1300,เสื้อผ้าและเครื่องประดับ,,,"https://punpunkun.com/wp-content/uploads/2021/05/F44EE675-CF24-4C20-A133-433FB92EFDD4-rotated.jpeg, https://punpunkun.com/wp-content/uploads/2021/05/A3DDE4A6-E747-41BC-9B9A-6CCD5BC53BE7-rotated.jpeg, https://punpunkun.com/wp-content/uploads/2021/05/FEA84F2C-C7ED-4B31-BDD0-3BD3FC24072A-rotated.jpeg",,,,,,,,,0,,สี,สีเหลือง,1,1,เพศ,ชาย,1,1,Size (เสื้อ),10Y,1,1,อายุ,10ปี,1,1,Good
7763,simple,700005,,Folable tatami เก้าอี้เอนกายพับเก็บได้,1,0,visible,"เก้าอี้เก็บได้\n\n&nbsp;\n\nเฟอร์นิเจอร์ที่ทันสมัยเก้าอี้พกพาชั้นพับเลานจ์ผู้เอนกายหุ้มที่เดินทางพักผ่อน ปรับมุมได้",,,,taxable,,1,1,,0,0,4,,,,0,,750,1590,สินค้าและอุปกรณ์สำหรับเด็ก,,,"https://punpunkun.com/wp-content/uploads/2021/05/S__3260467.jpg, https://punpunkun.com/wp-content/uploads/2021/05/S__3260468.jpg, https://punpunkun.com/wp-content/uploads/2021/05/S__3260466.jpg",,,,,,,,,0,,สี,สีส้ม,1,1,,,,,,,,,,,,,Good
7765,simple,600131,,Shirt เสื้อเชิ้ตแขนยาวลายทาง,1,0,visible,"เสื้อเชิ้ต Nicholas bears แขยนยาว ลายทาง\n\n&nbsp;\n\nสีเหลือง ไซส์ 4ปี(4Y)",,,,taxable,,1,,,0,0,0.2,,,,0,,735,2440,เสื้อผ้าและเครื่องประดับ,,,"https://punpunkun.com/wp-content/uploads/2021/05/F781C6F4-6183-4B0D-8CB9-6913461E9A9E-rotated.jpeg, https://punpunkun.com/wp-content/uploads/2021/05/FBD240DB-02D6-4683-8A1F-A245757059E5-rotated.jpeg, https://punpunkun.com/wp-content/uploads/2021/05/609061CA-0644-4896-9AFE-85F788460A7D-rotated.jpeg",,,,,,,,,0,,สี,สีเหลือง,1,1,Size (เสื้อ),4Y,1,1,อายุ,4ปี,1,1,เพศ,ชาย,1,1,Good
7768,simple,600132,,Baby Shirt เสื้อเชิ้ตเด็กมีโบว์ตรงคอเสื้อ,1,0,visible,"เสื้อเชิ้ตเด็ก Nicholas bears\n\n&nbsp;\n\nมีโบว์ตรงคอเสื้อ สีเทา ไซส์ 6ปี(6Y)",,,,taxable,,1,,,0,0,0.2,,,,0,,720,2390,เสื้อผ้าและเครื่องประดับ,,,"https://punpunkun.com/wp-content/uploads/2021/05/496FBCF4-F56D-49A2-AB8C-88A243E10CF6-rotated.jpeg, https://punpunkun.com/wp-content/uploads/2021/05/EFB8EE69-E9D1-4E49-A555-DA298D19554C-rotated.jpeg, https://punpunkun.com/wp-content/uploads/2021/05/25CAE080-1C81-49D8-A257-C9A1C2DFA97C-rotated.jpeg",,,,,,,,,0,,สี,สีเทา,1,1,Size (เสื้อ),6Y,1,1,อายุ,6ปี,1,1,เพศ,ชาย,1,1,Good
7770,simple,600133,,Puma green Golf Shirt Size Large,1,0,visible,เสื้อกีฬาคอปก แบรนด์ Puma สีเขียว ไซส์L เหมาะสำหรับเด็กโต 152 เซนติเมตร,,,,taxable,,0,0,,0,0,1,,,,1,,390,1299,เสื้อผ้าและเครื่องประดับ,,,"https://punpunkun.com/wp-content/uploads/2021/05/AFFCC6D9-F2F5-49C8-8CC0-492C89CD1241-rotated.jpeg, https://punpunkun.com/wp-content/uploads/2021/05/FC23786C-A7B6-462E-8CCB-ABF3E72A250F-rotated.jpeg, https://punpunkun.com/wp-content/uploads/2021/05/2CC38C62-3A92-4375-BD42-D36554DFBFAC-rotated.jpeg, https://punpunkun.com/wp-content/uploads/2021/05/AA645EA7-B0FD-48D1-89DE-E06850386379-rotated.jpeg, https://punpunkun.com/wp-content/uploads/2021/05/FECFF473-D28E-49C1-B99F-8AC4A69404AE-rotated.jpeg, https://punpunkun.com/wp-content/uploads/2021/05/73147A3F-FFD2-47A9-A10C-59A6FFA7CFE0-rotated.jpeg",,,,,,,,,0,,สี,สีเขียว,1,1,เพศ,ชาย,1,1,,,,,,,,,Good
7772,simple,600134,,Blue Pants กางเกงขายาวสีฟ้า,1,0,visible,กางเกงขายาว Zara สีฟ้า,,,,taxable,,1,,,0,0,0.4,,,,0,,360,1190,เสื้อผ้าและเครื่องประดับ,,,"https://punpunkun.com/wp-content/uploads/2021/05/4F26A962-A02F-47F0-A446-46707BE5D0B1-rotated.jpeg, https://punpunkun.com/wp-content/uploads/2021/05/85BCC481-C027-4CA6-9385-38CE4B6D8A70-rotated.jpeg, https://punpunkun.com/wp-content/uploads/2021/05/BFAF4312-E9FD-4508-A555-5555AAEDC005-rotated.jpeg",,,,,,,,,0,,สี,สีฟ้า,1,1,เพศ,ชาย,1,1,,,,,,,,,Good
7775,simple,700006,,Toys for children ของเล่นสำหรับเด็ก,1,0,visible,เซตของเล่นสำหรับเด็ก,,,,taxable,,1,1,,0,0,1,,,,0,,,100,สินค้าและอุปกรณ์สำหรับเด็ก,,,"https://punpunkun.com/wp-content/uploads/2021/05/S__10379323.jpg, https://punpunkun.com/wp-content/uploads/2021/05/S__10379326.jpg, https://punpunkun.com/wp-content/uploads/2021/05/S__10379324.jpg",,,,,,,,,0,,สี,"สีฟ้า, สีม่วง, สีเหลือง",1,1,,,,,,,,,,,,,Good
7777,simple,600135,,Pants กางเกงขายาวสีครีม,1,0,visible,กางเกงขายาว Ralph Lauren สีครีม ไซส์ 6ปี(6Y),,,,taxable,,1,,,0,0,0.3,,,,0,,200,1000,เสื้อผ้าและเครื่องประดับ,,,"https://punpunkun.com/wp-content/uploads/2021/05/17639B4C-9A6A-438F-BFB3-B3AE2E927505-rotated.jpeg, https://punpunkun.com/wp-content/uploads/2021/05/339DE153-0775-4C99-AAA0-6C4B0571D3FA-rotated.jpeg, https://punpunkun.com/wp-content/uploads/2021/05/35109647-605B-4795-87FE-A5134FC93E3E-rotated.jpeg, https://punpunkun.com/wp-content/uploads/2021/05/8E61FBA8-D5C8-49DC-96A5-EE5A75D78CCD-rotated.jpeg",,,,,,,,,0,,สี,สีครีม,1,1,Size (กางเกง),6Y,1,1,อายุ,6ปี,1,1,เพศ,ชาย,1,1,Fair
7778,simple,600136,,Short Sleeve Plaid Shirt เสื้อเชิ้ตลายสก๊อต,1,0,visible,เสื้อเชิ้ตลายสก๊อต แบรนด์ Cherokee สีน้ำเงิน ขาว ไซส์ 14ปี(14Y),,,,taxable,,1,,,0,0,0.2,,,,0,,240,790,เสื้อผ้าและเครื่องประดับ,,,"https://punpunkun.com/wp-content/uploads/2021/05/25314FA8-2ED1-441E-A6F2-2C4FF38D7B0D-rotated.jpeg, https://punpunkun.com/wp-content/uploads/2021/05/FEDFB529-5916-4FA1-A633-C78B99D50E8E-rotated.jpeg, https://punpunkun.com/wp-content/uploads/2021/05/7A0955DD-2FA7-4335-A643-F0D41DD9896A-rotated.jpeg",,,,,,,,,0,,สี,"สีขาว, สีน้ำเงิน",1,1,เพศ,ชาย,1,1,Size (เสื้อ),14Y,1,1,อายุ,14ปี,1,1,Good
7781,simple,700007,,Bagwarm กระเป๋าเก็บความเย็น,1,0,visible,"กระเป๋าเก็บความเย็น\n\n&nbsp;\n\nกระเป๋าเก็บอุณภูมิ35Lแบบพกพาหนาอลูมิเนียมฟอยล์ฉนวนกันความร้อนกระเป๋าขนาดใหญ่",,,,taxable,,1,1,,0,0,1,,,,0,,300,1000,สินค้าและอุปกรณ์สำหรับเด็ก,,,"https://punpunkun.com/wp-content/uploads/2021/05/S__10379315.jpg, https://punpunkun.com/wp-content/uploads/2021/05/S__10379312.jpg, https://punpunkun.com/wp-content/uploads/2021/05/S__10379319.jpg, https://punpunkun.com/wp-content/uploads/2021/05/S__10379318.jpg, https://punpunkun.com/wp-content/uploads/2021/05/S__10379316.jpg",,,,,,,,,0,,สี,สีม่วง,1,1,,,,,,,,,,,,,Good
7783,simple,700008,,Ameda Purely Yours เครื่องปั๊มนมไฟฟ้า,1,0,visible,"เครืองปั๊มนมไฟฟ้า\n\n&nbsp;\n\nสามารถใช้ไฟได้ทั้งไฟบ้าน ไฟแบตเตอรี่รถ (ต้องซื้ออุปกรณ์เสริมเพิ่ม) และไฟจากถ่าน AA จำนวน 6 ก้อน ด้วยน้ำหนักที่เบา และสามารถใช้ไฟได้จากแหล่งพลังงานที่หลากหลาย ทำให้ Ameda Lactaline (Purely Yours) ตอบโจทย์สำหรับคุณแม่ทำงานที่ต้องการให้นมลูกนาน ๆ",,,,taxable,,1,1,,0,0,2,,,,0,,2400,8400,สินค้าและอุปกรณ์สำหรับเด็ก,,,"https://punpunkun.com/wp-content/uploads/2021/05/S__10379300.jpg, https://punpunkun.com/wp-content/uploads/2021/05/S__10379302.jpg, https://punpunkun.com/wp-content/uploads/2021/05/S__10379304.jpg, https://punpunkun.com/wp-content/uploads/2021/05/S__10379301.jpg, https://punpunkun.com/wp-content/uploads/2021/05/S__10379303.jpg, https://punpunkun.com/wp-content/uploads/2021/05/S__10379305.jpg, https://punpunkun.com/wp-content/uploads/2021/05/S__10379307.jpg, https://punpunkun.com/wp-content/uploads/2021/05/S__10379308.jpg, https://punpunkun.com/wp-content/uploads/2021/05/S__10379310.jpg",,,,,,,,,0,,สี,สีฟ้า,1,1,,,,,,,,,,,,,Fair
7789,simple,600137,,Navy blue Shirt เสื้อเชิ้ตสีกรมลายจุดแดง,1,0,visible,"เสื้อเชิ้ตแขนสั้น CPS 4/12 BOY สีกรม\n\n&nbsp;\n\n&nbsp;\n\nลายจุดแดง ไซส์ 12ปี (12L)",,,,taxable,,1,,,0,0,0.2,,,,0,,600,1990,เสื้อผ้าและเครื่องประดับ,,,"https://punpunkun.com/wp-content/uploads/2021/05/66550B48-AA70-4ED5-B2D5-FBBF287233F9-rotated.jpeg, https://punpunkun.com/wp-content/uploads/2021/05/BB5DE5F3-91A9-4084-A3E6-B0997CA92615-rotated.jpeg, https://punpunkun.com/wp-content/uploads/2021/05/C3C9F9AF-1FA1-44BE-8983-3655205238D7-rotated.jpeg",,,,,,,,,0,,สี,สีกรม,1,1,เพศ,ชาย,1,1,Size (เสื้อ),12Y,1,1,อายุ,12ปี,1,1,Good
7791,simple,700009,,lantern garland โคมไฟสำหรับตกแต่ง,1,0,visible,โคมไฟสำหรับตกแต่ง ยาว 3.65 เมตร มาพร้อมกับโคมไฟ 8 ดวง,,,,taxable,,1,1,,0,0,0.2,,,,0,,130,160,สินค้าและอุปกรณ์สำหรับเด็ก,,,"https://punpunkun.com/wp-content/uploads/2021/05/S__10379294.jpg, https://punpunkun.com/wp-content/uploads/2021/05/S__10379296.jpg",,,,,,,,,0,,สี,สีน้ำเงิน,1,1,,,,,,,,,,,,,New
7793,simple,600138,,Blue Shirt เสื้อเชิ้ตสีฟ้าแขนสั้น,1,0,visible,"เสื้อเชิ้ตแขนสั้น\n\n&nbsp;\n\n&nbsp;\n\nแบรนด์ Zara boys สีฟ้าลายขาว ขนาด 140ซม.",,,,taxable,,1,,,0,0,0.2,,,,0,,270,900,เสื้อผ้าและเครื่องประดับ,,,"https://punpunkun.com/wp-content/uploads/2021/05/D3ABD80E-B5DB-4D57-88BD-8A413A147133-rotated.jpeg, https://punpunkun.com/wp-content/uploads/2021/05/50538EA8-CFE8-411E-877C-6F95D9557A0B-rotated.jpeg, https://punpunkun.com/wp-content/uploads/2021/05/F3293AB6-272F-43DD-8809-561A67A5C0C7-rotated.jpeg",,,,,,,,,0,,สี,"สีขาว, สีฟ้า",1,1,เพศ,ชาย,1,1,อายุ,10ปี,1,1,,,,,Good
7796,simple,600139,,White sports shirt เสื้อกีฬาขาว,1,0,visible,"เสื้อกีฬาแขนสั้น แบรนด์ Uniqlo\n\n&nbsp;\n\n&nbsp;\n\nสีขาว เทา ขนาด 150 ซม.",,,,taxable,,1,,,0,0,0.2,,,,0,,80,390,เสื้อผ้าและเครื่องประดับ,,,"https://punpunkun.com/wp-content/uploads/2021/05/FA9E100D-A567-4CA6-A42D-C0D26906FA9B-rotated.jpeg, https://punpunkun.com/wp-content/uploads/2021/05/DE62F6E2-5472-434D-938D-A003885BAAD1-rotated.jpeg, https://punpunkun.com/wp-content/uploads/2021/05/F940F263-AF7F-4DC1-94F8-7F71D5733874-rotated.jpeg, https://punpunkun.com/wp-content/uploads/2021/05/C0DE76BF-F3EF-4CAE-A0A4-EE85867A654C-rotated.jpeg",,,,,,,,,0,,สี,"สีขาว, สีเทา",1,1,เพศ,"ชาย, หญิง",1,1,อายุ,12ปี,1,1,,,,,Fair
7798,simple,600140,,Cream Shorts กางเกงขาสั้นสีน้ำตาล,1,0,visible,"กางเกงขาสั้น\n\n&nbsp;\n\nแบรนด์ Uniqlo สีครีม ลายเรือ ขนาด 150 ซม.",,,,taxable,,1,,,0,0,0.2,,,,0,,120,390,เสื้อผ้าและเครื่องประดับ,,,"https://punpunkun.com/wp-content/uploads/2021/05/8BDDB4F3-BB92-4F2A-8741-17923C54C20E-rotated.jpeg, https://punpunkun.com/wp-content/uploads/2021/05/7ACF986D-5182-40C8-A934-6B3D639FDE38-rotated.jpeg, https://punpunkun.com/wp-content/uploads/2021/05/8C081E63-D172-4B6D-89A6-42B921CE798C-rotated.jpeg",,,,,,,,,0,,สี,สีครีม,1,1,เพศ,ชาย,1,1,,,,,,,,,Good
7802,simple,600141,,Black sports shorts กางเกงกีฬาขาสั้นสีดำ,1,0,visible,กางเกงกีฬาขาสั้น แบรนด์ Under Armour สีดำ,,,,taxable,,1,,,0,0,0.2,,,,0,,300,990,เสื้อผ้าและเครื่องประดับ,,,"https://punpunkun.com/wp-content/uploads/2021/05/CE661AE4-7AC0-4533-B447-A2E4C168F001-rotated.jpeg, https://punpunkun.com/wp-content/uploads/2021/05/20B4283C-33A8-4E85-BD37-9EBF800CCC18-rotated.jpeg, https://punpunkun.com/wp-content/uploads/2021/05/8EF427BF-8281-428C-A255-2B718E17EE79-rotated.jpeg",,,,,,,,,0,,สี,สีดำ,1,1,เพศ,"ชาย, หญิง",1,1,,,,,,,,,Good
7806,simple,600142,,Pink sleeve shirt เสื้อเชิ้ตสีชมพู,1,0,visible,"เสื้อเชิ้ตแขนสั้น แบรนด์bloomb\n\n&nbsp;\n\n&nbsp;\n\nสีชมพู ไซส์ สูง 152 ซม. หน้าอก 79 ซม. เอว 68 ซม. 13ปี (13T)",,,,taxable,,1,,,0,0,0.2,,,,0,,330,1100,เสื้อผ้าและเครื่องประดับ,,,"https://punpunkun.com/wp-content/uploads/2021/05/87AE68C5-604C-4517-8FF4-0528530D4FC7-rotated.jpeg, https://punpunkun.com/wp-content/uploads/2021/05/B1E0FDB4-3386-41A9-8637-0A30B2A71EA9-rotated.jpeg, https://punpunkun.com/wp-content/uploads/2021/05/989DF092-9726-4C16-B7EE-22F22D8367C0-rotated.jpeg",,,,,,,,,0,,สี,สีชมพู,1,1,เพศ,หญิง,1,1,อายุ,13ปี,1,1,,,,,Good
7812,simple,600143,,Blue hawaiian shirt เสื้อฮาวายสีน้ำเงิน,1,0,visible,เสื้อฮาวายสีน้ำเงินลายขาว ไซส์ XL,,,,taxable,,1,,,0,0,0.2,,,,0,,300,1000,เสื้อผ้าและเครื่องประดับ,,,"https://punpunkun.com/wp-content/uploads/2021/05/A3C8D1D4-2C03-4F19-98FE-CC00CFF66BC0-rotated.jpeg, https://punpunkun.com/wp-content/uploads/2021/05/45EF39B6-C507-4A91-9A37-7000F2C7E906-rotated.jpeg",,,,,,,,,0,,สี,"สีขาว, สีน้ำเงิน",1,1,เพศ,ชาย,1,1,,,,,,,,,Good
7818,simple,600144,,Navy Blue Pants กางเกงขายาวสีกรม,1,0,visible,กางเกงขายาว Cadeau Paris สีกรม ไซส์ 2ปี(2A),,,,taxable,,1,,,0,1,0.2,,,,0,,255,850,เสื้อผ้าและเครื่องประดับ,,,"https://punpunkun.com/wp-content/uploads/2021/05/DE9733E2-B0FC-4551-A128-059BE6C36037-rotated.jpeg, https://punpunkun.com/wp-content/uploads/2021/05/3AABC6A8-2A26-4FCF-A9C6-536662078E33.jpeg, https://punpunkun.com/wp-content/uploads/2021/05/5F3CFB71-F91A-4C47-98AD-C46C5A2CD1F2-rotated.jpeg",,,,,,,,,0,,สี,สีกรม,1,1,Size (กางเกง),2Y,1,1,อายุ,2ปี,1,1,เพศ,ชาย,1,1,Good
7824,simple,600145,,Short white shirt เสื้อเชิ้ตแขนสั้นสีขาว,1,0,visible,"เสื้อเชิ้ตแขนสั้น สีขาว,เทา\n\n&nbsp;\n\n&nbsp;\n\nลายจุด ขนาด152-158ซม.แบรนด์george",,,,taxable,,1,,,0,1,0.2,,,,0,,195,650,เสื้อผ้าและเครื่องประดับ,,,"https://punpunkun.com/wp-content/uploads/2021/05/B439B3AB-BA0E-496C-8378-E19CABF5493E-rotated.jpeg, https://punpunkun.com/wp-content/uploads/2021/05/F1F79D6C-C3A1-4095-BBED-EED2EB7A1D0F-rotated.jpeg",,,,,,,,,0,,สี,"สีขาว, สีเทา",1,1,เพศ,หญิง,1,1,,,,,,,,,Good
7826,simple,600146,,Jeans With Braces กางเกงขายาวสีกรม,1,0,visible,กางเกงขายาว H&amp;M สีกรม ไซส์ 12เดือน(12M),,,,taxable,,1,,,0,0,0.3,,,,0,,240,799,เสื้อผ้าและเครื่องประดับ,,,"https://punpunkun.com/wp-content/uploads/2021/05/87A93A09-0A30-465D-9C4C-185F4D92991F-rotated.jpeg, https://punpunkun.com/wp-content/uploads/2021/05/73BC4039-A41C-4DFC-9729-980602391EC1-rotated.jpeg, https://punpunkun.com/wp-content/uploads/2021/05/FC18988B-D3D6-4F81-809B-E90FC6324113-rotated.jpeg",,,,,,,,,0,,สี,สีกรม,1,1,Size (กางเกง),12M,1,1,อายุ,12เดือน,1,1,เพศ,ชาย,1,1,Good
7829,simple,600147,,Blue Pants กางเกงขาสั้นลายสก๊อต,1,0,visible,"เกงเกงขาสั้นArizona Jean\n\n&nbsp;\n\nสีฟ้าลายสก๊อต ไซส์ 2ปี(2T)",,,,taxable,,1,,,0,0,0.2,,,,0,,240,800,เสื้อผ้าและเครื่องประดับ,,,"https://punpunkun.com/wp-content/uploads/2021/05/BD5D9A3A-8CED-47B5-8B4A-523AF2E4FA0A-rotated.jpeg, https://punpunkun.com/wp-content/uploads/2021/05/71AF2DB7-ADF2-446D-8F1E-84B488BE48C7-rotated.jpeg, https://punpunkun.com/wp-content/uploads/2021/05/F6580DB5-D3DF-4242-BE3E-EA1BA9CE4E63-rotated.jpeg",,,,,,,,,0,,สี,สีฟ้า,1,1,Size (กางเกง),2Y,1,1,อายุ,2ปี,1,1,เพศ,ชาย,1,1,Good
7831,simple,600148,,Plaid Red Shirt เสื้อเชิ้ตสีแดงลายสก๊อต,1,0,visible,เสื้อเชิ้ต Chateau de sable ลายสก๊อต สีแดง ไซส์ 6ปี(6Y),,,,taxable,,1,,,0,0,0.1,,,,0,,330,1100,เสื้อผ้าและเครื่องประดับ,,,"https://punpunkun.com/wp-content/uploads/2021/05/58DC8476-DF80-4D4D-A2C5-162C6403686C-rotated.jpeg, https://punpunkun.com/wp-content/uploads/2021/05/EE8FD5FA-FA0E-4B6A-A5E8-D50F2CCB4907-rotated.jpeg, https://punpunkun.com/wp-content/uploads/2021/05/1C69B378-5B5A-4849-85A8-C7BF8A33BD67-rotated.jpeg",,,,,,,,,0,,สี,สีแดง,1,1,Size (เสื้อ),6Y,1,1,อายุ,6ปี,1,1,เพศ,ชาย,1,1,Good
7833,simple,600149,,Stingray Kids Raysuit ชุดว่ายน้ำเด็ก,1,0,visible,ชุดว่ายน้ำเด็กแขนยาวขาสั้น แบรนด์ Stingray สีน้ำเงิน ดำ ไซส์4-8,,,,taxable,,1,,,0,0,0.2,,,,0,,450,1500,เสื้อผ้าและเครื่องประดับ,,,"https://punpunkun.com/wp-content/uploads/2021/05/42123E85-0C9D-40A0-BAC2-20DF764529D9-rotated.jpeg, https://punpunkun.com/wp-content/uploads/2021/05/91A0CCFE-01D9-47D2-8815-E6852AD5D194-rotated.jpeg, https://punpunkun.com/wp-content/uploads/2021/05/875509FE-DC64-4AA9-B494-0AC017E5FC9B-rotated.jpeg, https://punpunkun.com/wp-content/uploads/2021/05/05F9362E-DD9B-431F-A526-598B6049D22F-rotated.jpeg",,,,,,,,,0,,สี,"สีดำ, สีน้ำเงิน",1,1,เพศ,"ชาย, หญิง",1,1,,,,,,,,,Good
7835,simple,600150,,Red Shirt เสื้อเชิ้ตสีแดง,1,0,visible,เสื้อเชิ้ต Chateau de sable สีแดง ไซส์ 6ปี(6Y),,,,taxable,,1,,,0,0,0.2,,,,0,,330,1100,เสื้อผ้าและเครื่องประดับ,,,"https://punpunkun.com/wp-content/uploads/2021/05/EB9DF939-2E4E-4B8C-94BF-90C230E958D0-rotated.jpeg, https://punpunkun.com/wp-content/uploads/2021/05/4F8A6CD2-5B4B-448E-8F83-AFC09AD61CF2-rotated.jpeg, https://punpunkun.com/wp-content/uploads/2021/05/FE42E018-727E-4A99-8E16-F2FD44E4D632-rotated.jpeg",,,,,,,,,0,,สี,สีแดง,1,1,Size (เสื้อ),6Y,1,1,อายุ,6ปี,1,1,เพศ,ชาย,1,1,Good
7837,simple,600151,,Warm pants กางเกงวอมสีเทา,1,0,visible,กางเกงวอมขายาว แบรนด์under armour สีเทา,,,,taxable,,1,,,0,0,0.3,,,,0,,750,2500,เสื้อผ้าและเครื่องประดับ,,,"https://punpunkun.com/wp-content/uploads/2021/05/621F8233-C2C5-4A64-A6DD-9F2FE0C4B6DF-rotated.jpeg, https://punpunkun.com/wp-content/uploads/2021/05/C4E8554C-CA28-4416-8701-CB3E21BCD19D-rotated.jpeg, https://punpunkun.com/wp-content/uploads/2021/05/F990FE1D-41BF-4DA4-BB41-21778F6563ED.jpeg",,,,,,,,,0,,สี,สีเทา,1,1,เพศ,"ชาย, หญิง",1,1,,,,,,,,,Good
7838,simple,600152,,Polo Shirt เสื้อโปโลสีส้ม,1,0,visible,เสื้อโปโล Under armour สีส้ม,,,,taxable,,0,0,,0,0,0.2,,,,1,,360,1200,เสื้อผ้าและเครื่องประดับ,,,"https://punpunkun.com/wp-content/uploads/2021/05/FCC5D39A-5360-42DE-9830-48E953C6385D-rotated.jpeg, https://punpunkun.com/wp-content/uploads/2021/05/5001599E-B033-4F43-849D-C3B122EA3E2D-rotated.jpeg, https://punpunkun.com/wp-content/uploads/2021/05/6D19234F-208B-41C6-A9CE-6252B2D8EC26-rotated.jpeg",,,,,,,,,0,,สี,สีส้ม,1,1,เพศ,ชาย,1,1,,,,,,,,,Good
7841,simple,600153,,Blue shorts กางเกงขาสั้นสีฟ้า,1,0,visible,"กางเกงขาสั้น\n\n&nbsp;\n\n&nbsp;\n\nแบรนด์ Uniqlo สีฟ้าลายเทา ขนาด150ซม.",,,,taxable,,1,,,0,0,0.2,,,,0,,120,390,เสื้อผ้าและเครื่องประดับ,,,"https://punpunkun.com/wp-content/uploads/2021/05/91474805-248D-4F9E-8F3E-F3DC870B3108-rotated.jpeg, https://punpunkun.com/wp-content/uploads/2021/05/F026F7E5-7BB3-4FFF-9E9D-316CEFA9347D-rotated.jpeg, https://punpunkun.com/wp-content/uploads/2021/05/CD1D4D4F-50E1-4A56-8D3C-213EB3CA2F12-rotated.jpeg",,,,,,,,,0,,สี,"สีฟ้า, สีเทา",1,1,เพศ,ชาย,1,1,,,,,,,,,Good
7843,simple,600154,,Purple Shirt เสื้อยืดสีม่วง,1,0,visible,เสื้อยืด Under armour สีม่วง แขนสั้น,,,,taxable,,1,,,0,0,0.5,,,,0,,240,800,เสื้อผ้าและเครื่องประดับ,,,"https://punpunkun.com/wp-content/uploads/2021/05/BAE48DC6-EBFE-4057-BF53-B4842237980A-rotated.jpeg, https://punpunkun.com/wp-content/uploads/2021/05/BA75D2AB-5018-42E9-9734-65616D257E6E-rotated.jpeg, https://punpunkun.com/wp-content/uploads/2021/05/EA03D0D1-0615-4AAB-81E1-32DB46AEF7D9-rotated.jpeg",,,,,,,,,0,,สี,สีม่วง,1,1,เพศ,ชาย,1,1,,,,,,,,,Good
7845,simple,600155,,Yellow t-shirt เสื้อยืดสีเหลือง,1,0,visible,"เสื้อยืดเเขนสั้น\n\n&nbsp;\n\n&nbsp;\n\nแบรนด์zara สีเหลือง ขนาด9/10 140ซม.",,,,taxable,,1,,,0,0,0.2,,,,0,,105,350,เสื้อผ้าและเครื่องประดับ,,,"https://punpunkun.com/wp-content/uploads/2021/05/60877C1F-161F-48B0-B247-7D542680C41E-rotated.jpeg, https://punpunkun.com/wp-content/uploads/2021/05/93D2ECD2-A90C-4A10-8940-A44F918BA5F7-rotated.jpeg, https://punpunkun.com/wp-content/uploads/2021/05/0FDDE5AA-6941-48C2-AA2E-12B3CA4C4CF0-rotated.jpeg",,,,,,,,,0,,สี,สีเหลือง,1,1,เพศ,หญิง,1,1,อายุ,10ปี,1,1,,,,,Good
7847,simple,600156,,Blue Shirt เสื้อยืดสีฟ้า,1,0,visible,"เสื้อยืด Uniqlo\n\n&nbsp;\n\nแขนสั้น สีฟ้า ไซส์ 150 ส่วนสูง 145-155 น้ำหนัก 71-77",,,,taxable,,1,,,0,0,0.2,,,,0,,120,400,เสื้อผ้าและเครื่องประดับ,,,"https://punpunkun.com/wp-content/uploads/2021/05/1EE0642A-EAC3-4EF7-9A12-2AB4C24C756D-rotated.jpeg, https://punpunkun.com/wp-content/uploads/2021/05/06A3CF30-D652-429C-AB44-4D32B510E721-rotated.jpeg",,,,,,,,,0,,สี,สีฟ้า,1,1,เพศ,ชาย,1,1,อายุ,11ปี,1,1,,,,,Good
7849,simple,600157,,Blue shorts กางเกงขาสั้นสีน้ำเงิน,1,0,visible,"กางเกงขาสั้น\n\n&nbsp;\n\n&nbsp;\n\nแบรนด์ Uniqlo สีน้ำเงินขาว ลายเรือ ขนาด150ซม.",,,,taxable,,1,,,0,0,0.2,,,,0,,120,390,เสื้อผ้าและเครื่องประดับ,,,"https://punpunkun.com/wp-content/uploads/2021/05/2AAD55BA-DEAD-493E-BC3C-392C9010373E-rotated.jpeg, https://punpunkun.com/wp-content/uploads/2021/05/CA81A95C-006E-4C16-8926-AB25BBF02110-rotated.jpeg, https://punpunkun.com/wp-content/uploads/2021/05/FD3BCE4E-3101-4B54-B962-77BA0B1A3E61-rotated.jpeg",,,,,,,,,0,,สี,"สีขาว, สีน้ำเงิน",1,1,เพศ,ชาย,1,1,อายุ,10ปี,1,1,,,,,Good
7851,simple,600158,,Blue Shirt เสื้อยืดสีน้ำเงิน,1,0,visible,"เสื้อยืดคอกลม\n\n&nbsp;\n\n&nbsp;\n\nAdidas สีน้ำเงิน ไซส์ ส่วนสูง147-152 อก78 เอว68",,,,taxable,,1,,,0,0,0.2,,,,0,,220,1100,เสื้อผ้าและเครื่องประดับ,,,"https://punpunkun.com/wp-content/uploads/2021/05/64E940BA-7C2E-450E-9FA7-BFC56E138A40-rotated.jpeg, https://punpunkun.com/wp-content/uploads/2021/05/677393AA-B152-4EE4-B6C4-65DCFF631C6F-rotated.jpeg, https://punpunkun.com/wp-content/uploads/2021/05/23C51F32-95F9-40BC-A491-78F4D0147D36-rotated.jpeg, https://punpunkun.com/wp-content/uploads/2021/05/0DF93987-5C97-4B80-A9D7-D6A58F10CB8C-rotated.jpeg",,,,,,,,,0,,สี,สีน้ำเงิน,1,1,เพศ,ชาย,1,1,อายุ,11ปี,1,1,,,,,Fair
7853,simple,600159,,Gray sweatpants กางเกงวอมสีเทา,1,0,visible,"กางเกงวอมขายาว แบรนด์ zara สีเทา,ดำ\n\n&nbsp;\n\nขนาด10 140ซม.",,,,taxable,,1,,,0,0,0.4,,,,0,,240,790,เสื้อผ้าและเครื่องประดับ,,,"https://punpunkun.com/wp-content/uploads/2021/05/4FE98997-E781-40B3-B998-7A0711FED220-rotated.jpeg, https://punpunkun.com/wp-content/uploads/2021/05/2BB714B5-E1A6-4A5C-A0F9-40C74D57EE25-rotated.jpeg, https://punpunkun.com/wp-content/uploads/2021/05/D2BFBEEE-749F-4302-840B-8B3559F03463.jpeg",,,,,,,,,0,,สี,"สีดำ, สีเทา",1,1,เพศ,"ชาย, หญิง",1,1,,,,,,,,,Good
7855,simple,600160,,Gray Shirt เสื้อยืดสีเทา,1,0,visible,"เสื้อยืดคอกลม Uniqlo\n\n&nbsp;\n\nสีเทา ไซส์ ไซส์ 150 ส่วนสูง 145-155 น้ำหนัก 71-77",,,,taxable,,1,,,0,0,0.3,,,,0,,120,400,เสื้อผ้าและเครื่องประดับ,,,"https://punpunkun.com/wp-content/uploads/2021/05/146E02D3-9A6A-4307-BAC7-444EB198C8E2-rotated.jpeg, https://punpunkun.com/wp-content/uploads/2021/05/81F38502-892D-4200-BB53-4B4071565382-rotated.jpeg, https://punpunkun.com/wp-content/uploads/2021/05/38FE79FD-25AC-489D-9FAC-0A04774C22CD-rotated.jpeg",,,,,,,,,0,,สี,สีเทา,1,1,เพศ,ชาย,1,1,อายุ,11ปี,1,1,,,,,Good
7857,simple,600161,,Red Shirt เสื้อเชิ้ตสีแดง,1,0,visible,เสื้อยืด CPS Chaps สีแดง แขนสั้น,,,,taxable,,1,,,0,0,0.3,,,,0,,270,890,เสื้อผ้าและเครื่องประดับ,,,"https://punpunkun.com/wp-content/uploads/2021/05/98AF8253-F06D-4505-8046-CD16C4AB6033-rotated.jpeg, https://punpunkun.com/wp-content/uploads/2021/05/35ABB5EE-08AD-4600-A9A9-7CCB0AE38F0B-rotated.jpeg",,,,,,,,,0,,สี,สีแดง,1,1,เพศ,ชาย,1,1,,,,,,,,,Good
7858,simple,600162,,Brown pants กางเกงขายาวสีน้ำตาล,1,0,visible,กางเกงขายาว  แบรนด์ H&amp;M สีน้ำตาล ขนาด EUR 152 US 11-12Y CA 11-12Y CN 150/66 MX 152 AUS 12,,,,taxable,,1,,,0,0,0.3,,,,0,,120,400,เสื้อผ้าและเครื่องประดับ,,,"https://punpunkun.com/wp-content/uploads/2021/05/79BB57FD-A472-48BF-A1E9-3BB47F323E3E-rotated.jpeg, https://punpunkun.com/wp-content/uploads/2021/05/831224EE-DE4A-4164-9C5D-6CF239A062FD-rotated.jpeg, https://punpunkun.com/wp-content/uploads/2021/05/4607A6A7-CB1C-47EE-B901-4D3E9D08289A-rotated.jpeg",,,,,,,,,0,,สี,สีน้ำตาล,1,1,เพศ,ชาย,1,1,อายุ,11ปี,1,1,,,,,Good
7863,simple,600163,,Polo Shirt เสื้อโปโลสีขาว,1,0,visible,เสื้อโปโล CPS Chaps สีขาว แขนสั้น ไซส์ 12ปี(12L),,,,taxable,,0,0,,0,0,0.3,,,,1,,300,1490,เสื้อผ้าและเครื่องประดับ,,,"https://punpunkun.com/wp-content/uploads/2021/05/9D3CE07B-7CCB-4883-A729-0F0F4A51F9E5-rotated.jpeg, https://punpunkun.com/wp-content/uploads/2021/05/9D1F2B1F-0658-402A-B962-F94A3EBEFD60-rotated.jpeg, https://punpunkun.com/wp-content/uploads/2021/05/49AD04A0-CCB5-4869-8F2A-E3480044B955-rotated.jpeg, https://punpunkun.com/wp-content/uploads/2021/05/8275B802-5086-40CA-9C5B-620A32774B46-rotated.jpeg",,,,,,,,,0,,สี,สีขาว,1,1,เพศ,ชาย,1,1,Size (เสื้อ),12Y,1,1,อายุ,12ปี,1,1,Fair
7865,simple,600164,,Polo Shirt เสื้อโปโลสีเขียวหลังน้ำเงิน,1,0,visible,"เสื้อโปโล Ralph Lauren สีเขียวหลังน้ำเงิน\n\n&nbsp;\n\nแขนสั้น ไซส์ M",,,,taxable,,0,0,,0,0,0.3,,,,1,,390,1300,เสื้อผ้าและเครื่องประดับ,,,"https://punpunkun.com/wp-content/uploads/2021/05/58A064A5-AF91-46F6-B07B-F7E9B5976672-rotated.jpeg, https://punpunkun.com/wp-content/uploads/2021/05/0B0FA505-5914-4119-BABB-C8CC3FB631B1-rotated.jpeg, https://punpunkun.com/wp-content/uploads/2021/05/8104E201-4487-4E88-9C73-89FA96B3E03C-rotated.jpeg",,,,,,,,,0,,สี,"สีน้ำเงิน, สีเขียว",1,1,เพศ,ชาย,1,1,Size (เสื้อ),10Y,1,1,อายุ,10ปี,1,1,Good
7867,simple,600165,,White sleeveless sports shirt เสื้อกีฬาแขนกุดสีขาว,1,0,visible,เสื้อกีฬาแขนกุด แบรนด์ Under armour  สีขาว,,,,taxable,,1,,,0,0,0.1,,,,0,,180,890,เสื้อผ้าและเครื่องประดับ,,,"https://punpunkun.com/wp-content/uploads/2021/05/020A268F-1791-417C-B16D-56B8B8A9F428-rotated.jpeg, https://punpunkun.com/wp-content/uploads/2021/05/1184D51A-165C-4AB7-A68E-DD4B68B96F01-rotated.jpeg, https://punpunkun.com/wp-content/uploads/2021/05/6AD8892A-74ED-4245-99F5-335DE2D51BBB-rotated.jpeg, https://punpunkun.com/wp-content/uploads/2021/05/9948756B-D633-4AAF-8C95-5D0C5544EB15-rotated.jpeg, https://punpunkun.com/wp-content/uploads/2021/05/4A9F9586-2F4F-4F52-8227-31FCDA13F242-rotated.jpeg, https://punpunkun.com/wp-content/uploads/2021/05/99CF7F53-7187-4029-AE46-81C4C24B7221-rotated.jpeg",,,,,,,,,0,,สี,สีขาว,1,1,เพศ,"ชาย, หญิง",1,1,,,,,,,,,Fair
7869,simple,600166,,Polo Shirt เสื้อโปโลสีขาว,1,0,visible,เสื้อโปโล Uniqlo สีขาว แขนสั้น ไซส์ ความสูง 155-165 รอบอก 80-88 รอบเอว 68-76,,,,taxable,,1,,,0,0,0.2,,,,0,,160,790,เสื้อผ้าและเครื่องประดับ,,,"https://punpunkun.com/wp-content/uploads/2021/05/3029E4A4-31A3-4BC3-BE4E-BFECC29F8FBD-rotated.jpeg, https://punpunkun.com/wp-content/uploads/2021/05/93EA64B1-B63D-4C40-A186-54A49999CA1C-rotated.jpeg, https://punpunkun.com/wp-content/uploads/2021/05/57B75742-7651-460F-B71A-68184422F8EE-rotated.jpeg",,,,,,,,,0,,สี,สีขาว,1,1,เพศ,ชาย,1,1,อายุ,12ปี,1,1,Size (เสื้อ),12Y,1,1,Fair
7872,simple,600167,,Blue Shirt เสื้อเชิ้ตสีฟ้า,1,0,visible,เสื้อเชิ้ต Cherokee an american standard สีฟ้า แขนสั้น ไซส์ 14ปี(14Y),,,,taxable,,1,,,0,0,0.2,,,,0,,160,790,เสื้อผ้าและเครื่องประดับ,,,"https://punpunkun.com/wp-content/uploads/2021/05/BB9AA357-B6B7-40E9-AF46-AC295296C113-rotated.jpeg, https://punpunkun.com/wp-content/uploads/2021/05/6A4DE9DD-B1F6-416C-AE02-EB37DA119CDB-rotated.jpeg, https://punpunkun.com/wp-content/uploads/2021/05/4D168D35-A00F-42AA-99A4-0DE7FBEC574C-rotated.jpeg, https://punpunkun.com/wp-content/uploads/2021/05/139D3565-7B4F-4C0A-A9C0-8CDA99A8638F-rotated.jpeg",,,,,,,,,0,,สี,สีฟ้า,1,1,เพศ,ชาย,1,1,Size (เสื้อ),14Y,1,1,อายุ,14ปี,1,1,Fair
7875,simple,600168,,Arena swimming thermal top เสื้อสำหรับว่ายน้ำ,1,0,visible,เสื้อสำหรับว่ายน้ำ แบรนด์ Arena สีเขียว-น้ำเงิน,,,,taxable,,1,,,0,0,0.3,,,,0,,200,1000,เสื้อผ้าและเครื่องประดับ,,,"https://punpunkun.com/wp-content/uploads/2021/05/575BDDAA-2BD1-4FDA-9795-7BCD052EC4B5-rotated.jpeg, https://punpunkun.com/wp-content/uploads/2021/05/4AFEA068-D3AD-407F-A372-76DDFE726643-rotated.jpeg, https://punpunkun.com/wp-content/uploads/2021/05/DB1FBB6A-00DE-428F-B64B-85B93FCC5C27-rotated.jpeg, https://punpunkun.com/wp-content/uploads/2021/05/2728F905-2CE3-40C0-AE89-A6F62B49C817-rotated.jpeg",,,,,,,,,0,,สี,"สีน้ำเงิน, สีเขียว",1,1,เพศ,"ชาย, หญิง",1,1,,,,,,,,,Fair
7877,simple,600169,,Polo Shirt เสื้อโปโลสีชมพู,1,0,visible,"เสื้อโปโล Defry 01 สีชมพู แขนสั้น ไซส์\n\n&nbsp;\n\n14ปี(14Y)",,,,taxable,,0,0,,0,0,0.3,,,,1,,300,1000,เสื้อผ้าและเครื่องประดับ,,,"https://punpunkun.com/wp-content/uploads/2021/05/B6B8ABA4-8817-4D9B-B78A-050A797EC494-rotated.jpeg, https://punpunkun.com/wp-content/uploads/2021/05/E4C49825-F9D3-420D-A4CD-26C5D000406A-rotated.jpeg, https://punpunkun.com/wp-content/uploads/2021/05/C8CC1F5F-A464-412D-995D-51E88B9FD40A-rotated.jpeg",,,,,,,,,0,,สี,สีชมพู,1,1,Size (เสื้อ),14Y,1,1,อายุ,14ปี,1,1,เพศ,ชาย,1,1,Good
7879,simple,600170,,Red Pants กางเกงขาสั้นสีแดง,1,0,visible,กางเกงขาสั้น Adidas สีแดง ไซส์ 11ปี(1Y),,,,taxable,,1,,,0,0,0.2,,,,0,,360,1200,เสื้อผ้าและเครื่องประดับ,,,"https://punpunkun.com/wp-content/uploads/2021/05/D52CE589-C6D5-407F-B5E1-01727BC9BC0F-rotated.jpeg, https://punpunkun.com/wp-content/uploads/2021/05/394D36F4-EDE7-4FED-906D-231B4731DD02-rotated.jpeg, https://punpunkun.com/wp-content/uploads/2021/05/F30F063B-7C1D-4FC4-9B6B-F864F4BE48D2-rotated.jpeg",,,,,,,,,0,,สี,สีแดง,1,1,เพศ,ชาย,1,1,,,,,,,,,Good
7902,simple,600171,,Blue sports shorts กางเกงกีฬาขาสั้นสีน้ำเงิน,1,0,visible,กางเกงกีฬาขาสั้น Adidas สีน้ำเงิน ไซส์ 12ปี(12Y),,,,taxable,,1,,,0,0,0.2,,,,0,,360,1200,เสื้อผ้าและเครื่องประดับ,,,"https://punpunkun.com/wp-content/uploads/2021/05/DC6EE213-1E18-41BA-90E6-13B6549A5447-rotated.jpeg, https://punpunkun.com/wp-content/uploads/2021/05/052FD524-9FD0-4AEA-A4E2-973D4BCA8F61.jpeg, https://punpunkun.com/wp-content/uploads/2021/05/6715E4F4-6FA7-495F-B051-011057D36D71-rotated.jpeg",,,,,,,,,0,,สี,สีน้ำเงิน,1,1,เพศ,ชาย,1,1,,,,,,,,,Good
7937,simple,700010,,Plates flowers จานลายดอกไม้สำหรับเด็ก,1,0,visible,"จาน 2 ชิ้น สีชมพู พลาสติกปลอดสาร BPA\n\n&nbsp;\n\nปลอดภัยสำหรับไมโครเวฟสำหรับอุ่นเท่านั้น ด่านล่างกันลื่นช่วยป้องกันการหกเลอะเทอะ",,,,taxable,,1,1,,0,0,0.2,,,,0,,100,200,สินค้าและอุปกรณ์สำหรับเด็ก,,,"https://punpunkun.com/wp-content/uploads/2021/05/08FA68DF-F95F-4D24-8A26-855ECB441FDC-rotated.jpeg, https://punpunkun.com/wp-content/uploads/2021/05/5BAF2AD6-FE97-449A-902C-32A35F96A245-rotated.jpeg, https://punpunkun.com/wp-content/uploads/2021/05/201AFAF9-EAF3-4465-BBFB-C07CC3AEBA93-rotated.jpeg",,,,,,,,,0,,สี,สีชมพู,1,1,,,,,,,,,,,,,Fair
7939,simple,500009,,Twist Keeper ที่ใส่ถุงเก็บนมแม่,1,0,visible,"ที่ใส่ถุงเก็บนมแม่\n\n&nbsp;\n\nช่วยจัดระเบียบถุงเก็บนมแม่ตามวันที่ได้อย่างรวดเร็ว ปราศจาก BPA ปราศจาก phthalate และ ปราศจาก PVC",,,,taxable,,1,1,,0,0,1,,,,0,,220,550,สินค้าและอุปกรณ์สำหรับเด็ก,,,"https://punpunkun.com/wp-content/uploads/2021/05/404F7BD3-FAC2-47F3-8B1C-7CC1F95F053D-rotated.jpeg, https://punpunkun.com/wp-content/uploads/2021/05/2DE80DE7-2279-45BC-B1A8-3C282C12C93B-rotated.jpeg, https://punpunkun.com/wp-content/uploads/2021/05/F9382AF4-6DEC-434E-9939-94177403C757-rotated.jpeg",,,,,,,,,0,,สี,สีขาว,1,1,,,,,,,,,,,,,Mint
8801,simple,800024,,Bows Detailing Sandals รองเท้าแตะติดโบว์,1,0,visible,รองเท้าแตะติดโบว์ สีชมพู สุดน่ารัก ไซส์ USA 7 BRA 20/21 EUR 22/23 JPN 13.5,,,,taxable,,1,1,,0,1,1,,,,0,,550,1890,สินค้าและอุปกรณ์สำหรับเด็ก,,,"https://punpunkun.com/wp-content/uploads/2021/05/3E4CDFF3-901A-4FD0-805D-EA09A1B7E8D1-rotated.jpeg, https://punpunkun.com/wp-content/uploads/2021/05/587A91EA-DDB7-4FDA-BB51-5346E11336B0-rotated.jpeg, https://punpunkun.com/wp-content/uploads/2021/05/81909A04-9379-4B1D-A800-D3DE70FD4CDA-rotated.jpeg, https://punpunkun.com/wp-content/uploads/2021/05/332C296D-9BEF-4C43-8BF8-5CA73AC4B4BB-rotated.jpeg, https://punpunkun.com/wp-content/uploads/2021/05/838F1154-D7FA-4B3A-A2BB-FD4AF784EFFC-rotated.jpeg",,,,,,,,,0,,,,,,,,,,,,,,,,,,Fair
8815,simple,800016,,Mini Ultragirl + 101 Dalmatians รองเท้าแตะลายหมา,1,0,visible,"รองเท้าแตะลายหมา แบรนด์ Melissa\n\n&nbsp;\n\nสุดน่ารัก สีขาว ไซส์ USA 7 BRA 20/21 BUR 22/23 JPN 13.5",,,,taxable,,1,1,,0,1,1,,,,0,,450,1500,สินค้าและอุปกรณ์สำหรับเด็ก,,,"https://punpunkun.com/wp-content/uploads/2021/05/4440D5EB-2D16-4FCF-B03E-DB322E7B609B-rotated.jpeg, https://punpunkun.com/wp-content/uploads/2021/05/753229A5-231C-4758-AF3C-BBE345235BB5-rotated.jpeg, https://punpunkun.com/wp-content/uploads/2021/05/8EAD2F92-D27F-4A15-AA6D-358F5DDF352C-rotated.jpeg, https://punpunkun.com/wp-content/uploads/2021/05/635558A1-D2C0-4CF0-A1CE-7E4C575B633C-rotated.jpeg",,,,,,,,,0,,สี,สีขาว,1,1,เพศ,หญิง,1,1,,,,,,,,,Fair
8830,simple,800013,,Mini Beach Slide Dino รองเท้าแตะลายไดโนเสาร์,1,0,visible,รองเท้าแตะลายได้โนเสาร์ สีส้ม สุดน่ารัก ไซส์ USA 8 BRA 22 EUR 24 JPN 14.5,,,,taxable,,1,1,,0,1,1,,,,0,,650,2550,สินค้าและอุปกรณ์สำหรับเด็ก,,,"https://punpunkun.com/wp-content/uploads/2021/05/2DB135EA-8063-4097-AF96-447CAC1EA143-rotated.jpeg, https://punpunkun.com/wp-content/uploads/2021/05/6626F682-3F11-41EE-A7DD-4B58A3C401A5-rotated.jpeg, https://punpunkun.com/wp-content/uploads/2021/05/B7C8B8C5-450F-47AC-BACA-9247CF43C5F0-rotated.jpeg, https://punpunkun.com/wp-content/uploads/2021/05/38AA55A3-D32E-4D42-A5D1-8AF8F59E6EDA-rotated.jpeg",,,,,,,,,0,,สี,สีส้ม,1,1,เพศ,ชาย,1,1,,,,,,,,,Fair
8839,simple,800012,,Baby Girl Patent Leather T รองเท้าหนังหุ้มข้อติดโบว์,1,0,visible,รองเท้าหนัง แบรนด์ Jacadi Paris สีดำ ไซส์ 23,,,,taxable,,1,1,,0,0,1,,,,0,,320,1600,สินค้าและอุปกรณ์สำหรับเด็ก,,,"https://punpunkun.com/wp-content/uploads/2021/05/C5221043-EABA-4174-8547-1A62C0FE1344-rotated.jpeg, https://punpunkun.com/wp-content/uploads/2021/05/B0C09516-D0CD-4656-99D6-9751C90B06BB-rotated.jpeg, https://punpunkun.com/wp-content/uploads/2021/05/0D8469B1-A46A-4D54-802A-16FFD92005ED-rotated.jpeg",,,,,,,,,0,,สี,สีดำ,1,1,,,,,,,,,,,,,Fair
8851,simple,800011,,Dynamo Free TD Royal Tint Rainbow Toddler Infant Baby Shoes รองเท้าเด็กวัยหัดเดิน,1,0,visible,รองเท้าเด็กวัยหัดเดิน สีฟ้า ไซส์ US 6C UK 5.5 EUR 22 CM 12,,,,taxable,,1,1,,0,1,0.2,,,,0,,1080,2700,สินค้าและอุปกรณ์สำหรับเด็ก,,,"https://punpunkun.com/wp-content/uploads/2021/05/FD2616E2-365A-4B85-82F5-B43623F914D7-rotated.jpeg, https://punpunkun.com/wp-content/uploads/2021/05/FE54DAC9-5FE5-463C-940F-56B933A2E85C-rotated.jpeg, https://punpunkun.com/wp-content/uploads/2021/05/7F8378FC-7B96-4334-B25A-31686CA8B26C-rotated.jpeg, https://punpunkun.com/wp-content/uploads/2021/05/97B66800-09E4-4D14-8467-718434E9E3AC-rotated.jpeg, https://punpunkun.com/wp-content/uploads/2021/05/66DF7C70-EBB1-4DFE-9563-A32815073402-rotated.jpeg",,,,,,,,,0,,เพศ,ชาย,1,1,สี,สีฟ้า,1,1,,,,,,,,,Fair
8854,simple,800015,,Mini Hello Kitty Shoes รองเท้าเด็กเฮลโลคิตตี,1,0,visible,รองเท้ายางเด็กเฮลโลคิตตี สีชมพู ไซส์ USA 7 BRA 20/21 EUR 22/23 JPN 13.5,,,,taxable,,1,1,,0,0,0.4,,,,0,,1350,2700,สินค้าและอุปกรณ์สำหรับเด็ก,,,"https://punpunkun.com/wp-content/uploads/2021/05/AEFC9286-A791-4D06-96F4-D1F5EE0BD704-rotated.jpeg, https://punpunkun.com/wp-content/uploads/2021/05/F873DB19-FDE6-474E-B181-DF6C4DA53950-rotated.jpeg",,,,,,,,,0,,,,,,,,,,,,,,,,,,Good
8862,simple,800014,,Hello Kitty Shoes รองเท้ากันน้ำเฮลโลคิตตี,1,0,visible,รองเท้าเด็กกันน้ำเฮลโลคิตตี สีขาว ไซส์ USA 7 UK 6 EUR 23 JPN 14,,,,taxable,,1,1,,0,1,1,,,,0,,500,2500,สินค้าและอุปกรณ์สำหรับเด็ก,,,"https://punpunkun.com/wp-content/uploads/2021/05/A1A982A3-328B-46FE-A742-AFC112041EC3-rotated.jpeg, https://punpunkun.com/wp-content/uploads/2021/05/C590AFAC-7349-41CB-B3FC-174C4B89A3A9-rotated.jpeg, https://punpunkun.com/wp-content/uploads/2021/05/E4AEDF66-C395-48AF-9B2D-9E516CA601E6-rotated.jpeg, https://punpunkun.com/wp-content/uploads/2021/05/78D01BF6-A606-47CA-94F8-902AD8E2A1EA-rotated.jpeg, https://punpunkun.com/wp-content/uploads/2021/05/A8A8ECA4-8ABD-4416-BD51-C2596E6D3FF8-rotated.jpeg",,,,,,,,,0,,,,,,,,,,,,,,,,,,Fair
8866,simple,800007,,Bright Starts Shake And Glow Monkey Toy ที่แขวนคาร์ซีทและรถเข็นเด็ก,1,0,visible,"ที่แขวนคาร์ซีทและรถเข็นเด็ก\n\n&nbsp;\n\nเขย่าและของเล่นลิงเรืองแสง",,,,taxable,,1,1,,0,1,0.2,,,,0,,560,1400,สินค้าและอุปกรณ์สำหรับเด็ก,,,"https://punpunkun.com/wp-content/uploads/2021/05/71638FF7-2C7E-4E88-8786-B101D733528F-rotated.jpeg, https://punpunkun.com/wp-content/uploads/2021/05/EFF57AB8-946D-4CF4-BF7D-D58D7FA213F5-rotated.jpeg",,,,,,,,,0,,เพศ,"ชาย, หญิง",1,1,,,,,,,,,,,,,Fair
8868,simple,800017,,wed-3084 transport matching game ของเล่นเพื่อฝึกออกกำลังนิ้ว,1,0,visible,"ของเล่น แบรนด์ Wonderworld เกมจับคู่ที่มีเอกลักษณ์ เข้าใจได้ง่าย เป็นเรื่องราวเกี่ยวกับวิธีการเดินทาง,การขนส่ง เป็นของเล่นเพื่อฝึกออกกำลังนิ้วเพื่อเสริมสร้างทักษะการเขียน โดยการลากตัวเล่นไปตามร่องที่มีลักษณะเหมือนตัวอักษรในรูปแบบต่างๆ และช่วยพัฒนาทักษะการแก้ปัญหาและการวางแผน",,,,taxable,,1,1,,0,1,0.8,,,,0,,410,680,สินค้าและอุปกรณ์สำหรับเด็ก,,,"https://punpunkun.com/wp-content/uploads/2021/05/B72A46F7-403F-4B0E-AB63-E685FCBE7D97-rotated.jpeg, https://punpunkun.com/wp-content/uploads/2021/05/4A651A18-83BE-4AC7-B36F-3F75170353DD-rotated.jpeg",,,,,,,,,0,,เพศ,"ชาย, หญิง",1,1,,,,,,,,,,,,,Good
8878,simple,800009,,Zuru Rainbocorns Plush Big Bow ตุ๊กตาเรนโบคอร์น,1,0,visible,"ยูนิคอร์นขนปุยสุดน่ารัก\n\nพร้อมเลื้อมหัวใจลูบแล้วเปลี่ยนรูปสุดเซอร์ไพรส์ ผลิตจากพลาสติกคุณภาพดี ปลอดภัย ไม่เป็นอันตรายให้คุณหนูๆ สนุกและเพลิดเพลินไปกับของเล่นสุดสนุกเสริมสร้างพัฒนาการในด้านต่างๆ ได้เป็นอย่างดี",,,,taxable,,1,1,,0,1,0.5,,,,0,,960,2400,สินค้าและอุปกรณ์สำหรับเด็ก,,,https://punpunkun.com/wp-content/uploads/2021/05/403B43E8-C852-436D-B08F-ED2E739919E6-rotated.jpeg,,,,,,,,,0,,สี,สีชมพู,1,1,,,,,,,,,,,,,Fair
8881,simple,800010,,VTech Chomp and Count Dino ของเล่นเด็กไดโนเสาร์,1,0,visible,ของเล่นเด็กไดโนเสาร์ แบรนด์ Vtech เวลากดปุ่มจะพูดเป็นภาษอังกฤษ ปุ่มกด 5 รูปแบบช้วยส่งเสริมการเรียนรู้เกี่ยวกับตัวเลข,,,,taxable,,0,0,,0,1,0.8,,,,1,,200,2450,ของเล่นและเครื่องนอนการตกแต่ง,,,"https://punpunkun.com/wp-content/uploads/2021/05/639B94D2-7EC1-41FA-A5A2-F41F01BCDF4C-rotated.jpeg, https://punpunkun.com/wp-content/uploads/2021/05/742B3CE4-E92F-4C39-AB4E-AB85E5AB9285-rotated.jpeg",,,,,,,,,0,,สี,สีเขียว,1,1,,,,,,,,,,,,,Fair
8884,simple,800021,,Belly Bandit ผ้ายืดรัดหน้าท้องหลังคลอด,1,0,visible,"ผ้ารัดหน้าท้องหลังคลอด\n\n&nbsp;\n\nเพื่อกระชับหน้าท้องส่วนที่เพิ่งยืดขยายมาเป็นเวลา 9 เดือน ให้กลับคืนสู่รูปร่างเดิม",,,,taxable,,1,1,,0,1,1,,,,0,,2800,5800,สินค้าและอุปกรณ์สำหรับเด็ก,,,"https://punpunkun.com/wp-content/uploads/2021/05/05DE63ED-4BEB-4984-B79D-91CF2C008B9A-rotated.jpeg, https://punpunkun.com/wp-content/uploads/2021/05/5F285423-F0D4-49CE-BCE3-E80DD40C36F3-rotated.jpeg, https://punpunkun.com/wp-content/uploads/2021/05/8DE95136-3DC4-4391-8E87-62FA924DBF58-rotated.jpeg, https://punpunkun.com/wp-content/uploads/2021/05/D7627BD9-3607-44B6-9017-3625825D5D0C-rotated.jpeg",,,,,,,,,0,,สี,สีขาว,1,1,,,,,,,,,,,,,Good
8890,simple,800020,,BELLY FITT ผ้ารัดหน้าท้องหลังคลอด,1,0,visible,"ผ้ารัดหน้าท้องหลังคลอด\n\n&nbsp;\n\nเร่งให้รูปร่างกลับคืนสู่สภาพก่อนตั้งครรภ์ ลดรอบเอวและหน้าท้องได้อย่างรวดเร็ว",,,,taxable,,1,1,,0,1,0.3,,,,0,,1350,2250,สินค้าและอุปกรณ์สำหรับเด็ก,,,"https://punpunkun.com/wp-content/uploads/2021/05/4F7F47BF-2C07-4C8E-A992-D539B37DD067-rotated.jpeg, https://punpunkun.com/wp-content/uploads/2021/05/D4CC6F98-E56D-4D00-877B-951996652A1C-rotated.jpeg",,,,,,,,,0,,สี,สีครีม,1,1,,,,,,,,,,,,,Good
8898,simple,800006,,Roll Around Owl &amp; Roll Around Rattles ยางกัดสำหรับเด็ก,1,0,visible,"ของเล่นยางกัดคาแรคเตอร์ แบรนด์ Skip Hop เขย่าแล้วเกิดเสียงกรุ๊งกริ๊ง ไม่มีส่วนประกอบของพทาเลท,BPA-Free และ PVC Free",,,,taxable,,1,1,,0,1,0.3,,,,0,,715,1190,สินค้าและอุปกรณ์สำหรับเด็ก,,,"https://punpunkun.com/wp-content/uploads/2021/05/F58A8063-5F22-486C-AED5-8D4223018CEE-rotated.jpeg, https://punpunkun.com/wp-content/uploads/2021/05/9F72BAC2-7326-47C6-8022-C9DB4A9F0D26-rotated.jpeg",,,,,,,,,0,,สี,"สีฟ้า, สีเขียว",1,1,,,,,,,,,,,,,Good
8904,simple,800008,,Ball Toy บอลของเล่น,1,0,visible,"ของเล่นเสริมพัฒนาการ\n\n&nbsp;\n\nมีปุ่มเปิดปิด มีเสียงเพลงและทำนอง",,,,taxable,,0,0,,0,1,0.7,,,,1,,100,1250,ของเล่นและเครื่องนอนการตกแต่ง,,,"https://punpunkun.com/wp-content/uploads/2021/05/58F4E139-B126-4F7D-8AC7-56F157C76520-rotated.jpeg, https://punpunkun.com/wp-content/uploads/2021/05/1E3070C0-7B4D-43B3-9609-1DC36E851599-rotated.jpeg",,,,,,,,,0,,สี,สีเหลือง,1,1,,,,,,,,,,,,,Fair
8911,simple,800025,,Tranquil Turtle Ocean ตุ๊กตาเต่าทะเลกล่อมนอน,1,0,visible,"ตุ๊กตาเต่าทะเลกล่อมนอน แบรนด์  Cloud b\n\n&nbsp;\n\nฉายแสงใต้น้ำพร้อมการเคลื่อนไหวของคลื่น มีเสียงเพลงให้เลือก 2 เสียง tranquil melody และ Aqua wave",,,,taxable,,0,0,,0,0,0.5,,,,1,,500,2500,ของเล่นและเครื่องนอนการตกแต่ง,,,"https://punpunkun.com/wp-content/uploads/2021/05/AE26B972-FE8F-4BAD-8892-A938CA0B8991-rotated.jpeg, https://punpunkun.com/wp-content/uploads/2021/05/751C689A-C919-4D35-9F9F-79A8BD4A2FAD-rotated.jpeg, https://punpunkun.com/wp-content/uploads/2021/05/FE979664-134B-42C1-87E7-FEC39EB9AE3F-rotated.jpeg",,,,,,,,,0,,สี,สีฟ้า,1,1,เพศ,"ชาย, หญิง",1,1,,,,,,,,,Fair
8915,simple,800027,,Electronic music snail piano ออแกนหอยหอยทาก,1,0,visible,ออแกนหอย หอยทาก สีสันสดใส มีไฟ และ เสียง เสริมพัฒนาการเด็ก,,,,taxable,,1,1,,0,1,0.4,,,,0,,390,650,สินค้าและอุปกรณ์สำหรับเด็ก,,,"https://punpunkun.com/wp-content/uploads/2021/05/A5A2221E-6004-4A09-A278-086080B70BD7-rotated.jpeg, https://punpunkun.com/wp-content/uploads/2021/05/95953A64-6195-4D57-BCE7-2453FEE0E0ED-rotated.jpeg",,,,,,,,,0,,,,,,,,,,,,,,,,,,Good
8919,simple,800005,,Cozy Caterpillar Neck Support หมอนรองคอหนอนผีเสื้อ,1,0,visible,หมอนรองคอหนอนผีเสื้อ ใช้ขณะนั่งใน Car Seat หรือ Booster สีสันสดใส,,,,taxable,,1,1,,0,1,0.2,,,,0,,240,600,สินค้าและอุปกรณ์สำหรับเด็ก,,,"https://punpunkun.com/wp-content/uploads/2021/05/0EB06066-EADE-4277-ABE0-07563FDE0721-rotated.jpeg, https://punpunkun.com/wp-content/uploads/2021/05/7FE25602-66ED-4C94-80CF-7AE186A729E5-rotated.jpeg",,,,,,,,,0,,,,,,,,,,,,,,,,,,Fair
8922,simple,800003,,Spectra S1 Plus เครื่องปั๊มน้ำนมสำหรับคุณแม่,1,0,visible,"เครื่องปั๊มนมคุณภาพสูง\n\n&nbsp;\n\nเกรดโรงพยาบาล โหมดนวดกระตุ้นน้ำนม ปั๊มนมได้เกลี้ยงเต้าสูงสุด ด้วยโหมดเลือกรอบการดูด สีขาวและสีเขียว",,,,taxable,,1,,,0,0,1.4,,,,0,,4000,8000,สินค้าและอุปกรณ์สำหรับเด็ก,,,"https://punpunkun.com/wp-content/uploads/2021/05/BDB054F0-F904-443A-B4D9-F92EF898EB1C-rotated.jpeg, https://punpunkun.com/wp-content/uploads/2021/05/4A9CD0FB-A030-4798-9BC7-146E39D25982-rotated.jpeg, https://punpunkun.com/wp-content/uploads/2021/05/01936A9D-C79D-4C3E-B562-69FD247A217B-rotated.jpeg",,,,,,,,,0,,สี,"สีขาว, สีฟ้า",1,1,เพศ,หญิง,1,1,,,,,,,,,Fair
8927,simple,800002,,Car Seat คาร์ซีท รุ่น ATON - B/JACK,1,0,visible,"คาร์ซีท แบรนด์ Mamas&amp;Papas รุ่น ATON – B/JACK ตั้งแต่เด็กอายุเด็กแรกเกิดขึ้นไป – 18 เดือนโดยประมาณ สายรัดกว้างพิเศษ เพื่อความปลอดภัยและความนุ่มสบายของลูกน้อย มาพร้อมเบาะรองนอนสำหรับเด็กเล็ก และสามารถถอดได้เมื่อลูกน้อยโตขึ้น\n\n&nbsp;",,,,taxable,,1,1,,0,1,4.4,,,,0,,9730,13900,สินค้าและอุปกรณ์สำหรับเด็ก,,,"https://punpunkun.com/wp-content/uploads/2021/05/BE18405C-46E9-473E-A6E1-89AD0A78AD1B-rotated.jpeg, https://punpunkun.com/wp-content/uploads/2021/05/22469800-51B8-45E6-AC09-BEE65838FE73-rotated.jpeg, https://punpunkun.com/wp-content/uploads/2021/05/7C41DC85-F31C-496D-9C37-3082FCF028B2-rotated.jpeg, https://punpunkun.com/wp-content/uploads/2021/05/60720DDF-954D-47F1-B0D9-367A979DD107-rotated.jpeg, https://punpunkun.com/wp-content/uploads/2021/05/F6DD8E98-5F3B-4F0B-880F-D30CCDC1E154-rotated.jpeg, https://punpunkun.com/wp-content/uploads/2021/05/4523F13E-07EA-459D-BB43-CBDB47DD2F8A-rotated.jpeg",,,,,,,,,0,,สี,สีดำ,1,1,เพศ,"ชาย, หญิง",1,1,,,,,,,,,Mint
8934,simple,800026,,Triangle Laugh &amp; Learn Peek-a-Boo Cuckoo Clock นาฬิกาของเล่น,1,0,visible,นาฬิกาของเล่น แบรนด์ Fisher Price มี 2 โหมด ABC และดนตรี อีกด้านเป็นหมุนไขลาน บนสุดกดให้นกโผล่ออกมา,,,,taxable,,1,1,,0,1,0.5,,,,0,,560,1900,สินค้าและอุปกรณ์สำหรับเด็ก,,,"https://punpunkun.com/wp-content/uploads/2021/05/C0620815-9573-431D-A98D-13555E6F543D-rotated.jpeg, https://punpunkun.com/wp-content/uploads/2021/05/0FE2A3A5-23B7-4C44-8165-17C155719483-rotated.jpeg",,,,,,,,,0,,,,,,,,,,,,,,,,,,Good
8946,simple,800022,,Peek A Boo Book หนังสือนิทานของเล่น,1,0,visible,"หนังสือนิทานของเล่น Peek-A-Boo แบรนด์ Vtech\n\n&nbsp;\n\nช่วยให้ทารกเรียนรู้คลาสสิกและเพลงกล่อมเด็กแบบดั้งเดิมในรูปแบบที่น่าขบขันและน่าจดจำ มี 6 เรื่องโปรดสุดคลาสสิกเต็มไปด้วยความสนุกสนาน ใบหน้าที่ยิ้มแย้มมีความสุข",,,,taxable,,1,1,,0,1,1,,,,0,,350,1500,สินค้าและอุปกรณ์สำหรับเด็ก,,,https://punpunkun.com/wp-content/uploads/2021/05/9EFCA059-CFF0-4EE0-A270-C0E4C640753E.jpeg,,,,,,,,,0,,,,,,,,,,,,,,,,,,Fair
8950,simple,800023,,Beaming Buggie Take-Along Toy ผึ้งของเล่นสำหรับเด็ก,1,0,visible,"ผึ้งของเล่นสำหรับเด็ก\n\n&nbsp;\n\nปุ่มกดและปีกสว่างขึ้นและเปลี่ยนสี ส่งเสริมพัฒนาการเด็ก",,,,taxable,,1,1,,0,1,0.2,,,,0,,600,1500,สินค้าและอุปกรณ์สำหรับเด็ก,,,"https://punpunkun.com/wp-content/uploads/2021/05/D73EA402-1B23-44FF-9CED-28EEE628F4F1-rotated.jpeg, https://punpunkun.com/wp-content/uploads/2021/05/8A0B4CD0-1292-4281-B191-FCD02F2D1E34-rotated.jpeg",,,,,,,,,0,,,,,,,,,,,,,,,,,,Fair
8954,simple,800018,,Qd Flexi Nursing Cover (Pleat Collection) ผ้าคลุมให้นม,1,0,visible,"ผ้าคลุมให้นมเอนกประสงค์\n\n&nbsp;\n\nรุ่นผ้าพลีทที่นิ่มและนุ่มขึ้นกว่าเดิม เลือกอัดพลีทแบบสลับลาย เนื้อผ้าเบาและสบาย ด้วยธรรมชาติของ ผ้า Pleat ทำให้ไซส์สามารถขยายได้กว้างกว่าปกติ ครอบคลุมได้ดีขึ้น พับเก็บง่าย",,,,taxable,,1,1,,0,1,0.3,,,,0,,865,1150,สินค้าและอุปกรณ์สำหรับเด็ก,,,"https://punpunkun.com/wp-content/uploads/2021/05/E0C8BEA2-3C72-4870-8CD4-7C850EA9D255-rotated.jpeg, https://punpunkun.com/wp-content/uploads/2021/05/B2D17469-B4F4-4582-BFB8-EED57E93653D-rotated.jpeg, https://punpunkun.com/wp-content/uploads/2021/05/F3112C5C-B900-4E35-9DBC-C896D17411A9-rotated.jpeg",,,,,,,,,0,,สี,สีน้ำเงิน,1,1,เพศ,หญิง,1,1,,,,,,,,,Mint
8957,simple,800019,,Maternity Dress ชุดคลุมท้อง,1,0,visible,"ชุดคลุมท้อง\n\n&nbsp;\n\nการออกเเบบเพื่อให้สวมใส่ได้จริงเเละที่สำคัญต้องใส่ได้สวย เเละ สบาย อีกทั้งยังสามารถสวมใส่ต่อได้ ตั้งเเต่ตั้งครรภ์ จนหลังคลอดด้วย",,,,taxable,,1,1,,0,1,0.6,,,,0,,2760,4600,สินค้าและอุปกรณ์สำหรับเด็ก,,,"https://punpunkun.com/wp-content/uploads/2021/05/BC8FCAF7-59A3-4F24-9DDF-C2D66FD72B01-rotated.jpeg, https://punpunkun.com/wp-content/uploads/2021/05/D3AEB619-9A4A-4563-86B1-72996F509D20-rotated.jpeg, https://punpunkun.com/wp-content/uploads/2021/05/9A3FC637-EE72-4E95-80BA-87A01105A23A-rotated.jpeg",,,,,,,,,0,,สี,สีดำ,1,1,เพศ,หญิง,1,1,,,,,,,,,Good
8979,simple,800004,,Hamleys Movers and Shakers Poodle-Pink ตุ๊กตาหุ่นยนต์สุนัขสีชมพู,1,0,visible,ตุ๊กตาสุนัข สีชมพู มีเสียงและเคลื่อนไหวได้ แบรนด์ Hamleys,,,,taxable,,1,1,,0,0,0.6,,,,0,,780,1300,สินค้าและอุปกรณ์สำหรับเด็ก,,,"https://punpunkun.com/wp-content/uploads/2021/05/S__3383298.jpg, https://punpunkun.com/wp-content/uploads/2021/05/S__3383300.jpg, https://punpunkun.com/wp-content/uploads/2021/05/S__3383301.jpg",,,,,,,,,0,,สี,สีชมพู,1,1,เพศ,หญิง,1,1,,,,,,,,,Good
8993,simple,200123,,Columpio Mecedora Zobo เปลไกวไฟฟ้าอัตโนมัติ,1,0,visible,"เปลไกวไฟฟ้าอัตโนมัติ\n\n&nbsp;\n\nมีเข็มขัดนิรภัยระบบป้องกันความปลอดภัย 100 % มีจุดล็อคถึง 5จุด สามารถปรับระบบให้พอดีกับตัวเด็กได้ เบาะสามารถถอดซักได้ง่าย เหมาะสำหรับเด็กตั้งแต่แรกเกิด - 12 เดือน สามารถปรับระดับความเร็ว ในการแกว่งได้ถึง 5 ระดับ สามารถปรับระดับการสั่นได้ถึง 2 ระดับ มีเสียงให้เลือก 2 โหมด โหมดเสียงเพลง 12 เพลง และโหมดเสียงธรรมชาติ 5 เสียง มีระบบตั้งเวลาปิดการใช้งานอัตโนมัติให้เลือกใช้งานถึง 3 ระดับ 15 30 และ60 นาที ตามลำดับ มีโมบายของเล่น ให้ความเพลิดเพลิน สามารถรับน้ำหนักเด็กได้ 13.6 กก.",,,,taxable,,1,1,,0,0,20,,,,0,,1875,3750,สินค้าและอุปกรณ์สำหรับเด็ก,,,"https://punpunkun.com/wp-content/uploads/2021/05/S__10797058.jpg, https://punpunkun.com/wp-content/uploads/2021/05/S__10797060.jpg, https://punpunkun.com/wp-content/uploads/2021/05/S__10797062.jpg, https://punpunkun.com/wp-content/uploads/2021/05/S__10797063.jpg, https://punpunkun.com/wp-content/uploads/2021/05/S__10797061-1.jpg",,,,,,,,,0,,สี,สีเทา,1,1,อายุ,0เดือน,1,1,,,,,,,,,Fair
9005,simple,200122,,Cool Kids เตียงนอนสำหรับเด็กแรกเกิด,1,0,visible,"ที่นอนสำหรับเด็ก แรกเกิด -3 ขวบ\n\n&nbsp;\n\n(หรือประมาณ 20 กิโล )",,,,taxable,,1,1,,0,0,12,,,,0,,2200,10950,สินค้าและอุปกรณ์สำหรับเด็ก,,,"https://punpunkun.com/wp-content/uploads/2021/05/S__10797067.jpg, https://punpunkun.com/wp-content/uploads/2021/05/S__10797071.jpg, https://punpunkun.com/wp-content/uploads/2021/05/S__10797069.jpg, https://punpunkun.com/wp-content/uploads/2021/05/S__10797072.jpg, https://punpunkun.com/wp-content/uploads/2021/05/S__10797075.jpg, https://punpunkun.com/wp-content/uploads/2021/05/S__10797073.jpg, https://punpunkun.com/wp-content/uploads/2021/05/S__10797077.jpg, https://punpunkun.com/wp-content/uploads/2021/05/S__10797076.jpg, https://punpunkun.com/wp-content/uploads/2021/05/S__10797070.jpg, https://punpunkun.com/wp-content/uploads/2021/05/S__10797074.jpg",,,,,,,,,0,,อายุ,0เดือน,1,1,,,,,,,,,,,,,Fair
9086,simple,700011,,Maclaren Ryder รถเข็นเด็ก,1,0,visible,รถเข็นเด็ก Maclaren Ryder สีน้ำตาล ลายหนังกลับ เหมาะตั้งแต่แรกเกิดขึ้นไป มีตำแหน่งที่นั่งของรถเข็นปรับเอนได้ 4 แบบ และสายรัดนิรภัยสำหรับรถเข็น 5 จุดเพื่อความปลอดภัยของทารกหรือเด็กวัยหัดเดิน,,,,taxable,,1,,,0,0,16,,,,0,,4000,14000,คาร์ซีทและรถเข็นเด็ก,,,"https://punpunkun.com/wp-content/uploads/2021/05/A5BAF49D-44AF-46BA-A954-1BB9A1CB5178-rotated.jpeg, https://punpunkun.com/wp-content/uploads/2021/05/79D47128-DA3B-40BE-89B7-361CD2A08E12-rotated.jpeg, https://punpunkun.com/wp-content/uploads/2021/05/D3CCA688-9557-4905-BA91-B60F7E901150-rotated.jpeg, https://punpunkun.com/wp-content/uploads/2021/05/73219CBD-E893-48FA-973D-0A9FA123B63C-rotated.jpeg, https://punpunkun.com/wp-content/uploads/2021/05/80405DE1-C1A4-4A58-BF7B-AF530E267F69-rotated.jpeg, https://punpunkun.com/wp-content/uploads/2021/05/46A1B104-EC35-4450-8E4B-DA1388159DEC-rotated.jpeg, https://punpunkun.com/wp-content/uploads/2021/05/E5CA9224-46CC-4CB7-A25C-4E9B71BC6925-rotated.jpeg, https://punpunkun.com/wp-content/uploads/2021/05/270983D0-555F-4D3B-B3AA-A3961C8A3AA2-rotated.jpeg, https://punpunkun.com/wp-content/uploads/2021/05/6113463F-CB2A-4D39-8E42-5982240B9E32-rotated.jpeg, https://punpunkun.com/wp-content/uploads/2021/05/2E0A3D87-8815-4374-96A4-2869E7161058-rotated.jpeg",,,,,,,,,0,,,,,,,,,,,,,,,,,,Good
9089,simple,700013,,Graco Travel Crib with custom-made mattress เตียงนอนสำหรับเด็ก,1,0,visible,"เตียงนอนสำหรับเด็ก แบรนด์ GACO\n\n&nbsp;\n\nช่วยให้ลูกน้อยเพลิดเพลินไปกับโมบายตุ๊กตาสุดน่ารัก ตัวเตียงบุกันกระแทก โล่งโปร่งด้วยตาข่ายทั้ง 4 ด้าน เหมาะสำหรับเด็กแรกเกิด ถึง 3 ขวบ ปุ่มกดสำหรับพับเก็บ ล้อ 2 ข้างเคลื่อนย้ายได้สะดวก มีถุงสำหรับเก็บหรือพกพาได้สะดวก",,,,taxable,,0,0,,0,1,16,,,,0,,1500,9000,สินค้าและอุปกรณ์สำหรับเด็ก,,,"https://punpunkun.com/wp-content/uploads/2021/05/5A72996F-6408-4914-B5D9-19B59726954A-rotated.jpeg, https://punpunkun.com/wp-content/uploads/2021/05/BA1019F5-0898-40C9-B541-678A58B28BBF-rotated.jpeg, https://punpunkun.com/wp-content/uploads/2021/05/E2151AEF-B568-46FC-BE83-C61479E417A8-rotated.jpeg, https://punpunkun.com/wp-content/uploads/2021/05/5A72996F-6408-4914-B5D9-19B59726954A-rotated.jpeg, https://punpunkun.com/wp-content/uploads/2021/05/FB73CB06-F19D-429F-8A4C-73A05B82D190-rotated.jpeg, https://punpunkun.com/wp-content/uploads/2021/05/852AB036-35A4-4781-9F0E-959DB2FEA3B7-rotated.jpeg, https://punpunkun.com/wp-content/uploads/2021/05/42CE83F4-F1AF-4696-B5F6-23F8C966B0C1-rotated.jpeg, https://punpunkun.com/wp-content/uploads/2021/05/F1A6B84F-3DB0-437D-8E24-8377AA6F8BC1-rotated.jpeg, https://punpunkun.com/wp-content/uploads/2021/05/566659EC-02EE-4A33-A78F-9331D3646AD2-rotated.jpeg, https://punpunkun.com/wp-content/uploads/2021/05/D1027D4D-D679-4303-B5D8-624974416FE3-rotated.jpeg, https://punpunkun.com/wp-content/uploads/2021/05/F8810A4D-DEDA-4F62-B389-234FACE13CE3-rotated.jpeg",,,,,,,,,0,,สี,สีเขียว,1,1,อายุ,0เดือน,1,1,,,,,,,,,Fair
9091,simple,700012,,High Chair Sleeper Baby Cot Mobile เก้าอี้สูงสำหรับเด็กปรับระดับได้,1,0,visible,"เก้าอี้สูงสำหรับเด็กปรับระดับได้\n\n&nbsp;\n\nมีล้อสำหรับเคลื่อนย้ายได้ สามารถปรับระดับได้ สามารถใช้เป็นเก้าอี้สูงสำหรับให้อาหารหรือเล่นของเล่นได้",,,,taxable,,1,1,,0,0,17,,,,0,,2500,16000,สินค้าและอุปกรณ์สำหรับเด็ก,,,"https://punpunkun.com/wp-content/uploads/2021/05/21072679-4B3C-4F3C-BCF2-FB278304656B-rotated.jpeg, https://punpunkun.com/wp-content/uploads/2021/05/7011F593-B07B-4C0F-80C6-31F4CD987ED8-rotated.jpeg, https://punpunkun.com/wp-content/uploads/2021/05/1B556A5A-11A0-4723-B5E7-A713BEB56989-rotated.jpeg, https://punpunkun.com/wp-content/uploads/2021/05/ABD93317-A635-4E01-B342-9C141B8FA085-rotated.jpeg, https://punpunkun.com/wp-content/uploads/2021/05/878A18DC-0E0C-42F7-8254-143F8ED69C03-rotated.jpeg, https://punpunkun.com/wp-content/uploads/2021/05/96A78698-3A37-4915-A817-6B337DC72A89-rotated.jpeg, https://punpunkun.com/wp-content/uploads/2021/05/824FFE5C-FD70-46F1-B6E5-F8E16DF4CE9E-rotated.jpeg, https://punpunkun.com/wp-content/uploads/2021/05/CB07FD09-2363-4B4A-A9C9-4AFD5FF254DD-rotated.jpeg, https://punpunkun.com/wp-content/uploads/2021/05/255FDA4D-F28F-4949-899B-5C21396A5A62-rotated.jpeg, https://punpunkun.com/wp-content/uploads/2021/05/892FDC24-DC23-474F-A7AF-A69265A086C3-rotated.jpeg, https://punpunkun.com/wp-content/uploads/2021/05/3CC22FDD-CD2A-457F-9941-491EC21657A2-rotated.jpeg, https://punpunkun.com/wp-content/uploads/2021/05/F30530F1-F23F-48E3-8333-0D21F8D7ED07-rotated.jpeg, https://punpunkun.com/wp-content/uploads/2021/05/8A81DF37-A550-498F-B064-988AF1FB4597-rotated.jpeg, https://punpunkun.com/wp-content/uploads/2021/05/ED60AF3A-2E4B-4D59-9B7F-036E4C31ABC7-rotated.jpeg",,,,,,,,,0,,สี,สีฟ้า,1,1,เพศ,"ชาย, หญิง",1,1,,,,,,,,,Fair
9100,simple,600173,,LeapFrog Leapster Learning Game System เกมการเรียนรู้,1,0,visible,"เล่นและเรียนรู้ได้ทุกที่ทุกเวลา\n\n&nbsp;\n\nจากนั้นขยายความสนุกทางออนไลน์ด้วยอุปกรณ์พกพา มาพร้อมเคสที่ให้มาเพื่อจัดเก็บและปกป้องอุปกรณ์พกพาของคุณ สำหรับเด็กอายุสี่ถึงแปดขวบ",,,,taxable,,1,,,0,0,0.5,,,,0,,1260,2100,สินค้าและอุปกรณ์สำหรับเด็ก,,,"https://punpunkun.com/wp-content/uploads/2021/05/S__3383312.jpg, https://punpunkun.com/wp-content/uploads/2021/05/S__3383319.jpg, https://punpunkun.com/wp-content/uploads/2021/05/S__3383315.jpg, https://punpunkun.com/wp-content/uploads/2021/05/S__3383316.jpg, https://punpunkun.com/wp-content/uploads/2021/05/S__3383317.jpg, https://punpunkun.com/wp-content/uploads/2021/05/S__3383318.jpg",,,,,,,,,0,,สี,สีเขียว,1,1,อายุ,4ปี,1,1,,,,,,,,,Good
9106,simple,600172,,LeapFrog Leapster Learning Game System เกมการเรียนรู้,1,0,visible,"เครื่องเล่นและเรียนรู้\n\n&nbsp;\n\nได้ทุกที่ทุกเวลาจากนั้นขยายความสนุกทางออนไลน์ด้วยอุปกรณ์พกพา มาพร้อมเคสที่ให้มาเพื่อจัดเก็บและปกป้องอุปกรณ์พกพาของคุณ สำหรับเด็กอายุสี่ถึงแปดขวบ",,,,taxable,,1,,,0,0,0.5,,,,0,,1260,2100,ของเล่นและเครื่องนอนการตกแต่ง,,,"https://punpunkun.com/wp-content/uploads/2021/05/S__3383323.jpg, https://punpunkun.com/wp-content/uploads/2021/05/S__3383321.jpg, https://punpunkun.com/wp-content/uploads/2021/05/S__3383324.jpg, https://punpunkun.com/wp-content/uploads/2021/05/S__3383325.jpg",,,,,,,,,0,,สี,สีชมพู,1,1,อายุ,4ปี,1,1,,,,,,,,,Good
9175,simple,100075,,STEARNS Puddle Jumper 3D Deluxe (3D Shark) อุปกรณ์ช่วยพยุงตัวสำหรับเด็ก,1,0,visible,"อุปกรณ์ช่วยพยุงตัวสำหรับเด็ก\n\n&nbsp;\n\nสามารถใช้เป็นอุปกรณ์สำหรับช่วยในการฝึกหัดว่ายน้ำ ลวดลายฉลามน่ารักด้วยลาย 3D บริเวณด้านหน้าของสินค้า เหมาะสำหรับเด็กที่มีน้ำหนักประมาณ 13.6-22.7 กิโลกรัม มีสายเข็มขัดที่สามารถปรับได้",,,,taxable,,0,0,,0,0,1,,,,0,,1465,1950,เครื่องมือการเลี้ยงดูเด็ก,,,"https://punpunkun.com/wp-content/uploads/2021/05/IMG_8195.jpeg, https://punpunkun.com/wp-content/uploads/2021/05/IMG_8196.jpeg, https://punpunkun.com/wp-content/uploads/2021/05/IMG_8202-rotated.jpeg, https://punpunkun.com/wp-content/uploads/2021/05/IMG_8198.jpeg, https://punpunkun.com/wp-content/uploads/2021/05/IMG_8197.jpeg",,,,,,,,,0,,สี,สีฟ้า,1,1,,,,,,,,,,,,,Mint
9396,simple,800028,,WavHello BellyBuds หูฟัง ลำโพงสำหรับเปิดเพลงให้ลูกน้อยในท้อง,1,0,visible,"หูฟังลำโพง\n\n&nbsp;\n\nสำหรับเปิดเพลงให้ลูกน้อยในท้อง เปิดเพลงให้ลูกน้อยในท้องฟัง สามารถต่อจากมือถือได้ แผ่นกาวสำหรับแปะบนหน้าท้อง ตัวต่อแยก สำหรับหูฟัง 2 ชุด สามารถฟังเพลงพร้อมกับลูกน้อยในท้องได้ โดยเสียบหูฟังสำหรับแม่ 1 ชุด(ไม่มีให้ในกล่อง) และหูฟังสำหรับลูกน้อยในท้อง 1 ชุด (มีในกล่องพร้อมกับกาวแปะหน้าท้อง) app Voiceshare ที่สามารถอัดเสียง อ่านหนังสือเก็บไว้ แล้วเปิดให้ลูกฟังได้ พกพาง่าย น้ำหนักเบา ไม่เทอะทะ",,,,taxable,,1,,,0,0,1,,,,0,,940,1250,สินค้าและอุปกรณ์สำหรับเด็ก,,,"https://punpunkun.com/wp-content/uploads/2021/05/S__3383355.jpg, https://punpunkun.com/wp-content/uploads/2021/05/S__3383357.jpg, https://punpunkun.com/wp-content/uploads/2021/05/S__3383358.jpg",,,,,,,,,0,,สี,สีเขียว,1,1,,,,,,,,,,,,,Mint
9400,simple,800029,,Breast milk Storage Bags ถุงเก็บน้ำนมแม่,1,0,visible,"ถุงเก็บน้ำนมแม่ ตราสมาร์ทเตอร์\n\n&nbsp;\n\nใช้งานง่ายและสดวกในการเก็บน้ำนม เพิ่มความปลอดภัยโดยระบบซิปล็อก 3 ชั้นป้องกันการหกและมีหน่วยปริมาตร เพื่อความสะดวกในการวัดปริมาณน้ำนมแต่ละมื้อ ปริมาณ 20 ถุง",,,,taxable,,1,1,,0,0,0.4,,,,0,,45,55,สินค้าและอุปกรณ์สำหรับเด็ก,,,"https://punpunkun.com/wp-content/uploads/2021/05/S__3383359.jpg, https://punpunkun.com/wp-content/uploads/2021/05/S__3383358.jpg",,,,,,,,,0,,อายุ,0เดือน,1,1,,,,,,,,,,,,,New
9402,simple,800030,,Spitz Camel กระเป๋าเป้สะพายหลังรูปอูฐ,1,0,visible,"กระเป๋าเป้สะพายหลังขนนุ่ม\n\n&nbsp;\n\nทำจากวัสดุที่นุ่มสบาย เหมาะสำหรับทั้งเด็กชายและเด็กหญิงเพื่อนที่ดีที่สุดคนใหม่เป็นกระเป๋นเป้รูปอูฐ",,,,taxable,,1,1,,0,0,0.6,,,,0,,355,590,สินค้าและอุปกรณ์สำหรับเด็ก,,,"https://punpunkun.com/wp-content/uploads/2021/05/S__3383361.jpg, https://punpunkun.com/wp-content/uploads/2021/05/S__3383363.jpg, https://punpunkun.com/wp-content/uploads/2021/05/S__3383362.jpg, https://punpunkun.com/wp-content/uploads/2021/05/S__3383364.jpg",,,,,,,,,0,,สี,สีน้ำตาล,1,1,,,,,,,,,,,,,Good
9404,simple,800031,,Camel bag กระเป๋าสะพายอูฐ,1,0,visible,"กระเป๋าสะพาย\n\n&nbsp;\n\nมีช่องซิปด้านหลังที่สายสะพายไหล่ปรับระดับได้เต็มที่",,,,taxable,,0,0,,0,0,0.5,,,,0,,355,590,สินค้าและอุปกรณ์สำหรับเด็ก,,,"https://punpunkun.com/wp-content/uploads/2021/05/S__3383365.jpg, https://punpunkun.com/wp-content/uploads/2021/05/S__3383366.jpg, https://punpunkun.com/wp-content/uploads/2021/05/S__3383368.jpg, https://punpunkun.com/wp-content/uploads/2021/05/S__3383369.jpg",,,,,,,,,0,,สี,สีน้ำตาล,1,1,,,,,,,,,,,,,Good
9406,simple,800032,,Sea Squad ชุดว่ายน้ำเด็ก,1,0,visible,ชุดว่ายน้ำเด็ก SPEEDO ผลิตจากวัสดุที่ปราศจาก PVC เพื่อความปลอดภัย โฟมด้านในช่วยในการลอยตัวในน้ำ ผ่านการทดสอบมาตรฐานความปลอดภัยของออสเตรเลียและยุโรป,,,,taxable,,1,1,,0,0,0.8,,,,0,,625,1250,สินค้าและอุปกรณ์สำหรับเด็ก,,,"https://punpunkun.com/wp-content/uploads/2021/05/S__3383370.jpg, https://punpunkun.com/wp-content/uploads/2021/05/S__3383371.jpg, https://punpunkun.com/wp-content/uploads/2021/05/S__3383372.jpg, https://punpunkun.com/wp-content/uploads/2021/05/S__3383375.jpg, https://punpunkun.com/wp-content/uploads/2021/05/S__3383376.jpg, https://punpunkun.com/wp-content/uploads/2021/05/S__3383374.jpg",,,,,,,,,0,,สี,สีแดง,1,1,,,,,,,,,,,,,Fair
9414,simple,800033,,ZOGGS Jacket For Swim Zoggyjacket ชุดชูชีพสำหรับเด็กหญิง,1,0,visible,"ชุดชูชีพสำหรับเด็กหญิง\n\n&nbsp;\n\nด้านนอกทำจากวัสดุ Neoprene 100% ด้านในทำจากวัสดุ Polyester 100% ขนาดรอบอก : 65 ซม. ช่วยในการลอยตัว ใช้สวมใส่ว่ายน้ำ เคลื่อนไหวได้อย่างสะดวกสบาย สามารถถอดหรือปรับเปลี่ยนตัวทุ่นลอยน้ำได้ สีชมพู เหมาะสำหรับอายุ 2-3 ปี ชุดสามารถรับน้ำหนักได้สูงสุดถึง 18 กก. %",,,,taxable,,1,1,,0,0,0.8,,,,0,,1500,2500,สินค้าและอุปกรณ์สำหรับเด็ก,,,"https://punpunkun.com/wp-content/uploads/2021/05/S__3383377.jpg, https://punpunkun.com/wp-content/uploads/2021/05/S__3383379.jpg, https://punpunkun.com/wp-content/uploads/2021/05/S__3383380.jpg, https://punpunkun.com/wp-content/uploads/2021/05/S__3383381.jpg",,,,,,,,,0,,สี,สีชมพู,1,1,อายุ,2ปี,1,1,,,,,,,,,Good
9416,simple,800034,,Sea Squad ชุดว่ายน้ำเด็ก,1,0,visible,ผลิตจากวัสดุที่ปราศจาก PVC เพื่อความปลอดภัย โฟมด้านในช่วยในการลอยตัวในน้ำ,,,,taxable,,1,1,,0,0,0.8,,,,0,,750,1250,สินค้าและอุปกรณ์สำหรับเด็ก,,,"https://punpunkun.com/wp-content/uploads/2021/05/S__3383382.jpg, https://punpunkun.com/wp-content/uploads/2021/05/S__3383383.jpg, https://punpunkun.com/wp-content/uploads/2021/05/S__3383384.jpg, https://punpunkun.com/wp-content/uploads/2021/05/S__3383385.jpg",,,,,,,,,0,,สี,"สีฟ้า, สีเขียว",1,1,,,,,,,,,,,,,Good
9418,simple,800035,,Speedo Paddle Pals เสื้อชูชีพเด็ก,1,0,visible,"เสื้อชูชีพเด็ก Speedo โครงสร้างโฟม PE\n\n&nbsp;\n\nมอบความนุ่มสบายและทนทาน พื้นผิวด้านนอกเป็นไนล่อน ช่วยให้ไม่ดูดซับน้ำ ตัวล็อคเพิ่มความกระชับและปลอดภัยขณะเล่นน้ำ มีช่องสำหรับไล่น้ำเพื่อป้องกันน้ำขัง",,,,taxable,,1,1,,0,0,0.8,,,,0,,930,1550,สินค้าและอุปกรณ์สำหรับเด็ก,,,"https://punpunkun.com/wp-content/uploads/2021/05/S__3383386.jpg, https://punpunkun.com/wp-content/uploads/2021/05/S__3383387.jpg, https://punpunkun.com/wp-content/uploads/2021/05/S__3383388.jpg, https://punpunkun.com/wp-content/uploads/2021/05/S__3383390.jpg, https://punpunkun.com/wp-content/uploads/2021/05/S__3383391.jpg",,,,,,,,,0,,สี,"สีส้ม, สีเหลือง",1,1,,,,,,,,,,,,,Good
9420,simple,800036,,Numbers and Chef's Kitchen book หนังสือตัวเลขและพ่อครัว,1,0,visible,หนังสือภาษาอังกฤษตัวเลข พ่อครัว,,,,taxable,,1,1,,0,0,0.4,,,,0,,350,1155,หนังสือและดนตรี,,,"https://punpunkun.com/wp-content/uploads/2021/05/S__3383392.jpg, https://punpunkun.com/wp-content/uploads/2021/05/S__3383394.jpg, https://punpunkun.com/wp-content/uploads/2021/05/S__3383395.jpg, https://punpunkun.com/wp-content/uploads/2021/05/S__3383396.jpg, https://punpunkun.com/wp-content/uploads/2021/05/S__3383397.jpg",,,,,,,,,0,,สี,"สีฟ้า, สีเขียว",1,1,อายุ,0เดือน,1,1,,,,,,,,,Fair
9424,simple,800037,,IF I were a puppy book หนังสือถ้าฉันเป็นลูกสุนัข,1,0,visible,หนังสือถ้าฉันเป็นลูกสุนัข,,,,taxable,,1,1,,0,0,0.3,,,,0,,255,630,หนังสือและดนตรี,,,"https://punpunkun.com/wp-content/uploads/2021/05/S__3383398.jpg, https://punpunkun.com/wp-content/uploads/2021/05/S__3383399.jpg, https://punpunkun.com/wp-content/uploads/2021/05/S__3383401.jpg",,,,,,,,,0,,สี,สีขาว,1,1,อายุ,0เดือน,1,1,,,,,,,,,Good
9427,simple,800038,,"Let's share, Working together, Plase and thank you หนังสือ",1,0,visible,หนังสือ Sesame Street 3 เล่ม,,,,taxable,,1,1,,0,0,0.8,,,,0,,380,945,หนังสือและดนตรี,,,"https://punpunkun.com/wp-content/uploads/2021/05/S__3383402.jpg, https://punpunkun.com/wp-content/uploads/2021/05/S__3383403.jpg, https://punpunkun.com/wp-content/uploads/2021/05/S__3383404.jpg, https://punpunkun.com/wp-content/uploads/2021/05/S__3383405.jpg",,,,,,,,,0,,สี,"สีน้ำเงิน, สีม่วง, สีเขียว",1,1,อายุ,0เดือน,1,1,,,,,,,,,Good
9429,simple,800047,,Inflatable Printed Pool Ring ห่วงยางเป่าลมสำหรับเด็ก,1,0,visible,"ห่วงยางเป่าลมสำหรับเด็ก\n\n&nbsp;\n\nเหมาะสำหรับฝึกเด็กว่ายน้ำ ให้ความนุ่มสบาย",,,,taxable,,1,1,,0,0,0.5,,,,0,,90,180,สินค้าและอุปกรณ์สำหรับเด็ก,,,"https://punpunkun.com/wp-content/uploads/2021/05/S__3383437.jpg, https://punpunkun.com/wp-content/uploads/2021/05/S__3383438.jpg, https://punpunkun.com/wp-content/uploads/2021/05/S__3383439.jpg, https://punpunkun.com/wp-content/uploads/2021/05/S__3383440.jpg, https://punpunkun.com/wp-content/uploads/2021/05/S__3383441.jpg",,,,,,,,,0,,สี,สีฟ้า,1,1,,,,,,,,,,,,,Fair
9432,simple,800039,,Peppa's Car Ride หนังสือนิทานภาษาอังกฤษสำหรับเด็ก,1,0,visible,หนังสือนิทานภาษาอังกฤษ,,,,taxable,,0,0,,0,0,0.3,,,,1,,50,250,หนังสือและการเรียนรู้,,,"https://punpunkun.com/wp-content/uploads/2021/05/S__3383406.jpg, https://punpunkun.com/wp-content/uploads/2021/05/S__3383407.jpg, https://punpunkun.com/wp-content/uploads/2021/05/S__3383408.jpg, https://punpunkun.com/wp-content/uploads/2021/05/S__3383409.jpg",,,,,,,,,0,,สี,"สีฟ้า, สีแดง",1,1,อายุ,0เดือน,1,1,,,,,,,,,Fair
9436,simple,800040,,book interactive educational kids book หนังสือหนังสือเด็กเพื่อการศึกษาแบบโต้ตอบ,1,0,visible,"หนังสือนิทานภาษาอังกฤษสำหรับเด็ก\n\n&nbsp;\n\nแบรนด์ Yoyo Books สีเเดง ฟ้า",,,,taxable,,0,0,,0,0,0.2,,,,1,,90,495,หนังสือและการเรียนรู้,,,"https://punpunkun.com/wp-content/uploads/2021/05/S__3383410.jpg, https://punpunkun.com/wp-content/uploads/2021/05/S__3383412.jpg, https://punpunkun.com/wp-content/uploads/2021/05/S__3383413.jpg",,,,,,,,,0,,,,,,,,,,,,,,,,,,Fair
9440,simple,800048,,Pink Chime Along Friends ตุ๊กตารูปสัตว์น่ารัก,1,0,visible,"ตุ๊กตารูปสัตว์น่ารัก แบนรด์ Bright Starts\n\n&nbsp;\n\nสีสันสดใส เป็นของเล่นที่เสริมสร้างพัฒนาการด้านการเรียนรู้ให้กับลูกน้อย มาพร้อมเสียงกุ๊งกิ๊งไพเราะเมื่อมีการเคลื่อนไหว ซึ่งเป็นสิ่งที่เด็กๆจะชอบมาก เหมาะสำหรับแขวนบนรถเข็นของเด็ก หรือมุมโปรดในห้องของลูกน้อยก็ได้ ที่สำคัญยังถือเป็นของเล่นเสริมพัฒนาการทางด้านการฟังของเด็กได้อีกด้วย",,,,taxable,,1,1,,0,0,0.4,,,,0,,170,280,สินค้าและอุปกรณ์สำหรับเด็ก,,,"https://punpunkun.com/wp-content/uploads/2021/05/S__3383442.jpg, https://punpunkun.com/wp-content/uploads/2021/05/S__3383443.jpg, https://punpunkun.com/wp-content/uploads/2021/05/S__3383445.jpg, https://punpunkun.com/wp-content/uploads/2021/05/S__3383446.jpg",,,,,,,,,0,,สี,สีเหลือง,1,1,อายุ,0เดือน,1,1,,,,,,,,,Good
9442,simple,800041,,Twinkle Twinkle baby หนังสือนิทานภาษาอังกฤษสำหรับเด็ก,1,0,visible,"หนังสือนิทานภาษาอังกฤษสำหรับเด็ก\n\n&nbsp;\n\nแบรนด์ Little Tiger Press สีน้ำเงิน ฟ้า",,,,taxable,,1,1,,0,0,0.3,,,,0,,125,310,หนังสือและดนตรี,,,"https://punpunkun.com/wp-content/uploads/2021/05/S__3383414.jpg, https://punpunkun.com/wp-content/uploads/2021/05/S__3383415.jpg, https://punpunkun.com/wp-content/uploads/2021/05/S__3383416.jpg",,,,,,,,,0,,สี,"สีน้ำเงิน, สีฟ้า",1,1,อายุ,0เดือน,1,1,,,,,,,,,Good
9444,simple,800049,,Skill toys ของเล่นเสริมทักษะ,1,0,visible,ของเล่นเสริมทักษะ Fisher Price เหมาะสำหรับคุณหนู,,,,taxable,,1,1,,0,0,0.5,,,,0,,165,275,สินค้าและอุปกรณ์สำหรับเด็ก,,,"https://punpunkun.com/wp-content/uploads/2021/05/S__3383447.jpg, https://punpunkun.com/wp-content/uploads/2021/05/S__3383448.jpg, https://punpunkun.com/wp-content/uploads/2021/05/S__3383449.jpg",,,,,,,,,0,,สี,สีม่วง,1,1,อายุ,0เดือน,1,1,,,,,,,,,Good
9446,simple,800051,,Bag กระเป๋าถือและสะพายรูปแกะ,1,0,visible,กระเป๋าเด็กตุ๊กตารูปแกะน่ารัก นุ่มนิ่ม ถือก็ได้สะพายก็ได้,,,,taxable,,1,1,,0,0,0.5,,,,0,,295,490,สินค้าและอุปกรณ์สำหรับเด็ก,,,"https://punpunkun.com/wp-content/uploads/2021/05/S__3383456.jpg, https://punpunkun.com/wp-content/uploads/2021/05/S__3383457.jpg, https://punpunkun.com/wp-content/uploads/2021/05/S__3383459.jpg, https://punpunkun.com/wp-content/uploads/2021/05/S__3383458.jpg, https://punpunkun.com/wp-content/uploads/2021/05/S__3383460.jpg",,,,,,,,,0,,สี,สีน้ำตาล,1,1,,,,,,,,,,,,,Good
9448,simple,800042,,Soft Shapes Ocean หนังสือนิทานภาษาอังกฤษสำหรับเด็ก,1,0,visible,"หนังสือนิทานภาษาอังกฤษสำหรับเด็ก\n\n&nbsp;\n\nแบรนด์ Melissa &amp; Doug สีน้ำเงิน เขียว",,,,taxable,,1,1,,0,0,0.3,,,,0,,180,440,หนังสือและดนตรี,,,"https://punpunkun.com/wp-content/uploads/2021/05/S__3383417.jpg, https://punpunkun.com/wp-content/uploads/2021/05/S__3383419.jpg, https://punpunkun.com/wp-content/uploads/2021/05/S__3383420.jpg, https://punpunkun.com/wp-content/uploads/2021/05/S__3383418.jpg",,,,,,,,,0,,สี,"สีฟ้า, สีเขียว",1,1,อายุ,4เดือน,1,1,,,,,,,,,Good
9449,simple,800052,,Wiggle &amp; Crawl Ball ลูกบอลของเล่น,1,0,visible,ลูกบอลของเล่นมีมอเตอร์ แบรนด์ Vtech มีกดปุ่มเพื่อฟังเพลง เสียงเลียนแบบสัตว์ สีชมพู,,,,taxable,,1,1,,0,0,0.8,,,,0,,810,1350,สินค้าและอุปกรณ์สำหรับเด็ก,,,"https://punpunkun.com/wp-content/uploads/2021/05/S__3383461.jpg, https://punpunkun.com/wp-content/uploads/2021/05/S__3383462.jpg, https://punpunkun.com/wp-content/uploads/2021/05/S__3383463.jpg",,,,,,,,,0,,สี,สีชมพู,1,1,อายุ,0เดือน,1,1,,,,,,,,,Good
9453,simple,800053,,HAB SPIN GIGGLE PUP ของเล่นรถจานหมุน,1,0,visible,"ของเล่นเด็ก BRIGHT STARTS สนุกสนาน\n\n&nbsp;\n\nไปพร้อมกับการเรียนรู้ช่วยเสริมสร้างพัฒนาการที่ดีให้ลูกน้อย ของเล่นรถจานหมุน พร้อมปุ่มกดให้ไฟกะพริบ มีเสียงดนตรีสอน ABC ดีไซน์น่ารัก สีสันสดใส เล่นสนุกง่ายๆ เพียงแค่วางลูกบอลบนจาน จานจะหมุนพร้อมบอล และเหวี่ยงบอลออกมา เสริมสร้างพัฒนาการทางความคิด การได้ยิน และการมองเห็น",,,,taxable,,1,1,,0,0,0.8,,,,0,,1170,1950,สินค้าและอุปกรณ์สำหรับเด็ก,,,"https://punpunkun.com/wp-content/uploads/2021/05/S__3383464.jpg, https://punpunkun.com/wp-content/uploads/2021/05/BD74EC3D-5601-4990-8FC0-BB6F580C5D96-rotated.jpg, https://punpunkun.com/wp-content/uploads/2021/05/6C792FDF-CC3C-47E2-921F-5200473807A7-rotated.jpg, https://punpunkun.com/wp-content/uploads/2021/05/3F0139C2-499A-43FE-BED9-F1E2059F47F0-rotated.jpg, https://punpunkun.com/wp-content/uploads/2021/05/70CFC1C8-574C-40C5-878D-98C6FD19DC5C-rotated.jpg",,,,,,,,,0,,สี,"สีม่วง, สีเหลือง",1,1,อายุ,0เดือน,1,1,,,,,,,,,Good
9459,simple,800043,,I Know My Numbers หนังสือนับตัวเลข,1,0,visible,หนังสือตัวเลขและสีภาษาอังกฤษ,,,,taxable,,1,1,,0,0,0.5,,,,0,,255,635,หนังสือและดนตรี,,,"https://punpunkun.com/wp-content/uploads/2021/05/S__3383421.jpg, https://punpunkun.com/wp-content/uploads/2021/05/S__3383423.jpg, https://punpunkun.com/wp-content/uploads/2021/05/S__3383424.jpg",,,,,,,,,0,,สี,"สีขาว, สีเหลือง, สีแดง",1,1,อายุ,0เดือน,1,1,,,,,,,,,Good
9462,simple,800054,,LeapFrog Shapes and Sharing Picnic Basket ชุดปิกนิคของเล่น,1,0,visible,"ชุดกระเช้าปิกนิคสุดน่ารัก\n\n&nbsp;\n\nมาพร้อมเสียงโต้ตอบ 30 เสียง ที่จะช่วยจำลองการเล่นของคุณหนูๆ มีฝาปิดกระเช้าพร้อมช่องใส่ของสองด้าน มาพร้อมที่หิ้วจับง่าย ช่วยสอนและส่งเสริมการเรียนรู้เรื่องการจำลองการเล่นของเด็กๆ รูปทรงต่างๆ สี ลักษณะการจัดเรียงสิ่งของ และทักษะพัฒนากล้ามเนื้อมัดเล็ก",,,,taxable,,1,1,,0,0,0.5,,,,0,,560,1395,สินค้าและอุปกรณ์สำหรับเด็ก,,,"https://punpunkun.com/wp-content/uploads/2021/05/S__3383465.jpg, https://punpunkun.com/wp-content/uploads/2021/05/S__3383467.jpg, https://punpunkun.com/wp-content/uploads/2021/05/S__3383468.jpg, https://punpunkun.com/wp-content/uploads/2021/05/S__3383469.jpg",,,,,,,,,0,,สี,สีม่วง,1,1,,,,,,,,,,,,,Fair
9464,simple,800055,,Sleepy Bear Sweet Dreams โปรเจคเตอร์,1,0,visible,โปรเจคเตอร์หมี แบรนด์ Vtech พร้อมเสียงเพลง ที่สามารถควบคุมได้ด้วยรีโมท คุณพ่อ-คุณแม่สามารถดูลูกน้อยอยู่ห่าง ๆ พร้อมกับทำกิจกรรมอื่นๆ พร้อมกันไปด้วยได้,,,,taxable,,1,1,,0,0,0.5,,,,0,,1200,2995,สินค้าและอุปกรณ์สำหรับเด็ก,,,"https://punpunkun.com/wp-content/uploads/2021/05/S__3383470.jpg, https://punpunkun.com/wp-content/uploads/2021/05/S__3383471.jpg, https://punpunkun.com/wp-content/uploads/2021/05/S__3383472.jpg, https://punpunkun.com/wp-content/uploads/2021/05/S__3383473.jpg",,,,,,,,,0,,สี,"สีขาว, สีฟ้า",1,1,อายุ,0เดือน,1,1,,,,,,,,,Fair
9466,simple,800056,,Roll-Along Pals Turtle ของเล่นสอนภาษา ตัวเลข รูปทรง,1,0,visible,"เต่าน้อย แบรนด์ FISHER PRICE\n\n&nbsp;\n\n&nbsp;\n\nมีปุ่ม 1 2 3 4 ให้กด จะออกเสียง one two three four กดอีกครั้งจะออกเสียงภาษาอังกฤษเป็นรูปทรง เช่น circle triangle มีปุ่มกดตรงกลางเป็นเสียงดนตรี",,,,taxable,,1,1,,0,0,0.5,,,,0,,270,450,สินค้าและอุปกรณ์สำหรับเด็ก,,,"https://punpunkun.com/wp-content/uploads/2021/05/S__3383474.jpg, https://punpunkun.com/wp-content/uploads/2021/05/S__3383475.jpg, https://punpunkun.com/wp-content/uploads/2021/05/S__3383476.jpg, https://punpunkun.com/wp-content/uploads/2021/05/S__3383478.jpg",,,,,,,,,0,,สี,สีน้ำเงิน,1,1,อายุ,6เดือน,1,1,,,,,,,,,Good
9468,simple,800057,,Porsche for Kids ปอร์เช่สำหรับเด็ก,1,0,visible,"ปอร์เช่สำหรับเด็ก\n\n&nbsp;\n\n&nbsp;\n\nสีเขียว   ออกแบบเหมือนปอร์เช่ 356 เหมาะสำหรับเด็กอายุ 1-3 ปี",,,,taxable,,0,0,,0,0,4,,,,0,,525,2500,สินค้าและอุปกรณ์สำหรับเด็ก,,,"https://punpunkun.com/wp-content/uploads/2021/05/S__3383479.jpg, https://punpunkun.com/wp-content/uploads/2021/05/S__3383480.jpg, https://punpunkun.com/wp-content/uploads/2021/05/S__3383481.jpg, https://punpunkun.com/wp-content/uploads/2021/05/S__3383482.jpg, https://punpunkun.com/wp-content/uploads/2021/05/S__3383483.jpg, https://punpunkun.com/wp-content/uploads/2021/05/S__3383484.jpg, https://punpunkun.com/wp-content/uploads/2021/05/S__3383485.jpg",,,,,,,,,0,,สี,สีเขียว,1,1,อายุ,1ปี,1,1,,,,,,,,,Fair
9471,simple,800044,,Children's Development Cloth Book หนังสือผ้าเสริมพัฒนาการเด็ก,1,0,visible,หนังสือผ้าเสริมพัฒนาการเด็ก,,,,taxable,,1,1,,0,0,0.3,,,,0,,120,299,หนังสือและดนตรี,,,"https://punpunkun.com/wp-content/uploads/2021/05/S__3383427.jpg, https://punpunkun.com/wp-content/uploads/2021/05/S__3383425.jpg, https://punpunkun.com/wp-content/uploads/2021/05/S__3383426.jpg, https://punpunkun.com/wp-content/uploads/2021/05/S__3383428.jpg",,,,,,,,,0,,สี,"สีเหลือง, สีแดง",1,1,อายุ,0เดือน,1,1,,,,,,,,,Good
9474,simple,800045,,Children's Development Cloth Book หนังสือผ้าเสริมพัฒนาการเด็ก,1,0,visible,เป็นหนังสือผ้าเสริมพัฒนาการ,,,,taxable,,1,1,,0,0,0.3,,,,0,,120,299,หนังสือและดนตรี,,,"https://punpunkun.com/wp-content/uploads/2021/05/S__3383429.jpg, https://punpunkun.com/wp-content/uploads/2021/05/S__3383430.jpg, https://punpunkun.com/wp-content/uploads/2021/05/S__3383431.jpg, https://punpunkun.com/wp-content/uploads/2021/05/S__3383432.jpg",,,,,,,,,0,,สี,สีแดง,1,1,อายุ,0เดือน,1,1,,,,,,,,,Good
9476,simple,800046,,Garden Tails Book หนังสือนิทานสำหรับเด็ก,1,0,visible,เป็นหนังสือนิทานสำหรับเด็ก,,,,taxable,,1,1,,0,0,0.4,,,,0,,290,725,หนังสือและดนตรี,,,"https://punpunkun.com/wp-content/uploads/2021/05/S__3383434.jpg, https://punpunkun.com/wp-content/uploads/2021/05/S__3383435.jpg, https://punpunkun.com/wp-content/uploads/2021/05/S__3383436.jpg",,,,,,,,,0,,สี,"สีฟ้า, สีส้ม, สีเขียว",1,1,อายุ,0เดือน,1,1,,,,,,,,,Good
9481,simple,800058,,Paw Patrol Cushion ตุ๊กตา,1,0,visible,ตุ๊กตาน้องหมาสุดน่ารัก,,,,taxable,,1,1,,0,0,0.5,,,,0,,675,1120,สินค้าและอุปกรณ์สำหรับเด็ก,,,"https://punpunkun.com/wp-content/uploads/2021/05/S__3383486.jpg, https://punpunkun.com/wp-content/uploads/2021/05/S__3383487.jpg, https://punpunkun.com/wp-content/uploads/2021/05/S__3383489.jpg",,,,,,,,,0,,สี,สีน้ำตาล,1,1,,,,,,,,,,,,,Good
9484,simple,800059,,Shark Hand Puppet ตุ๊กตาสวมมือน้องฉลาม,1,0,visible,"ตุ๊กตาสวมือน้องฉลาม แบรนด์ MINISO\n\n&nbsp;\n\n&nbsp;\n\nใช้วัสดุคุณภาพดีในการจัดทำและพิถีพิถันในการออกแบบตุ๊กตา ทำให้ได้ตุ๊กตาสวมมือน้องฉลามสุดน่ารักออกมา ใช้สวมมือเพื่อเป็นแฟชั่น รองมือขณะทำงานหน้าคอมพิวเตอร์ หรือสร้างความอบอุ่นให้แก่มือ หากอยู่ในบริเวณที่มีอุณหภูมิต่ำ สามารถใช้ได้ทุกเพศทุกวัย",,,,taxable,,0,0,,0,0,0.5,,,,0,,120,199,ของเล่นและเครื่องนอนการตกแต่ง,,,"https://punpunkun.com/wp-content/uploads/2021/05/S__3383490.jpg, https://punpunkun.com/wp-content/uploads/2021/05/S__3383491.jpg, https://punpunkun.com/wp-content/uploads/2021/05/S__3383492.jpg, https://punpunkun.com/wp-content/uploads/2021/05/S__3383493.jpg",,,,,,,,,0,,สี,สีเทา,1,1,,,,,,,,,,,,,Good
9486,simple,800060,,Care Bears Good Luck Bear ตุ๊กตาแคร์แบร์,1,0,visible,"ตุ๊กตาหมีขนนุ่มแบบดั้งเดิม\n\n&nbsp;\n\nสิ่งดีๆจะเกิดขึ้นเสมอเมื่อ Good Luck Bearอยู่ใกล้ ๆ ! โชคตามเขาไปทุกที่ที่เขาไปและโคลเวอร์สี่แฉกบนตราหน้าท้องของเขาทำให้เรารู้ว่าเมื่อเขาอยู่ใกล้ ๆ มีโชคมากมายที่จะแบ่งปัน! มีให้เลือกมากมายรวบรวมของเล่นน่ารัก Care Bear เหล่านี้รับรองว่าจะทำให้ใบหน้าของเด็ก ๆ ยิ้มได้แน่นอน",,,,taxable,,1,1,,0,0,0.5,,,,0,,775,1290,สินค้าและอุปกรณ์สำหรับเด็ก,,,"https://punpunkun.com/wp-content/uploads/2021/05/S__3383494.jpg, https://punpunkun.com/wp-content/uploads/2021/05/S__3383495.jpg, https://punpunkun.com/wp-content/uploads/2021/05/S__3383496.jpg, https://punpunkun.com/wp-content/uploads/2021/05/S__3383497.jpg",,,,,,,,,0,,สี,สีเขียว,1,1,,,,,,,,,,,,,Good
9489,simple,800061,,Hello Kitty Candy Fan ของเล่นพัดลม,1,0,visible,ของเล่นพัดลม,,,,taxable,,1,1,,0,0,0.4,,,,0,,130,320,สินค้าและอุปกรณ์สำหรับเด็ก,,,"https://punpunkun.com/wp-content/uploads/2021/05/S__3383498.jpg, https://punpunkun.com/wp-content/uploads/2021/05/S__3383500.jpg, https://punpunkun.com/wp-content/uploads/2021/05/S__3383501.jpg",,,,,,,,,0,,สี,สีชมพู,1,1,,,,,,,,,,,,,Fair
9492,simple,800062,,Smiggle Squishy Hug-A-Buds ตุ๊กตา,1,0,visible,ตุ๊กตาสายรุ้ง Smiggle สุดน่ารัก สีรุ้ง,,,,taxable,,1,1,,0,0,0.1,,,,0,,420,700,สินค้าและอุปกรณ์สำหรับเด็ก,,,"https://punpunkun.com/wp-content/uploads/2021/05/S__3383502.jpg, https://punpunkun.com/wp-content/uploads/2021/05/S__3383503.jpg, https://punpunkun.com/wp-content/uploads/2021/05/S__3383504.jpg, https://punpunkun.com/wp-content/uploads/2021/05/S__3383505.jpg",,,,,,,,,0,,สี,"สีกรม, สีขาว, สีครีม, สีชมพู, สีดำ, สีน้ำตาล, สีน้ำเงิน, สีฟ้า, สีม่วง, สีส้ม, สีเขียว, สีเทา, สีเหลือง, สีแดง",1,1,,,,,,,,,,,,,Good
9494,simple,800063,,Stingray Doll ตุ๊กตาปลากระเบน,1,0,visible,ตุ๊กตา sentosa singapore a genting resort ปลากระเบน,,,,taxable,,0,0,,0,0,0.1,,,,1,,330,1090,ของเล่นและเครื่องนอนการตกแต่ง,,,"https://punpunkun.com/wp-content/uploads/2021/05/S__3383506.jpg, https://punpunkun.com/wp-content/uploads/2021/05/S__3383507.jpg, https://punpunkun.com/wp-content/uploads/2021/05/S__3383508.jpg, https://punpunkun.com/wp-content/uploads/2021/05/S__3383509.jpg",,,,,,,,,0,,,,,,,,,,,,,,,,,,Good
9495,simple,800064,,Copenhagen Up กระต่ายขนนุ่ม,1,0,visible,ตุ๊กตากระต่ายขนนุ่มสุดน่ารัก Copenhagen Up,,,,taxable,,1,1,,0,0,0.5,,,,0,,355,590,สินค้าและอุปกรณ์สำหรับเด็ก,,,"https://punpunkun.com/wp-content/uploads/2021/05/S__3383511.jpg, https://punpunkun.com/wp-content/uploads/2021/05/S__3383512.jpg, https://punpunkun.com/wp-content/uploads/2021/05/S__3383513.jpg, https://punpunkun.com/wp-content/uploads/2021/05/S__3383514.jpg",,,,,,,,,0,,สี,สีน้ำตาล,1,1,,,,,,,,,,,,,Good
9497,simple,800079,,The hanging doll has a sound ตุ๊กตาแขวนมีเสียง,1,0,visible,ตุ๊กตาแขวนกระต่ายมีเสียง แบรนด์ mamas &amp; papas สีเทา ขาว,,,,taxable,,1,1,,0,0,0.3,,,,0,,690,1150,สินค้าและอุปกรณ์สำหรับเด็ก,,,"https://punpunkun.com/wp-content/uploads/2021/05/S__3383570.jpg, https://punpunkun.com/wp-content/uploads/2021/05/S__3383572.jpg, https://punpunkun.com/wp-content/uploads/2021/05/S__3383571.jpg",,,,,,,,,0,,สี,"สีขาว, สีเทา",1,1,อายุ,0เดือน,1,1,,,,,,,,,Good
9498,simple,800065,,My Little Pony Plush Toy Spike Dragon พวงกุญแจ,1,0,visible,ของเล่นเบาะนุ่ม Spike Dragon ทำจากผ้าเนื้อนุ่ม ตุ๊กตาของเล่นทำด้วยสีที่ละเอียดอ่อนสวยงาม,,,,taxable,,1,1,,0,0,0.2,,,,0,,120,195,สินค้าและอุปกรณ์สำหรับเด็ก,,,"https://punpunkun.com/wp-content/uploads/2021/05/S__3383515.jpg, https://punpunkun.com/wp-content/uploads/2021/05/S__3383516.jpg, https://punpunkun.com/wp-content/uploads/2021/05/S__3383517.jpg, https://punpunkun.com/wp-content/uploads/2021/05/S__3383518.jpg",,,,,,,,,0,,สี,สีม่วง,1,1,,,,,,,,,,,,,Good
9503,simple,800066,,RAINBOW HUGS BEAR หมีเรนโบว์,1,0,visible,ตุ๊กตาหมีขี้เล่นขี้เล่น แบรนด์ Build A Bear Workshop มีขนลายสายรุ้งหยักศก,,,,taxable,,1,1,,0,0,0.3,,,,0,,565,940,สินค้าและอุปกรณ์สำหรับเด็ก,,,"https://punpunkun.com/wp-content/uploads/2021/05/S__3383519.jpg, https://punpunkun.com/wp-content/uploads/2021/05/S__3383520.jpg, https://punpunkun.com/wp-content/uploads/2021/05/S__3383522.jpg",,,,,,,,,0,,สี,"สีน้ำเงิน, สีม่วง, สีเขียว, สีเหลือง, สีแดง",1,1,,,,,,,,,,,,,Good
9509,simple,800067,,Flummi rabbit กระต่ายฟลัม,1,0,visible,"กระต่ายฟลัม\n\n&nbsp;\n\nทำจากผ้ากำมะหยี่สีเบจเนื้อนุ่มสวยงาม ฝ่าเท้าสีครีมขนาดมหึมาของเขาเป็นหนึ่งในคุณสมบัติที่โดดเด่นที่สุดของเขา หูที่น่ารักของเขายังมีสีครีมที่ผิวด้านใน แก้มที่น่ารักและหางฟูที่มีลักษณะเฉพาะ",,,,taxable,,1,1,,0,0,0.3,,,,0,,1280,2130,สินค้าและอุปกรณ์สำหรับเด็ก,,,"https://punpunkun.com/wp-content/uploads/2021/05/S__3383523.jpg, https://punpunkun.com/wp-content/uploads/2021/05/S__3383524.jpg, https://punpunkun.com/wp-content/uploads/2021/05/S__3383525.jpg",,,,,,,,,0,,สี,สีครีม,1,1,,,,,,,,,,,,,Good
9511,simple,800080,,Wish Factory Kawaii Cube DC comics jerry&amp;rabbit ตุ๊กตาเจอร์รี่&amp;กระต่าย,1,0,visible,"ตุ๊กตาเจอร์รี่และกระต่าย\n\n&nbsp;\n\nแบรนด์ Kawaii cubes สีน้ำตาล สีเทา",,,,taxable,,1,1,,0,0,0.1,,,,0,,400,660,สินค้าและอุปกรณ์สำหรับเด็ก,,,"https://punpunkun.com/wp-content/uploads/2021/05/S__3383574.jpg, https://punpunkun.com/wp-content/uploads/2021/05/S__3383575.jpg, https://punpunkun.com/wp-content/uploads/2021/05/S__3383577.jpg",,,,,,,,,0,,สี,"สีน้ำตาล, สีเทา",1,1,อายุ,0เดือน,1,1,,,,,,,,,Good
9516,simple,800068,,Munchkin Bath Bobbers ของเล่นในน้ำ,1,0,visible,"ของเล่นในน้ำ 1 ชุดมี\n\n&nbsp;\n\nทุ่นลอยน้ำหมีขั้วโลก 1 ชิ้นและทุ่นลอยน้ำเพนกวิน 1 ชิ้น ช่วยพัฒนาการทำงานของกล้ามเนื้อ น้ำหนักเบา จับง่าย ช่วยเสริมสร้างจินตนาการ เหมาะสำหรับเด็กอายุ 6 เดือนขึ้นไป",,,,taxable,,1,1,,0,0,0.3,,,,0,,220,545,สินค้าและอุปกรณ์สำหรับเด็ก,,,"https://punpunkun.com/wp-content/uploads/2021/05/S__3383526.jpg, https://punpunkun.com/wp-content/uploads/2021/05/S__3383527.jpg",,,,,,,,,0,,สี,"สีขาว, สีฟ้า",1,1,อายุ,6เดือน,1,1,,,,,,,,,Fair
9520,simple,800069,,Freddie Teddy Duck ตุ๊กตาเป็ด,1,0,visible,"ตุ๊กตาเป็ด แบนรด์ Harrods\n\n&nbsp;\n\nสุดน่ารักเหมาะสำหรับน้องๆหนูๆทุกเพศทุกวัย",,,,taxable,,1,1,,0,0,0.3,,,,0,,715,1190,สินค้าและอุปกรณ์สำหรับเด็ก,,,"https://punpunkun.com/wp-content/uploads/2021/05/S__3383530.jpg, https://punpunkun.com/wp-content/uploads/2021/05/S__3383531.jpg, https://punpunkun.com/wp-content/uploads/2021/05/S__3383533.jpg, https://punpunkun.com/wp-content/uploads/2021/05/S__3383534.jpg",,,,,,,,,0,,สี,สีเหลือง,1,1,,,,,,,,,,,,,Good
9522,simple,800081,,Brown Kiwi Toy ตุ๊กตานกกีวีสีน้ำตาล,1,0,visible,"ตุ๊กตานกกีวีน่ารัก แบรนด์ KIWIS KIWI\n\n&nbsp;\n\nสีน้ำตาล",,,,taxable,,0,0,,0,0,0.4,,,,0,,220,360,ของเล่นและเครื่องนอนการตกแต่ง,,,"https://punpunkun.com/wp-content/uploads/2021/05/S__3383579.jpg, https://punpunkun.com/wp-content/uploads/2021/05/S__3383578.jpg, https://punpunkun.com/wp-content/uploads/2021/05/S__3383580.jpg, https://punpunkun.com/wp-content/uploads/2021/05/S__3383581.jpg",,,,,,,,,0,,สี,สีน้ำตาล,1,1,อายุ,0เดือน,1,1,,,,,,,,,Good
9524,simple,800070,,Puppito Cutetitos ของเล่นนุ่ม,1,0,visible,"ของเล่นนุ่ม Cutetitos ห่อหุ้มด้วยกระเป๋าขนาดใหญ่\n\n&nbsp;\n\nโดยเฉพาะซึ่งมี Cutetito อยู่ข้างในจากนั้นแกะออกเพื่อค้นหาสัตว์เลี้ยงที่น่ารักตัวใหม่",,,,taxable,,1,1,,0,0,0.4,,,,0,,555,1380,สินค้าและอุปกรณ์สำหรับเด็ก,,,"https://punpunkun.com/wp-content/uploads/2021/05/S__3383535.jpg, https://punpunkun.com/wp-content/uploads/2021/05/S__3383536.jpg, https://punpunkun.com/wp-content/uploads/2021/05/S__3383537.jpg",,,,,,,,,0,,สี,สีน้ำตาล,1,1,,,,,,,,,,,,,Fair
9525,simple,800082,,Hello Kitty Doll Set เซ็ตตุ๊กตาคิตตี้,1,0,visible,เซ็ตตุ๊กตาคิตตี้สุดน่ารัก แบรนด์ Sanrio สีน้ำตาล สีขาว สีเหลือง,,,,taxable,,1,1,,0,0,0.4,,,,0,,420,700,สินค้าและอุปกรณ์สำหรับเด็ก,,,"https://punpunkun.com/wp-content/uploads/2021/05/S__3383582.jpg, https://punpunkun.com/wp-content/uploads/2021/05/S__3383584.jpg, https://punpunkun.com/wp-content/uploads/2021/05/S__3383585.jpg",,,,,,,,,0,,สี,"สีขาว, สีน้ำตาล, สีเหลือง",1,1,อายุ,0เดือน,1,1,,,,,,,,,Good
9533,simple,800071,,Musical RRH Wolf Doll ตุ๊กตาหมาป่ากางขา,1,0,visible,"ตุ๊กตาหมาป่ากางขา\n\n&nbsp;\n\nอีกด้านจะเป็นหนูน้อยหมวกแดงกางขา ดึงแล้วมีเพลง สีแดง",,,,taxable,,1,1,,0,0,0.3,,,,0,,890,1480,สินค้าและอุปกรณ์สำหรับเด็ก,,,"https://punpunkun.com/wp-content/uploads/2021/05/S__3383538.jpg, https://punpunkun.com/wp-content/uploads/2021/05/S__3383539.jpg, https://punpunkun.com/wp-content/uploads/2021/05/S__3383540.jpg",,,,,,,,,0,,สี,"สีน้ำตาล, สีแดง",1,1,,,,,,,,,,,,,Good
9535,simple,800072,,Rabbit Doll ตุ๊กตากระต่าย,1,0,visible,"ตุ๊กตากระต่ายน้อยสีครีม 3 มิติ\n\n&nbsp;\n\nสุดน่ารัก ที่ออกแบบเพื่อสร้างความสนุกสนานเพลินเพลินให้กับลูกน้อย",,,,taxable,,1,1,,0,0,0.2,,,,0,,450,750,สินค้าและอุปกรณ์สำหรับเด็ก,,,"https://punpunkun.com/wp-content/uploads/2021/05/S__3383542.jpg, https://punpunkun.com/wp-content/uploads/2021/05/S__3383544.jpg, https://punpunkun.com/wp-content/uploads/2021/05/S__3383545.jpg, https://punpunkun.com/wp-content/uploads/2021/05/S__3383546.jpg",,,,,,,,,0,,สี,สีครีม,1,1,,,,,,,,,,,,,Good
9538,simple,800083,,Penguin doll set เซ็ตตุ๊กตานกเพนกวิน,1,0,visible,"เซ็ตตุ๊กตานกเพนกวินสุดน่ารัก\n\n&nbsp;\n\nแบรนด์ ty Star สีขาว สีเเดง สีดำ",,,,taxable,,1,1,,0,0,0.3,,,,0,,480,800,สินค้าและอุปกรณ์สำหรับเด็ก,,,"https://punpunkun.com/wp-content/uploads/2021/05/S__3383586.jpg, https://punpunkun.com/wp-content/uploads/2021/05/S__3383588.jpg, https://punpunkun.com/wp-content/uploads/2021/05/S__3383589.jpg",,,,,,,,,0,,สี,"สีขาว, สีดำ, สีแดง",1,1,อายุ,0เดือน,1,1,,,,,,,,,Good
9540,simple,800073,,Teddy Bear ตุ๊กตาหมีเท็ดดี้,1,0,visible,ตุ๊กตาหมีเท็ดดี้ ผ้าตาหมากรุก Nicholas bears,,,,taxable,,1,1,,0,0,0.1,,,,0,,415,690,สินค้าและอุปกรณ์สำหรับเด็ก,,,"https://punpunkun.com/wp-content/uploads/2021/05/S__3383547.jpg, https://punpunkun.com/wp-content/uploads/2021/05/S__3383548.jpg, https://punpunkun.com/wp-content/uploads/2021/05/S__3383549.jpg, https://punpunkun.com/wp-content/uploads/2021/05/S__3383550.jpg",,,,,,,,,0,,สี,สีเขียว,1,1,,,,,,,,,,,,,Good
9544,simple,800074,,Pikmi Pops Lollipop ตุ๊กตา,1,0,visible,ตุ๊กตาสุดน่ารักสำหรับคุณหนูๆ,,,,taxable,,1,1,,0,0,0.1,,,,0,,240,400,สินค้าและอุปกรณ์สำหรับเด็ก,,,"https://punpunkun.com/wp-content/uploads/2021/05/S__3383551.jpg, https://punpunkun.com/wp-content/uploads/2021/05/S__3383552.jpg, https://punpunkun.com/wp-content/uploads/2021/05/S__3383553.jpg, https://punpunkun.com/wp-content/uploads/2021/05/S__3383555.jpg",,,,,,,,,0,,สี,สีชมพู,1,1,,,,,,,,,,,,,Good
9546,simple,800084,,Pajamas for children ถุงนอนเด็ก,1,0,visible,"เป็นชุดถุงนอนสำหรับเด็ก\n\n&nbsp;\n\nสีขาว สีเเดง สีฟ้า สีเขียว",,,,taxable,,1,1,,0,0,0.5,,,,0,,540,900,สินค้าและอุปกรณ์สำหรับเด็ก,,,"https://punpunkun.com/wp-content/uploads/2021/05/S__3383590.jpg, https://punpunkun.com/wp-content/uploads/2021/05/S__3383591.jpg, https://punpunkun.com/wp-content/uploads/2021/05/S__3383592.jpg",,,,,,,,,0,,สี,"สีฟ้า, สีเขียว, สีแดง",1,1,อายุ,0เดือน,1,1,,,,,,,,,Good
9549,simple,800075,,Sheep Doll ตุ๊กตาแกะ,1,0,visible,ตุ๊กตาแกะ แบรนด์ Take off สีฟ้า,,,,taxable,,1,1,,0,0,0.1,,,,0,,115,185,สินค้าและอุปกรณ์สำหรับเด็ก,,,"https://punpunkun.com/wp-content/uploads/2021/05/S__3383556.jpg, https://punpunkun.com/wp-content/uploads/2021/05/S__3383557.jpg, https://punpunkun.com/wp-content/uploads/2021/05/S__3383558.jpg",,,,,,,,,0,,สี,สีฟ้า,1,1,,,,,,,,,,,,,Good
9574,simple,800076,,Peperico Daily พวงกุญแจเพนกวิน,1,0,visible,พวงกุญแจ Peperico เพนกวินสุดน่ารัก,,,,taxable,,1,1,,0,0,0.1,,,,0,,150,250,สินค้าและอุปกรณ์สำหรับเด็ก,,,"https://punpunkun.com/wp-content/uploads/2021/05/S__3383559.jpg, https://punpunkun.com/wp-content/uploads/2021/05/S__3383560.jpg, https://punpunkun.com/wp-content/uploads/2021/05/S__3383561.jpg, https://punpunkun.com/wp-content/uploads/2021/05/S__3383562.jpg",,,,,,,,,0,,สี,"สีขาว, สีเทา",1,1,,,,,,,,,,,,,Good
9585,simple,800077,,LOL Fluky Purse Kittyqueen ตุ๊กตานุ่ม,1,0,visible,ตุ๊กตานุ่มๆ LOL 1 ตัวพร้อมซิป ตุ๊กตานุ่มคอลเลกชันซิปเสน่ห์ตุ๊กตาคอลเลกชันแปลกใจสร้อยข้อมือ,,,,taxable,,1,1,,0,0,0.1,,,,0,,230,380,สินค้าและอุปกรณ์สำหรับเด็ก,,,"https://punpunkun.com/wp-content/uploads/2021/05/S__3383563.jpg, https://punpunkun.com/wp-content/uploads/2021/05/S__3383564.jpg",,,,,,,,,0,,สี,สีเทา,1,1,อายุ,4เดือน,1,1,,,,,,,,,Good
9589,simple,800078,,Unicorn ตุ๊กตายูนิคอร์น,1,0,visible,ตุ๊กตายูนิคอร์น Build A Bear Workshop,,,,taxable,,1,1,,0,0,0.1,,,,0,,565,940,สินค้าและอุปกรณ์สำหรับเด็ก,,,"https://punpunkun.com/wp-content/uploads/2021/05/S__3383567.jpg, https://punpunkun.com/wp-content/uploads/2021/05/S__3383568.jpg, https://punpunkun.com/wp-content/uploads/2021/05/S__3383569.jpg",,,,,,,,,0,,สี,สีชมพู,1,1,,,,,,,,,,,,,Good
9593,simple,800050,,Sleep Tight Bunny หนังสือนิทาน,1,0,visible,หนังสือนิทานนุ่มๆ สีสันสดใส ด้านใน ประกอบด้วยรูปภาพ และเรื่องราวต่างๆ ที่น่าอ่านและศึกษา พร้อมทั้งสอนให้ลูกน้อยรักการอ่าน เหมาะสำหรับอายุ 1-4 ปี,,,,taxable,,1,1,,0,0,0.1,,,,0,,175,575,หนังสือและดนตรี,,,"https://punpunkun.com/wp-content/uploads/2021/05/S__3383452.jpg, https://punpunkun.com/wp-content/uploads/2021/05/S__3383450.jpg, https://punpunkun.com/wp-content/uploads/2021/05/S__3383451.jpg, https://punpunkun.com/wp-content/uploads/2021/05/S__3383453.jpg",,,,,,,,,0,,สี,สีม่วง,1,1,อายุ,1ปี,1,1,,,,,,,,,Fair
9632,simple,800001,,STROLLER SEAT COMPLETE เบาะนั่งรถเข็นเด็กแบบปรับเอนได้,1,0,visible,"เบาะนั่งรถเข็นเด็กแบบปรับเอนได้\n\n&nbsp;\n\nแบรนด์ Stokke เพื่อความสบายของเด็ก ไซส์ CM 101 x 56 x 131",,,,taxable,,1,1,,0,0,15,,,,0,,9000,31500,สินค้าและอุปกรณ์สำหรับเด็ก,,,https://punpunkun.com/wp-content/uploads/2021/05/C1E7704C-6B56-474D-864B-66302FE0EA61-rotated.jpeg,,,,,,,,,0,,,,,,,,,,,,,,,,,,Fair
10624,simple,900024,,Astronaut Suit w/Embroidered Cap ชุดนักบินอวกาศ,1,0,visible,ชุดนักบินอวกาศ แบรนด์ Aeromaxtoys สีขาว ไซส์ 6-8,,,,taxable,,1,1,,0,0,0.8,,,,0,,930,3100,สินค้าและอุปกรณ์สำหรับเด็ก,,,"https://punpunkun.com/wp-content/uploads/2021/06/Young-family-2_๒๑๐๖๐๔_5.jpg, https://punpunkun.com/wp-content/uploads/2021/06/Young-family-2_๒๑๐๖๐๔_1.jpg, https://punpunkun.com/wp-content/uploads/2021/06/Young-family-2_๒๑๐๖๐๔_2.jpg, https://punpunkun.com/wp-content/uploads/2021/06/Young-family-2_๒๑๐๖๐๔_3.jpg, https://punpunkun.com/wp-content/uploads/2021/06/Young-family-2_๒๑๐๖๐๔_4.jpg",,,,,,,,,0,,สี,สีขาว,1,1,Size (เสื้อ),6Y,1,1,อายุ,6ปี,1,1,เพศ,"ชาย, หญิง",1,1,Good
10626,simple,900047,,Beanies หมวกไหมพรม,1,0,visible,หมวกไหมพรม สีน้ำเงิน ยืดหยุ่น เนื้อผ้านุ่มพิเศษมอบความเบาสบายขณะสวมใส่,,,,taxable,,1,1,,0,0,0.6,,,,0,,135,450,สินค้าและอุปกรณ์สำหรับเด็ก,,,"https://punpunkun.com/wp-content/uploads/2021/06/Young-family-2_๒๑๐๖๐๔_11.jpg, https://punpunkun.com/wp-content/uploads/2021/06/Young-family-2_๒๑๐๖๐๔_10.jpg",,,,,,,,,0,,สี,สีน้ำเงิน,1,1,,,,,,,,,,,,,Good
10629,simple,900053,,Nappi baby ผ้าห่อตัวสำหรับเด็ก,1,0,visible,ผ้าห่อตัวแน้ปปี้ให้สัมผัสนุ่มสบาย สีขาวธรรมชาติ ตัวช่วยสำคัญที่ทำให้ลูกน้อยหลับง่าย,,,,taxable,,0,0,,0,0,0.9,,,,1,,240,790,เครื่องมือการเลี้ยงดูเด็ก,,,"https://punpunkun.com/wp-content/uploads/2021/06/Young-family-2_๒๑๐๖๐๔_8.jpg, https://punpunkun.com/wp-content/uploads/2021/06/Young-family-2_๒๑๐๖๐๔_7.jpg",,,,,,,,,0,,สี,สีขาว,1,1,,,,,,,,,,,,,Good
10632,simple,900049,,BABY SWIMMING UV PROTECTION CAP หมวกกันยูวีว่ายน้ำเด็ก,1,0,visible,หมวกกันยูวีว่ายน้ำเด็ก แบรนด์ Tribord ออกแบบมาเพื่อปกป้องศีรษะและคอของทารกจากแสงแดดระหว่างทำกิจกรรมทางน้ำ ป้องกันรังสียูวีแม้ในขณะที่เปียก หมวกป้องกันรังสียูวีปกป้องทารกแม้อยู่ในน้ำ ด้วยรูปทรงที่ปกปิดได้สูง สีชมพู,,,,taxable,,1,1,,0,0,0.6,,,,0,,75,250,สินค้าและอุปกรณ์สำหรับเด็ก,,,"https://punpunkun.com/wp-content/uploads/2021/06/Young-family-2_๒๑๐๖๐๔_15.jpg, https://punpunkun.com/wp-content/uploads/2021/06/Young-family-2_๒๑๐๖๐๔_14.jpg, https://punpunkun.com/wp-content/uploads/2021/06/Young-family-2_๒๑๐๖๐๔_13.jpg",,,,,,,,,0,,สี,สีชมพู,1,1,เพศ,หญิง,1,1,,,,,,,,,Good
10634,simple,900048,,Children’s Baseball Cap with White Tiger design หมวกเบสบอลเด็กลายเสือ,1,0,visible,หมวกเบสบอลเด็กลายเสือ แบรนด์ Baroni สีน้ำตาล,,,,taxable,,1,1,,0,0,0.5,,,,0,,240,790,สินค้าและอุปกรณ์สำหรับเด็ก,,,"https://punpunkun.com/wp-content/uploads/2021/06/Young-family-2_๒๑๐๖๐๔_18.jpg, https://punpunkun.com/wp-content/uploads/2021/06/Young-family-2_๒๑๐๖๐๔_17.jpg",,,,,,,,,0,,สี,สีน้ำตาล,1,1,,,,,,,,,,,,,Good
10637,simple,900026,,STRIDER GLOVES ถุงมือเด็กเล็ก,1,0,visible,ถุงมือเด็กเล็ก แบรนด์ Strider ตรงฝ่ามือมีฟองน้ำนิ่ม ป้องกันแผลถลอกในกรณีเกิดล้ม สีดำ,,,,taxable,,0,0,,0,0,0.4,,,,1,,285,950,เสื้อผ้าและเครื่องประดับ,,,"https://punpunkun.com/wp-content/uploads/2021/06/Young-family-2_๒๑๐๖๐๔_22.jpg, https://punpunkun.com/wp-content/uploads/2021/06/Young-family-2_๒๑๐๖๐๔_20.jpg",,,,,,,,,0,,สี,สีขาว,1,1,,,,,,,,,,,,,Good
10639,simple,900096,,Knitted Jumper เสื้อไหมพรม,1,0,visible,เสื้อสวมหัวในผ้าไหมพรมถักเนื้อนุ่ม แบรนด์ H&amp;M สีกรม ไซส์ EUR 110/116 US 4-6Y CA 4-6Y CN 120/60 MX 110/116,,,,taxable,,1,1,,0,0,0.7,,,,0,,100,500,สินค้าและอุปกรณ์สำหรับเด็ก,,,"https://punpunkun.com/wp-content/uploads/2021/06/Young-family-2_๒๑๐๖๐๔_27.jpg, https://punpunkun.com/wp-content/uploads/2021/06/Young-family-2_๒๑๐๖๐๔_29.jpg, https://punpunkun.com/wp-content/uploads/2021/06/Young-family-2_๒๑๐๖๐๔_25.jpg, https://punpunkun.com/wp-content/uploads/2021/06/Young-family-2_๒๑๐๖๐๔_26.jpg, https://punpunkun.com/wp-content/uploads/2021/06/Young-family-2_๒๑๐๖๐๔_24.jpg",,,,,,,,,0,,สี,สีกรม,1,1,Size (เสื้อ),4Y,1,1,อายุ,4ปี,1,1,เพศ,ชาย,1,1,Fair
10641,simple,900040,,American T-shirt เสื้อยืดแขนสั้น,1,0,visible,เสื้อยืดแขนสั้น แบรนด์ Siri Jeans ลายธงชาติสหรัฐ สุดเท่ห์ ผลิตจากผ้าฝ้ายแท้ 100% สีขาว,,,,taxable,,1,1,,0,0,0.6,,,,0,,100,490,สินค้าและอุปกรณ์สำหรับเด็ก,,,"https://punpunkun.com/wp-content/uploads/2021/06/Young-family-2_๒๑๐๖๐๔_43.jpg, https://punpunkun.com/wp-content/uploads/2021/06/Young-family-2_๒๑๐๖๐๔_32.jpg, https://punpunkun.com/wp-content/uploads/2021/06/Young-family-2_๒๑๐๖๐๔_30.jpg, https://punpunkun.com/wp-content/uploads/2021/06/Young-family-2_๒๑๐๖๐๔_31.jpg",,,,,,,,,0,,สี,สีขาว,1,1,,,,,,,,,,,,,Fair
10643,simple,900014,,Ninja Warrior ชุดนักรบนินจาชาย,1,0,visible,ชุดนักรบนินจาชาย สีดำ ประกอบด้วย เสื้อ กางเกง ฮูด เข็มขัด ปลอกแขน สนับแข้ง และเกราะ ไซส์เล็ก ส่วนสูง 110-120 ซม.,มีการตัดป้ายแบรนด์ออก แต่สามารถใช้งานได้ปกติ,,,taxable,,1,1,,0,0,0.9,,,,0,,360,1199,สินค้าและอุปกรณ์สำหรับเด็ก,,,"https://punpunkun.com/wp-content/uploads/2021/06/Young-family-2_๒๑๐๖๐๔_36.jpg, https://punpunkun.com/wp-content/uploads/2021/06/Young-family-2_๒๑๐๖๐๔_37.jpg, https://punpunkun.com/wp-content/uploads/2021/06/Young-family-2_๒๑๐๖๐๔_35.jpg",,,,,,,,,0,,สี,สีดำ,1,1,,,,,,,,,,,,,Good
10647,simple,900092,,SPIDERMAN FAR FROM HOME ชุดคอมตูมสไปเดอร์แมน,1,0,visible,ชุดคอมตูมสไปเดอร์แมน แบรนด์ Marvel สีแดง น้ำเงิน ไซส์ M,,,,taxable,,1,1,,0,0,0.9,,,,0,,450,1495,สินค้าและอุปกรณ์สำหรับเด็ก,,,"https://punpunkun.com/wp-content/uploads/2021/06/Young-family-2_๒๑๐๖๐๔_40.jpg, https://punpunkun.com/wp-content/uploads/2021/06/Young-family-2_๒๑๐๖๐๔_39.jpg",,,,,,,,,0,,สี,"สีน้ำเงิน, สีแดง",1,1,เพศ,ชาย,1,1,,,,,,,,,Good
10650,simple,900018,,Ladybug Halloween Costume ชุดเจ้าแมลงตัวน้อยแสนน่ารัก,1,0,visible,ชุดเจ้าแมลงตัวน้อยแสนน่ารัก แบรนด์ Carter สีแดงดำ มาพร้อมกับเสื้อแขนยาวสีดำและกางเกงรัดรูปลายทาง แต่งดีเทลด้วยลายจุดเต่าทองและหูหิ้ว ไซส์ 3-6 M,,,,taxable,,1,1,,0,0,0.8,,,,0,,650,1620,สินค้าและอุปกรณ์สำหรับเด็ก,,,"https://punpunkun.com/wp-content/uploads/2021/06/Young-family-2_๒๑๐๖๐๔_48.jpg, https://punpunkun.com/wp-content/uploads/2021/06/Young-family-2_๒๑๐๖๐๔_47.jpg, https://punpunkun.com/wp-content/uploads/2021/06/Young-family-2_๒๑๐๖๐๔_46.jpg, https://punpunkun.com/wp-content/uploads/2021/06/Young-family-2_๒๑๐๖๐๔_42.jpg",,,,,,,,,0,,สี,"สีดำ, สีแดง",1,1,Size (เสื้อ),3M,1,1,อายุ,3เดือน,1,1,เพศ,หญิง,1,1,Mint
10652,simple,900022,,Pilot Role Play Costume Set ชุดสวมบทบาทนักบิน,1,0,visible,ชุดสวมบทบาทนักบิน แบรนด์ Melissa and Doug สีกรม อุปกรณ์ภายในชุด ชุดนักบินพร้อม accessory หมวกนักบิน 1 ใบ ชุดสามารถซักทำความสะอาดได้ ส่งเสริมจินตนาการของคุณหนูๆ ผลิตจากวัสดุคุณภาพดี ฟรีไซส์ เหมาะสำหรับเด็กอายุตั้งแต่ 3 – 6 ปีขึ้นไป,,,,taxable,,1,1,,0,0,0.8,,,,0,,350,1750,สินค้าและอุปกรณ์สำหรับเด็ก,,,"https://punpunkun.com/wp-content/uploads/2021/06/Young-family-2_๒๑๐๖๐๔_54.jpg, https://punpunkun.com/wp-content/uploads/2021/06/Young-family-2_๒๑๐๖๐๔_53.jpg, https://punpunkun.com/wp-content/uploads/2021/06/Young-family-2_๒๑๐๖๐๔_52.jpg, https://punpunkun.com/wp-content/uploads/2021/06/Young-family-2_๒๑๐๖๐๔_50.jpg",,,,,,,,,0,,สี,สีกรม,1,1,อายุ,3ปี,1,1,,,,,,,,,Fair
10655,simple,900050,,pack-it stroller sun sleep cover ผ้าคลุมรถเข็นเด็ก,1,0,visible,ผ้าคลุมรถเข็นเด็ก แบนรด์  ใช้เมื่อแสงแดดปรากฏขึ้น ทำให้ลูกน้อยของคุณปลอดภัย มีร่มเงา และปกป้อง,,,,taxable,,1,1,,0,0,0.8,,,,0,,500,1000,สินค้าและอุปกรณ์สำหรับเด็ก,,,"https://punpunkun.com/wp-content/uploads/2021/06/Young-Family_๒๑๐๖๐๔_3.jpg, https://punpunkun.com/wp-content/uploads/2021/06/Young-Family_๒๑๐๖๐๔_4.jpg, https://punpunkun.com/wp-content/uploads/2021/06/Young-Family_๒๑๐๖๐๔_1.jpg, https://punpunkun.com/wp-content/uploads/2021/06/Young-Family_๒๑๐๖๐๔_2.jpg",,,,,,,,,0,,สี,สีดำ,1,1,,,,,,,,,,,,,Fair
10657,simple,900056,,Towel ผ้าขนหนูลายสายรุ้ง,1,0,visible,ผ้าขนหนู แบรนด์ Rainbow ลวดลายน่ารัก ผลิตด้วยเนื้อผ้านุ่มพิเศษ อ่อนโยนต่อผิวของลูกน้อย ซึมซับน้ำได้ดี,,,,taxable,,1,1,,0,0,0.9,,,,0,,475,790,สินค้าและอุปกรณ์สำหรับเด็ก,,,"https://punpunkun.com/wp-content/uploads/2021/06/Young-family-2_๒๑๐๖๐๔_59.jpg, https://punpunkun.com/wp-content/uploads/2021/06/Young-family-2_๒๑๐๖๐๔_56.jpg, https://punpunkun.com/wp-content/uploads/2021/06/Young-family-2_๒๑๐๖๐๔_57.jpg, https://punpunkun.com/wp-content/uploads/2021/06/Young-family-2_๒๑๐๖๐๔_58.jpg",,,,,,,,,0,,สี,"สีเขียว, สีเหลือง",1,1,อายุ,0เดือน,1,1,,,,,,,,,Good
10660,simple,900064,,Nike Fast กางเกงเลกกิ้ง,1,0,visible,"กางเกงเลกกิ้ง ให้สัมผัสยืดหยุ่นมาพร้อมแผงตาข่ายเพื่อความสบายที่ระบายอากาศได้ดี สี ฟ้า,ชมพู ไซส์ CM 96-104 3ปี(3Y)",,,,taxable,,1,1,,0,0,0.6,,,,0,,510,1700,สินค้าและอุปกรณ์สำหรับเด็ก,,,"https://punpunkun.com/wp-content/uploads/2021/06/Young-Family_๒๑๐๖๐๔_8.jpg, https://punpunkun.com/wp-content/uploads/2021/06/Young-Family_๒๑๐๖๐๔_7.jpg, https://punpunkun.com/wp-content/uploads/2021/06/Young-Family_๒๑๐๖๐๔_6.jpg",,,,,,,,,0,,สี,"สีชมพู, สีฟ้า",1,1,Size (กางเกง),3Y,1,1,อายุ,3ปี,1,1,เพศ,หญิง,1,1,Good
10663,simple,900021,,Power Rangers Robo Knight Megaforce Classic Muscle Child Halloween Costume ชุดฮัลโลวีนพาวเวอร์เรนเจอร์,1,0,visible,ชุดฮัลโลวีนพาวเวอร์เรนเจอร์ แบรนด์ Power Rangers เครื่องแต่งกายนี้ดูน่ารักและมีสไตล์อย่างแท้จริงหลังจากการแสดง Power Rangers Megaforce และรวมถึงจั๊มสูทพร้อมเข็มขัดแนบและหูฟังที่อ่อนนุ่ม,,,,taxable,,1,1,,0,0,0.8,,,,0,,470,1560,สินค้าและอุปกรณ์สำหรับเด็ก,,,"https://punpunkun.com/wp-content/uploads/2021/06/Young-family-2_๒๑๐๖๐๔_63.jpg, https://punpunkun.com/wp-content/uploads/2021/06/Young-family-2_๒๑๐๖๐๔_62.jpg, https://punpunkun.com/wp-content/uploads/2021/06/Young-family-2_๒๑๐๖๐๔_61.jpg",,,,,,,,,0,,สี,สีเทา,1,1,,,,,,,,,,,,,Good
10665,simple,900013,,Lady Bug Cape ชุดคลุมพร้อมหมวกแมลงเต่าทอง,1,0,visible,ชุดคลุมสำหรับเด็ก ลายแมลงเต่าทอง  สีแดง ไซส์ 3-5 Y,,,,taxable,,1,1,,0,0,0.8,,,,0,,480,1190,สินค้าและอุปกรณ์สำหรับเด็ก,,,"https://punpunkun.com/wp-content/uploads/2021/06/Young-family-2_๒๑๐๖๐๔_64.jpg, https://punpunkun.com/wp-content/uploads/2021/06/Young-family-2_๒๑๐๖๐๔_65.jpg",,,,,,,,,0,,สี,สีแดง,1,1,อายุ,3ปี,1,1,,,,,,,,,Mint
10666,simple,900103,,Star Leggings กางเกงเลกกิ้งลายดาว,1,0,visible,กางเกงเลกกิ้ง ลายดาว ไซส์ 2ปี(2Y) ส่วนสูง 90 CM,,,,taxable,,0,0,,0,0,0.6,,,,0,,180,590,สินค้าและอุปกรณ์สำหรับเด็ก,,,"https://punpunkun.com/wp-content/uploads/2021/06/Young-Family_๒๑๐๖๐๔_12.jpg, https://punpunkun.com/wp-content/uploads/2021/06/Young-Family_๒๑๐๖๐๔_11.jpg, https://punpunkun.com/wp-content/uploads/2021/06/Young-Family_๒๑๐๖๐๔_10.jpg",,,,,,,,,0,,สี,สีดำ,1,1,Size (กางเกง),2Y,1,1,อายุ,2ปี,1,1,เพศ,หญิง,1,1,Good
10669,simple,900012,,Honorable Prince ชุดเจ้าชาย,1,0,visible,ชุดเจ้าชาย แบรนด์ Gift Tower  สีแดงโดดเด่น เป็นชุดใช้การแสดงบทบาทสมมุติ ใช้ในการแสดง ชุดเนื้อผ้าดี นิ่ม ใสง่าย ใส่ไม่คัน ไม่ระคายเคือง,,,,taxable,,1,1,,0,0,0.8,,,,0,,210,700,สินค้าและอุปกรณ์สำหรับเด็ก,,,"https://punpunkun.com/wp-content/uploads/2021/06/Young-family-2_๒๑๐๖๐๔_72.jpg, https://punpunkun.com/wp-content/uploads/2021/06/Young-family-2_๒๑๐๖๐๔_71.jpg, https://punpunkun.com/wp-content/uploads/2021/06/Young-family-2_๒๑๐๖๐๔_70.jpg, https://punpunkun.com/wp-content/uploads/2021/06/Young-family-2_๒๑๐๖๐๔_69.jpg",,,,,,,,,0,,สี,สีแดง,1,1,,,,,,,,,,,,,Good
10671,simple,900066,,Basic Legging กางเกงเลกกิ้งลายรองเท้า,1,0,visible,"กางเกงเลกกิ้งลายรองเท้า สี ชมพู,ขาว ไซส์ 4ปี(4Y) HEIGHT 108CM CHEST 60CM WAIST 56CM HIP 62CM",,,,taxable,,1,1,,0,0,0.7,,,,0,,280,935,สินค้าและอุปกรณ์สำหรับเด็ก,,,"https://punpunkun.com/wp-content/uploads/2021/06/Young-Family_๒๑๐๖๐๔_16.jpg, https://punpunkun.com/wp-content/uploads/2021/06/Young-Family_๒๑๐๖๐๔_15.jpg, https://punpunkun.com/wp-content/uploads/2021/06/Young-Family_๒๑๐๖๐๔_14.jpg",,,,,,,,,0,,สี,"สีขาว, สีชมพู",1,1,Size (กางเกง),4Y,1,1,อายุ,4ปี,1,1,เพศ,หญิง,1,1,Good
10674,simple,900025,,Captain Hook Costume for Kids ชุดกัปตันฮุกสำหรับเด็ก,1,0,visible,ชุดกัปตันฮุกสำหรับเด็ก แบรนด์ Gift Tower สีแดง ดำ ไซส์ L (120-130 CM),,,,taxable,,1,1,,0,0,0.8,,,,0,,240,790,สินค้าและอุปกรณ์สำหรับเด็ก,,,"https://punpunkun.com/wp-content/uploads/2021/06/Young-family-2_๒๑๐๖๐๔_68.jpg, https://punpunkun.com/wp-content/uploads/2021/06/Young-family-2_๒๑๐๖๐๔_67.jpg",,,,,,,,,0,,สี,สีแดง,1,1,Size (เสื้อ),6Y,1,1,อายุ,6ปี,1,1,เพศ,ชาย,1,1,Good
10676,simple,900023,,CAPTAIN AMERICA ชุดกัปตันอเมริกา,1,0,visible,ชุดกัปตันอเมริกา แบรนด์ Marvel สวมบทบาทเป็น CAPTAIN AMERICA ด้วยชุดคอสตูม สีน้ำเงิน,,,,taxable,,1,1,,0,0,0.8,,,,0,,480,1595,สินค้าและอุปกรณ์สำหรับเด็ก,,,"https://punpunkun.com/wp-content/uploads/2021/06/Young-Family_๒๑๐๖๐๔_267.jpg, https://punpunkun.com/wp-content/uploads/2021/06/Young-Family_๒๑๐๖๐๔_266.jpg, https://punpunkun.com/wp-content/uploads/2021/06/Young-Family_๒๑๐๖๐๔_265.jpg",,,,,,,,,0,,สี,สีน้ำเงิน,1,1,เพศ,ชาย,1,1,,,,,,,,,Good
10678,simple,900069,,Leggings กางเกงเลกกิ้งลายวิวภูเขา,1,0,visible,กางเกงเลกกิ้งลายวิวภูเขา สีชมพู ไซส์ 3ปี(3T),,,,taxable,,1,1,,0,0,0.7,,,,0,,125,405,สินค้าและอุปกรณ์สำหรับเด็ก,,,"https://punpunkun.com/wp-content/uploads/2021/06/Young-Family_๒๑๐๖๐๔_20.jpg, https://punpunkun.com/wp-content/uploads/2021/06/Young-Family_๒๑๐๖๐๔_19.jpg, https://punpunkun.com/wp-content/uploads/2021/06/Young-Family_๒๑๐๖๐๔_18.jpg",,,,,,,,,0,,สี,สีชมพู,1,1,Size (กางเกง),3Y,1,1,อายุ,3ปี,1,1,เพศ,หญิง,1,1,Good
10683,simple,900017,,Stormtrooper Deluxe Boys Costume ชุดเด็กผู้ชาย สตอร์มทรูปเปอร์,1,0,visible,ชุดเด็กผู้ชาย สตอร์มทรูปเปอร์ แบรนด์ Star Wars สีขาว,,,,taxable,,1,1,,0,0,0.8,,,,0,,345,1720,สินค้าและอุปกรณ์สำหรับเด็ก,,,"https://punpunkun.com/wp-content/uploads/2021/06/Young-family-2_๒๑๐๖๐๔_79.jpg, https://punpunkun.com/wp-content/uploads/2021/06/Young-family-2_๒๑๐๖๐๔_78.jpg, https://punpunkun.com/wp-content/uploads/2021/06/Young-family-2_๒๑๐๖๐๔_77.jpg, https://punpunkun.com/wp-content/uploads/2021/06/Young-family-2_๒๑๐๖๐๔_76.jpg, https://punpunkun.com/wp-content/uploads/2021/06/Young-family-2_๒๑๐๖๐๔_75.jpg, https://punpunkun.com/wp-content/uploads/2021/06/Young-family-2_๒๑๐๖๐๔_74.jpg",,,,,,,,,0,,สี,สีขาว,1,1,,,,,,,,,,,,,Fair
10685,simple,900027,,Cloudburst Raincoat เสื้อกันฝน,1,0,visible,เสื้อกันฝน แบรนด์ Cotton on สีชมพู ไซส์ 5-6,,,,taxable,,1,1,,0,0,0.8,,,,0,,190,625,สินค้าและอุปกรณ์สำหรับเด็ก,,,"https://punpunkun.com/wp-content/uploads/2021/06/Young-Family_๒๑๐๖๐๔_270.jpg, https://punpunkun.com/wp-content/uploads/2021/06/Young-Family_๒๑๐๖๐๔_271.jpg, https://punpunkun.com/wp-content/uploads/2021/06/Young-Family_๒๑๐๖๐๔_269.jpg",,,,,,,,,0,,สี,สีชมพู,1,1,อายุ,5ปี,1,1,เพศ,หญิง,1,1,,,,,Good
10687,simple,900082,,2 Piece Set Baby GIRLS เซตเสื้อและกางเกง,1,0,visible,เซตเสื้อและกางเกง แบรนด์ Under Armour สีเขียว,,,,taxable,,0,-1,,0,0,0.7,,,,0,,425,1410,สินค้าและอุปกรณ์สำหรับเด็ก,,,"https://punpunkun.com/wp-content/uploads/2021/06/Young-Family_๒๑๐๖๐๔_26.jpg, https://punpunkun.com/wp-content/uploads/2021/06/Young-Family_๒๑๐๖๐๔_25.jpg, https://punpunkun.com/wp-content/uploads/2021/06/Young-Family_๒๑๐๖๐๔_24.jpg, https://punpunkun.com/wp-content/uploads/2021/06/Young-Family_๒๑๐๖๐๔_23.jpg",,,,,,,,,0,,สี,สีเขียว,1,1,เพศ,หญิง,1,1,,,,,,,,,Good
10689,simple,900072,,Ultra Stretch Pants กางเกงยีนส์,1,0,visible,กางเกงยีนส์ขายาว สำหรับเด็ก ไซส์ 8ปี(8Y) ความสูง 130CM รอบเอว 53-59CM,,,,taxable,,1,1,,0,0,0.8,,,,0,,180,590,สินค้าและอุปกรณ์สำหรับเด็ก,,,"https://punpunkun.com/wp-content/uploads/2021/06/Young-Family_๒๑๐๖๐๔_30.jpg, https://punpunkun.com/wp-content/uploads/2021/06/Young-Family_๒๑๐๖๐๔_29.jpg, https://punpunkun.com/wp-content/uploads/2021/06/Young-Family_๒๑๐๖๐๔_28.jpg",,,,,,,,,0,,สี,สีกรม,1,1,Size (กางเกง),8Y,1,1,อายุ,8ปี,1,1,เพศ,ชาย,1,1,Good
10691,simple,900015,,Justice Batman Costume ชุดแบทแมน,1,0,visible,ชุดแบทแมน แบรนด์ Batman Vs Superman ชุดจั้มสูทรัดรูปด้วยตะขอและห่วงที่ด้านหลังตรงกลาง ผ้าคลุมไหล่ติดด้วยตะขอและห่วง มาพร้อมหน้ากากพลาสติกมีแถบยางยืด ครอบครึ่งหน้า ไซส์ 5-6 ปี,,,,taxable,,1,1,,0,0,0.8,,,,0,,375,1245,สินค้าและอุปกรณ์สำหรับเด็ก,,,"https://punpunkun.com/wp-content/uploads/2021/06/Young-family-2_๒๑๐๖๐๔_83.jpg, https://punpunkun.com/wp-content/uploads/2021/06/Young-family-2_๒๑๐๖๐๔_82.jpg, https://punpunkun.com/wp-content/uploads/2021/06/Young-family-2_๒๑๐๖๐๔_81.jpg",,,,,,,,,0,,สี,สีดำ,1,1,อายุ,5ปี,1,1,เพศ,ชาย,1,1,,,,,Good
10694,simple,900003,,Go Fishing เกมส์ตกเป็ด,1,0,visible,เกมส์ตกเป็ด สามารถเติมน้ำลงได้ ตกปลาได้เสมือนจริง สร้างความสนุกสนาน เสริมทักษะการเรียนรู้ และฝึกสมาธิ ของเล่น เกมตกปลา แบรนด์ Beibe Good Toys,,,,taxable,,1,1,,0,0,0.8,,,,0,,260,650,สินค้าและอุปกรณ์สำหรับเด็ก,,,"https://punpunkun.com/wp-content/uploads/2021/06/Young-family-2_๒๑๐๖๐๔_87.jpg, https://punpunkun.com/wp-content/uploads/2021/06/Young-family-2_๒๑๐๖๐๔_85.jpg",,,,,,,,,0,,สี,สีฟ้า,1,1,,,,,,,,,,,,,Fair
10695,simple,900073,,Soft Cotton Dungarees ชุดเอี๊ยมผ้าฝ้ายเนื้อนุ่ม,1,0,visible,ชุดเอี๊ยมผ้าฝ้ายเนื้อนุ่มเหมาะสำหรับวันสบายๆ ทรงหลวมและทรงหลวม สีเขียว ไซส์ 2ปี(2Y) ความสูง 92ซม. หน้าอก 53ซม. รอบเอว 52ซม. สะโพก 56ซม.,,,,taxable,,1,1,,0,0,0.7,,,,0,,320,1060,สินค้าและอุปกรณ์สำหรับเด็ก,,,"https://punpunkun.com/wp-content/uploads/2021/06/Young-Family_๒๑๐๖๐๔_34.jpg, https://punpunkun.com/wp-content/uploads/2021/06/Young-Family_๒๑๐๖๐๔_33.jpg, https://punpunkun.com/wp-content/uploads/2021/06/Young-Family_๒๑๐๖๐๔_32.jpg",,,,,,,,,0,,สี,สีเขียว,1,1,Size (กางเกง),2Y,1,1,อายุ,2ปี,1,1,เพศ,"ชาย, หญิง",1,1,Good
10699,simple,900055,,Swiss Cross in Gray Bed Sheet ผ้าปูที่นอนสำหรับเด็ก,1,0,visible,ผ้าปูที่นอน แบรนด์ Beta Young สีเทา,,,,taxable,,1,1,,0,0,0.9,,,,0,,540,900,สินค้าและอุปกรณ์สำหรับเด็ก,,,"https://punpunkun.com/wp-content/uploads/2021/06/Young-family-2_๒๑๐๖๐๔_93.jpg, https://punpunkun.com/wp-content/uploads/2021/06/Young-family-2_๒๑๐๖๐๔_92.jpg, https://punpunkun.com/wp-content/uploads/2021/06/Young-family-2_๒๑๐๖๐๔_89.jpg",,,,,,,,,0,,สี,สีเทา,1,1,,,,,,,,,,,,,Good
10702,simple,900060,,Printed Mesh Racer Run Short กางเกงขาสั้น,1,0,visible,"กางเกงขาสั้น ออกกำลังกาย สีฟ้า,ชมพู ไซส์ 4ปี(4Y) Waist 27-28 Hip 37.5-38.5",,,,taxable,,1,1,,0,0,0.6,,,,0,,460,1530,สินค้าและอุปกรณ์สำหรับเด็ก,,,"https://punpunkun.com/wp-content/uploads/2021/06/Young-Family_๒๑๐๖๐๔_38.jpg, https://punpunkun.com/wp-content/uploads/2021/06/Young-Family_๒๑๐๖๐๔_37.jpg, https://punpunkun.com/wp-content/uploads/2021/06/Young-Family_๒๑๐๖๐๔_36.jpg",,,,,,,,,0,,สี,"สีชมพู, สีฟ้า",1,1,Size (กางเกง),4Y,1,1,อายุ,4ปี,1,1,เพศ,หญิง,1,1,Good
10703,simple,900052,,Cotton Muslin Dream Blanket ผ้าห่ม,1,0,visible,ผ้าห่มแสนอบอุ่น แบรนด์ Aden + Anais เหมาะสำหรับเด็กแรกเกิดและเด็กเล็ก ผ้ามัสลินคอตตอน 100% ซักเครื่องได้ ผ่านการซักล่วงหน้า จึงนุ่มเป็นพิเศษตั้งแต่เริ่มแรก,,,,taxable,,1,1,,0,0,0.9,,,,0,,1560,2600,สินค้าและอุปกรณ์สำหรับเด็ก,,,"https://punpunkun.com/wp-content/uploads/2021/06/Young-family-2_๒๑๐๖๐๔_95.jpg, https://punpunkun.com/wp-content/uploads/2021/06/Young-family-2_๒๑๐๖๐๔_95.jpg, https://punpunkun.com/wp-content/uploads/2021/06/Young-family-2_๒๑๐๖๐๔_96.jpg, https://punpunkun.com/wp-content/uploads/2021/06/Young-family-2_๒๑๐๖๐๔_97.jpg",,,,,,,,,0,,สี,สีขาว,1,1,,,,,,,,,,,,,Good
10704,simple,900034,,Bonnie Jean Dress/Vestido ชุดเดรสเด็ก,1,0,visible,ชุดเดรส แบรนด์ Bonnie Jean สีขาว ชมพู ฟ้า เขียว เหลือง แดง ลายตรง ใส่สบาย ไซส์ 4Y (4ปี),,,,taxable,,1,1,,0,0,0.7,,,,0,,375,1250,สินค้าและอุปกรณ์สำหรับเด็ก,,,"https://punpunkun.com/wp-content/uploads/2021/06/Young-Family_๒๑๐๖๐๔_274.jpg, https://punpunkun.com/wp-content/uploads/2021/06/Young-Family_๒๑๐๖๐๔_275.jpg, https://punpunkun.com/wp-content/uploads/2021/06/Young-Family_๒๑๐๖๐๔_273.jpg",,,,,,,,,0,,สี,"สีขาว, สีชมพู, สีฟ้า, สีเขียว, สีเหลือง, สีแดง",1,1,Size (เสื้อ),4Y,1,1,อายุ,4ปี,1,1,เพศ,หญิง,1,1,Good
10708,simple,900054,,Bed Sheet ผ้าปูที่นอนสำหรับเด็ก,1,0,visible,ผ้าปูที่นอน แบรนด์ Beta Young สีขาว ไม่มีลาย,,,,taxable,,1,1,,0,0,0.9,,,,0,,540,900,สินค้าและอุปกรณ์สำหรับเด็ก,,,"https://punpunkun.com/wp-content/uploads/2021/06/Young-family-2_๒๑๐๖๐๔_102.jpg, https://punpunkun.com/wp-content/uploads/2021/06/Young-family-2_๒๑๐๖๐๔_99.jpg, https://punpunkun.com/wp-content/uploads/2021/06/Young-family-2_๒๑๐๖๐๔_100.jpg",,,,,,,,,0,,สี,สีขาว,1,1,,,,,,,,,,,,,Good
10711,simple,900051,,Rabbit Blanket ผ้าห่มเด็กคู่กระต่ายน้อย,1,0,visible,ผ้าห่มสำหรับเด็กขนาดมาตรฐาน แบรนด์ Beta Young สำหรับสวมใส่หรือคลุมให้ความอบอุ่นแก่ร่างกาย สีฟ้าขาว,,,,taxable,,1,1,,0,0,0.9,,,,0,,180,450,สินค้าและอุปกรณ์สำหรับเด็ก,,,"https://punpunkun.com/wp-content/uploads/2021/06/Young-family-2_๒๑๐๖๐๔_108.jpg, https://punpunkun.com/wp-content/uploads/2021/06/Young-family-2_๒๑๐๖๐๔_106.jpg, https://punpunkun.com/wp-content/uploads/2021/06/Young-family-2_๒๑๐๖๐๔_107.jpg, https://punpunkun.com/wp-content/uploads/2021/06/Young-family-2_๒๑๐๖๐๔_103.jpg, https://punpunkun.com/wp-content/uploads/2021/06/Young-family-2_๒๑๐๖๐๔_104.jpg",,,,,,,,,0,,สี,"สีขาว, สีฟ้า",1,1,,,,,,,,,,,,,Fair
10713,simple,900057,,Blue Blanket Polka dots ผ้าห่มผืนยาวลายจุด,1,0,visible,ผ้าห่ม เนื้อผ้านุ่ม ห่มอุ่น สัมผัสอ่อนโยน ไม่ระคายเคืองต่อผิว สีฟ้า แบรนด์จากญี่ปุ่นRainbow,,,,taxable,,1,1,,0,0,0.9,,,,0,,400,990,สินค้าและอุปกรณ์สำหรับเด็ก,,,"https://punpunkun.com/wp-content/uploads/2021/06/Young-family-2_๒๑๐๖๐๔_114.jpg, https://punpunkun.com/wp-content/uploads/2021/06/Young-family-2_๒๑๐๖๐๔_113.jpg, https://punpunkun.com/wp-content/uploads/2021/06/Young-family-2_๒๑๐๖๐๔_111.jpg, https://punpunkun.com/wp-content/uploads/2021/06/Young-family-2_๒๑๐๖๐๔_112.jpg",,,,,,,,,0,,สี,สีฟ้า,1,1,,,,,,,,,,,,,Fair
10715,simple,900071,,Stretch Denim Jumper ชุดเอี๊ยมยีนส์,1,0,visible,ชุดเอี๊ยมยีนส์ ไซส์ 2ปี(2Y) ส่วนสูง 35-36.5ซม.,,,,taxable,,1,1,,0,0,0.8,,,,0,,355,1185,สินค้าและอุปกรณ์สำหรับเด็ก,,,"https://punpunkun.com/wp-content/uploads/2021/06/Young-Family_๒๑๐๖๐๔_42.jpg, https://punpunkun.com/wp-content/uploads/2021/06/Young-Family_๒๑๐๖๐๔_41.jpg, https://punpunkun.com/wp-content/uploads/2021/06/Young-Family_๒๑๐๖๐๔_40.jpg",,,,,,,,,0,,สี,สีกรม,1,1,Size (กางเกง),2Y,1,1,อายุ,2ปี,1,1,เพศ,"ชาย, หญิง",1,1,Good
10720,simple,900058,,Cotton Muslin Dream Blanket ผ้าห่ม,1,0,visible,ผ้าห่มแสนอบอุ่น แบรนด์ Aden + Anais เหมาะสำหรับเด็กแรกเกิดและเด็กเล็ก ผ้ามัสลินคอตตอน 100% ซักเครื่องได้ ผ่านการซักล่วงหน้า จึงนุ่มเป็นพิเศษตั้งแต่เริ่มแรก,,,,taxable,,1,1,,0,0,0.9,,,,0,,1040,2600,สินค้าและอุปกรณ์สำหรับเด็ก,,,"https://punpunkun.com/wp-content/uploads/2021/06/Young-family-2_๒๑๐๖๐๔_119.jpg, https://punpunkun.com/wp-content/uploads/2021/06/Young-family-2_๒๑๐๖๐๔_116.jpg, https://punpunkun.com/wp-content/uploads/2021/06/Young-family-2_๒๑๐๖๐๔_117.jpg, https://punpunkun.com/wp-content/uploads/2021/06/Young-family-2_๒๑๐๖๐๔_118.jpg",,,,,,,,,0,,สี,"สีน้ำตาล, สีเขียว",1,1,,,,,,,,,,,,,Fair
10722,simple,900086,,Women's Big Ruffle - Vintage Blue กางเกงทรงวินเทจ,1,0,visible,"พื้นถักที่นุ่มเป็นพิเศษเหล่านี้ให้ความสบายเหมือนกางเกงและกระโปรงสีน้ำเงินวินเทจ ไซส์ Size XS\nWaist 25CM Hips 35 1/4""CM",,,,taxable,,1,1,,0,0,0.7,,,,0,,545,1810,สินค้าและอุปกรณ์สำหรับเด็ก,,,"https://punpunkun.com/wp-content/uploads/2021/06/Young-Family_๒๑๐๖๐๔_46.jpg, https://punpunkun.com/wp-content/uploads/2021/06/Young-Family_๒๑๐๖๐๔_45.jpg, https://punpunkun.com/wp-content/uploads/2021/06/Young-Family_๒๑๐๖๐๔_44.jpg",,,,,,,,,0,,สี,สีกรม,1,1,Size (กางเกง),2Y,1,1,อายุ,2ปี,1,1,เพศ,หญิง,1,1,Good
10725,simple,900088,,Vintage navy shirt เสื้อเชิ้ตนาวี,1,0,visible,เสื้อเชิ้ตนาวี ผ้าCotton สีกรม ไซส์ 2ปี(2Y),,,,taxable,,1,1,,0,0,0.7,,,,0,,135,450,สินค้าและอุปกรณ์สำหรับเด็ก,,,"https://punpunkun.com/wp-content/uploads/2021/06/Young-Family_๒๑๐๖๐๔_279.jpg, https://punpunkun.com/wp-content/uploads/2021/06/Young-Family_๒๑๐๖๐๔_278.jpg, https://punpunkun.com/wp-content/uploads/2021/06/Young-Family_๒๑๐๖๐๔_277.jpg",,,,,,,,,0,,สี,สีกรม,1,1,Size (เสื้อ),2Y,1,1,อายุ,2ปี,1,1,เพศ,ชาย,1,1,Good
10727,simple,900059,,Bed Sheet ผ้าปูที่นอนลายจุด,1,0,visible,ผ้าปูที่นอน ขนาดมาตรฐาน สีชมพู ลายจุด,,,,taxable,,1,1,,0,0,0.8,,,,0,,415,690,สินค้าและอุปกรณ์สำหรับเด็ก,,,"https://punpunkun.com/wp-content/uploads/2021/06/Young-family-2_๒๑๐๖๐๔_122.jpg, https://punpunkun.com/wp-content/uploads/2021/06/Young-family-2_๒๑๐๖๐๔_121.jpg",,,,,,,,,0,,สี,สีชมพู,1,1,,,,,,,,,,,,,Good
10729,simple,900070,,Adidas Ultra กางเกงวิ่งขาสั้น,1,0,visible,กางเกงวิ่งขาสั้นน้ำหนักเบา สีส้ม ไซส์ 5ปี(5Y) Waist 32-34CM,,,,taxable,,1,1,,0,0,0.5,,,,0,,280,1400,สินค้าและอุปกรณ์สำหรับเด็ก,,,"https://punpunkun.com/wp-content/uploads/2021/06/Young-Family_๒๑๐๖๐๔_51.jpg, https://punpunkun.com/wp-content/uploads/2021/06/Young-Family_๒๑๐๖๐๔_50.jpg, https://punpunkun.com/wp-content/uploads/2021/06/Young-Family_๒๑๐๖๐๔_48.jpg, https://punpunkun.com/wp-content/uploads/2021/06/Young-Family_๒๑๐๖๐๔_49.jpg",,,,,,,,,0,,สี,สีส้ม,1,1,Size (กางเกง),5Y,1,1,อายุ,5ปี,1,1,เพศ,หญิง,1,1,Fair
10731,simple,900002,,Bright Starts Giggling Gourmet Shop 'n Cook Walker รถผลักเดิน,1,0,visible,ของเล่นที่ให้ลูกน้อยเล่นสนุกได้อย่างไร้ขีดจำกัดด้วยรถผลักเดินแสนสนุก4-in-1 Shop 'n Cook Walker แบรนด์ Bright Starts สามารถเล่นได้ถึง4 แบบ,,,,taxable,,1,1,,0,0,3,,,,0,,1240,3090,สินค้าและอุปกรณ์สำหรับเด็ก,,,"https://punpunkun.com/wp-content/uploads/2021/06/Young-family-2_๒๑๐๖๐๔_126.jpg, https://punpunkun.com/wp-content/uploads/2021/06/Young-family-2_๒๑๐๖๐๔_124.jpg, https://punpunkun.com/wp-content/uploads/2021/06/Young-family-2_๒๑๐๖๐๔_125.jpg",,,,,,,,,0,,สี,สีเหลือง,1,1,อายุ,6เดือน,1,1,,,,,,,,,Fair
10734,simple,900016,,Captain America Costume ชุดกัปตันอเมริกา,1,0,visible,ชุดกัปตันอเมริกา แบรนด์ marvel ชุดจั้มสูทรัดรูปด้วยตะขอและห่วงที่ด้านหลังตรงกลาง ผ้าคลุมไหล่ติดด้วยตะขอและห่วง มาพร้อมหน้ากากพลาสติกมีแถบยางยืด ครอบครึ่งหน้า ไซส์ 5-6 ปี,,,,taxable,,0,0,,0,0,0.8,,,,1,,320,1595,เสื้อผ้าและเครื่องประดับ,,,"https://punpunkun.com/wp-content/uploads/2021/06/Young-Family_๒๑๐๖๐๔_284.jpg, https://punpunkun.com/wp-content/uploads/2021/06/Young-Family_๒๑๐๖๐๔_283.jpg, https://punpunkun.com/wp-content/uploads/2021/06/Young-Family_๒๑๐๖๐๔_282.jpg, https://punpunkun.com/wp-content/uploads/2021/06/Young-Family_๒๑๐๖๐๔_281.jpg",,,,,,,,,0,,สี,สีกรม,1,1,Size (เสื้อ),6Y,1,1,อายุ,"5ปี, 6ปี",1,1,เพศ,ชาย,1,1,Fair
10736,simple,900089,,Elbow-patch Cotton Jacket เสื้อแจ็คเก็ต and roll-up trousers กางเกงขายาว แพคคู่,1,0,visible,"เสื้อแจ็คเก็ตเนื้อผ้าทอ ไซส์ 8ปี(8Y) ความสูง 48 รอบอก 63\n\nกางเกงขายาว ไซส์ 8ปี(8Y) EUR 134 ความสูง 53 รอบเอว 60 CM รอบสะโพก 73,5 CM",,,,taxable,,1,,,0,0,1,,,,0,,630,1849,สินค้าและอุปกรณ์สำหรับเด็ก,,,"https://punpunkun.com/wp-content/uploads/2021/10/5B8D7C1D-0B26-456F-9CDF-64A62E7FBE10-rotated.jpeg, https://punpunkun.com/wp-content/uploads/2021/10/6ECC106F-1DEB-4180-B0BA-C1F6CE97C545-rotated.jpeg, https://punpunkun.com/wp-content/uploads/2021/10/FED80075-422A-48AD-902E-DECE9CEE4B60-rotated.jpeg, https://punpunkun.com/wp-content/uploads/2021/10/6E56B286-6113-4520-BCE0-06D7B025B195-rotated.jpeg, https://punpunkun.com/wp-content/uploads/2021/10/5D4963B8-59D0-4108-9A5F-772C313F414D-rotated.jpeg",,,,,,,,,0,,สี,"สีกรม, สีเทา",1,1,Size (กางเกง),8Y,1,1,อายุ,8ปี,1,1,เพศ,"ชาย, หญิง",1,1,Good
10738,simple,900019,,Blue Astronaut Flight Suit ชุดนักบินอวกาศ,1,0,visible,ชุดนักบินอวกาศ แบรนด์ Aeromaxtoys ไซส์ 4-6 สีน้ำเงิน มีหมวก,,,,taxable,,1,1,,0,0,0.9,,,,0,,330,1650,สินค้าและอุปกรณ์สำหรับเด็ก,,,"https://punpunkun.com/wp-content/uploads/2021/06/Young-Family_๒๑๐๖๐๔_293.jpg, https://punpunkun.com/wp-content/uploads/2021/06/Young-Family_๒๑๐๖๐๔_292.jpg, https://punpunkun.com/wp-content/uploads/2021/06/Young-Family_๒๑๐๖๐๔_291.jpg, https://punpunkun.com/wp-content/uploads/2021/06/Young-Family_๒๑๐๖๐๔_290.jpg, https://punpunkun.com/wp-content/uploads/2021/06/Young-Family_๒๑๐๖๐๔_289.jpg, https://punpunkun.com/wp-content/uploads/2021/06/Young-Family_๒๑๐๖๐๔_288.jpg, https://punpunkun.com/wp-content/uploads/2021/06/Young-Family_๒๑๐๖๐๔_287.jpg, https://punpunkun.com/wp-content/uploads/2021/06/Young-Family_๒๑๐๖๐๔_286.jpg",,,,,,,,,0,,สี,สีน้ำเงิน,1,1,Size (เสื้อ),"4Y, 6Y",1,1,อายุ,"4ปี, 6ปี",1,1,เพศ,ชาย,1,1,Fair
10741,simple,900061,,Cotton Stretch เสื้อยืดแขนยาว,1,0,visible,เสื้อยืดแขนยาว ลายขวาง สีฟ้า ไซส์ 3ปี(3Y) ความสูง 95-110 ซม. รอบอก 49-55 ซม.,,,,taxable,,1,1,,0,0,0.6,,,,0,,90,290,สินค้าและอุปกรณ์สำหรับเด็ก,,,"https://punpunkun.com/wp-content/uploads/2021/06/Young-Family_๒๑๐๖๐๔_61.jpg, https://punpunkun.com/wp-content/uploads/2021/06/Young-Family_๒๑๐๖๐๔_60.jpg, https://punpunkun.com/wp-content/uploads/2021/06/Young-Family_๒๑๐๖๐๔_59.jpg",,,,,,,,,0,,สี,สีฟ้า,1,1,Size (เสื้อ),3Y,1,1,อายุ,3ปี,1,1,เพศ,หญิง,1,1,Good
10742,simple,900001,,FLISAT ฟลิแซท,1,0,visible,บ้านตุ๊กตา แบรนด์ IKEA ให้เด็กๆ ได้สนุกสนานกับการสร้างบ้านและเล่นกับตุ๊กตา บ้านตุ๊กตาสามารถดัดแปลงเป็นชั้นวางหนังสือ รูปภาพ หรือใช้วางข้าวของจุกจิกอื่นๆ ที่อยากจัดแสดงได้ด้วย,,,,taxable,,0,0,,0,0,6,,,,1,,300,990,ของเล่นและเครื่องนอนการตกแต่ง,,,"https://punpunkun.com/wp-content/uploads/2021/06/Young-family-2_๒๑๐๖๐๔_130.jpg, https://punpunkun.com/wp-content/uploads/2021/06/Young-family-2_๒๑๐๖๐๔_129.jpg, https://punpunkun.com/wp-content/uploads/2021/06/Young-family-2_๒๑๐๖๐๔_128.jpg, https://punpunkun.com/wp-content/uploads/2021/06/Young-family-2_๒๑๐๖๐๔_127.jpg",,,,,,,,,0,,สี,สีน้ำตาล,1,1,,,,,,,,,,,,,Good
10748,simple,900078,,Otis Muscle Tank Wash เสื้อกล้าม,1,0,visible,เสื้อกล้ามสำหรับเด็ก สีกรม ไซส์ 3ปี(3Y) ส่วนสูง 100ซม. รอบอก 58ซม.,,,,taxable,,1,1,,0,0,0.6,,,,0,,125,405,สินค้าและอุปกรณ์สำหรับเด็ก,,,"https://punpunkun.com/wp-content/uploads/2021/06/Young-Family_๒๑๐๖๐๔_65.jpg, https://punpunkun.com/wp-content/uploads/2021/06/Young-Family_๒๑๐๖๐๔_64.jpg, https://punpunkun.com/wp-content/uploads/2021/06/Young-Family_๒๑๐๖๐๔_63.jpg",,,,,,,,,0,,สี,สีกรม,1,1,Size (เสื้อ),3Y,1,1,อายุ,3ปี,1,1,เพศ,ชาย,1,1,Good
10750,simple,900011,,Black &amp; White &amp; Conetines Red หนังสือผ้า,1,0,visible,หนังสือผ้าเวอร์ชั่นภาษาอังกฤษ! แนวทางภาษาอังกฤษทั้งหมดช่วยให้ทารกได้รับอิทธิพลจากภาษาอังกฤษตั้งแต่อายุยังน้อย,,,,taxable,,1,1,,0,0,0.5,,,,0,,90,290,หนังสือและดนตรี,,,"https://punpunkun.com/wp-content/uploads/2021/06/Young-family-2_๒๑๐๖๐๔_132.jpg, https://punpunkun.com/wp-content/uploads/2021/06/Young-family-2_๒๑๐๖๐๔_133.jpg",,,,,,,,,0,,สี,"สีขาว, สีดำ, สีแดง",1,1,อายุ,0เดือน,1,1,,,,,,,,,Fair
10754,simple,900085,,Gingham Sleeveless Dress เดรสแขนกุดลายตาราง,1,0,visible,"เดรสแขนกุดลายตาราง สี ชมพู,เขียว,ดำ,ฟ้า ไซส์ US 5 AU 10,11 EU 34,36",,,,taxable,,1,1,,0,0,0.6,,,,0,,620,3090,สินค้าและอุปกรณ์สำหรับเด็ก,,,"https://punpunkun.com/wp-content/uploads/2021/06/Young-Family_๒๑๐๖๐๔_73.jpg, https://punpunkun.com/wp-content/uploads/2021/06/Young-Family_๒๑๐๖๐๔_72.jpg, https://punpunkun.com/wp-content/uploads/2021/06/Young-Family_๒๑๐๖๐๔_67.jpg, https://punpunkun.com/wp-content/uploads/2021/06/Young-Family_๒๑๐๖๐๔_71.jpg, https://punpunkun.com/wp-content/uploads/2021/06/Young-Family_๒๑๐๖๐๔_70.jpg, https://punpunkun.com/wp-content/uploads/2021/06/Young-Family_๒๑๐๖๐๔_69.jpg, https://punpunkun.com/wp-content/uploads/2021/06/Young-Family_๒๑๐๖๐๔_68.jpg",,,,,,,,,0,,สี,"สีชมพู, สีดำ, สีฟ้า, สีเขียว",1,1,เพศ,หญิง,1,1,,,,,,,,,Fair
10756,simple,900020,,Superman Costume ชุดซุปเปอร์แมน,1,0,visible,ชุดซุปเปอร์แมนชุดแฟชัั่นเด็ก มีเสื้อกับกางเกง ข้างหลังมีผ้าคลุม ไซส์ M,,,,taxable,,1,1,,0,0,0.7,,,,0,,285,950,สินค้าและอุปกรณ์สำหรับเด็ก,,,"https://punpunkun.com/wp-content/uploads/2021/06/Young-Family_๒๑๐๖๐๔_220.jpg, https://punpunkun.com/wp-content/uploads/2021/06/Young-Family_๒๑๐๖๐๔_219.jpg, https://punpunkun.com/wp-content/uploads/2021/06/Young-Family_๒๑๐๖๐๔_218.jpg, https://punpunkun.com/wp-content/uploads/2021/06/Young-Family_๒๑๐๖๐๔_217.jpg, https://punpunkun.com/wp-content/uploads/2021/06/Young-Family_๒๑๐๖๐๔_216.jpg, https://punpunkun.com/wp-content/uploads/2021/06/Young-Family_๒๑๐๖๐๔_215.jpg",,,,,,,,,0,,สี,"สีน้ำเงิน, สีแดง",1,1,เพศ,ชาย,1,1,,,,,,,,,Good
10758,simple,900008,,Little Owl แว่นตากรองแสงสีฟ้าทรงเหลี่ยมสำหรับเด็ก,1,0,visible,"แว่นตากรองแสงสีฟ้าสำหรับเด็ก แบรนด์ Little Owl ผลิตจากวัสดุคุณภาพดี TR90 มีความแข็งแรงและทนทาน ช่วยลดอาการปวดตา, แสบตา, ตาล้า และตาแห้งของเด็ก",,,,taxable,,1,1,,0,0,0.4,,,,0,,720,1200,สินค้าและอุปกรณ์สำหรับเด็ก,,,"https://punpunkun.com/wp-content/uploads/2021/06/Young-family-2_๒๑๐๖๐๔_136.jpg, https://punpunkun.com/wp-content/uploads/2021/06/Young-family-2_๒๑๐๖๐๔_135.jpg",,,,,,,,,0,,สี,สีชมพู,1,1,อายุ,1ปี,1,1,,,,,,,,,Good
10761,simple,900099,,Baby Original Jeans กางเกงยีนส์ขายาว,1,0,visible,กางเกงยีนส์ขายาว แบรนด์ Baby Gap สำหรับเด็ก ไซส์ 2ปี(2Y) Size 90CM Length 31-33CM,,,,taxable,,1,1,,0,0,0.7,,,,0,,330,1100,สินค้าและอุปกรณ์สำหรับเด็ก,,,"https://punpunkun.com/wp-content/uploads/2021/06/Young-Family_๒๑๐๖๐๔_77.jpg, https://punpunkun.com/wp-content/uploads/2021/06/Young-Family_๒๑๐๖๐๔_76.jpg, https://punpunkun.com/wp-content/uploads/2021/06/Young-Family_๒๑๐๖๐๔_75.jpg",,,,,,,,,0,,สี,สีกรม,1,1,Size (กางเกง),2Y,1,1,อายุ,2ปี,1,1,เพศ,ชาย,1,1,Good
10762,simple,900041,,Baby Girl กางเกงยีนส์ขาสั้น,1,0,visible,กางเกงขาสั้น สียีนส์  รอบด้านในลายดอกไม้สดใส ไซต์ 24-36M,,,,taxable,,1,,,0,0,0.8,,,,0,,210,690,สินค้าและอุปกรณ์สำหรับเด็ก,,,"https://punpunkun.com/wp-content/uploads/2021/06/Young-Family_๒๑๐๖๐๔_224.jpg, https://punpunkun.com/wp-content/uploads/2021/06/Young-Family_๒๑๐๖๐๔_223.jpg, https://punpunkun.com/wp-content/uploads/2021/06/Young-Family_๒๑๐๖๐๔_222.jpg",,,,,,,,,0,,เพศ,หญิง,1,1,,,,,,,,,,,,,Good
10765,simple,900010,,Mini Roller รถบดถนนเล็ก,1,0,visible,รถบดถนนเล็ก แบรนด์ Plan Toys มีกลไกการทำงานที่ออกแบบมาโดยเฉพาะสำหรับเด็กวัยหัดเดิน ใช้งานง่าย ลูกกลิ้งด้านหน้าช่วยให้ควบคุมทิศทางได้ง่าย,,,,taxable,,1,1,,0,0,0.6,,,,0,,295,490,สินค้าและอุปกรณ์สำหรับเด็ก,,,"https://punpunkun.com/wp-content/uploads/2021/06/Young-family-2_๒๑๐๖๐๔_140.jpg, https://punpunkun.com/wp-content/uploads/2021/06/Young-family-2_๒๑๐๖๐๔_139.jpg, https://punpunkun.com/wp-content/uploads/2021/06/Young-family-2_๒๑๐๖๐๔_138.jpg",,,,,,,,,0,,สี,สีเหลือง,1,1,อายุ,12เดือน,1,1,,,,,,,,,Good
10768,simple,900009,,Clatter Orchard ของเล่นไม้กรับสายรุ้ง,1,0,visible,ของเล่นไม้กรับสายรุ้ง แบรนด์ Plantoys ของเล่นเครื่องดนตรี ใช้มือทั้งสองข้างสลับกันขึ้นและลง ส่วนที่มีสีสันของของเล่นจะสร้างเสียงคลิกและเสียงคลิกต่างๆ,,,,taxable,,1,1,,0,0,0.6,,,,0,,450,750,สินค้าและอุปกรณ์สำหรับเด็ก,,,"https://punpunkun.com/wp-content/uploads/2021/06/Young-family-2_๒๑๐๖๐๔_143.jpg, https://punpunkun.com/wp-content/uploads/2021/06/Young-family-2_๒๑๐๖๐๔_142.jpg",,,,,,,,,0,,สี,"สีน้ำเงิน, สีฟ้า, สีส้ม, สีเขียว, สีเหลือง, สีแดง",1,1,อายุ,18เดือน,1,1,,,,,,,,,Good
10770,simple,900006,,Get Ready for School Connecting Cards: Letters การ์ดเตรียมความพร้อมสำหรับโรงเรียน,1,0,visible,การ์ดเตรียมความพร้อมสำหรับโรงเรียน ภาษาอังฤษ การ์ดสี 36 ใบ เชื่อมต่อการ์ดเพื่อสร้างคำ,,,,taxable,,1,1,,0,0,0.7,,,,0,,245,405,สินค้าและอุปกรณ์สำหรับเด็ก,,,"https://punpunkun.com/wp-content/uploads/2021/06/Young-family-2_๒๑๐๖๐๔_146.jpg, https://punpunkun.com/wp-content/uploads/2021/06/Young-family-2_๒๑๐๖๐๔_145.jpg, https://punpunkun.com/wp-content/uploads/2021/06/Young-family-2_๒๑๐๖๐๔_144.jpg",,,,,,,,,0,,สี,สีม่วง,1,1,อายุ,3ปี,1,1,,,,,,,,,Good
10772,simple,900063,,Kids Tank Top เสื้อกล้ามเด็ก,1,0,visible,เสื้อกล้ามเด็ก ลายแตงโม ใส่สบาย สีกรม ไซส์ 4ปี(4Y) HEIGHT 39-45CM HEIGHT 39-45CM CHEST 23-24CM,,,,taxable,,1,1,,0,0,0.5,,,,0,,95,470,สินค้าและอุปกรณ์สำหรับเด็ก,,,"https://punpunkun.com/wp-content/uploads/2021/06/Young-Family_๒๑๐๖๐๔_82.jpg, https://punpunkun.com/wp-content/uploads/2021/06/Young-Family_๒๑๐๖๐๔_81.jpg, https://punpunkun.com/wp-content/uploads/2021/06/Young-Family_๒๑๐๖๐๔_79.jpg, https://punpunkun.com/wp-content/uploads/2021/06/Young-Family_๒๑๐๖๐๔_80.jpg",,,,,,,,,0,,สี,สีกรม,1,1,Size (เสื้อ),4Y,1,1,อายุ,4ปี,1,1,เพศ,ชาย,1,1,Fair
10773,simple,900007,,Get Ready for School Connecting Cards: Numbers การ์ดเตรียมความพร้อมสำหรับโรงเรียน,1,0,visible,การ์ดเตรียมความพร้อมสำหรับโรงเรียน ภาษาอังฤษ การ์ดสี 36 ใบ เชื่อมต่อการ์ดเพื่อสร้างคำ,,,,taxable,,0,0,,0,0,0.7,,,,1,,125,405,ของเล่นและเครื่องนอนการตกแต่ง,,,"https://punpunkun.com/wp-content/uploads/2021/06/Young-family-2_๒๑๐๖๐๔_149.jpg, https://punpunkun.com/wp-content/uploads/2021/06/Young-family-2_๒๑๐๖๐๔_148.jpg, https://punpunkun.com/wp-content/uploads/2021/06/Young-family-2_๒๑๐๖๐๔_147.jpg",,,,,,,,,0,,สี,สีม่วง,1,1,อายุ,3ปี,1,1,,,,,,,,,Good
10776,simple,900005,,Dr. Seuss Beginner Counting Cards การ์ดนับตัวเลข,1,0,visible,การ์ดนับตัวเลข แบรนด์ SCHOLASTIC แฟลชการ์ดขนาดใหญ่ 12 ใบเป็นแบบสองด้านด้วยข้อความ,,,,taxable,,1,1,,0,0,0.7,,,,0,,210,350,สินค้าและอุปกรณ์สำหรับเด็ก,,,"https://punpunkun.com/wp-content/uploads/2021/06/Young-family-2_๒๑๐๖๐๔_152.jpg, https://punpunkun.com/wp-content/uploads/2021/06/Young-family-2_๒๑๐๖๐๔_151.jpg, https://punpunkun.com/wp-content/uploads/2021/06/Young-family-2_๒๑๐๖๐๔_150.jpg",,,,,,,,,0,,สี,สีเหลือง,1,1,อายุ,3ปี,1,1,,,,,,,,,Good
10779,simple,900079,,Vest Tops เสื้อกล้ามเด็ก,1,0,visible,เสื้อกล้าม ใส่สบาย สีเขียว EUR 110 ความสูง 43นิ้ว รอบอก 23 3/4นิ้ว,,,,taxable,,1,1,,0,0,0.4,,,,0,,60,199,สินค้าและอุปกรณ์สำหรับเด็ก,,,"https://punpunkun.com/wp-content/uploads/2021/06/Young-Family_๒๑๐๖๐๔_87.jpg, https://punpunkun.com/wp-content/uploads/2021/06/Young-Family_๒๑๐๖๐๔_86.jpg, https://punpunkun.com/wp-content/uploads/2021/06/Young-Family_๒๑๐๖๐๔_84.jpg, https://punpunkun.com/wp-content/uploads/2021/06/Young-Family_๒๑๐๖๐๔_85.jpg",,,,,,,,,0,,สี,สีเขียว,1,1,Size (เสื้อ),4Y,1,1,อายุ,4ปี,1,1,เพศ,หญิง,1,1,Fair
10780,simple,900004,,Snoopy Sno Cone Machine เครื่องทำน้ำแข็ง,1,0,visible,เครื่องทำน้ำแข็ง แบรนด์ Cra Z Art ดับร้อนและสนุกไปกับเครื่องทำ Snoopy Sno-Cone เพียงแค่ใส่น้ำแข็ง หมุนที่จับ ตักน้ำแข็งใส เติมรสชาติ,,,,taxable,,0,0,,0,0,0.4,,,,0,,160,530,สินค้าและอุปกรณ์สำหรับเด็ก,,,"https://punpunkun.com/wp-content/uploads/2021/06/Young-family-2_๒๑๐๖๐๔_155.jpg, https://punpunkun.com/wp-content/uploads/2021/06/Young-family-2_๒๑๐๖๐๔_154.jpg",,,,,,,,,0,,สี,สีฟ้า,1,1,อายุ,6ปี,1,1,,,,,,,,,Good
10783,simple,900067,,Lemon Shorts กางเกงขาสั้น,1,0,visible,กางเกงขาสั้น ลายไอศครีมมะนาว สีฟ้า,,,,taxable,,1,1,,0,0,0.6,,,,0,,300,1000,สินค้าและอุปกรณ์สำหรับเด็ก,,,"https://punpunkun.com/wp-content/uploads/2021/06/Young-Family_๒๑๐๖๐๔_91.jpg, https://punpunkun.com/wp-content/uploads/2021/06/Young-Family_๒๑๐๖๐๔_90.jpg, https://punpunkun.com/wp-content/uploads/2021/06/Young-Family_๒๑๐๖๐๔_89.jpg",,,,,,,,,0,,สี,สีฟ้า,1,1,เพศ,หญิง,1,1,,,,,,,,,Good
10785,simple,900090,,Le'marine Shirt เสื้อแขนยาว,1,0,visible,เสื้อแขนยาว สำหรับเด็ก สีขาว ดำ  ไซส์ 120 รุ่น BB LXLM  มีลูกเล่น,,,,taxable,,1,,,0,0,0.5,,,,0,,210,690,สินค้าและอุปกรณ์สำหรับเด็ก,,,"https://punpunkun.com/wp-content/uploads/2021/06/Young-Family_๒๑๐๖๐๔_96.jpg, https://punpunkun.com/wp-content/uploads/2021/06/Young-Family_๒๑๐๖๐๔_95.jpg, https://punpunkun.com/wp-content/uploads/2021/06/Young-Family_๒๑๐๖๐๔_94.jpg, https://punpunkun.com/wp-content/uploads/2021/06/Young-Family_๒๑๐๖๐๔_92.jpg",,,,,,,,,0,,สี,สีขาว,1,1,เพศ,หญิง,1,1,,,,,,,,,Fair
10787,simple,900102,,Camera T-Shirt เสื้อแขนสั้นลายกล้อง,1,0,visible,เสื้อแขนสั้น ลายกล้อง สีขาว,,,,taxable,,1,1,,0,0,0.5,,,,0,,145,470,สินค้าและอุปกรณ์สำหรับเด็ก,,,"https://punpunkun.com/wp-content/uploads/2021/06/Young-Family_๒๑๐๖๐๔_100.jpg, https://punpunkun.com/wp-content/uploads/2021/06/Young-Family_๒๑๐๖๐๔_99.jpg, https://punpunkun.com/wp-content/uploads/2021/06/Young-Family_๒๑๐๖๐๔_98.jpg",,,,,,,,,0,,สี,สีขาว,1,1,เพศ,หญิง,1,1,,,,,,,,,Good
10790,simple,900077,,Crewneck T-Shirt เสื้อยืดคอกลม,1,0,visible,เสื้อยืดคอกลม แขนสั้น สีดำ ไซส์ 2ปี(2Y) Weight 31-34 Height 32-36CM Chest 21CM,,,,taxable,,1,1,,0,0,0.5,,,,0,,150,490,สินค้าและอุปกรณ์สำหรับเด็ก,,,"https://punpunkun.com/wp-content/uploads/2021/06/Young-Family_๒๑๐๖๐๔_104.jpg, https://punpunkun.com/wp-content/uploads/2021/06/Young-Family_๒๑๐๖๐๔_103.jpg, https://punpunkun.com/wp-content/uploads/2021/06/Young-Family_๒๑๐๖๐๔_102.jpg",,,,,,,,,0,,สี,สีดำ,1,1,Size (เสื้อ),2Y,1,1,อายุ,2ปี,1,1,เพศ,"ชาย, หญิง",1,1,Good
10792,simple,900037,,Vest Tops เสื้อกล้าามเด็ก,1,0,visible,เสื้อกล้าามเด็ก ลายจุด สีแดง ไซส์ 4ปี(4Y) Bust 22CM Waist 22CM,,,,taxable,,1,1,,0,0,0.6,,,,0,,300,1000,สินค้าและอุปกรณ์สำหรับเด็ก,,,"https://punpunkun.com/wp-content/uploads/2021/06/Young-Family_๒๑๐๖๐๔_109.jpg, https://punpunkun.com/wp-content/uploads/2021/06/Young-Family_๒๑๐๖๐๔_108.jpg, https://punpunkun.com/wp-content/uploads/2021/06/Young-Family_๒๑๐๖๐๔_106.jpg, https://punpunkun.com/wp-content/uploads/2021/06/Young-Family_๒๑๐๖๐๔_107.jpg",,,,,,,,,0,,สี,สีแดง,1,1,Size (เสื้อ),4Y,1,1,อายุ,4ปี,1,1,เพศ,หญิง,1,1,Fair
10794,simple,900062,,Vest Tops เสื้อกล้ามเด็ก,1,0,visible,เสื้อกล้ามเด็ก ลายขวาง สีฟ้า ไซส์ 4ปี(4Y) Height 108CM Chest 60CM,,,,taxable,,1,1,,0,0,0.6,,,,0,,80,265,สินค้าและอุปกรณ์สำหรับเด็ก,,,"https://punpunkun.com/wp-content/uploads/2021/06/Young-Family_๒๑๐๖๐๔_113.jpg, https://punpunkun.com/wp-content/uploads/2021/06/Young-Family_๒๑๐๖๐๔_112.jpg, https://punpunkun.com/wp-content/uploads/2021/06/Young-Family_๒๑๐๖๐๔_111.jpg",,,,,,,,,0,,สี,สีฟ้า,1,1,Size (เสื้อ),4Y,1,1,อายุ,4ปี,1,1,เพศ,ชาย,1,1,Good
10796,simple,900065,,Kids T-Shirt เสื้อยืดแขนสั้น,1,0,visible,เสื้อยืดแขนสั้น ลายนก สีขาว ไซส์ 1ปี(1Y) Height 84CM Chest 53CM,,,,taxable,,1,1,,0,0,0.6,,,,0,,160,530,สินค้าและอุปกรณ์สำหรับเด็ก,,,"https://punpunkun.com/wp-content/uploads/2021/06/Young-Family_๒๑๐๖๐๔_117.jpg, https://punpunkun.com/wp-content/uploads/2021/06/Young-Family_๒๑๐๖๐๔_116.jpg, https://punpunkun.com/wp-content/uploads/2021/06/Young-Family_๒๑๐๖๐๔_115.jpg",,,,,,,,,0,,สี,สีขาว,1,1,อายุ,1ปี,1,1,เพศ,หญิง,1,1,Size (เสื้อ),1Y,1,1,Good
10805,simple,900076,,Kids T-Shirt เสื้อยืดแขนสั้น,1,0,visible,เสื้อยืดแขนสั้น รูปนกฟลามิงโก สีฟ้า ไซส์ 3ปี(3Y) Width 13CM Length 15CM,,,,taxable,,1,1,,0,0,0.7,,,,0,,80,390,สินค้าและอุปกรณ์สำหรับเด็ก,,,"https://punpunkun.com/wp-content/uploads/2021/06/Young-Family_๒๑๐๖๐๔_122.jpg, https://punpunkun.com/wp-content/uploads/2021/06/Young-Family_๒๑๐๖๐๔_121.jpg, https://punpunkun.com/wp-content/uploads/2021/06/Young-Family_๒๑๐๖๐๔_120.jpg, https://punpunkun.com/wp-content/uploads/2021/06/Young-Family_๒๑๐๖๐๔_118.jpg",,,,,,,,,0,,สี,สีฟ้า,1,1,Size (เสื้อ),3Y,1,1,อายุ,3ปี,1,1,เพศ,หญิง,1,1,Fair
10808,simple,900032,,Legging Set ชุดเลกกิ้ง,1,0,visible,ชุดเลคกิ้งกระต่าย สุดน่ารัก สีฟ้า,,,,taxable,,1,1,,0,0,0.6,,,,0,,265,885,สินค้าและอุปกรณ์สำหรับเด็ก,,,"https://punpunkun.com/wp-content/uploads/2021/06/Young-Family_๒๑๐๖๐๔_129.jpg, https://punpunkun.com/wp-content/uploads/2021/06/Young-Family_๒๑๐๖๐๔_128.jpg, https://punpunkun.com/wp-content/uploads/2021/06/Young-Family_๒๑๐๖๐๔_127.jpg",,,,,,,,,0,,สี,สีฟ้า,1,1,เพศ,หญิง,1,1,,,,,,,,,Good
10811,simple,900084,,Blue Shirt เสื้อแขนสั้น,1,0,visible,เสื้อแขนสั้น สีน้ำเงิน,,,,taxable,,1,1,,0,0,0.6,,,,0,,75,250,สินค้าและอุปกรณ์สำหรับเด็ก,,,"https://punpunkun.com/wp-content/uploads/2021/06/Young-Family_๒๑๐๖๐๔_133.jpg, https://punpunkun.com/wp-content/uploads/2021/06/Young-Family_๒๑๐๖๐๔_132.jpg, https://punpunkun.com/wp-content/uploads/2021/06/Young-Family_๒๑๐๖๐๔_131.jpg",,,,,,,,,0,,สี,สีน้ำเงิน,1,1,เพศ,"ชาย, หญิง",1,1,,,,,,,,,Good
10813,simple,900101,,Kids T-Shirt เสื้อยืดแขนสั้น,1,0,visible,เสื้อยืดแขนสั้น ลายนก สีขาว ไซส์ 1ปี(1Y) Height 84CM Chest 53CM,,,,taxable,,1,1,,0,0,0.5,,,,0,,160,530,สินค้าและอุปกรณ์สำหรับเด็ก,,,"https://punpunkun.com/wp-content/uploads/2021/06/Young-Family_๒๑๐๖๐๔_138.jpg, https://punpunkun.com/wp-content/uploads/2021/06/Young-Family_๒๑๐๖๐๔_137.jpg, https://punpunkun.com/wp-content/uploads/2021/06/Young-Family_๒๑๐๖๐๔_136.jpg",,,,,,,,,0,,สี,สีขาว,1,1,Size (เสื้อ),1Y,1,1,อายุ,1ปี,1,1,เพศ,หญิง,1,1,Good
10821,simple,900097,,T-shirt Shorts เสื้อแขนสั้นกับกางเกง,1,0,visible,เสื้อแขนสั้นกับกางเกง ผ้ายืดเนื้อนิ่ม สีฟ้า,,,,taxable,,1,1,,0,0,0.6,,,,0,,290,960,สินค้าและอุปกรณ์สำหรับเด็ก,,,"https://punpunkun.com/wp-content/uploads/2021/06/Young-Family_๒๑๐๖๐๔_143.jpg, https://punpunkun.com/wp-content/uploads/2021/06/Young-Family_๒๑๐๖๐๔_142.jpg, https://punpunkun.com/wp-content/uploads/2021/06/Young-Family_๒๑๐๖๐๔_141.jpg, https://punpunkun.com/wp-content/uploads/2021/06/Young-Family_๒๑๐๖๐๔_139.jpg",,,,,,,,,0,,สี,สีฟ้า,1,1,เพศ,"ชาย, หญิง",1,1,,,,,,,,,Good
10824,simple,900043,,Point Shorts กางเกงขาสั้น,1,0,visible,"กางเกงขาสั้น ลายดอกไม้ สีชมพู,ฟ้า ไซส์ 4ปี(4Y) Bust 22CM Hips 23CM",,,,taxable,,1,1,,0,0,0.5,,,,0,,300,1000,สินค้าและอุปกรณ์สำหรับเด็ก,,,"https://punpunkun.com/wp-content/uploads/2021/06/Young-Family_๒๑๐๖๐๔_147.jpg, https://punpunkun.com/wp-content/uploads/2021/06/Young-Family_๒๑๐๖๐๔_146.jpg, https://punpunkun.com/wp-content/uploads/2021/06/Young-Family_๒๑๐๖๐๔_145.jpg",,,,,,,,,0,,สี,"สีชมพู, สีฟ้า",1,1,Size (กางเกง),4Y,1,1,อายุ,4ปี,1,1,เพศ,หญิง,1,1,Good
10836,simple,900042,,Jumping Fences กางเกงขายาว,1,0,visible,กางเกงขายาวขาม้า ลายจุด สีเทา,,,,taxable,,1,1,,0,0,0.5,,,,0,,185,610,สินค้าและอุปกรณ์สำหรับเด็ก,,,"https://punpunkun.com/wp-content/uploads/2021/06/Young-Family_๒๑๐๖๐๔_151.jpg, https://punpunkun.com/wp-content/uploads/2021/06/Young-Family_๒๑๐๖๐๔_150.jpg, https://punpunkun.com/wp-content/uploads/2021/06/Young-Family_๒๑๐๖๐๔_149.jpg",,,,,,,,,0,,สี,สีเทา,1,1,เพศ,หญิง,1,1,,,,,,,,,Good
10841,simple,900030,,Dress ชุดเดรสลวดลายสวยงาม,1,0,visible,"ชุดเดรส ลวดลายสวยงาม สีน้ำเงิน,เขียว",,,,taxable,,1,1,,0,0,0.7,,,,0,,205,680,สินค้าและอุปกรณ์สำหรับเด็ก,,,"https://punpunkun.com/wp-content/uploads/2021/06/Young-Family_๒๑๐๖๐๔_155.jpg, https://punpunkun.com/wp-content/uploads/2021/06/Young-Family_๒๑๐๖๐๔_154.jpg, https://punpunkun.com/wp-content/uploads/2021/06/Young-Family_๒๑๐๖๐๔_153.jpg",,,,,,,,,0,,สี,"สีน้ำเงิน, สีเขียว",1,1,เพศ,หญิง,1,1,,,,,,,,,Good
10847,simple,900029,,T-shirt เสื้อพื้นเมือง,1,0,visible,เสื้อลายพื้นเมือง สีฟ้า ไซส์ 2ปี(2Y),,,,taxable,,0,0,,0,0,0.7,,,,1,,105,350,เสื้อผ้าและเครื่องประดับ,,,"https://punpunkun.com/wp-content/uploads/2021/06/Young-Family_๒๑๐๖๐๔_159.jpg, https://punpunkun.com/wp-content/uploads/2021/06/Young-Family_๒๑๐๖๐๔_158.jpg, https://punpunkun.com/wp-content/uploads/2021/06/Young-Family_๒๑๐๖๐๔_157.jpg",,,,,,,,,0,,สี,สีฟ้า,1,1,Size (เสื้อ),2Y,1,1,อายุ,2ปี,1,1,เพศ,หญิง,1,1,Good
10861,simple,900039,,Dress ชุดเดรสลูกไม้,1,0,visible,ชุดเดรส ลายลูกไม้ สีสันสดใส โบสีชมพู ไซส์ XS 4ปี(4Y),,,,taxable,,1,1,,0,0,0.7,,,,0,,660,2190,สินค้าและอุปกรณ์สำหรับเด็ก,,,"https://punpunkun.com/wp-content/uploads/2021/06/Young-Family_๒๑๐๖๐๔_163.jpg, https://punpunkun.com/wp-content/uploads/2021/06/Young-Family_๒๑๐๖๐๔_162.jpg, https://punpunkun.com/wp-content/uploads/2021/06/Young-Family_๒๑๐๖๐๔_161.jpg",,,,,,,,,0,,Size (เสื้อ),4Y,1,1,อายุ,4ปี,1,1,เพศ,หญิง,1,1,,,,,Good
10864,simple,900100,,Dress ชุดเดรสพื้นบ้าน,1,0,visible,ชุดเดรส ลวดลายพื้นบ้านสวยงาม สีม่วง ไซส์ 2ปี(2Y),,,,taxable,,1,1,,0,0,0.7,,,,0,,205,680,สินค้าและอุปกรณ์สำหรับเด็ก,,,"https://punpunkun.com/wp-content/uploads/2021/06/Young-Family_๒๑๐๖๐๔_167.jpg, https://punpunkun.com/wp-content/uploads/2021/06/Young-Family_๒๑๐๖๐๔_166.jpg, https://punpunkun.com/wp-content/uploads/2021/06/Young-Family_๒๑๐๖๐๔_165.jpg",,,,,,,,,0,,สี,สีม่วง,1,1,Size (เสื้อ),2Y,1,1,อายุ,2ปี,1,1,เพศ,หญิง,1,1,Good
10871,simple,900068,,Dress ชุดเดรสลูกไม้,1,0,visible,ชุดเดรส ลายดอกไม้ สีม่วง ไซส์ 3ปี(3T),,,,taxable,,1,1,,0,0,0.6,,,,0,,115,380,สินค้าและอุปกรณ์สำหรับเด็ก,,,"https://punpunkun.com/wp-content/uploads/2021/06/Young-Family_๒๑๐๖๐๔_171.jpg, https://punpunkun.com/wp-content/uploads/2021/06/Young-Family_๒๑๐๖๐๔_170.jpg, https://punpunkun.com/wp-content/uploads/2021/06/Young-Family_๒๑๐๖๐๔_169.jpg",,,,,,,,,0,,สี,สีม่วง,1,1,Size (เสื้อ),3Y,1,1,อายุ,3ปี,1,1,เพศ,หญิง,1,1,Good
10873,simple,900091,,Dress Florals ชุดเดรสลายดอกไม้,1,0,visible,ชุดเดรสลายดอกไม้ สีเหลือง ไซส์ 4ปี(4Y) Bust 22 Waist 22 Hips 23,,,,taxable,,0,0,,0,0,0.6,,,,0,,395,1310,สินค้าและอุปกรณ์สำหรับเด็ก,,,"https://punpunkun.com/wp-content/uploads/2021/06/Young-Family_๒๑๐๖๐๔_175.jpg, https://punpunkun.com/wp-content/uploads/2021/06/Young-Family_๒๑๐๖๐๔_174.jpg, https://punpunkun.com/wp-content/uploads/2021/06/Young-Family_๒๑๐๖๐๔_173.jpg",,,,,,,,,0,,สี,สีเหลือง,1,1,Size (เสื้อ),4Y,1,1,อายุ,4ปี,1,1,เพศ,หญิง,1,1,Good
10876,simple,900028,,Baby Swimsuit Two Piece ชุดว่ายน้ำเด็กทูพีช,1,0,visible,ชุดว่ายน้ำเด็กทูพีช สีดำ ไซส์ 2ปี(2Y),,,,taxable,,1,1,,0,0,0.6,,,,0,,105,350,สินค้าและอุปกรณ์สำหรับเด็ก,,,"https://punpunkun.com/wp-content/uploads/2021/06/Young-Family_๒๑๐๖๐๔_179.jpg, https://punpunkun.com/wp-content/uploads/2021/06/Young-Family_๒๑๐๖๐๔_178.jpg, https://punpunkun.com/wp-content/uploads/2021/06/Young-Family_๒๑๐๖๐๔_177.jpg",,,,,,,,,0,,สี,สีดำ,1,1,Size (เสื้อ),2Y,1,1,อายุ,2ปี,1,1,,,,,Good
10878,simple,900095,,Sweater เสื้อกันหนาว,1,0,visible,เสื้อกันหนาว ลายขวาง สีกรม ไซส์ 3ปี(3T) HEIGHT 93-98CM,,,,taxable,,1,1,,0,0,0.7,,,,0,,395,1310,สินค้าและอุปกรณ์สำหรับเด็ก,,,"https://punpunkun.com/wp-content/uploads/2021/06/Young-Family_๒๑๐๖๐๔_183.jpg, https://punpunkun.com/wp-content/uploads/2021/06/Young-Family_๒๑๐๖๐๔_182.jpg, https://punpunkun.com/wp-content/uploads/2021/06/Young-Family_๒๑๐๖๐๔_181.jpg",,,,,,,,,0,,สี,สีกรม,1,1,Size (เสื้อ),3Y,1,1,อายุ,3ปี,1,1,เพศ,หญิง,1,1,Good
10882,simple,900036,,Ruffle Neck Dress ชุดเดรสคอระบาย,1,0,visible,ชุดเดรสคอระบาย ลายจุด สีกรม ไซส์ 2ปี(2Y),,,,taxable,,1,1,,0,0,0.8,,,,0,,100,320,สินค้าและอุปกรณ์สำหรับเด็ก,,,"https://punpunkun.com/wp-content/uploads/2021/06/Young-Family_๒๑๐๖๐๔_188.jpg, https://punpunkun.com/wp-content/uploads/2021/06/Young-Family_๒๑๐๖๐๔_187.jpg, https://punpunkun.com/wp-content/uploads/2021/06/Young-Family_๒๑๐๖๐๔_186.jpg, https://punpunkun.com/wp-content/uploads/2021/06/Young-Family_๒๑๐๖๐๔_185.jpg",,,,,,,,,0,,สี,สีกรม,1,1,Size (เสื้อ),2Y,1,1,อายุ,2ปี,1,1,เพศ,หญิง,1,1,Fair
10884,simple,900080,,Sweater เสื้อกันหนาว,1,0,visible,เสื้อกันหนาว สีกรมเขียว ไซส์ ความสูง 105-115ซม. รอบอก 53-59ซม.,,,,taxable,,0,,,0,0,0.8,,,,0,,300,990,เสื้อผ้าและเครื่องประดับ,,,"https://punpunkun.com/wp-content/uploads/2021/06/Young-Family_๒๑๐๖๐๔_192.jpg, https://punpunkun.com/wp-content/uploads/2021/06/Young-Family_๒๑๐๖๐๔_191.jpg, https://punpunkun.com/wp-content/uploads/2021/06/Young-Family_๒๑๐๖๐๔_190.jpg",,,,,,,,,0,,สี,"สีกรม, สีเขียว",1,1,เพศ,"ชาย, หญิง",1,1,,,,,,,,,Good
10887,simple,900098,,Swimming Wetsuit Shorty ชุดดำน้ำชอร์ตี้,1,0,visible,ชุดดำน้ำชอร์ตี้ สีดำ ไซส์ RU12 EU12 ความสูง 143-152ซม.,,,,taxable,,1,1,,0,0,0.5,,,,0,,120,400,สินค้าและอุปกรณ์สำหรับเด็ก,,,"https://punpunkun.com/wp-content/uploads/2021/06/Young-Family_๒๑๐๖๐๔_196.jpg, https://punpunkun.com/wp-content/uploads/2021/06/Young-Family_๒๑๐๖๐๔_195.jpg, https://punpunkun.com/wp-content/uploads/2021/06/Young-Family_๒๑๐๖๐๔_194.jpg",,,,,,,,,0,,สี,สีดำ,1,1,เพศ,ชาย,1,1,,,,,,,,,Good
10889,simple,900074,,SST TRACK SUIT ชุดวอร์ม,1,0,visible,ชุดวอร์ม เสื้อแขนยาวและกางเกงขายาว สีชมพู ไซส์ 2ปี(2Y) ความสูง 93-98ซม. หน้าอก 54.5ซม. เอว 52.5ซม. สะโพก 56ซม.,,,,taxable,,1,1,,0,0,0.8,,,,0,,660,2200,สินค้าและอุปกรณ์สำหรับเด็ก,,,"https://punpunkun.com/wp-content/uploads/2021/06/Young-Family_๒๑๐๖๐๔_201.jpg, https://punpunkun.com/wp-content/uploads/2021/06/Young-Family_๒๑๐๖๐๔_200.jpg, https://punpunkun.com/wp-content/uploads/2021/06/Young-Family_๒๑๐๖๐๔_198.jpg, https://punpunkun.com/wp-content/uploads/2021/06/Young-Family_๒๑๐๖๐๔_199.jpg",,,,,,,,,0,,สี,สีชมพู,1,1,Size (เสื้อ),2Y,1,1,อายุ,2ปี,1,1,เพศ,หญิง,1,1,Good
10891,simple,900044,,Faux Fur Scarf ผ้าพันคอขนเทียม,1,0,visible,ผ้าพันคอขนเทียม นุ่มสบาย สีขาว,,,,taxable,,1,1,,0,0,0.6,,,,0,,300,999,สินค้าและอุปกรณ์สำหรับเด็ก,,,"https://punpunkun.com/wp-content/uploads/2021/06/Young-Family_๒๑๐๖๐๔_205.jpg, https://punpunkun.com/wp-content/uploads/2021/06/Young-Family_๒๑๐๖๐๔_204.jpg, https://punpunkun.com/wp-content/uploads/2021/06/Young-Family_๒๑๐๖๐๔_203.jpg",,,,,,,,,0,,สี,สีขาว,1,1,เพศ,หญิง,1,1,,,,,,,,,Good
10894,simple,900046,,Faux fur bolero โบเลโรขนเทียม,1,0,visible,โบเลโรขนเทียม นุ่มสบาย สีชมพู ไซส์ ERU86 US12-18M CA12-18M CN90/48 MX86 AUS1 1/2,,,,taxable,,1,1,,0,0,0.6,,,,0,,300,599,สินค้าและอุปกรณ์สำหรับเด็ก,,,"https://punpunkun.com/wp-content/uploads/2021/06/Young-Family_๒๑๐๖๐๔_209.jpg, https://punpunkun.com/wp-content/uploads/2021/06/Young-Family_๒๑๐๖๐๔_208.jpg, https://punpunkun.com/wp-content/uploads/2021/06/Young-Family_๒๑๐๖๐๔_207.jpg",,,,,,,,,0,,สี,สีชมพู,1,1,เพศ,หญิง,1,1,,,,,,,,,Good
10896,simple,900045,,Faux fur bolero โบเลโรขนเทียม,1,0,visible,โบเลโรขนเทียม นุ่มสบาย สีขาว ไซส์ ERU86 US12-18M NA12-18M CN90/48 MX86 AUS1 1/2,,,,taxable,,1,1,,0,0,0.6,,,,0,,300,599,สินค้าและอุปกรณ์สำหรับเด็ก,,,"https://punpunkun.com/wp-content/uploads/2021/06/Young-Family_๒๑๐๖๐๔_213.jpg, https://punpunkun.com/wp-content/uploads/2021/06/Young-Family_๒๑๐๖๐๔_212.jpg, https://punpunkun.com/wp-content/uploads/2021/06/Young-Family_๒๑๐๖๐๔_211.jpg",,,,,,,,,0,,สี,สีขาว,1,1,เพศ,หญิง,1,1,,,,,,,,,Good
10898,simple,900031,,sequni party dress ชุดเดรสเลื่อม,1,0,visible,ชุดเดรสเลื่อม สีชมพู ไซส์ EUR98 US2-3 CA2-3A MX 98,,,,taxable,,0,0,,0,0,0.7,,,,0,,300,1000,สินค้าและอุปกรณ์สำหรับเด็ก,,,"https://punpunkun.com/wp-content/uploads/2021/06/Young-Family_๒๑๐๖๐๔_228.jpg, https://punpunkun.com/wp-content/uploads/2021/06/Young-Family_๒๑๐๖๐๔_227.jpg, https://punpunkun.com/wp-content/uploads/2021/06/Young-Family_๒๑๐๖๐๔_226.jpg",,,,,,,,,0,,สี,สีชมพู,1,1,เพศ,หญิง,1,1,,,,,,,,,Good
10900,simple,900075,,Toddler Girls' 3pc Mermaid Scale Top and Skirt Bikini ชุดบิกินี่ท่อนบนและกระโปรงสำหรับเด็กผู้หญิง 3 ชิ้น สเกลเมอร์เมด,1,0,visible,ชุดบิกินี่ท่อนบนและกระโปรงสำหรับเด็กผู้หญิง 3 ชิ้น สเกลเมอร์เมด สีชมพู ไซส์ 3ปี(3T) Height36-38.5 Weight28.5-32 Chest22 Waist21 Hip22,,,,taxable,,1,1,,0,0,0.4,,,,0,,190,625,สินค้าและอุปกรณ์สำหรับเด็ก,,,"https://punpunkun.com/wp-content/uploads/2021/06/Young-Family_๒๑๐๖๐๔_231.jpg, https://punpunkun.com/wp-content/uploads/2021/06/Young-Family_๒๑๐๖๐๔_230.jpg",,,,,,,,,0,,สี,สีชมพู,1,1,Size (เสื้อ),3Y,1,1,อายุ,3ปี,1,1,เพศ,หญิง,1,1,Good
10902,simple,900083,,Michael Jackson T-shirt Thriller Zombie เสื้อยืดไมเคิล แจ็คสัน,1,0,visible,เสื้อยืดไมเคิล แจ็คสัน ซอมบี้ สีดำ ไซส์ 98CM,,,,taxable,,1,1,,0,0,0.5,,,,0,,205,670,สินค้าและอุปกรณ์สำหรับเด็ก,,,"https://punpunkun.com/wp-content/uploads/2021/06/Young-Family_๒๑๐๖๐๔_235.jpg, https://punpunkun.com/wp-content/uploads/2021/06/Young-Family_๒๑๐๖๐๔_234.jpg, https://punpunkun.com/wp-content/uploads/2021/06/Young-Family_๒๑๐๖๐๔_233.jpg",,,,,,,,,0,,สี,สีดำ,1,1,เพศ,"ชาย, หญิง",1,1,,,,,,,,,Fair
10905,simple,900035,,Sweater เสื้อกันหนาว,1,0,visible,เสื้อกันหนาว แขนยาว สีเทา ไซส์ 4ปี(4Y)EUR110/116 US4-6Y MX110/116 AUS5-6,,,,taxable,,1,1,,0,0,0.8,,,,0,,150,499,สินค้าและอุปกรณ์สำหรับเด็ก,,,"https://punpunkun.com/wp-content/uploads/2021/06/Young-Family_๒๑๐๖๐๔_239.jpg, https://punpunkun.com/wp-content/uploads/2021/06/Young-Family_๒๑๐๖๐๔_238.jpg, https://punpunkun.com/wp-content/uploads/2021/06/Young-Family_๒๑๐๖๐๔_237.jpg",,,,,,,,,0,,สี,สีเทา,1,1,Size (เสื้อ),4Y,1,1,อายุ,4ปี,1,1,เพศ,ชาย,1,1,Good
10907,simple,900033,,Organic Shirt เสื้อเชิ้ต,1,0,visible,เสื้อเชิ้ต สีส้ม แขนยาว ไซส์ US L CA G EU L 10-11 YEARS,,,,taxable,,1,1,,0,0,0.8,,,,0,,235,780,สินค้าและอุปกรณ์สำหรับเด็ก,,,"https://punpunkun.com/wp-content/uploads/2021/06/Young-Family_๒๑๐๖๐๔_247.jpg, https://punpunkun.com/wp-content/uploads/2021/06/Young-Family_๒๑๐๖๐๔_246.jpg, https://punpunkun.com/wp-content/uploads/2021/06/Young-Family_๒๑๐๖๐๔_245.jpg",,,,,,,,,0,,สี,สีส้ม,1,1,อายุ,10ปี,1,1,เพศ,ชาย,1,1,,,,,Good
10910,simple,900093,,Sea Shirt เสื้อยืดลายทะเล,1,0,visible,เสื้อยืดคอกลม สีฟ้า ไซส์ ไซส์ 3T,,,,taxable,,1,1,,0,0,0.7,,,,0,,135,440,สินค้าและอุปกรณ์สำหรับเด็ก,,,"https://punpunkun.com/wp-content/uploads/2021/06/Young-Family_๒๑๐๖๐๔_251.jpg, https://punpunkun.com/wp-content/uploads/2021/06/Young-Family_๒๑๐๖๐๔_250.jpg, https://punpunkun.com/wp-content/uploads/2021/06/Young-Family_๒๑๐๖๐๔_249.jpg",,,,,,,,,0,,สี,สีฟ้า,1,1,Size (เสื้อ),3Y,1,1,อายุ,3ปี,1,1,เพศ,หญิง,1,1,Good
10913,simple,900087,,Shirt and Pants เซตเสื้อและกางเกง,1,0,visible,เซตเสื้อและกางเกง สีฟ้า ลายทาง สุดน่ารัก,,,,taxable,,1,1,,0,0,0.7,,,,0,,270,690,สินค้าและอุปกรณ์สำหรับเด็ก,,,"https://punpunkun.com/wp-content/uploads/2021/06/Young-Family_๒๑๐๖๐๔_255.jpg, https://punpunkun.com/wp-content/uploads/2021/06/Young-Family_๒๑๐๖๐๔_254.jpg, https://punpunkun.com/wp-content/uploads/2021/06/Young-Family_๒๑๐๖๐๔_253.jpg",,,,,,,,,0,,สี,สีฟ้า,1,1,เพศ,หญิง,1,1,,,,,,,,,Good
10916,simple,900081,,Happy Shirt เสื้อยืด ลายHappy,1,0,visible,เสื้อยืด ลายHappy สีเหลือง ไซส์ 24เดือน(24M),,,,taxable,,1,1,,0,0,0.7,,,,0,,175,390,สินค้าและอุปกรณ์สำหรับเด็ก,,,"https://punpunkun.com/wp-content/uploads/2021/06/Young-Family_๒๑๐๖๐๔_259.jpg, https://punpunkun.com/wp-content/uploads/2021/06/Young-Family_๒๑๐๖๐๔_258.jpg, https://punpunkun.com/wp-content/uploads/2021/06/Young-Family_๒๑๐๖๐๔_257.jpg",,,,,,,,,0,,สี,สีเหลือง,1,1,Size (เสื้อ),24M,1,1,อายุ,2ปี,1,1,เพศ,"ชาย, หญิง",1,1,Good
10918,simple,900038,,Ralph Lauren Shirt เสื้อเชิ้ตแขนยาว,1,0,visible,เสื้อเชิ้ต Ralph Lauren แขนยาว สีน้ำเงิน ไซส์ 7ปี(7Y),,,,taxable,,1,1,,0,0,0.7,,,,0,,570,1900,สินค้าและอุปกรณ์สำหรับเด็ก,,,"https://punpunkun.com/wp-content/uploads/2021/06/Young-Family_๒๑๐๖๐๔_263.jpg, https://punpunkun.com/wp-content/uploads/2021/06/Young-Family_๒๑๐๖๐๔_261.jpg, https://punpunkun.com/wp-content/uploads/2021/06/Young-Family_๒๑๐๖๐๔_262.jpg",,,,,,,,,0,,สี,"สีชมพู, สีน้ำเงิน, สีเขียว",1,1,อายุ,7ปี,1,1,,,,,,,,,Good
10920,simple,900094,,Dress ชุดเดรสลวดลายสวยงาม,1,0,visible,"ชุดเดรสลวดลายสวยงาม สีชมพู,ฟ้า ไซส์ 4ปี(4Y)",,,,taxable,,0,0,,0,0,0.7,,,,0,,170,565,สินค้าและอุปกรณ์สำหรับเด็ก,,,"https://punpunkun.com/wp-content/uploads/2021/06/Young-Family_๒๑๐๖๐๔_242.jpg, https://punpunkun.com/wp-content/uploads/2021/06/Young-Family_๒๑๐๖๐๔_241.jpg",,,,,,,,,0,,สี,"สีชมพู, สีฟ้า",1,1,Size (เสื้อ),4Y,1,1,อายุ,4ปี,1,1,เพศ,หญิง,1,1,Good
11042,simple,600184,,DVD Ultraman ดีวีดีอุลตร้าแมน เวอร์ชั่นภาษาจีน,1,0,visible,ดีวีดีอุลตร้าแมน มีทั้งหมด20แผ่น เว่อร์ชั่น ภาษาจีน สุดคุ้ม,,,,taxable,,1,,,0,0,1.3,,,,0,,540,1795,หนังสือและการเรียนรู้,,,"https://punpunkun.com/wp-content/uploads/2021/06/CE3FFA42-8DBD-4E0D-97F1-FA129F6A00A5-rotated.jpeg, https://punpunkun.com/wp-content/uploads/2021/06/777300CF-7C21-4021-AC8C-AB529058CD89-rotated.jpeg, https://punpunkun.com/wp-content/uploads/2021/06/2D2248BB-83B8-4D11-A6B3-9EE3DA19214B-rotated.jpeg",,,,,,,,,0,,ภาษา,จีน,1,1,,,,,,,,,,,,,Fair
11044,simple,600185,,DVD Disney Fairy Tale Classic Movies ดีวีดีเทพนิยายดิสนีย์,1,0,visible,ดีวีดีเทพนิยายดิสนีย์ 47แผ่น,,,,taxable,,1,,,0,0,1.9,,,,0,,1440,4800,หนังสือและการเรียนรู้,,,"https://punpunkun.com/wp-content/uploads/2021/06/CD4E7340-3B50-425D-B5D0-33B443BEF066-rotated.jpeg, https://punpunkun.com/wp-content/uploads/2021/06/DF6D2885-8990-438B-936C-D85E8BB2AED4-rotated.jpeg, https://punpunkun.com/wp-content/uploads/2021/06/E1ECED3A-3FEC-4A04-A1D4-60CF2235D191-rotated.jpeg",,,,,,,,,0,,สี,สีม่วง,1,1,ภาษา,จีน,1,1,,,,,,,,,Fair
11046,simple,600174,,Urutoraman หนังสืออุลตร้าแมน,1,0,visible,หนังสืออุลตร้าแมน,,,,taxable,,0,0,,0,0,1,,,,0,,120,390,หนังสือและการเรียนรู้,,,"https://punpunkun.com/wp-content/uploads/2021/06/402C267D-EEBD-4C1F-A152-BD84F42A4CC3.jpeg, https://punpunkun.com/wp-content/uploads/2021/06/641DBA6A-9B66-44D3-BFFC-4F278A36A24F.jpeg",,,,,,,,,0,,สี,สีแดง,1,1,ภาษา,ญี่ปุ่น,1,1,,,,,,,,,Fair
11048,simple,600231,,DVD Thomas &amp; Friends ดีวีดีโทมัสและผองเพื่อน,1,0,visible,ดีวีดีโทมัสและผองเพื่อน เล่ม1 7ตอน,,,,taxable,,0,0,,0,0,0.4,,,,0,,50,120,หนังสือและการเรียนรู้,,,"https://punpunkun.com/wp-content/uploads/2021/06/78991EA8-DB08-4674-A1E7-6FE491774A50.jpeg, https://punpunkun.com/wp-content/uploads/2021/06/52C6AB1D-E58A-4ADB-A8D4-1DCAAE99D493.jpeg",,,,,,,,,0,,สี,สีฟ้า,1,1,ภาษา,อังกฤษ,1,1,,,,,,,,,Good
11051,simple,600175,,Amazing Minifigure and Ninja หนังสือนินจา,1,0,visible,หนังสือเลโก้นินจา 2 เล่ม,,,,taxable,,1,,,0,0,0.7,,,,0,,240,790,หนังสือและการเรียนรู้,,,"https://punpunkun.com/wp-content/uploads/2021/06/571B4A1F-B0E1-4615-BC33-BDB667ADF721-rotated.jpeg, https://punpunkun.com/wp-content/uploads/2021/06/6169A1D8-1611-4E46-9A06-F2CC0315FF0A-rotated.jpeg",,,,,,,,,0,,สี,สีขาว,1,1,ภาษา,อังกฤษ,1,1,,,,,,,,,Fair
11057,simple,600178,,DVD Khan Kluay ดีวีดีก้านกล้วยผจญภัย,1,0,visible,"ดีวีดีก้านกล้วยผจญภัย ชุดที่ 2 , 7 , 10",,,,taxable,,1,,,0,0,0.2,,,,0,,240,600,หนังสือและการเรียนรู้,,,"https://punpunkun.com/wp-content/uploads/2021/06/FA0A0F20-8898-4996-A7D8-D027A30927C5-rotated.jpeg, https://punpunkun.com/wp-content/uploads/2021/06/D3C92B91-370D-47AD-8DF7-1E88B28498CB-rotated.jpeg",,,,,,,,,0,,สี,"สีชมพู, สีส้ม",1,1,ภาษา,ไทย,1,1,,,,,,,,,Good
11111,simple,600197,,Lego Ninjago Build Your Own Adventure Greatest Ninja Battles หนังสือเลโก้,1,0,visible,หนังสือเลโก้ เต็มไปด้วยไอเดียมากกว่า 50 รายการเพื่อสร้างแรงบันดาลใจให้กับโมเดล,,,,taxable,,1,,,0,0,0.8,,,,0,,230,760,หนังสือและการเรียนรู้,,,"https://punpunkun.com/wp-content/uploads/2021/06/BA236DC7-0163-446B-8306-EE05F906C292.jpeg, https://punpunkun.com/wp-content/uploads/2021/06/92C99D17-24EA-46E1-AB5F-FDF2C6C2D62F.jpeg, https://punpunkun.com/wp-content/uploads/2021/06/73447FF7-8F3A-4165-B5C4-B4DCA71DC1D0.jpeg, https://punpunkun.com/wp-content/uploads/2021/06/0E39D7CF-9677-42CF-B94A-5D64B7B3CE42.jpeg, https://punpunkun.com/wp-content/uploads/2021/06/78225383-9720-466A-9C49-9F5786AC15A3.jpeg, https://punpunkun.com/wp-content/uploads/2021/06/E49FC7B3-9D82-43B9-B667-1BC7F52BE3B9.jpeg",,,,,,,,,0,,สี,สีแดง,1,1,ภาษา,อังกฤษ,1,1,,,,,,,,,Fair
11113,simple,600233,,ratatouille(Leapster version) ตลับเกมการเรียนรู้,1,0,visible,ตลับเกม สอนการสร้างคำ ทักษะการออกเสียง การเรียงลำดับ ทักษะการจับคู่ กลุ่มอาหารและข้อเท็จจริงทางโภชนาการ,,,,taxable,,1,,,0,0,0.4,,,,0,,470,1560,หนังสือและการเรียนรู้,,,"https://punpunkun.com/wp-content/uploads/2021/06/C097761A-AF30-446C-82F5-0AA5B7A52879.jpeg, https://punpunkun.com/wp-content/uploads/2021/06/9260BC9E-D349-414E-90B1-BCC30DA5968E.jpeg",,,,,,,,,0,,สี,สีเขียว,1,1,ภาษา,อังกฤษ,1,1,,,,,,,,,Fair
11116,simple,600234,,Leapster 2 Disney ตลับเกมการเรียนรู้,1,0,visible,"ตลับเกมการเรียนรู้  <span class=""a-list-item"">สอนรูปทรง การนับ บวก ลบ และเสียงตัวอักษร</span>",,,,taxable,,1,,,0,0,0.4,,,,0,,625,1560,หนังสือและการเรียนรู้,,,"https://punpunkun.com/wp-content/uploads/2021/06/47CF1334-0534-40A9-B781-FAFF8BA0557B.jpeg, https://punpunkun.com/wp-content/uploads/2021/06/338B4E20-5935-4089-A20D-579EAFBB8690.jpeg, https://punpunkun.com/wp-content/uploads/2021/06/8EA9878F-EA91-4A9A-A06E-DE58D210BEE2.jpeg",,,,,,,,,0,,สี,สีม่วง,1,1,ภาษา,อังกฤษ,1,1,,,,,,,,,Good
11141,simple,600236,,Leapster Disney The ​Princessตลับเกมการเรียนรู้,1,0,visible,"ตลับเกมการเรียนรู้ <span class=""a-list-item"">สอนรูปทรง การนับ บวก ลบ และเสียงตัวอักษร</span>",,,,taxable,,1,,,0,0,0.4,,,,0,,625,1560,หนังสือและการเรียนรู้,,,"https://punpunkun.com/wp-content/uploads/2021/06/ED09C640-29A7-42BA-A866-16D23F06605E.jpeg, https://punpunkun.com/wp-content/uploads/2021/06/F13216F3-E272-42CF-B443-3D31AFF1505E.jpeg, https://punpunkun.com/wp-content/uploads/2021/06/B022B9E1-AC23-4CB1-8145-E3EDB7F2BCF0.jpeg",,,,,,,,,0,,สี,สีม่วง,1,1,ภาษา,อังกฤษ,1,1,,,,,,,,,Good
11149,simple,600235,,Leapster toy story 3 ตลับเกมการเรียนรู้,1,0,visible,ตลับเกมการเรียนรู้ พัฒนาความสามารถในการแก้ปัญหา เพิ่มความมั่นใจในตนเอง,,,,taxable,,1,,,0,0,0.4,,,,0,,625,1560,หนังสือและการเรียนรู้,,,"https://punpunkun.com/wp-content/uploads/2021/06/C1ED6A82-7E06-48E6-BAA3-CB7D18E8662E.jpeg, https://punpunkun.com/wp-content/uploads/2021/06/85AECB2D-E2DB-4ABA-BE33-C6C44A3E2521.jpeg, https://punpunkun.com/wp-content/uploads/2021/06/314707C8-FC3D-4766-9A14-993FF9C473E3.jpeg",,,,,,,,,0,,สี,สีฟ้า,1,1,ภาษา,อังกฤษ,1,1,,,,,,,,,Good
11151,simple,600228,,Leapster Ctas Supercharged ตลับเกมการเรียนรู้,1,0,visible,ตลับเกมการเรียนรู้ เพื่อพัฒนาการออกเสียง การสะกดคำ ทักษะด้านคำศัพท์ และอีกมากมาย,,,,taxable,,1,,,0,0,0.5,,,,0,,625,1560,หนังสือและการเรียนรู้,,,"https://punpunkun.com/wp-content/uploads/2021/06/A747C0E1-A5BB-4B23-B511-F1CF99187BA4.jpeg, https://punpunkun.com/wp-content/uploads/2021/06/44101735-8B2A-4F48-8C0D-B7682BC2AC82.jpeg",,,,,,,,,0,,สี,สีแดง,1,1,ภาษา,อังกฤษ,1,1,,,,,,,,,New
11153,simple,600229,,Leapster Disney Fairies ตลับเกมการเรียนรู้,1,0,visible,ตลับเกมการเรียนรู้ เข้าสู่โลกมหัศจรรย์ของ Disney Fairies,,,,taxable,,1,,,0,0,0.4,,,,0,,625,1560,หนังสือและการเรียนรู้,,,"https://punpunkun.com/wp-content/uploads/2021/06/1ACEFE27-11B2-4315-A228-85FC50BA4F11.jpeg, https://punpunkun.com/wp-content/uploads/2021/06/4CA05880-7257-410C-B6DD-58C4959C7D07.jpeg, https://punpunkun.com/wp-content/uploads/2021/06/5C160195-AB1E-4C42-B162-FF21DB8EEC49.jpeg",,,,,,,,,0,,สี,สีเขียว,1,1,ภาษา,อังกฤษ,1,1,,,,,,,,,Good
11188,simple,600232,,Leapster Animal Rescuer ตลับเกมการเรียนรู้,1,0,visible,ตลับเกมการเรียนรู้ ใช้ทักษะทางคณิตศาสตร์ของคุณเพื่อช่วยเหลือสัตว์ที่ต้องการความช่วยเหลือ,,,,taxable,,1,,,0,0,0.4,,,,0,,625,1560,หนังสือและการเรียนรู้,,,"https://punpunkun.com/wp-content/uploads/2021/06/6379189B-9E78-4BAD-BD33-529F184A27C3.jpeg, https://punpunkun.com/wp-content/uploads/2021/06/212EBE01-1159-43E9-8EDE-50363E04346E.jpeg, https://punpunkun.com/wp-content/uploads/2021/06/370786C3-26EE-4CD1-BB56-6F44FB44051C.jpeg",,,,,,,,,0,,สี,สีเขียว,1,1,,,,,,,,,,,,,Good
11190,simple,600230,,Leapster Wall ตลับเกมการเรียนรู้,1,0,visible,ตลับเกมการเรียนรู้ ช่วย Wall-E ค้นหาตำแหน่งที่แท้จริงของเขาในจักรวาล,,,,taxable,,1,,,0,0,1,,,,0,,1095,1560,หนังสือและการเรียนรู้,,,"https://punpunkun.com/wp-content/uploads/2021/06/5943EA40-C217-4651-B25D-420BCF41F352.jpeg, https://punpunkun.com/wp-content/uploads/2021/06/0473AC86-72EF-4310-BA32-6B1E24734B46.jpeg",,,,,,,,,0,,สี,สีม่วง,1,1,ภาษา,อังกฤษ,1,1,,,,,,,,,New
11192,simple,600209,,Survivors The Broken Path Books หนังสือผู้รอดชีวิต เส้นทางที่แตกสลาย,1,0,visible,"<span style=""color: #212529;font-family: Muli, sans-serif;vertical-align: inherit"">หนังสือผู้รอดชีวิต เส้นทางที่แตกสลาย หนังสือเล่มที่สี่ในซีรีส์แฟนตาซีสัตว์ผู้รอดชีวิตที่เต็มไปด้วยแอ็คชั่น </span><span style=""color: #212529;font-family: Muli, sans-serif;vertical-align: inherit"">เต็มไปด้วย “การผจญภัยสุดมหัศจรรย์”</span>",,,,taxable,,1,,,0,0,0.8,,,,0,,80,255,หนังสือและการเรียนรู้,,,"https://punpunkun.com/wp-content/uploads/2021/06/S__3449208.jpg, https://punpunkun.com/wp-content/uploads/2021/06/S__3449209.jpg, https://punpunkun.com/wp-content/uploads/2021/06/S__3449211.jpg",,,,,,,,,0,,สี,สีม่วง,1,1,ภาษา,อังกฤษ,1,1,,,,,,,,,Fair
11193,simple,600237,,Leapster Batman ตลับเกมการเรียนรู้,1,0,visible,ตลับเกมการเรียนรู้ เกมนี้สอนเลขคี่และเลขคู่ การนับ การนับข้าม การบวกและการลบ,,,,taxable,,1,,,0,0,0.4,,,,0,,625,1560,หนังสือและการเรียนรู้,,,"https://punpunkun.com/wp-content/uploads/2021/06/1184B9B7-4C27-470F-81DC-A287C7D5118F.jpeg, https://punpunkun.com/wp-content/uploads/2021/06/3FF312A7-F68A-416F-8147-F77734A83E17.jpeg",,,,,,,,,0,,สี,สีเหลือง,1,1,ภาษา,อังกฤษ,1,1,,,,,,,,,Good
11199,simple,600226,,Soldier a life in war หนังสือชีวิตทหารในสงคราม,1,0,visible,การอพยพของเอ็ดเวิร์ดและเอ็มมา ซาราห์ปรับตัวเข้ากับชีวิตที่ไม่มีครอบครัวและชีวิตของแจ็คในฐานะนักบินของกองทัพอากาศ สมัยสงครามโลครั้งที่ 1 และ 2,,,,taxable,,1,,,0,0,0.6,,,,0,,60,190,หนังสือและการเรียนรู้,,,"https://punpunkun.com/wp-content/uploads/2021/06/S__3449237.jpg, https://punpunkun.com/wp-content/uploads/2021/06/S__3449238.jpg, https://punpunkun.com/wp-content/uploads/2021/06/S__3449239.jpg",,,,,,,,,0,,สี,สีน้ำตาล,1,1,ภาษา,อังกฤษ,1,1,,,,,,,,,Fair
11201,simple,600223,,erin watt หนังสืออีริน วัตต์,1,0,visible,ลิบบีอายุสิบเจ็ดปีเก็บความสัมพันธ์นี้ไว้เป็นความลับจากพ่อแม่ที่ปกป้องตัวเองมากเกินไปและตัดสินใจที่จะพิสูจน์ความบริสุทธิ์ของเขาโดยไม่คาดคิด,,,,taxable,,1,,,0,0,0.5,,,,0,,120,293,หนังสือและการเรียนรู้,,,"https://punpunkun.com/wp-content/uploads/2021/06/S__3449240.jpg, https://punpunkun.com/wp-content/uploads/2021/06/S__3449242.jpg, https://punpunkun.com/wp-content/uploads/2021/06/S__3449241.jpg",,,,,,,,,0,,สี,สีแดง,1,1,ภาษา,อังกฤษ,1,1,,,,,,,,,Good
11203,simple,600176,,DVD pororo english ดีวีดีโพโรโระ,1,0,visible,ดีวีดีโพโรโระ เรียนรู้คำศัพท์ภาษาอังกฤษพื้นฐานและบทสนทนาที่มีประโยชน์ในชีวิตประจำวัน,,,,taxable,,0,0,,0,0,0.7,,,,0,,250,625,หนังสือและการเรียนรู้,,,"https://punpunkun.com/wp-content/uploads/2021/06/401DDEE5-E666-4AD5-8488-9C9B00A25E6D.jpeg, https://punpunkun.com/wp-content/uploads/2021/06/E9796E33-133D-45DE-8BEA-8E6440F2307C.jpeg, https://punpunkun.com/wp-content/uploads/2021/06/E0157E40-9830-4208-A13C-EC9006FD0A17.jpeg",,,,,,,,,0,,สี,"สีเขียว, สีแดง",1,1,ภาษา,อังกฤษ,1,1,,,,,,,,,Good
11250,simple,600221,,The Hypnotist หนังสือ,1,0,visible,นวนิยายเรื่องแรกที่แหวกแนวในซีรีส์ระทึกขวัญ,,,,taxable,,1,,,0,0,0.7,,,,0,,130,315,หนังสือและการเรียนรู้,,,"https://punpunkun.com/wp-content/uploads/2021/06/S__3449230.jpg, https://punpunkun.com/wp-content/uploads/2021/06/S__3449232.jpg, https://punpunkun.com/wp-content/uploads/2021/06/S__3449231.jpg",,,,,,,,,0,,สี,สีแดง,1,1,ภาษา,อังกฤษ,1,1,,,,,,,,,Good
11252,simple,600202,,The Crimes of Grindelwald หนังสือการเดินทางในโลกแห่งเวทมนตร์,1,0,visible,หนังสือการเดินทางในโลกแห่งเวทมนตร์ยังคงดำเนินต่อไป เกลเลิร์ต กรินเดลวัลด์ พ่อมดแห่งศาสตร์มืดผู้ทรงพลังถูกจับในนิวยอร์กด้วยความช่วยเหลือจากนิวท์ สคามันเดอร์ กรินเดลวัลด์หนีรอดจากการถูกคุมขังและเริ่มต้นการรวบรวมผู้ติดตาม ซึ่งส่วนใหญ่ไม่สงสัยในวาระที่แท้จริงของเขา คือการเลี้ยงดูพ่อมดเลือดบริสุทธิ์ขึ้นปกครองเหนือสิ่งมีชีวิตที่ไม่ใช่เวทมนตร์ทั้งหมด ในความพยายามที่จะขัดขวางแผนการของกรินเดลวัลด์ อัลบัส ดัมเบิลดอร์ขอให้นิวท์ อดีตนักเรียนฮอกวอตส์ของเขา ซึ่งตกลงที่จะช่วยอีกครั้ง โดยไม่รู้ถึงอันตรายที่รออยู่ข้างหน้า เกิดรอยขีดขึ้นเมื่อความรักและความภักดีถูกทดสอบ แม้กระทั่งในหมู่เพื่อนแท้และครอบครัว ในโลกเวทมนตร์ที่แตกแยกมากขึ้นเรื่อยๆ Fantastic Beasts: The Crimes of Grindelwald เป็นบทภาพยนตร์ชุดที่สองในซีรีส์ห้าเรื่องที่เขียนโดย JK Rowling ผู้เขียนหนังสือ Harry Potter ขายดีระดับนานาชาติ เรื่องราวเกิดขึ้นในปี 1927 ไม่กี่เดือนหลังจากเหตุการณ์ของสัตว์มหัศจรรย์และถิ่นที่อยู่ และย้ายจากนิวยอร์กไปยังลอนดอน ปารีส และกลับมายังฮอกวอตส์ เรื่องราวลึกลับและเวทมนตร์เผยให้เห็นถึงบทใหม่ที่ไม่ธรรมดาในโลกเวทมนตร์ ภาพประกอบด้วยภาพลายเส้นอันน่าทึ่งจาก MinaLima พร้อมพยักหน้าอย่างน่าประหลาดใจต่อเรื่องราวของ Harry Potter ที่จะสร้างความพึงพอใจให้กับแฟน ๆ ทั้งหนังสือและภาพยนตร์,,,,taxable,,1,,,0,0,0.7,,,,0,,260,650,หนังสือและการเรียนรู้,,,"https://punpunkun.com/wp-content/uploads/2021/06/S__3449233.jpg, https://punpunkun.com/wp-content/uploads/2021/06/S__3449234.jpg",,,,,,,,,0,,สี,สีฟ้า,1,1,ภาษา,อังกฤษ,1,1,,,,,,,,,Good
11255,simple,600225,,My Guinea-Pig is Innocent หนังสือหนูตะเภาของฉัน,1,0,visible,หนังสือหนูตะเภาของฉันมีเรื่องราวจากหลากหลายประเภทรวมถึงอารมณ์ขัน ไซไฟ ผจญภัย ความลึกลับ และนิยายอิงประวัติศาสตร์ เรื่องราวที่น่าตื่นเต้นเหล่านี้เหมาะสำหรับการแนะนำให้เด็กๆ,,,,taxable,,1,,,0,0,0.5,,,,0,,110,265,หนังสือและการเรียนรู้,,,"https://punpunkun.com/wp-content/uploads/2021/06/S__3449227.jpg, https://punpunkun.com/wp-content/uploads/2021/06/S__3449224.jpg",,,,,,,,,0,,สี,สีม่วง,1,1,ภาษา,อังกฤษ,1,1,,,,,,,,,Good
11257,simple,600205,,I Have Lost My Way หนังสือฉันหลงทาง,1,0,visible,หนังสือฉันหลงทางเรื่องราวที่บีบหัวใจและทรงพลังเกี่ยวกับมิตรภาพและการค้นหาตัวเอง,,,,taxable,,1,,,0,0,0.5,,,,0,,165,404,หนังสือและการเรียนรู้,,,"https://punpunkun.com/wp-content/uploads/2021/06/S__3449220.jpg, https://punpunkun.com/wp-content/uploads/2021/06/S__3449221.jpg",,,,,,,,,0,,สี,สีฟ้า,1,1,ภาษา,อังกฤษ,1,1,,,,,,,,,Good
11260,simple,600203,,The Death Cure หนังสือการรักษาความตาย,1,0,visible,หนังสือการรักษาความตาย เมื่อการพิจารณาคดีครั้งที่สามใกล้จะจบลง โธมัสและกลุ่มเพื่อนบางคนของเขาสามารถหลบหนีจากสิ่งชั่วร้ายได้ ความทรงจำของพวกเขาได้รับการฟื้นฟูแล้ว เพียงเพื่อเผชิญกับอันตรายครั้งใหม่เมื่อสิ่งชั่วร้ายอ้างว่ากำลังพยายามปกป้องเผ่าพันธุ์มนุษย์จากไวรัสที่ร้ายแรง,,,,taxable,,1,,,0,0,0.5,,,,0,,145,356,หนังสือและการเรียนรู้,,,"https://punpunkun.com/wp-content/uploads/2021/06/S__3449223.jpg, https://punpunkun.com/wp-content/uploads/2021/06/S__3449224.jpg",,,,,,,,,0,,สี,สีน้ำเงิน,1,1,ภาษา,อังกฤษ,1,1,,,,,,,,,Good
11264,simple,600199,,How to train your dragon หนังสือวิธีเป็นมังกร,1,0,visible,หนังสือวิธีเป็นมังกร 3 เล่ม,,,,taxable,,1,,,0,0,1.2,,,,0,,175,430,หนังสือและการเรียนรู้,,,"https://punpunkun.com/wp-content/uploads/2021/06/S__3449391.jpg, https://punpunkun.com/wp-content/uploads/2021/06/S__3449393.jpg",,,,,,,,,0,,สี,"สีดำ, สีน้ำเงิน, สีเขียว",1,1,ภาษา,อังกฤษ,1,1,,,,,,,,,Good
11267,simple,600210,,The Baby หนังสือเกี่ยวกับการตั้งครรภ์/การคลอดบุตรที่ไม่คาดคิดของวัยรุ่น,1,0,visible,หนังสือเกี่ยวกับการตั้งครรภ์/การคลอดบุตรที่ไม่คาดคิดของวัยรุ่น,,,,taxable,,1,,,0,0,0.5,,,,0,,60,140,หนังสือและการเรียนรู้,,,"https://punpunkun.com/wp-content/uploads/2021/06/5684792E-96B7-48CE-A288-0AEAA3CBFD25.jpeg, https://punpunkun.com/wp-content/uploads/2021/06/S__3449210.jpg, https://punpunkun.com/wp-content/uploads/2021/06/C5F6CA7C-C956-4A88-83FA-265719B68F7A.jpeg",,,,,,,,,0,,สี,"สีดำ, สีเหลือง",1,1,ภาษา,อังกฤษ,1,1,,,,,,,,,Good
11273,simple,600212,,The Rise and Rise of Tabitha Baird หนังสือความรุ่งโรจน์ของทาบิธา แบร์ด,1,0,visible,หนังสือความรุ่งโรจน์ของทาบิธา แบร์ด สนุกและตรงไปตรงมา เรื่องอื้อฉาวนี้จะทำให้คุณน้ำตาไหล,,,,taxable,,1,,,0,0,0.6,,,,0,,125,310,หนังสือและการเรียนรู้,,,"https://punpunkun.com/wp-content/uploads/2021/06/02A5D101-D87C-460A-B2A7-CDE9D9F96BE4.jpeg, https://punpunkun.com/wp-content/uploads/2021/06/EB67A5A4-79AF-4011-B2A4-79227F309D69.jpeg",,,,,,,,,0,,สี,สีฟ้า,1,1,ภาษา,อังกฤษ,1,1,,,,,,,,,Good
11275,simple,600224,,Return to the Isle of the Lost หนังสือกลับไปที่เกาะแห่งความสาบสูญ,1,0,visible,หนังสือกลับไปที่เกาะแห่งความสาบสูญ,,,,taxable,,1,,,0,0,0.5,,,,0,,250,615,หนังสือและการเรียนรู้,,,"https://punpunkun.com/wp-content/uploads/2021/06/S__3449217.jpg, https://punpunkun.com/wp-content/uploads/2021/06/S__3449218.jpg",,,,,,,,,0,,สี,สีดำ,1,1,ภาษา,อังกฤษ,1,1,,,,,,,,,Good
11277,simple,600204,,I Funny : A Middle School Story หนังสือเรื่องมัธยม,1,0,visible,ด้วยความหวังที่จะเป็นนักแสดงตลกแม้จะเป็นนักเรียนมัธยมต้นที่ต้องนั่งรถเข็น เจมี่ กริมม์ก็ทนต่อการกลั่นแกล้งจากลูกพี่ลูกน้องที่ใจร้ายของเขา และหวังว่าเขาจะได้รับการตัดสินอย่างยุติธรรมเมื่อเขาเข้าร่วมการแข่งขันการแสดงตลกในท้องถิ่น,,,,taxable,,1,,,0,0,0.7,,,,0,,105,260,หนังสือและการเรียนรู้,,,"https://punpunkun.com/wp-content/uploads/2021/06/BBF7A8C0-DE91-4139-B77A-C3624EFE9B47.jpeg, https://punpunkun.com/wp-content/uploads/2021/06/971F0C28-3C47-4F69-B774-1CD1305FA1E4.jpeg",,,,,,,,,0,,สี,สีส้ม,1,1,ภาษา,อังกฤษ,1,1,,,,,,,,,Good
11280,simple,600200,,Soil Your Plants Joke Book หนังสือพืชปะทะซอมบี้,1,0,visible,หนังสือพืชปะทะซอมบี้,,,,taxable,,1,,,0,0,0.4,,,,0,,70,220,หนังสือและการเรียนรู้,,,"https://punpunkun.com/wp-content/uploads/2021/06/5BE2E26B-F35A-445D-BF60-2415DB1EC220.jpeg, https://punpunkun.com/wp-content/uploads/2021/06/56FE7BC5-504E-4930-91E1-50CF3417A920.jpeg",,,,,,,,,0,,สี,สีเหลือง,1,1,ภาษา,อังกฤษ,1,1,,,,,,,,,Fair
11282,simple,600222,,Grandpa's Great Escape หนังสือการหลบหนีครั้งใหญ่ของคุณปู่,1,0,visible,หนังสือการหลบหนีครั้งใหญ่ของคุณปู่ การผจญภัยอันสูงส่งเกี่ยวกับเด็กชายและปู่ของเขา,,,,taxable,,1,,,0,0,0.5,,,,0,,95,310,หนังสือและการเรียนรู้,,,"https://punpunkun.com/wp-content/uploads/2021/06/5BBEA034-135E-45E7-A609-BC86E67B66BC.jpeg, https://punpunkun.com/wp-content/uploads/2021/06/EB67A5A4-79AF-4011-B2A4-79227F309D69.jpeg",,,,,,,,,0,,สี,สีฟ้า,1,1,ภาษา,อังกฤษ,1,1,,,,,,,,,Fair
11284,simple,600227,,The Beast of Buckingham Palace หนังสือสัตว์ร้ายแห่งวังบัคกิ้งแฮม,1,0,visible,หนังสือสัตว์ร้ายแห่งวังบัคกิ้งแฮม การผจญภัยครั้งยิ่งใหญ่ของตำนานและตำนาน ความดีและความชั่ว และเด็กชายตัวเล็ก ๆ คนหนึ่งที่ต้องกอบกู้โลก,,,,taxable,,1,,,0,0,0.6,,,,0,,130,432,หนังสือและการเรียนรู้,,,"https://punpunkun.com/wp-content/uploads/2021/06/D62E487A-4712-43E1-986D-0350C45CBD88.jpeg, https://punpunkun.com/wp-content/uploads/2021/06/1C7A0AB5-1D19-4A55-830C-B827878F89B5.jpeg",,,,,,,,,0,,สี,สีแดง,1,1,ภาษา,อังกฤษ,1,1,,,,,,,,,Fair
11287,simple,600214,,Double Dork Diaries : Dork Diaries 1-2 หนังสือฉบับบัมเปอร์พิเศษ,1,0,visible,หนังสือฉบับบัมเปอร์พิเศษของหนังสือสองเล่มแรกในซีรี่ส์ DORK DIARIES,,,,taxable,,1,,,0,0,0.5,,,,0,,140,350,หนังสือและการเรียนรู้,,,"https://punpunkun.com/wp-content/uploads/2021/06/6F97B731-B2E2-4596-9583-39DFE8532AD2.jpeg, https://punpunkun.com/wp-content/uploads/2021/06/1C7A0AB5-1D19-4A55-830C-B827878F89B5.jpeg",,,,,,,,,0,,สี,สีแดง,1,1,ภาษา,อังกฤษ,1,1,,,,,,,,,Good
11290,simple,600201,,School of Fear : Class is not Dismissed! หนังสือโรงเรียนสยบความกลัว,1,0,visible,หนังสือโรงเรียนสยบความกลัว ก คือ กลัว หลังได้รู้ว่าอดีตนักเรียนแต่ละคนกลับไปเป็นเช่นเดิมอย่างลับๆ ครูใหญ่ผู้ไม่เหมือนใครอย่างมิสซิสเวลลิงตันขอให้แมดเดอลีน ธีโอ ลูลู่ และแกร์ริสัน มาทบทวนนการฝึกภาคบังคับในฤดูร้อน,,,,taxable,,1,,,0,0,0.6,,,,0,,85,270,หนังสือและการเรียนรู้,,,"https://punpunkun.com/wp-content/uploads/2021/06/7067C603-CE09-406E-BBEF-9262D26CEBA9.jpeg, https://punpunkun.com/wp-content/uploads/2021/06/7888358A-29F4-43E1-897F-53F662A7DDD6.jpeg",,,,,,,,,0,,สี,สีม่วง,1,1,ภาษา,อังกฤษ,1,1,,,,,,,,,Fair
11293,simple,600207,,Harry Potter and the Cursed Child แฮร์รี่พอตเตอร์ กับเด็กต้องคำสาป,1,0,visible,"""แผลเป็นนั้นไม่ได้ทำให้แฮร์รี่เจ็บปวดมานานถึงสิบเก้าปีแล้ว ทุกอย่างลงเอยด้วยดี"" นั่นคือสิ่งที่โลกเวทมนตร์และชาวมักเกิ้ลรับรู้เมื่อเหตุการณ์ใน ""แฮร์รี่ พอตเตอร์กับเครื่องรางยมทูต"" ปิดฉากลง...แต่ใครจะแน่ใจได้ว่าทุกอย่างลงเอยด้วยดี และ ""คนที่เราก็รู้ว่าใคร"" จากไปแล้วจริง ๆ\n\nนี่คือเรื่องราวภาคที่แปด...สิบเก้าปีต่อมา เมื่อ ""อัลบัส พอตเตอร์"" ลูกชายคนกลางของแฮร์รี่เริ่มไปเข้าเรียนฮอกวอตส์วันแรก อะไร ๆ ไม่เป็นไปอย่างที่คิดตั้งแต่บนรถไฟ และยิ่งผิดพลาดอย่างหนักเมื่ออัลบัสสวมหมวกคัดสรร ในขณะเดียวกัน ข่าวลือเรื่องทายาทโวลเดอมอร์แพร่กระจายไปทั่วสังคมพ่อมด สร้างความหวาดกลัวว่าฝันร้ายในอดีตกำลังจะย้อนกลับมา ที่สำคัญ แผลเป็นของแฮร์รี่เกิดเจ็บขึ้นมาอีกครั้ง พร้อมกับที่ความสัมพันธ์ของเขากับลูกชายก็ย่ำแย่ลงทุกขณะ และเมื่ออัลบัส พอตเตอร์ตัดสินใจว่า บางอย่างที่พ่อทำในอดีตคือควาผิดพลาด และเขาต้องยื่นมือเข้าไปแก้ไข การผจญภัยครั้งใหม่ก็เริ่มต้นขึ้นบนเส้นทางสายเดิม เพียงแต่ครั้งนี้ทุกอย่างจะลงเอยด้วยดีหรือไม่ ทั้งสำหรับแฮร์รี่ อัลบัส และโลกเวทมนตร์!",,,,taxable,,1,,,0,0,0.7,,,,0,,120,395,หนังสือและการเรียนรู้,,,"https://punpunkun.com/wp-content/uploads/2021/06/D415A691-2951-40DD-9311-B292DD94E6B1.jpeg, https://punpunkun.com/wp-content/uploads/2021/06/7FE2350A-9761-4EF3-89DF-72F0BE7E5462.jpeg",,,,,,,,,0,,สี,สีส้ม,1,1,ภาษา,อังกฤษ,1,1,,,,,,,,,Fair
11295,simple,600193,,Monstar Makes a Wish (Early Reader) หนังสือเกี่ยวกับมอนสตาร์,1,0,visible,หนังสือเกี่ยวกับมอนสตาร์ สัตว์ประหลาดขนยาวสีเขียวที่ค้นพบจีนี่ในขวด!,,,,taxable,,1,,,0,0,0.3,,,,0,,130,325,หนังสือและการเรียนรู้,,,"https://punpunkun.com/wp-content/uploads/2021/06/980E3596-D699-40F6-B4C5-8F13C90D762D.jpeg, https://punpunkun.com/wp-content/uploads/2021/06/CAC39331-BE9D-4856-90D9-10B5A43EB337.jpeg",,,,,,,,,0,,สี,สีเขียว,1,1,ภาษา,อังกฤษ,1,1,,,,,,,,,Good
11297,simple,600211,,Girl Online หนังสือสาวออนไลน์,1,0,visible,หนังสือสาวออนไลน์ นวนิยายเกี่ยวกับความฝันของหญิงสาวที่จะทำให้มันเป็นจริงในบล็อกของเธอ,,,,taxable,,1,,,0,0,0.5,,,,0,,140,350,หนังสือและการเรียนรู้,,,"https://punpunkun.com/wp-content/uploads/2021/06/0AF653E0-0FE5-4D6F-8778-F02B5AD09FA6.jpeg, https://punpunkun.com/wp-content/uploads/2021/06/2439C80A-2BAC-481C-8D2D-5ADD0195F336.jpeg",,,,,,,,,0,,สี,สีฟ้า,1,1,ภาษา,อังกฤษ,1,1,,,,,,,,,Good
11299,simple,600206,,The Isle of the Lost เกาะแห่งความหายนะ,1,0,visible,ต้นไม้ร้าย 20 ปีที่แล้ว เหล่าวายร้ายที่ชั่วร้ายทั้งหมดถูกขับออกจากอาณาจักร Auradon ไปยัง Isle of the Lost สถานที่อันมืดมิดและน่าสยดสยองซึ่งได้รับการคุ้มครองโดยสนามพลังที่ทำให้พวกเขาไม่สามารถออกไปได้ เมื่อถูกปลดจากพลังเวทย์มนตร์ เหล่าวายร้ายก็อยู่อย่างโดดเดี่ยว ถูกโลกลืม,,,,taxable,,1,,,0,0,0.6,,,,0,,230,570,หนังสือและการเรียนรู้,,,"https://punpunkun.com/wp-content/uploads/2021/06/726C5882-B226-4068-8127-87A3EC1063F4.jpeg, https://punpunkun.com/wp-content/uploads/2021/06/3120E5C8-66F9-4B0D-A6AF-FD6ACA239F1D.jpeg",,,,,,,,,0,,สี,สีเขียว,1,1,ภาษา,อังกฤษ,1,1,,,,,,,,,Good
11301,simple,600220,,Awful Auntie หนังสือการผจญภัยของ Stella Saxby,1,0,visible,หนังสือการผจญภัยของ Stella Saxby การผจญภัยอันแสนอบอุ่นแต่เฮฮาของ Stella Saxby เป็นทายาทเพียงคนเดียวของ Saxby Hall,,,,taxable,,1,,,0,0,0.5,,,,0,,105,259,หนังสือและการเรียนรู้,,,"https://punpunkun.com/wp-content/uploads/2021/06/B97A4965-37CD-4CA2-B332-8F5968675D88.jpeg, https://punpunkun.com/wp-content/uploads/2021/06/7BFB8B79-B09B-4224-A73D-CA1742A15D81.jpeg",,,,,,,,,0,,สี,สีม่วง,1,1,ภาษา,อังกฤษ,1,1,,,,,,,,,Good
11305,simple,600198,,Where the Mountain Meets the Moon หนังสือที่ที่ภูเขามาบรรจบกับดวงจันทร์,1,0,visible,หนังสือที่ที่ภูเขามาบรรจบกับดวงจันทร์ จินตนาการอันน่าทึ่งที่ได้รับแรงบันดาลใจจากนิทานพื้นบ้านของจีน,,,,taxable,,0,0,,0,0,0.8,,,,1,,65,310,หนังสือและการเรียนรู้,,,"https://punpunkun.com/wp-content/uploads/2021/06/7A89C910-2BC8-4398-B94E-7F885A0818D2.jpeg, https://punpunkun.com/wp-content/uploads/2021/06/2CB4992F-A710-4820-B328-F8E41084C833.jpeg",,,,,,,,,0,,สี,สีม่วง,1,1,ภาษา,อังกฤษ,1,1,,,,,,,,,Fair
11307,simple,600213,,The Mother-Daughter Book Club หนังสือชมรมหนังสือแม่-ลูกสาว,1,0,visible,หนังสือชมรมหนังสือแม่-ลูกสาว เป็นหนังสือครอบครัว และมิตรภาพ,,,,taxable,,1,,,0,0,0.7,,,,0,,75,250,หนังสือและการเรียนรู้,,,"https://punpunkun.com/wp-content/uploads/2021/06/05957510-0063-4B42-8E5C-E7292519C615.jpeg, https://punpunkun.com/wp-content/uploads/2021/06/FB923CAC-D857-4D75-AFF1-17C52DEC59A5.jpeg",,,,,,,,,0,,สี,สีชมพู,1,1,ภาษา,อังกฤษ,1,1,,,,,,,,,Fair
11338,simple,600216,,The Secret Of The Snow หนังสือความลับของหิมะ,1,0,visible,หนังสือความลับของหิมะ เป็นหนังสือเกี่ยวกับการผจญภัยในดินแดนหิมะ,,,,taxable,,1,,,0,0,0.4,,,,0,,220,550,หนังสือและการเรียนรู้,,,"https://punpunkun.com/wp-content/uploads/2021/06/25963F2D-6FCE-450D-BFE5-3376B70B80C9.jpeg, https://punpunkun.com/wp-content/uploads/2021/06/F3526B5D-F85B-4E8C-A0C1-1ABC2A46C1B8.jpeg",,,,,,,,,0,,สี,"สีฟ้า, สีแดง",1,1,ภาษา,อังกฤษ,1,1,,,,,,,,,Good
11352,simple,600217,,The Kingdom Of Fantasy หนังสืออาณาจักรแห่งจินตนาการ,1,0,visible,"หนังสืออาณาจักรแห่งจินตนาการ ฉันรู้ตั้งแต่แรกแล้วว่าไม่ใช่วันธรรมดา แต่ฉันไม่ได้คาดหวังว่าจะพบบันไดสีทองในห้องใต้หลังคาของฉันอย่างแน่นอน ด้านบนสุดมีประตู และนอกประตูก็มีโลกที่ฉันไม่เคยจินตนาการได้ -- อาณาจักรแห่งแฟนตาซี!\nพร้อมกับไกด์ของฉัน กบชื่อ Scribblehopper ฉันได้ออกเดินทางไปผจญภัยที่เหลือเชื่อเพื่อช่วยราชินีแห่งนางฟ้า แต่ระหว่างทาง ฉันต้องเผชิญหน้ากับแมงป่องยักษ์ แม่มด งูทะเล พิกซี่ และสิ่งมีชีวิตอื่นๆ อีกนับสิบตัวที่ฉันเคยได้ยินเพียงเรื่องเล่าเท่านั้น Holey ชีส ช่างเป็นการเดินทาง! ฉันสามารถช่วยราชินี...และหางของตัวเองได้ไหม?",,,,taxable,,1,,,0,0,0.7,,,,0,,190,470,หนังสือและการเรียนรู้,,,https://punpunkun.com/wp-content/uploads/2021/06/600DE634-D238-4868-9904-6D4B573BE14A.jpeg,,,,,,,,,0,,สี,"สีม่วง, สีแดง",1,1,ภาษา,อังกฤษ,1,1,,,,,,,,,Good
11354,simple,600219,,Catching the Jigglypuff Thief หนังสือการผจญภัยสำหรับผู้เล่นโปเกมอน โก,1,0,visible,หนังสือการผจญภัยสำหรับผู้เล่นโปเกมอน โก เล่ม1และ2,,,,taxable,,1,,,0,0,0.5,,,,0,,200,500,หนังสือและการเรียนรู้,,,"https://punpunkun.com/wp-content/uploads/2021/06/BEA529C2-1399-48BA-82D5-2A6F8EE54716.jpeg, https://punpunkun.com/wp-content/uploads/2021/06/91849F58-D076-45BF-B3E5-61C7CCCBE04C.jpeg",,,,,,,,,0,,สี,สีเขียว,1,1,ภาษา,อังกฤษ,1,1,,,,,,,,,Good
11356,simple,600215,,SMILE หนังสือรอยยิ้ม,1,0,visible,หนังสือรอยยิ้ม Raina แค่อยากจะเป็นเด็กผู้หญิงธรรมดา แต่คืนหนึ่งหลังจาก Girl Scouts เธอสะดุดล้มลงจนบาดเจ็บฟันหน้าสองซี่ สิ่งที่ตามมาคือการเดินทางที่ยาวนานและน่าผิดหวังด้วยการจัดฟันแบบเปิดใหม่ ผ่าออก การผ่าตัด อุปกรณ์สวมศีรษะที่น่าอับอาย และแม้กระทั่งรีเทนเนอร์ที่ติดฟันปลอม และเหนือสิ่งอื่นใด ยังมีเรื่องที่ต้องจัดการอีกมาก: แผ่นดินไหวครั้งใหญ่ ความสับสนของเด็กชาย และเพื่อนๆ ที่ไม่เป็นมิตร,,,,taxable,,1,,,0,0,0.5,,,,0,,160,395,หนังสือและการเรียนรู้,,,"https://punpunkun.com/wp-content/uploads/2021/06/F35EC2D1-1923-43EF-A720-2A88F5E39A54.jpeg, https://punpunkun.com/wp-content/uploads/2021/06/89993FB5-FAA9-477B-BB66-1FC399A9C2EE.jpeg",,,,,,,,,0,,สี,สีเขียว,1,1,ภาษา,อังกฤษ,1,1,,,,,,,,,Good
11384,simple,600182,,Set Pingu พิงกุ,1,0,visible,พิงกุ CD 8 แผ่น,,,,taxable,,1,,,0,0,0.7,,,,0,,320,795,หนังสือและการเรียนรู้,,,"https://punpunkun.com/wp-content/uploads/2021/06/3209239D-6C8B-4338-A8B7-CF7CED0F51F5-rotated.jpeg, https://punpunkun.com/wp-content/uploads/2021/06/75E302E1-B8A7-4EBE-8A9E-12BD0D78F046-rotated.jpeg",,,,,,,,,0,,สี,"สีฟ้า, สีเขียว",1,1,ภาษา,ไทย,1,1,,,,,,,,,Good
11386,simple,600218,,The Adventures of Captain Underpants หนังสือการผจญภัยของกัปตันกางเกงใน,1,0,visible,หนังสือการผจญภัยของกัปตันกางเกงใน 3 เล่ม,,,,taxable,,1,,,0,0,0.8,,,,0,,230,570,หนังสือและการเรียนรู้,,,"https://punpunkun.com/wp-content/uploads/2021/06/A92B3D41-ED38-4D13-A6D5-3F81735BBEE4-rotated.jpeg, https://punpunkun.com/wp-content/uploads/2021/06/65CFD4E9-D0B6-470F-9C7B-16D1A08A2B63-rotated.jpeg",,,,,,,,,0,,สี,"สีฟ้า, สีม่วง",1,1,ภาษา,อังกฤษ,1,1,,,,,,,,,Good
11388,simple,600186,,DVD A Bugs Life ดีวีดีตัวบั๊กส์ หัวใจไม่บั๊กส์,1,0,visible,ดีวีดีตัวบั๊กส์ หัวใจไม่บั๊กส์ ภาษาอังกฤษ,,,,taxable,,1,,,0,0,0.4,,,,0,,100,250,หนังสือและการเรียนรู้,,,"https://punpunkun.com/wp-content/uploads/2021/06/1AF7E073-5706-4F7D-A749-A48F9FF44EB8.jpeg, https://punpunkun.com/wp-content/uploads/2021/06/7FC745F8-2058-4DD7-AD2F-8D9208E6175B.jpeg, https://punpunkun.com/wp-content/uploads/2021/06/ECB9644A-A149-4518-BDDB-FC357362FF04.jpeg",,,,,,,,,0,,สี,สีเขียว,1,1,ภาษา,อังกฤษ,1,1,,,,,,,,,Good
11391,simple,600180,,DVD Dumbo Special Edition,1,0,visible,"ดีวีดีดัมโบ้ สเปเชียล อิดิชั่น ภาษาไทย,อังกฤษ",,,,taxable,,1,,,0,0,0.4,,,,0,,180,440,หนังสือและการเรียนรู้,,,"https://punpunkun.com/wp-content/uploads/2021/06/C02BEE75-A71C-459B-A576-D7AEF9AA7D0A.jpeg, https://punpunkun.com/wp-content/uploads/2021/06/8601BFCF-9EB7-4C8E-9CC3-4BBE9B6CF4C2.jpeg, https://punpunkun.com/wp-content/uploads/2021/06/94719B15-3AD7-4F2D-84DE-E260487404B1.jpeg",,,,,,,,,0,,สี,สีแดง,1,1,ภาษา,"อังกฤษ, ไทย",1,1,,,,,,,,,Good
11395,simple,600181,,DVD The Chronicles Of Narnia อภินิหารตำนานแห่งนาร์เนีย,1,0,visible,"อภินิหารตำนานแห่งนาร์เนีย ตอนราชสีห์, แม่มด กับ ตู้พิศวง",,,,taxable,,1,,,0,0,0.4,,,,0,,185,460,หนังสือและการเรียนรู้,,,"https://punpunkun.com/wp-content/uploads/2021/06/9DE57D69-E435-42CA-972C-2E837C390776.jpeg, https://punpunkun.com/wp-content/uploads/2021/06/B38C11F8-3027-49B7-B825-EDCA38AA1393.jpeg, https://punpunkun.com/wp-content/uploads/2021/06/E5B23941-B86B-414C-88F8-AC7705015F8D.jpeg",,,,,,,,,0,,สี,สีเหลือง,1,1,ภาษา,อังกฤษ,1,1,,,,,,,,,Good
11408,simple,600187,,DVD Peter Pan ดีวีดีปีเตอร์แพน,1,0,visible,"ดีวีดีปีเตอร์แพน ภาษาไทย,อังกฤษ",,,,taxable,,1,,,0,0,0.4,,,,0,,255,635,หนังสือและการเรียนรู้,,,"https://punpunkun.com/wp-content/uploads/2021/06/166AB3CE-CE2F-400B-995C-A6CB7D558ECA.jpeg, https://punpunkun.com/wp-content/uploads/2021/06/01FEC3CF-F3B3-4751-AD6F-EA9F43B50E6B.jpeg, https://punpunkun.com/wp-content/uploads/2021/06/9D64D0D2-9344-4A27-A89B-553B6867D77D.jpeg",,,,,,,,,0,,สี,สีน้ำเงิน,1,1,ภาษา,"อังกฤษ, ไทย",1,1,,,,,,,,,Good
11410,simple,600179,,DVD Dinotopia ดีวีดีไดโนโทเปีย,1,0,visible,ดีวีดีไดโนโทเปีย ภาษาไทย,,,,taxable,,0,0,,0,0,0.4,,,,0,,160,390,หนังสือและการเรียนรู้,,,"https://punpunkun.com/wp-content/uploads/2021/06/76EA7A7C-D96E-4015-B7AC-CC5D069D4145.jpeg, https://punpunkun.com/wp-content/uploads/2021/06/F09FBEBF-B590-4AE6-B808-7CC9431A082F.jpeg, https://punpunkun.com/wp-content/uploads/2021/06/3590D3B1-309E-4494-B07B-4BA0A08B78CA.jpeg",,,,,,,,,0,,สี,สีฟ้า,1,1,ภาษา,ไทย,1,1,,,,,,,,,Good
11412,simple,600189,,DVD Ultraman Mebius ดีวีดีอุลตร้าแมนเมบิอุส,1,0,visible,ดีวีดีอุลตร้าแมนเมบิอุส ภาคพิเศษอาเมิร์ดดาร์กเนส แผ่นเดียวจบ,,,,taxable,,0,0,,0,0,0.4,,,,0,,80,200,หนังสือและการเรียนรู้,,,"https://punpunkun.com/wp-content/uploads/2021/06/C67B762D-F5DB-45DD-A0D4-A9C1F9BB2D48.jpeg, https://punpunkun.com/wp-content/uploads/2021/06/2B843854-0364-4751-A941-FBEEDD2F9275.jpeg, https://punpunkun.com/wp-content/uploads/2021/06/7D95D2C3-077C-4822-8648-F44857FC494B.jpeg",,,,,,,,,0,,สี,สีดำ,1,1,ภาษา,ไทย,1,1,,,,,,,,,Good
11414,simple,600196,,DVD Golden Hero ดีวีดีโกเด้นฮีโร่,1,0,visible,ดีวีดีโกเด้นฮีโร่ ยอดมนุษพิทักษ์จักรวาล,,,,taxable,,0,0,,0,0,0.4,,,,1,,45,140,หนังสือและการเรียนรู้,,,"https://punpunkun.com/wp-content/uploads/2021/06/1E19FF61-F9FA-471E-8C17-FA2CAB439C71.jpeg, https://punpunkun.com/wp-content/uploads/2021/06/226C90B3-C61B-46D0-BDD8-9F89C68A42E0.jpeg",,,,,,,,,0,,สี,สีแดง,1,1,ภาษา,ไทย,1,1,,,,,,,,,Good
11416,simple,600188,,DVD Ultraman Max ดีวีดีอุลตร้าแมนแม็กซ์,1,0,visible,ดีวีดีอุลตร้าแมนแม็กซ์,,,,taxable,,1,,,0,0,0.4,,,,0,,100,250,หนังสือและการเรียนรู้,,,"https://punpunkun.com/wp-content/uploads/2021/06/233757C3-8FF1-4D47-9B28-2BB9246C15F3.jpeg, https://punpunkun.com/wp-content/uploads/2021/06/E2ED30B5-18C9-42FB-824B-13C8C48F7317.jpeg, https://punpunkun.com/wp-content/uploads/2021/06/0E1D9B21-A075-4194-8CBD-08DCFA40A3E3.jpeg",,,,,,,,,0,,สี,สีเทา,1,1,ภาษา,ไทย,1,1,,,,,,,,,Good
11418,simple,600195,,DVD Superior Ultraman 8 Brothers ดีวีดีศึกรวมพลัง 8 พี่น้องอุลตร้า,1,0,visible,ดีวีดีศึกรวมพลัง 8 พี่น้องอุลตร้า,,,,taxable,,1,,,0,0,0.4,,,,0,,170,425,หนังสือและการเรียนรู้,,,"https://punpunkun.com/wp-content/uploads/2021/06/4EC2153D-ACE9-4AC4-BB2A-80FA514DF865.jpeg, https://punpunkun.com/wp-content/uploads/2021/06/986CB472-E7E1-4C03-845E-FE269BD059BF.jpeg, https://punpunkun.com/wp-content/uploads/2021/06/1FD9947B-079D-40C0-A4A5-3B6E4137C767.jpeg",,,,,,,,,0,,สี,สีน้ำเงิน,1,1,ภาษา,"จีน, อังกฤษ",1,1,,,,,,,,,Good
11420,simple,600192,,DVD Ultraman Cosmos ดีวีดีอุลตร้าแมนคอสมอส,1,0,visible,ดีวีดีอุลตร้าแมนคอสมอส,,,,taxable,,1,,,0,0,0.4,,,,0,,105,260,หนังสือและการเรียนรู้,,,"https://punpunkun.com/wp-content/uploads/2021/06/FAB2D40B-9EED-4B68-AC13-AAF50D28867B.jpeg, https://punpunkun.com/wp-content/uploads/2021/06/6C8EF20F-CCF0-4903-BDC4-C8B45F624441.jpeg, https://punpunkun.com/wp-content/uploads/2021/06/592BD16E-5479-4D6F-B9EA-BF5FB6A37247.jpeg",,,,,,,,,0,,สี,สีน้ำเงิน,1,1,ภาษา,ไทย,1,1,,,,,,,,,Good
11422,simple,600190,,DVD Ultraman Mebius ดีวีดีอุลตร้าแมนเมบิอุส,1,0,visible,ดีวีดีอุลตร้าแมนเมบิอุส ภาคพิเศษ ฮิคาริซาก้า,,,,taxable,,0,0,,0,0,0.4,,,,0,,55,130,หนังสือและการเรียนรู้,,,"https://punpunkun.com/wp-content/uploads/2021/06/18C3C1FF-6826-4B54-B2F0-1B3F17FA4A20.jpeg, https://punpunkun.com/wp-content/uploads/2021/06/6968CB31-7E33-4CA7-911D-BD304F89EBCB.jpeg, https://punpunkun.com/wp-content/uploads/2021/06/3F983C2B-EE7A-4C46-BACB-53BAED81BDA9.jpeg",,,,,,,,,0,,สี,สีน้ำเงิน,1,1,ภาษา,ไทย,1,1,,,,,,,,,Good
11424,simple,600194,,DVD Ultraman Mebius ดีวีดีอุลตร้าแมนเมบิอุส,1,0,visible,ดีวีดีอุลตร้าแมนเมบิอุส,,,,taxable,,1,,,0,0,0.4,,,,0,,160,400,หนังสือและการเรียนรู้,,,"https://punpunkun.com/wp-content/uploads/2021/06/38DD5B38-BBCA-409C-B72D-0CAE25F4F78A.jpeg, https://punpunkun.com/wp-content/uploads/2021/06/85814BAD-B38C-40F7-808D-1DF0D34900ED.jpeg, https://punpunkun.com/wp-content/uploads/2021/06/389591C0-02C3-423F-A42E-4524CCB73079.jpeg",,,,,,,,,0,,สี,สีส้ม,1,1,ภาษา,ไทย,1,1,,,,,,,,,Good
11426,simple,600177,,DVD Khan Kluay กล้านกล้วยผจญภัย,1,0,visible,"กล้านกล้วยผจญภัย ชุดที่ 2,7,10",,,,taxable,,1,,,0,0,0.4,,,,0,,240,600,หนังสือและการเรียนรู้,,,"https://punpunkun.com/wp-content/uploads/2021/06/AEED0C18-B731-4516-B6DD-1614ABAD45E7-rotated.jpeg, https://punpunkun.com/wp-content/uploads/2021/06/3BCA50DA-6748-49AC-8F36-967AC10C313E-rotated.jpeg",,,,,,,,,0,,สี,"สีชมพู, สีส้ม",1,1,ภาษา,ไทย,1,1,,,,,,,,,Good
11428,simple,600191,,DVD Ultraman Zero ดีวีดีอุลตร้าแมนซีโร่,1,0,visible,ดีวีดีอุลตร้าแมนซีโร่ ตอน เบเลียลจักรพรรดิทมิฬ,,,,taxable,,1,,,0,0,0.2,,,,0,,80,200,หนังสือและการเรียนรู้,,,"https://punpunkun.com/wp-content/uploads/2021/06/E5765652-4390-40B1-9FD7-9D592D609C3D.jpeg, https://punpunkun.com/wp-content/uploads/2021/06/0BE86F5D-12C2-4CA6-A49E-C429FC3B5BC5.jpeg",,,,,,,,,0,,สี,"สีน้ำเงิน, สีแดง",1,1,ภาษา,ไทย,1,1,,,,,,,,,Good
11431,simple,600208,,Maddie Diaries My Story หนังสือเรื่องราวของฉัน,1,0,visible,หนังสือเรื่องราวของฉัน บันทึกความทรงจำเกี่ยวกับการก้าวตามความฝันอันสูงส่งของเธอ และทำงานอย่างหนักเพื่อให้ประสบความสำเร็จทั้งในโลกแห่งการเต้นรำและในชีวิต แมดดี้ ซีกลอร์ หวังว่าจะเป็นดารา,,,,taxable,,1,,,0,0,0.8,,,,0,,310,773,หนังสือและการเรียนรู้,,,"https://punpunkun.com/wp-content/uploads/2021/06/S__3465220.jpg, https://punpunkun.com/wp-content/uploads/2021/06/S__3449206.jpg",,,,,,,,,0,,สี,สีฟ้า,1,1,ภาษา,อังกฤษ,1,1,,,,,,,,,Good
11441,simple,600183,,VCD Daily English and Chinese วีซีดีฝึกภาษา,1,0,visible,วีซีดี 3 ชุด 1 ชุดมี ซีดี 1 แผ่น คู่มือสำหรับคุณแม่ และการ์ด ฝึกภาษาให้กับลูกน้อย ภาษาจีน ภาษาอังกฤษ,,,,taxable,,1,,,0,0,0.4,,,,0,,155,220,หนังสือและการเรียนรู้,,,"https://punpunkun.com/wp-content/uploads/2021/06/D6362A99-8681-4432-BD63-833FCE791322-rotated.jpeg, https://punpunkun.com/wp-content/uploads/2021/06/97458140-F219-4AAD-991E-176AA0F23C0F-rotated.jpeg",,,,,,,,,0,,สี,สีเหลือง,1,1,ภาษา,จีน,1,1,,,,,,,,,New
11730,simple,110010,,110010,1,0,visible,,,,,taxable,,0,0,,0,0,,,,,1,,,300,เสื้อผ้าและเครื่องประดับ,,,https://punpunkun.com/wp-content/uploads/2021/06/926673E7-4359-4425-AD53-0A3233DAB0D3-e1636353208744.jpeg,,,,,,,,,0,,,,,,,,,,,,,,,,,,Fair
11733,simple,210002,,210002,1,0,visible,,,,,taxable,,0,0,,0,0,,,,,1,,,60,เสื้อผ้าและเครื่องประดับ,,,https://punpunkun.com/wp-content/uploads/2021/06/logo-ล่าสุด.-e1636353198473.jpg,,,,,,,,,0,,,,,,,,,,,,,,,,,,Fair
11735,simple,210008,,210008,1,0,visible,,,,,taxable,,1,1,,0,0,,,,,0,,,60,เสื้อผ้าและเครื่องประดับ,,,https://punpunkun.com/wp-content/uploads/2021/06/logo-ล่าสุด.-e1636353198473.jpg,,,,,,,,,0,,,,,,,,,,,,,,,,,,Fair
11737,simple,210006,,210006,1,0,visible,,,,,taxable,,0,0,,0,0,,,,,1,,,60,เสื้อผ้าและเครื่องประดับ,,,https://punpunkun.com/wp-content/uploads/2021/06/logo-ล่าสุด.-e1636353198473.jpg,,,,,,,,,0,,,,,,,,,,,,,,,,,,Fair
11739,simple,210019,,210019,1,0,visible,,,,,taxable,,0,0,,0,0,,,,,1,,,40,เสื้อผ้าและเครื่องประดับ,,,https://punpunkun.com/wp-content/uploads/2021/06/logo-ล่าสุด.-e1636353198473.jpg,,,,,,,,,0,,,,,,,,,,,,,,,,,,Fair
11741,simple,210026,,210026,1,0,visible,,,,,taxable,,0,0,,0,0,,,,,1,,,60,เสื้อผ้าและเครื่องประดับ,,,https://punpunkun.com/wp-content/uploads/2021/06/logo-ล่าสุด.-e1636353198473.jpg,,,,,,,,,0,,,,,,,,,,,,,,,,,,Fair
11743,simple,210037,,210037,1,0,visible,,,,,taxable,,0,0,,0,0,,,,,1,,,80,เสื้อผ้าและเครื่องประดับ,,,https://punpunkun.com/wp-content/uploads/2021/06/logo-ล่าสุด.-e1636353198473.jpg,,,,,,,,,0,,,,,,,,,,,,,,,,,,Fair
11745,simple,210040,,210040,1,0,visible,,,,,taxable,,0,0,,0,0,,,,,1,,,80,เสื้อผ้าและเครื่องประดับ,,,https://punpunkun.com/wp-content/uploads/2021/06/logo-ล่าสุด.-e1636353198473.jpg,,,,,,,,,0,,,,,,,,,,,,,,,,,,Fair
11747,simple,210049,,210049,1,0,visible,,,,,taxable,,0,0,,0,0,,,,,1,,,60,เสื้อผ้าและเครื่องประดับ,,,https://punpunkun.com/wp-content/uploads/2021/06/logo-ล่าสุด.-e1636353198473.jpg,,,,,,,,,0,,,,,,,,,,,,,,,,,,Fair
11749,simple,210050,,210050,1,0,visible,,,,,taxable,,0,0,,0,0,,,,,1,,,60,เสื้อผ้าและเครื่องประดับ,,,https://punpunkun.com/wp-content/uploads/2021/06/logo-ล่าสุด.-e1636353198473.jpg,,,,,,,,,0,,,,,,,,,,,,,,,,,,Fair
11751,simple,210054,,210054,1,0,visible,,,,,taxable,,0,0,,0,0,,,,,1,,,60,เสื้อผ้าและเครื่องประดับ,,,https://punpunkun.com/wp-content/uploads/2021/06/logo-ล่าสุด.-e1636353198473.jpg,,,,,,,,,0,,,,,,,,,,,,,,,,,,Fair
11753,simple,210062,,210062,1,0,visible,,,,,taxable,,0,0,,0,0,,,,,1,,,60,เสื้อผ้าและเครื่องประดับ,,,https://punpunkun.com/wp-content/uploads/2021/06/logo-ล่าสุด.-e1636353198473.jpg,,,,,,,,,0,,,,,,,,,,,,,,,,,,Fair
11755,simple,210064,,210064,1,0,visible,,,,,taxable,,0,0,,0,0,,,,,1,,,60,เสื้อผ้าและเครื่องประดับ,,,https://punpunkun.com/wp-content/uploads/2021/06/logo-ล่าสุด.-e1636353198473.jpg,,,,,,,,,0,,,,,,,,,,,,,,,,,,Fair
11757,simple,210070,,210070,1,0,visible,,,,,taxable,,0,0,,0,0,,,,,1,,,80,เสื้อผ้าและเครื่องประดับ,,,https://punpunkun.com/wp-content/uploads/2021/06/logo-ล่าสุด.-e1636353198473.jpg,,,,,,,,,0,,,,,,,,,,,,,,,,,,Fair
11759,simple,210071,,210071,1,0,visible,,,,,taxable,,0,0,,0,0,,,,,1,,,80,เสื้อผ้าและเครื่องประดับ,,,https://punpunkun.com/wp-content/uploads/2021/06/logo-ล่าสุด.-e1636353198473.jpg,,,,,,,,,0,,,,,,,,,,,,,,,,,,Fair
11761,simple,210102,,210102,1,0,visible,,,,,taxable,,0,0,,0,0,,,,,1,,,80,เสื้อผ้าและเครื่องประดับ,,,https://punpunkun.com/wp-content/uploads/2021/06/logo-ล่าสุด.-e1636353198473.jpg,,,,,,,,,0,,,,,,,,,,,,,,,,,,Fair
11763,simple,210105,,210105,1,0,visible,,,,,taxable,,0,0,,0,0,,,,,1,,,80,เสื้อผ้าและเครื่องประดับ,,,https://punpunkun.com/wp-content/uploads/2021/06/logo-ล่าสุด.-e1636353198473.jpg,,,,,,,,,0,,,,,,,,,,,,,,,,,,Fair
11765,simple,210136,,210136,1,0,visible,,,,,taxable,,0,0,,0,0,,,,,1,,,80,เสื้อผ้าและเครื่องประดับ,,,https://punpunkun.com/wp-content/uploads/2021/06/logo-ล่าสุด.-e1636353198473.jpg,,,,,,,,,0,,,,,,,,,,,,,,,,,,Fair
11768,simple,610006,,610006,1,0,visible,,,,,taxable,,0,0,,0,0,,,,,1,,,60,เสื้อผ้าและเครื่องประดับ,,,https://punpunkun.com/wp-content/uploads/2021/06/logo-ล่าสุด.-e1621125981899-1-e1636353189565.jpg,,,,,,,,,0,,,,,,,,,,,,,,,,,,Fair
11769,simple,610002,,610002,1,0,visible,,,,,taxable,,0,0,,0,0,,,,,1,,,40,เสื้อผ้าและเครื่องประดับ,,,https://punpunkun.com/wp-content/uploads/2021/06/logo-ล่าสุด.-e1621125981899-1-e1636353189565.jpg,,,,,,,,,0,,,,,,,,,,,,,,,,,,Fair
11772,simple,610007,,610007,1,0,visible,,,,,taxable,,0,0,,0,0,,,,,1,,,60,เสื้อผ้าและเครื่องประดับ,,,https://punpunkun.com/wp-content/uploads/2021/06/logo-ล่าสุด.-e1621125981899-1-e1636353189565.jpg,,,,,,,,,0,,,,,,,,,,,,,,,,,,Fair
11774,simple,610008,,610008,1,0,visible,,,,,taxable,,0,0,,0,0,,,,,1,,,60,เสื้อผ้าและเครื่องประดับ,,,https://punpunkun.com/wp-content/uploads/2021/06/logo-ล่าสุด.-e1621125981899-1-e1636353189565.jpg,,,,,,,,,0,,,,,,,,,,,,,,,,,,Fair
11776,simple,610010,,610010,1,0,visible,,,,,taxable,,0,0,,0,0,,,,,1,,,60,เสื้อผ้าและเครื่องประดับ,,,https://punpunkun.com/wp-content/uploads/2021/06/logo-ล่าสุด.-e1621125981899-1-e1636353189565.jpg,,,,,,,,,0,,,,,,,,,,,,,,,,,,Fair
11778,simple,610012,,610012,1,0,visible,,,,,taxable,,0,0,,0,0,,,,,1,,,60,เสื้อผ้าและเครื่องประดับ,,,https://punpunkun.com/wp-content/uploads/2021/06/logo-ล่าสุด.-e1621125981899-1-e1636353189565.jpg,,,,,,,,,0,,,,,,,,,,,,,,,,,,Fair
11780,simple,610024,,610024,1,0,visible,,,,,taxable,,0,0,,0,0,,,,,1,,,60,เสื้อผ้าและเครื่องประดับ,,,https://punpunkun.com/wp-content/uploads/2021/06/logo-ล่าสุด.-e1621125981899-1-e1636353189565.jpg,,,,,,,,,0,,,,,,,,,,,,,,,,,,Fair
11782,simple,610022,,610022,1,0,visible,,,,,taxable,,0,0,,0,0,,,,,1,,,60,เสื้อผ้าและเครื่องประดับ,,,https://punpunkun.com/wp-content/uploads/2021/06/logo-ล่าสุด.-e1621125981899-1-e1636353189565.jpg,,,,,,,,,0,,,,,,,,,,,,,,,,,,Fair
11784,simple,610031,,610031,1,0,visible,,,,,taxable,,0,0,,0,0,,,,,1,,,60,เสื้อผ้าและเครื่องประดับ,,,https://punpunkun.com/wp-content/uploads/2021/06/logo-ล่าสุด.-e1621125981899-1-e1636353189565.jpg,,,,,,,,,0,,,,,,,,,,,,,,,,,,Fair
11787,simple,910017,,910017,1,0,visible,,,,,taxable,,0,0,,0,0,,,,,1,,,40,เสื้อผ้าและเครื่องประดับ,,,https://punpunkun.com/wp-content/uploads/2021/06/logo-ล่าสุด.-e1621125981899-2-e1636353178954.jpg,,,,,,,,,0,,,,,,,,,,,,,,,,,,Fair
11789,simple,910033,,910033,1,0,visible,,,,,taxable,,0,0,,0,0,,,,,1,,,60,เสื้อผ้าและเครื่องประดับ,,,https://punpunkun.com/wp-content/uploads/2021/06/logo-ล่าสุด.-e1621125981899-2-e1636353178954.jpg,,,,,,,,,0,,,,,,,,,,,,,,,,,,Fair
11866,simple,100079,,Rainbow Shirt เสื้อเชิ้ตลายทางขวางสายรุ้ง,1,0,visible,เสื้อเชิ้ต แบรนด์ Crazy 8 แขนสั้น ลายขวางสายรุ้ง ไซส์ 3ปี(3Y),,,,taxable,,1,1,,0,0,0.76,,,,0,,195,650,สินค้าและอุปกรณ์สำหรับเด็ก,,,"https://punpunkun.com/wp-content/uploads/2021/07/CE52BD17-2242-43B3-BE1D-B9B523226394.jpeg, https://punpunkun.com/wp-content/uploads/2021/07/C2C355FA-451B-435D-B638-64045D699A1F.jpeg, https://punpunkun.com/wp-content/uploads/2021/07/629FC9BD-F622-47FF-B28D-EF17509CA627.jpeg",,,,,,,,,0,,Size (เสื้อ),3T,1,1,สี,"สีขาว, สีน้ำเงิน, สีฟ้า, สีเหลือง",1,1,เพศ,ชาย,1,1,อายุ,3ปี,1,1,Good
11927,simple,100078,,Striped Shirt เสื้อเชิ้ตลายขวาง,1,0,visible,เสื้อเชิ้ต Crazy 8 แขนสั้น สีฟ้า ไซส์ 3ปี(3T),,,,taxable,,1,1,,0,0,0.45,,,,0,,195,650,สินค้าและอุปกรณ์สำหรับเด็ก,,,"https://punpunkun.com/wp-content/uploads/2021/07/98FA5A4B-FBCE-4A16-AE62-885D97E18FA1.jpeg, https://punpunkun.com/wp-content/uploads/2021/07/3E5F730D-0AC2-4126-A53F-699EC70EEAC3.jpeg, https://punpunkun.com/wp-content/uploads/2021/07/567B400F-12C2-40A0-AC16-B36D720F7117.jpeg",,,,,,,,,0,,Size (เสื้อ),3T,1,1,สี,สีฟ้า,1,1,อายุ,3ปี,1,1,,,,,Good
11929,simple,100080,,Ralph Lauren Polo Shirt เสื้อเชิ้ตคอปกโปโลสีน้ำเงิน,1,0,visible,เสื้อโปโล แบรนด์ Ralph Lauren แขนสั้น สีน้ำเงิน ไซส์ 2ปี(2T),,,,taxable,,1,1,,0,0,0.66,,,,0,,360,1190,สินค้าและอุปกรณ์สำหรับเด็ก,,,"https://punpunkun.com/wp-content/uploads/2021/07/2FFE8ED2-1B6C-4F0C-94C5-8AA1CDE8BF36.jpeg, https://punpunkun.com/wp-content/uploads/2021/07/1A84CD97-56F3-4548-8DC3-C53F4CF557A3.jpeg, https://punpunkun.com/wp-content/uploads/2021/07/AF2BC2E8-129D-445A-8E6C-B43B70D4F4E2.jpeg",,,,,,,,,0,,Size (เสื้อ),"0M, 10Y, 12M, 12Y, 13Y, 14Y, 18M, 1M, 1Y, 24M, 2T, 2Y, 3M, 3T, 3Y, 4M, 4Y, 6M, 6Y, 9M",1,1,สี,สีน้ำเงิน,1,1,อายุ,2ปี,1,1,,,,,Good
11931,simple,100096,,Pink T-shirt เสื้อยืดสีพื้น,1,0,visible,เสื้อยืด แบรนด์ Zara สีชมพู แสนหวาน ไซส์ 3-4 ปี (3-4 Y) CM104,,,,taxable,,1,,,0,0,0.33,,,,1,,50,250,เสื้อผ้าและเครื่องประดับ,,,"https://punpunkun.com/wp-content/uploads/2021/07/31FA655D-2265-42D4-A528-B095B1F9C6AD.jpeg, https://punpunkun.com/wp-content/uploads/2021/07/0BC90A8E-878E-4078-A12F-E947AEC9F117.jpeg, https://punpunkun.com/wp-content/uploads/2021/07/E04358F6-5D5F-414D-8E22-EEF48FA5FC5A.jpeg",,,,,,,,,0,,Size (เสื้อ),3Y,1,1,สี,สีชมพู,1,1,อายุ,3ปี,1,1,,,,,Fair
11933,simple,100081,,Mike Sulley T-shirt เสื้อยืดสกรีนซัลลิแวน ไมค์,1,0,visible,เสื้อกีฬาแขนสั้น แบรนด์ Uniqlo สีกรม ขนาด 100 ซม. 3ปี (3Y),,,,taxable,,1,1,,0,0,0.18,,,,0,,120,390,สินค้าและอุปกรณ์สำหรับเด็ก,,,"https://punpunkun.com/wp-content/uploads/2021/07/18E9FC25-015F-4F2B-88DE-51727E859106.jpeg, https://punpunkun.com/wp-content/uploads/2021/07/7CD2E147-4196-4657-9C1F-E8CFAE1D2E5D.jpeg, https://punpunkun.com/wp-content/uploads/2021/07/68882FA9-A659-4C61-8894-8EE4C9BA8BEC.jpeg",,,,,,,,,0,,สี,สีกรม,1,1,อายุ,3ปี,1,1,เพศ,ชาย,1,1,,,,,Good
11935,simple,100091,,Blue T-shirt เสื้อยืดสีฟ้า,1,0,visible,เสื้อเชิ้ต แบรนด์ Zara สีฟ้า สำหรับเด็ก ไซส์ 3-4ปี(3-4Y),,,,taxable,,0,0,,0,0,0.04,,,,1,,75,250,เสื้อผ้าและเครื่องประดับ,,,"https://punpunkun.com/wp-content/uploads/2021/07/9A90885C-E707-4E33-B3F5-0626D93D7C73.jpeg, https://punpunkun.com/wp-content/uploads/2021/07/FDF60B09-01D3-489B-AAEF-03F5354DD18B.jpeg, https://punpunkun.com/wp-content/uploads/2021/07/4E2C2AD9-2060-44BD-8F5C-3D8AF88FEFF7.jpeg",,,,,,,,,0,,Size (เสื้อ),3Y,1,1,อายุ,3ปี,1,1,สี,สีฟ้า,1,1,,,,,Good
11937,simple,100089,,Gray T-shirt เสื้อยืดสีเทา,1,0,visible,เสื้อยืด แบรนด์ Zara สีเทา แสนหวาน  ไซส์ 3-4 ปี (3-4 Y) CM104,,,,taxable,,0,0,,0,0,0.11,,,,1,,75,250,เสื้อผ้าและเครื่องประดับ,,,"https://punpunkun.com/wp-content/uploads/2021/07/A8E09309-F5DA-40BA-B8D0-54E82AE05D3F.jpeg, https://punpunkun.com/wp-content/uploads/2021/07/177FAB6D-0810-4A88-889E-FCD2FC35782C.jpeg, https://punpunkun.com/wp-content/uploads/2021/07/0FBD6CC0-5FD4-432F-9F5D-CD580346B0F3.jpeg",,,,,,,,,0,,Size (เสื้อ),"3Y, 4Y",1,1,สี,สีเทา,1,1,อายุ,3ปี,1,1,,,,,Good
11939,simple,100094,,Gray T-shirt เสื้อยืดสีเทา,1,0,visible,เสื้อยืด แบรนด์ Zara สีเทา ไซส์ 9-12 เดือน (9-12 M) CM80,,,,taxable,,0,0,,0,0,0.13,,,,1,,75,250,เสื้อผ้าและเครื่องประดับ,,,"https://punpunkun.com/wp-content/uploads/2021/07/725DF5F6-9CD0-405E-874A-4B5704F1ED5C.jpeg, https://punpunkun.com/wp-content/uploads/2021/07/1ED3DF3A-7106-4D33-823B-11E1282C511D.jpeg, https://punpunkun.com/wp-content/uploads/2021/07/53BD3617-A7BC-4E63-B74D-A8A0C198CEEF.jpeg",,,,,,,,,0,,Size (เสื้อ),"12M, 9M",1,1,สี,สีเทา,1,1,อายุ,9เดือน,1,1,,,,,Good
11941,simple,100095,,Cream T-shirt เสื้อยืดสีครีม,1,0,visible,เสื้อยืด แบรนด์ Zara สีครีม แสนหวาน  ไซส์ 3-4 ปี (3-4 Y) CM104,,,,taxable,,0,0,,0,0,0.25,,,,1,,75,250,เสื้อผ้าและเครื่องประดับ,,,"https://punpunkun.com/wp-content/uploads/2021/07/D95CEF92-13AC-43F0-A17C-4D79674DA629.jpeg, https://punpunkun.com/wp-content/uploads/2021/07/40A85B91-0593-4E55-9B59-D760397C0478.jpeg, https://punpunkun.com/wp-content/uploads/2021/07/CC6453FB-A05C-4C5A-BF2D-0097005D171C.jpeg",,,,,,,,,0,,Size (เสื้อ),"3Y, 4Y",1,1,สี,สีครีม,1,1,อายุ,3ปี,1,1,,,,,Good
11943,simple,100093,,Cream T-shirt เสื้อยืดสีครีม,1,0,visible,เสื้อยืด แบรนด์ Zara สีครีม ไซส์ 9-12 เดือน (9-12 M) CM80,,,,taxable,,0,0,,0,0,0.05,,,,1,,75,250,เสื้อผ้าและเครื่องประดับ,,,"https://punpunkun.com/wp-content/uploads/2021/07/D962E985-3BF9-4A92-866B-8EFB0D0CC499.jpeg, https://punpunkun.com/wp-content/uploads/2021/07/832A2460-8600-43B8-A3D9-ACCB7CAFBA44.jpeg, https://punpunkun.com/wp-content/uploads/2021/07/A3EB063D-C438-4A53-AF60-38B0CFAABD63.jpeg",,,,,,,,,0,,Size (เสื้อ),"12M, 9M",1,1,สี,สีครีม,1,1,อายุ,9เดือน,1,1,,,,,Good
11945,simple,100092,,T-shirt เสื้อยืดสีพื้น,1,0,visible,เสื้อยืด แบรนด์ Zara สีฟ้า แสนหวาน  ไซส์ 3-4 ปี (3-4 Y) CM104,,,,taxable,,0,0,,0,0,0.1,,,,1,,50,250,เสื้อผ้าและเครื่องประดับ,,,"https://punpunkun.com/wp-content/uploads/2021/07/0538DD4F-FBD0-4797-A6AD-0F66C86FDC38.jpeg, https://punpunkun.com/wp-content/uploads/2021/07/E6DC6904-915A-4A9C-87CB-2F39D699EAEB.jpeg, https://punpunkun.com/wp-content/uploads/2021/07/ECE076AD-7187-4215-AE47-266AD963DC29.jpeg, https://punpunkun.com/wp-content/uploads/2021/07/BB805FFD-E628-46A6-8CCF-35F9EAEFF6A0.jpeg",,,,,,,,,0,,Size (เสื้อ),"3Y, 4Y",1,1,สี,สีเทา,1,1,อายุ,3ปี,1,1,,,,,Fair
11947,simple,100085,,Ralph Lauren Shirt เสื้อเชิ้ตโปโล,1,0,visible,เสื้อโปโล Ralph Lauren สีเทา ไซส์ 9เดือน(9M) 73/48,,,,taxable,,1,1,,0,0,0.1,,,,0,,450,1500,สินค้าและอุปกรณ์สำหรับเด็ก,,,"https://punpunkun.com/wp-content/uploads/2021/07/A623D5B6-FEDF-4D8C-A38A-9EDE6C5E649F.jpeg, https://punpunkun.com/wp-content/uploads/2021/07/63F5CD66-B365-44E8-9E07-5795D6E83D24.jpeg, https://punpunkun.com/wp-content/uploads/2021/07/5EA8C659-7771-4B3F-9ECA-5FBC11806B63.jpeg",,,,,,,,,0,,Size (เสื้อ),9M,1,1,สี,สีเทา,1,1,อายุ,9เดือน,1,1,เพศ,ชาย,1,1,Good
11949,simple,100083,,Ralph Lauren Shirt เสื้อโปโล,1,0,visible,"เสื้อโปโล แบรนด์ Ralph Lauren สีขาว ใส่สบาย ไซส์ 9เดือน(9M)\n\n&nbsp;",,,,taxable,,1,1,,0,0,0.82,,,,0,,300,1500,สินค้าและอุปกรณ์สำหรับเด็ก,,,"https://punpunkun.com/wp-content/uploads/2021/07/85467AD6-53D6-4977-9B55-811A5234441B.jpeg, https://punpunkun.com/wp-content/uploads/2021/07/D3DF3D8D-3EDC-402A-9120-4D9BEBDDBCE0.jpeg, https://punpunkun.com/wp-content/uploads/2021/07/50BA0286-21E9-4773-92EE-8C617D6FB7FF.jpeg, https://punpunkun.com/wp-content/uploads/2021/07/CD75519F-792E-4866-93CE-4C731F7B7AF3.jpeg",,,,,,,,,0,,Size (เสื้อ),9M,1,1,สี,สีขาว,1,1,อายุ,9เดือน,1,1,,,,,Fair
11951,simple,100084,,Ralph Lauren Polo Shirt เสื้อเชิ้ตคอปกโปโลสีน้ำเงิน,1,0,visible,เสื้อโปโล แบรนด์ Ralph Lauren แขนสั้น สีน้ำเงิน ไซส์ 9เดือน(9M),,,,taxable,,1,1,,0,0,0.2,,,,0,,360,1190,สินค้าและอุปกรณ์สำหรับเด็ก,,,"https://punpunkun.com/wp-content/uploads/2021/07/E0903AF6-7B57-430C-B73A-A605B5BB3A6B.jpeg, https://punpunkun.com/wp-content/uploads/2021/07/1A84CD97-56F3-4548-8DC3-C53F4CF557A3.jpeg, https://punpunkun.com/wp-content/uploads/2021/07/AF2BC2E8-129D-445A-8E6C-B43B70D4F4E2.jpeg",,,,,,,,,0,,Size (เสื้อ),9M,1,1,สี,สีน้ำเงิน,1,1,อายุ,9เดือน,1,1,,,,,Good
11953,simple,100082,,Yellow T-shirt เสื้อยืดสีเหลืองลายการ์ตูน,1,0,visible,เสื้อยืด Uniqlo แขนสั้น สีเหลือง ไซส์ 80 ส่วนสูง 80 น้ำหนัก 11,,,,taxable,,1,1,,0,0,0.1,,,,0,,120,390,สินค้าและอุปกรณ์สำหรับเด็ก,,,"https://punpunkun.com/wp-content/uploads/2021/07/A0C157AF-A70B-4F87-BDBF-6150D5780684.jpeg, https://punpunkun.com/wp-content/uploads/2021/07/286DCB85-3297-435F-AECD-F635533BD808.jpeg, https://punpunkun.com/wp-content/uploads/2021/07/09A60EB7-8FBF-4615-B866-C2C2B28EF063.jpeg",,,,,,,,,0,,สี,สีเหลือง,1,1,อายุ,18เดือน,1,1,,,,,,,,,Good
11955,simple,100077,,Construction Pajamas ชุดนอนคอกลมขายาวลายรถเครน,1,0,visible,ชุดนอน แบรนด์ Carter’s สีน้ำเงิน นุ่ม ใส่สบาย ลายรถเครน สุดเทห์ ไซส์ เบบี้ 12เดือน(12M),,,,taxable,,1,1,,0,0,0.2,,,,0,,210,700,สินค้าและอุปกรณ์สำหรับเด็ก,,,"https://punpunkun.com/wp-content/uploads/2021/07/C2E32AEA-3DC5-4E11-BC82-27DF7AA53289.jpeg, https://punpunkun.com/wp-content/uploads/2021/07/E333689B-A7A0-4A0E-AE89-D364CCEDAFDC.jpeg, https://punpunkun.com/wp-content/uploads/2021/07/88C75E48-F005-40F7-B3A2-8641FCCFCAC9.jpeg",,,,,,,,,0,,Size (เสื้อ),12M,1,1,สี,"สีกรม, สีเทา, สีเหลือง",1,1,อายุ,12เดือน,1,1,,,,,Good
11957,simple,100090,,Cream Trousers กางเกงขายาวสีครีม,1,0,visible,กางเกงขายาว แบรนด์ Carter’s สีครีม สุดเทห์ ไซส์ เบบี้ 9เดือน(9M),,,,taxable,,0,0,,0,0,0.2,,,,0,,280,920,สินค้าและอุปกรณ์สำหรับเด็ก,,,"https://punpunkun.com/wp-content/uploads/2021/07/7A66012E-DD2C-4D25-8E29-5F71C84FA8E2.jpeg, https://punpunkun.com/wp-content/uploads/2021/07/2DB2C34A-086D-4466-8900-79396C21FE2A.jpeg, https://punpunkun.com/wp-content/uploads/2021/07/53FF95E0-8A14-43E6-A897-2EAE2EB7B8E4.jpeg",,,,,,,,,0,,Size (กางเกง),9M,1,1,สี,สีครีม,1,1,อายุ,9เดือน,1,1,,,,,Good
11959,simple,100103,,Mickey Shoes รองเท้าผ้าใบลายมิกกี้,1,0,visible,รองเท้ากีฬาพิมพ์ลายรูปทรง MICKEY MOUSE เปิดปิดด้วยเชือกปรับได้ ไซส์ 1 ปี CM12.3,,,,taxable,,1,1,,0,0,0.3,,,,0,,845,1690,สินค้าและอุปกรณ์สำหรับเด็ก,,,"https://punpunkun.com/wp-content/uploads/2021/07/6ACC0875-98DA-4F60-8DDD-F17200D8A431.jpeg, https://punpunkun.com/wp-content/uploads/2021/07/8BF4B91C-2D04-4BA9-BE2A-178D6EBC94C0.jpeg, https://punpunkun.com/wp-content/uploads/2021/07/806159F7-A029-47EF-A364-6BDCDD937CD9.jpeg, https://punpunkun.com/wp-content/uploads/2021/07/AFCFE0CD-FC41-48D9-9674-11BA13B699CE.jpeg",,,,,,,,,0,,สี,"สีกรม, สีขาว, สีดำ, สีเขียว, สีเหลือง",1,1,อายุ,1ปี,1,1,,,,,,,,,Good
11961,simple,100102,,Body Glove Shark Shoes รองเท้าผ้าใบบอดี้โกบลายฉลาม,1,0,visible,รองเท้าผ้าใบบอดี้โกบ Body Glove ลายฉลาม สีดำ ไซส์ US6 UK5 EUR22 CM13,,,,taxable,,1,1,,0,0,0.2,,,,0,,900,1800,สินค้าและอุปกรณ์สำหรับเด็ก,,,"https://punpunkun.com/wp-content/uploads/2021/07/70835988-7243-4CB0-9760-C7C31C9409F5.jpeg, https://punpunkun.com/wp-content/uploads/2021/07/379FD440-917B-44CD-9080-460FAA6F47A7.jpeg, https://punpunkun.com/wp-content/uploads/2021/07/9C8ECD1C-AB49-4ABD-9822-6EDF28119C40.jpeg",,,,,,,,,0,,สี,"สีขาว, สีดำ, สีฟ้า",1,1,,,,,,,,,,,,,Good
11963,simple,100099,,Scott's body suit เสื้อบอดี้สูทลายสก๊อต,1,0,visible,"ชุดบอดี้สูท แบรนด์ Baby GAP สีขาว เขียว เหลือง ลายสก๊อตสุดน่ารัก มีกระดุมบริเวณด้านล่าง สวมใส่ง่าย ไซส์ 12-18 เดือน (12-18 M)\n\n&nbsp;",,,,taxable,,1,1,,0,0,0.2,,,,0,,120,390,สินค้าและอุปกรณ์สำหรับเด็ก,,,"https://punpunkun.com/wp-content/uploads/2021/07/6DC30BAE-8506-4D35-B650-17CCBD75A50D.jpeg, https://punpunkun.com/wp-content/uploads/2021/07/C5FB0762-D60B-4643-AE7E-7E5E59CF93C9.jpeg, https://punpunkun.com/wp-content/uploads/2021/07/558AB23C-2FE3-436F-81F4-BD8C41321291.jpeg",,,,,,,,,0,,Size (เสื้อ),"12M, 18M",1,1,สี,"สีขาว, สีเขียว, สีเหลือง",1,1,อายุ,12เดือน,1,1,เพศ,ชาย,1,1,Good
11965,simple,100119,,Grid long Trousers กางเกงขายาวสีกลม,1,0,visible,กางเกงขายาว แบรนด์ Carter’s สีกรม สุดเทห์ ไซส์ เบบี้ 9เดือน(9M),,,,taxable,,0,0,,0,0,0.2,,,,0,,150,500,สินค้าและอุปกรณ์สำหรับเด็ก,,,"https://punpunkun.com/wp-content/uploads/2021/07/C212DC3C-5645-497A-B55C-48324D49D044.jpeg, https://punpunkun.com/wp-content/uploads/2021/07/7AC31A65-3758-4EBB-9FA4-4AB6E0D69933.jpeg, https://punpunkun.com/wp-content/uploads/2021/07/771FDD36-D1DC-4256-A8EC-D6F7E31A759F.jpeg",,,,,,,,,0,,Size (กางเกง),9M,1,1,สี,สีกรม,1,1,อายุ,9เดือน,1,1,เพศ,ชาย,1,1,Good
11967,simple,100118,,Adidas Trousers กางเกงขายาว,1,0,visible,กางเกงขายาว Adidas สีน้ำเงิน ไซส์ 6เดือน(6M),,,,taxable,,1,1,,0,0,0.1,,,,0,,390,1300,สินค้าและอุปกรณ์สำหรับเด็ก,,,"https://punpunkun.com/wp-content/uploads/2021/07/9207374B-0A83-4D6A-8B40-C34EB1DF2593.jpeg, https://punpunkun.com/wp-content/uploads/2021/07/EAAD7116-F48E-448A-8627-9AF2848B618A.jpeg, https://punpunkun.com/wp-content/uploads/2021/07/BD87AC94-ABA0-4792-87B1-14D349D8BA31.jpeg",,,,,,,,,0,,Size (กางเกง),9M,1,1,สี,สีน้ำเงิน,1,1,อายุ,9เดือน,1,1,,,,,Good
11969,simple,100117,,Disney Mickey Mouse Baby Boys’ Awesome 2-Piece Sweatsuit Outfit ชุดสเวตสูท 2 ชิ้น สำหรับเด็ก,1,0,visible,ชุดสเวตสูท 2 ชิ้น สำหรับเด็ก แบรนด์ Disney สีเทา ลายมิกกี้เม้าส์ ไซส์12 M สีดำ ใส่สบายผ้านุ่ม,,,,taxable,,1,1,,0,0,0.3,,,,0,,405,1350,สินค้าและอุปกรณ์สำหรับเด็ก,,,"https://punpunkun.com/wp-content/uploads/2021/07/74C4EEA7-13E6-4651-8580-D443A3499F5B.jpeg, https://punpunkun.com/wp-content/uploads/2021/07/D7745B7C-DF8D-4354-B826-1413EE774534.jpeg, https://punpunkun.com/wp-content/uploads/2021/07/2E9C17FB-14D1-42D9-BAFB-BADCE09A0ECA.jpeg, https://punpunkun.com/wp-content/uploads/2021/07/B95086BB-05EB-4301-9236-6ECB26F94825.jpeg, https://punpunkun.com/wp-content/uploads/2021/07/74C4EEA7-13E6-4651-8580-D443A3499F5B.jpeg, https://punpunkun.com/wp-content/uploads/2021/07/348AD3AB-6A65-41D3-9E36-70F7341F52D6.jpeg, https://punpunkun.com/wp-content/uploads/2021/07/B91E0573-A1BA-431E-A8B6-74659BB843F7.jpeg",,,,,,,,,0,,Size (กางเกง),12M,1,1,สี,สีกรม,1,1,เพศ,"ชาย, หญิง",1,1,,,,,Good
11971,simple,100120,,Green Shirt long เสื้อแขนยาวสีเขียว,1,0,visible,เสื้อยืดแขนยาว แบรนด์ Carter's ลายสุดเท่ห์ สีเขียว,,,,taxable,,1,1,,0,0,0.20,,,,0,,150,490,สินค้าและอุปกรณ์สำหรับเด็ก,,,"https://punpunkun.com/wp-content/uploads/2021/07/0CBFFDE5-4019-4B9B-B28D-EA0E8F0127A6.jpeg, https://punpunkun.com/wp-content/uploads/2021/07/B2074FA9-4E3B-4FB2-A6E6-CFB9AC82EE7E.jpeg, https://punpunkun.com/wp-content/uploads/2021/07/9633F339-2603-45C7-AA82-4CB8D8C5455C.jpeg",,,,,,,,,0,,Size (เสื้อ),3T,1,1,สี,สีเขียว,1,1,เพศ,ชาย,1,1,,,,,Good
11973,simple,100121,,Body suit long sleeve shirt เสื้อบอดี้สูทยาวลายขวาง,1,0,visible,ชุดบอดี้สูทแขนยาว แบรนด์ Baby GAP สีเทา ขาว แดง น้ำเงิน ดำ ลายขวาง มีกระดุมบริเวณด้านล่าง สวมใส่ง่าย ไซส์ 12-18 เดือน (12-18 M),,,,taxable,,1,1,,0,0,0.1,,,,0,,120,390,สินค้าและอุปกรณ์สำหรับเด็ก,,,"https://punpunkun.com/wp-content/uploads/2021/07/695F68D7-E2EC-443B-A77C-1243665AEB2B.jpeg, https://punpunkun.com/wp-content/uploads/2021/07/014E830A-5FAB-41E7-94DF-C627341A2A63.jpeg, https://punpunkun.com/wp-content/uploads/2021/07/56B08CBB-0F57-4194-B3BC-8D733DBFA516.jpeg",,,,,,,,,0,,Size (เสื้อ),12-18M,1,1,สี,"สีขาว, สีดำ, สีน้ำเงิน, สีเทา, สีแดง",1,1,อายุ,12เดือน,1,1,เพศ,ชาย,1,1,Good
11975,simple,100122,,Flynn Long Sleeve Raglan Rash Vest เสื้อว่ายน้ำ,1,0,visible,เสื้อว่ายน้ำแขนยาว แบรนด์ Cotton on ลายขวาง ไซส์ 2 ปี (2Y),,,,taxable,,1,,,0,0,0.1,,,,0,,170,560,สินค้าและอุปกรณ์สำหรับเด็ก,,,"https://punpunkun.com/wp-content/uploads/2021/07/28C95FBF-A156-4EB4-A3ED-FB5CBA3CE72C.jpeg, https://punpunkun.com/wp-content/uploads/2021/07/38B6ED34-90B6-4AB7-97BC-01197B2F92EF.jpeg, https://punpunkun.com/wp-content/uploads/2021/07/581740D1-BE22-4436-A72F-B465FC84119C.jpeg",,,,,,,,,0,,Size (เสื้อ),2T,1,1,สี,"สีกรม, สีขาว, สีฟ้า, สีเขียว",1,1,อายุ,2ปี,1,1,เพศ,ชาย,1,1,Good
11977,simple,100088,,Body suit Green Navy blue เสื้อบอดี้สูทแขนยาว2สี,1,0,visible,บอดี้สูทขาสั้นแขนยาวสีกรม ตรงกลางลำตัวสีเขียว จากแบรนด์ Baby Gap ไซส์ 12-18 M,,,,taxable,,1,1,,0,0,0.12,,,,0,,120,400,สินค้าและอุปกรณ์สำหรับเด็ก,,,"https://punpunkun.com/wp-content/uploads/2021/07/40B8D8EF-EC6B-481E-B706-64FD792EA6ED.jpeg, https://punpunkun.com/wp-content/uploads/2021/07/8B922CC2-A70F-4AD7-9DF0-EF6A6E8A404E.jpeg, https://punpunkun.com/wp-content/uploads/2021/07/E41B7C05-96C6-4DE3-86EC-B83136D25DC1.jpeg",,,,,,,,,0,,Size (เสื้อ),"12-18M, 12M, 18M",1,1,สี,"สีกรม, สีเขียว, สีเทา",1,1,เพศ,ชาย,1,1,,,,,Good
11981,simple,100087,,Long sleeve t-shirt with car print เสื้อยืดแขนยาวลายรถ,1,0,visible,เสื้อยืดลายรถ แบรนด์ Baby Gap ไซส์ 2 Y สีเทา,,,,taxable,,1,1,,0,0,0.80,,,,0,,100,320,สินค้าและอุปกรณ์สำหรับเด็ก,,,"https://punpunkun.com/wp-content/uploads/2021/07/063BC55D-8A6D-4B3C-9FC9-2FA78734C491.jpeg, https://punpunkun.com/wp-content/uploads/2021/07/5535BEA4-5B98-4DE0-A081-A2437DF66339.jpeg, https://punpunkun.com/wp-content/uploads/2021/07/2E2E805C-8D58-4C05-9D0D-E2BF14380097.jpeg",,,,,,,,,0,,Size (เสื้อ),2Y,1,1,สี,สีเทา,1,1,,,,,,,,,Good
11983,simple,100101,,Body suit long sleeve shirt เสื้อบอดี้สูทยาวลายสีน้ำเงินสีเทา,1,0,visible,บอดี้สูทลายขว้าสีน้ำเงิน รูปหมีแสนคิ้วส์ ไซส์12-18M สีเทาและลายสีน้ำเงิน จากแบรนด์ Baby Gap,,,,taxable,,1,1,,0,0,0.90,,,,0,,120,400,สินค้าและอุปกรณ์สำหรับเด็ก,,,"https://punpunkun.com/wp-content/uploads/2021/07/0ADC9FCB-A50C-466E-B4FA-B43A370B9795.jpeg, https://punpunkun.com/wp-content/uploads/2021/07/32B2E157-5BDE-45BD-A6FD-FE0ED1E7CEFF.jpeg, https://punpunkun.com/wp-content/uploads/2021/07/8B818D62-705E-49A3-ACC9-34F012A2A410.jpeg",,,,,,,,,0,,Size (เสื้อ),12-18M,1,1,สี,"สีน้ำเงิน, สีเทา",1,1,เพศ,"ชาย, หญิง",1,1,,,,,Good
11985,simple,100086,,Yellow Shirt เสื้อเชิ้ตแขนสั้นคอปก,1,0,visible,เสื้อเชิ้ตโปโลแขนสั้น แบรนด์Polo สีเหลือง ไซส์9 M,,,,taxable,,1,1,,0,0,0.1,,,,0,,210,690,สินค้าและอุปกรณ์สำหรับเด็ก,,,"https://punpunkun.com/wp-content/uploads/2021/07/F2B04DD4-32F1-4837-BDEC-255232D3F849.jpeg, https://punpunkun.com/wp-content/uploads/2021/07/CC2F5DBD-9A78-4EBB-9426-10EBD9CBB744.jpeg, https://punpunkun.com/wp-content/uploads/2021/07/03BB31D7-ED15-4251-8104-749E42F5A522.jpeg",,,,,,,,,0,,Size (เสื้อ),9M,1,1,สี,สีเหลือง,1,1,เพศ,ชาย,1,1,,,,,Good
11987,simple,100123,,White Body Suit บอดี้สูทแขนยาวสีขาว,1,0,visible,บอดี้สูทแขนยาว จากแบรนด์  baby gap สีขาว ไซส์ 6-12 M,,,,taxable,,1,2,,0,0,0.12,,,,0,,135,450,สินค้าและอุปกรณ์สำหรับเด็ก,,,"https://punpunkun.com/wp-content/uploads/2021/07/989723B3-BE54-4308-BCAF-40A74E946A6A.jpeg, https://punpunkun.com/wp-content/uploads/2021/07/1BF6D1B0-C6CD-4B59-BB3E-B752C76ACA16.jpeg, https://punpunkun.com/wp-content/uploads/2021/07/7DBBF13D-3E41-4A71-942E-D7AFE7067470.jpeg",,,,,,,,,0,,สี,สีขาว,1,1,Size (เสื้อ),6-12 M,1,1,เพศ,"ชาย, หญิง",1,1,,,,,Good
12016,simple,100097,,Green T-shirt เสื้อยืดสีเขียว,1,0,visible,เสื้อยืดโปโล แบรนด์ Polo สีเขียว ไซส์ 9 M,,,,taxable,,0,0,,0,0,0.2,,,,0,,190,1190,สินค้าและอุปกรณ์สำหรับเด็ก,,,"https://punpunkun.com/wp-content/uploads/2021/07/EDF61B69-2DB4-4FEC-9803-27658C1F132F.jpeg, https://punpunkun.com/wp-content/uploads/2021/07/C29B2471-37A0-4C63-B5BA-FFF5C7C6FF4A.jpeg, https://punpunkun.com/wp-content/uploads/2021/07/81E19C7C-D0F9-43F0-9547-C4850A9BEB1B.jpeg, https://punpunkun.com/wp-content/uploads/2021/07/7C160386-3C1B-40D8-BC89-FC5D30C24ADD.jpeg",,,,,,,,,0,,Size (เสื้อ),9M,1,1,สี,สีเขียว,1,1,อายุ,9เดือน,1,1,เพศ,ชาย,1,1,Fair
12018,simple,100098,,Green T-shirt เสื้อยืดสีเขียว,1,0,visible,เสื้อยืดโปโล แบรนด์ Polo สีเขียว ไซส์ 2T,,,,taxable,,1,1,,0,0,0.1,,,,0,,300,1190,สินค้าและอุปกรณ์สำหรับเด็ก,,,"https://punpunkun.com/wp-content/uploads/2021/07/5496AC32-A2FC-4B27-8E4F-44492F19160F.jpeg, https://punpunkun.com/wp-content/uploads/2021/07/F19789EF-71D4-4E4A-B4AD-B43A7D11B844.jpeg, https://punpunkun.com/wp-content/uploads/2021/07/7A941DFB-AD07-4146-9EBD-62EE1A0D45F0.jpeg",,,,,,,,,0,,Size (เสื้อ),2T,1,1,สี,สีเขียว,1,1,อายุ,2ปี,1,1,,,,,Good
12020,simple,100115,,Bear T-shirt เสื้อยืดสีขาวลายหมี,1,0,visible,เสื้อยืดหมีน้อย โปโล แบรนด์ Polo ไซส์ 9 M สีขาว,,,,taxable,,0,0,,0,0,0.56,,,,0,,360,1190,สินค้าและอุปกรณ์สำหรับเด็ก,,,"https://punpunkun.com/wp-content/uploads/2021/07/6617C40F-2FF9-4453-AD79-773E6D7E951C.jpeg, https://punpunkun.com/wp-content/uploads/2021/07/259EED93-83A1-42A1-8B54-DB20B3E5D6BC.jpeg, https://punpunkun.com/wp-content/uploads/2021/07/7B92D4C5-14DA-4DDF-A160-776E692AE4F0.jpeg, https://punpunkun.com/wp-content/uploads/2021/07/EF6BBE9C-2B76-4FE1-B12B-979AE078A0ED.jpeg",,,,,,,,,0,,Size (เสื้อ),9M,1,1,สี,สีขาว,1,1,เพศ,ชาย,1,1,,,,,Good
12022,simple,100116,,Short pants กางเกงขาสั้นลายขวาง,1,0,visible,"<p style=""padding: 0px;margin: 0px 0px 1.43rem;color: #555555;font-family: Prompt-Regular"">กางเกงขาสั้น แบรนด์ Carter’s สีเหลือง น้ำเงิน ขาว สุดเทห์ ไซส์ เบบี้ 18เดือน(18M)</p>",,,,taxable,,1,1,,0,0,0.1,,,,0,,235,775,สินค้าและอุปกรณ์สำหรับเด็ก,,,"https://punpunkun.com/wp-content/uploads/2021/07/B3936539-FA96-4C47-BF23-692EA5311431.jpeg, https://punpunkun.com/wp-content/uploads/2021/07/43254015-77E0-4C7A-9C20-648ABE96AD95.jpeg, https://punpunkun.com/wp-content/uploads/2021/07/5197DDE8-E761-44BA-B14F-B47EEF467140.jpeg",,,,,,,,,0,,สี,"สีขาว, สีชมพู, สีน้ำเงิน, สีฟ้า, สีเขียว",1,1,Size (กางเกง),18M,1,1,อายุ,18เดือน,1,1,,,,,Good
12059,simple,110022,,110022,1,0,visible,,,,,taxable,,0,0,,0,0,,,,,1,,,40,ของเล่นและเครื่องนอนการตกแต่ง,,,https://punpunkun.com/wp-content/uploads/2021/06/926673E7-4359-4425-AD53-0A3233DAB0D3-e1636353208744.jpeg,,,,,,,,,0,,,,,,,,,,,,,,,,,,Good
12061,simple,110021,,110021,1,0,visible,,,,,taxable,,0,0,,0,0,,,,,1,,,60,เสื้อผ้าและเครื่องประดับ,,,https://punpunkun.com/wp-content/uploads/2021/06/926673E7-4359-4425-AD53-0A3233DAB0D3-e1636353208744.jpeg,,,,,,,,,0,,,,,,,,,,,,,,,,,,Good
12088,simple,210183,,210183,1,0,visible,,,,,taxable,,0,0,,0,0,,,,,1,,,60,เสื้อผ้าและเครื่องประดับ,,,https://punpunkun.com/wp-content/uploads/2021/06/logo-ล่าสุด.-e1636353198473.jpg,,,,,,,,,0,,,,,,,,,,,,,,,,,,Good
12090,simple,210236,,210236,1,0,visible,,,,,taxable,,0,0,,0,0,,,,,1,,,40,เสื้อผ้าและเครื่องประดับ,,,https://punpunkun.com/wp-content/uploads/2021/06/logo-ล่าสุด.-e1636353198473.jpg,,,,,,,,,0,,,,,,,,,,,,,,,,,,Good
12092,simple,910015,,910015,1,0,visible,,,,,taxable,,0,0,,0,0,,,,,1,,,40,ของเล่นและเครื่องนอนการตกแต่ง,,,https://punpunkun.com/wp-content/uploads/2021/06/logo-ล่าสุด.-e1621125981899-2-e1636353178954.jpg,,,,,,,,,0,,,,,,,,,,,,,,,,,,Good
12100,simple,210273,,210273,1,0,visible,,,,,taxable,,0,0,,0,0,,,,,1,,,40,เสื้อผ้าและเครื่องประดับ,,,https://punpunkun.com/wp-content/uploads/2021/06/logo-ล่าสุด.-e1636353198473.jpg,,,,,,,,,0,,,,,,,,,,,,,,,,,,Good
12516,simple,100206,,Neighborhood Symphony Activity Jumper เก้าอี้กิจกรรม กระโดดได้,1,0,visible,เก้าอี้กิจกรรม กระโดดได้ และ หมุนรอบทิศ 360 องศา พร้อมของเล่นรูปสัตว์ขั้วโลกเหนือน่ารักๆ-มีสีสันสดใสรอบตัว สามารถปรับระดับความสูงของเบาะได้ 4 ระดับ มาพร้อมกับกล่องดนตรี-ลูกโลกหมุนได้ และ แสงไฟ ที่ช่วยเพิ่มสีสัน ให้ลูกน้อยรู้สึกเพลิดเพลินและสนุกไปกับกิจกรรมต่างๆที่มีมาให้พร้อมกับฝึกพัฒนาการกล้ามเนื้อขา,,,,taxable,,1,1,,0,0,6.800,,,,0,,5880,9800,สินค้าและอุปกรณ์สำหรับเด็ก,,,"https://punpunkun.com/wp-content/uploads/2021/07/90357563-714B-4A52-ABF7-3CD48A973B2A-rotated.jpeg, https://punpunkun.com/wp-content/uploads/2021/07/8229C896-3643-4C7F-B3E8-273A94A8BAC9-rotated.jpeg, https://punpunkun.com/wp-content/uploads/2021/07/FF79CAFA-1D95-4FFA-BC57-039D06D86CAF-rotated.jpeg, https://punpunkun.com/wp-content/uploads/2021/07/EA525C64-8DAF-4C5F-A6F5-91FB169AC6D5-rotated.jpeg, https://punpunkun.com/wp-content/uploads/2021/07/3AAC4992-208A-4001-9CF0-89571B9F28C0-rotated.jpeg",,,,,,,,,0,,สี,"สีฟ้า, สีเขียว, สีเหลือง",1,1,,,,,,,,,,,,,Good
12523,simple,100205,,ิBaby Shark Woden Puzzle 5 pk จิ๊กซอว์ 5 ชิ้น,1,0,visible,จิ๊กซอว์ไม้ ของเล่นเพื่อการศึกษาสำหรับเด็กอายุ 2 ขวบขึ้นไป,,,,taxable,,1,1,,0,0,0.610,,,,0,,690,1150,สินค้าและอุปกรณ์สำหรับเด็ก,,,"https://punpunkun.com/wp-content/uploads/2021/07/5F2626EC-95C8-407A-BE75-3F3B9060CC84-rotated.jpeg, https://punpunkun.com/wp-content/uploads/2021/07/415F4778-A3B9-4855-BC68-5F020E9A49EC-rotated.jpeg, https://punpunkun.com/wp-content/uploads/2021/07/5331CBD8-0A66-491A-B9AC-402AF98BC3B2-rotated.jpeg, https://punpunkun.com/wp-content/uploads/2021/07/CC04F441-BA85-49FA-9DD7-A11E08A56FC1-rotated.jpeg",,,,,,,,,0,,สี,สีชมพู,1,1,อายุ,2ปี,1,1,,,,,,,,,Good
12529,simple,100191,,Baby First Blocks บล็อคหยอด เสริมพัฒนาการ,1,0,visible,บล็อคหยอดฟิชเชอร์ไพรซ์ ประกอบด้วย รูปทรงกระบอก ดาว สามเหลี่ยม สี่เหลี่ยมและเครื่องหมายบวกอย่างละสองชิ้น สามารถนำชิ้นส่วนเหล่านี้หยอดลงกล่องที่เปิดฝา หรือหยอดตามรอยรูปทรงนั้นๆ เป็นการฝึกความสัมพันธ์ของตาและมือขั้นพื้นฐาน,,,,taxable,,1,1,,0,0,1,,,,0,,360,595,สินค้าและอุปกรณ์สำหรับเด็ก,,,"https://punpunkun.com/wp-content/uploads/2021/07/403BA1E7-DD51-4AFE-840A-89DA0A7E3B00-rotated.jpeg, https://punpunkun.com/wp-content/uploads/2021/07/E5C6C676-3DDB-400E-B59F-4E5AAA8D92AA-rotated.jpeg, https://punpunkun.com/wp-content/uploads/2021/07/5E6F574E-9579-4712-B47A-D500AF1C034F-rotated.jpeg",,,,,,,,,0,,สี,"สีกรม, สีขาว, สีครีม, สีชมพู, สีดำ, สีน้ำตาล, สีน้ำเงิน, สีฟ้า, สีม่วง, สีส้ม, สีเขียว, สีเทา, สีเหลือง, สีแดง",1,1,อายุ,1ปี,1,1,เพศ,"ชาย, หญิง",1,1,,,,,Good
12536,simple,100153,,Adjust-to-Fit Sun Shade ผ้าม่านบังแดด,1,0,visible,"ผ้าม่านบังแดด <span style=""vertical-align: inherit;"">ช่วยป้องกันรังสี UV-A/UV-B ที่เป็นอันตราย  </span><span style=""vertical-align: inherit;"">เหมาะสำหรับหน้าต่างบานใหญ่บน SUV รถบรรทุก และมินิแวน</span>",,,,taxable,,1,1,,0,0,0.205,,,,0,,340,560,สินค้าและอุปกรณ์สำหรับเด็ก,,,"https://punpunkun.com/wp-content/uploads/2021/07/F5907183-57E2-4D74-9109-11F4F7BB5AAA-rotated.jpeg, https://punpunkun.com/wp-content/uploads/2021/07/391D8929-2A22-4CB5-9E75-4D5BA63E9FB6-rotated.jpeg, https://punpunkun.com/wp-content/uploads/2021/07/FA38BF76-90F6-4D2B-AAAD-D243C6397F9D-rotated.jpeg",,,,,,,,,0,,สี,สีดำ,1,1,,,,,,,,,,,,,Good
12542,simple,100195,,Inside Scoop Suction ถ้วยจานเด็กเล็ก,1,0,visible,แผ่นดูดแบบแยกส่วน 2 ชิ้น แผ่นแบ่งมี 3 ส่วนสำหรับอาหารทารกพร้อมฐานดูด ขอบโค้งมนเฉพาะตัวเพื่อช่วยในการนำอาหารใส่ส้อมและช้อนได้มากขึ้น,,,,taxable,,1,1,,0,0,0.171,,,,0,,735,980,สินค้าและอุปกรณ์สำหรับเด็ก,,,"https://punpunkun.com/wp-content/uploads/2021/07/C26F047D-8B18-48B8-A7FA-4CCB8878EDD0-rotated.jpeg, https://punpunkun.com/wp-content/uploads/2021/07/FF1772EE-24CA-4FBE-AA40-D7902B35C437-rotated.jpeg, https://punpunkun.com/wp-content/uploads/2021/07/10570387-7C13-43BE-8CFB-FC8B32730948-rotated.jpeg, https://punpunkun.com/wp-content/uploads/2021/07/F3383D33-A664-4ADE-AED3-E7535A68B543-rotated.jpeg",,,,,,,,,0,,สี,"สีน้ำเงิน, สีเขียว",1,1,อายุ,12เดือน,1,1,,,,,,,,,Mint
12545,simple,100201,,Innobaby-Keepaa Multi Use Drink กล่องจับขวดนม,1,0,visible,ปลอกใส่เครื่องดื่มที่เป็นนวัตกรรมใหม่ช่วยป้องกันมือเล็กๆ จากการบีบโดยไม่ตั้งใจ ขยายเพื่อเก็บเครื่องดื่มได้หลายประเภท และพับลงเพื่อการจัดเก็บที่กะทัดรัด เหมาะสำหรับการให้ความช่วยเหลือเล็กน้อยสำหรับเด็กวัยหัดเดินที่เรียนรู้วิธีดื่มด้วยกล่องนม กล่องน้ำผลไม้ ถุงใส่น้ำผลไม้ ขวดน้ำสำหรับเด็ก และถ้วยขนาดเล็ก ที่จับขนาดพอดีมือช่วยให้จับถนัดมือได้ง่ายขึ้น,,,,taxable,,1,1,,0,0,0.051,,,,0,,220,290,สินค้าและอุปกรณ์สำหรับเด็ก,,,"https://punpunkun.com/wp-content/uploads/2021/07/AE61DE58-1599-46A6-9AD8-870D5C92C5D8-rotated.jpeg, https://punpunkun.com/wp-content/uploads/2021/07/8BC3D229-5BE4-451C-9EE2-BBEC6053C28F-rotated.jpeg",,,,,,,,,0,,สี,"สีฟ้า, สีเขียว",1,1,,,,,,,,,,,,,Mint
12548,simple,100203,,Nuby 360 Max Cup แก้วน้ำ,1,0,visible,ช่วยให้ลูกน้อยของคุณฝึกฝนและเตรียมพร้อมสำหรับการดื่มแบบเปิดถ้วย ขอบถ้วย 360 ช่วยให้เด็กจิบจากที่ใดก็ได้บนขอบถ้วย ขอบซิลิโคน touch-flo ช่วยป้องกันการรั่วไหลและการรั่วซึม ขอบซิลิโคน touch-flo ไวต่อแรงกด และออกแบบมาเพื่อให้เปิดได้เมื่อเด็กจิบจากขอบ เมื่อการดูดหยุดลง ขอบล้อจะปิด ให้การเลี้ยงลูกและการหกรั่วไหล,,,,taxable,,1,1,,0,0,0.119,,,,0,,320,400,สินค้าและอุปกรณ์สำหรับเด็ก,,,"https://punpunkun.com/wp-content/uploads/2021/07/9EE19EEB-9688-4F45-9335-502D29360EC0-rotated.jpeg, https://punpunkun.com/wp-content/uploads/2021/07/6A8ECA59-7CB2-47CB-9EFD-07504B45A496-rotated.jpeg, https://punpunkun.com/wp-content/uploads/2021/07/31C6D6EF-F05A-4448-8AAD-ED8487FE416E-rotated.jpeg",,,,,,,,,0,,สี,สีฟ้า,1,1,,,,,,,,,,,,,New
12551,simple,100190,,Miracle 360° Trainer Cup แก้วน้ำพลาสติก2ชั้น,1,0,visible,แก้วน้ำพลาสติก 2 ชั้น สีฟ้า,,,,taxable,,1,1,,0,0,0.087,,,,0,,220,360,สินค้าและอุปกรณ์สำหรับเด็ก,,,"https://punpunkun.com/wp-content/uploads/2021/07/FF107B4F-9CF8-4953-87A6-E68440667C11-rotated.jpeg, https://punpunkun.com/wp-content/uploads/2021/07/C57D7A98-3C26-4F75-8195-50E73F1C9E0F-rotated.jpeg, https://punpunkun.com/wp-content/uploads/2021/07/BCCC7C57-ABFC-4603-ACF2-A46C87F4B4F6-rotated.jpeg",,,,,,,,,0,,สี,สีฟ้า,1,1,,,,,,,,,,,,,Good
12554,simple,100204,,Spill Proof 2 Handle cup แก้วน้ำสำหรับเด็กมีหูจับ,1,0,visible,แก้วน้ำสำหรับเด็กมีหูจับ ลายสิงโต,,,,taxable,,1,1,,0,0,0.063,,,,0,,360,600,สินค้าและอุปกรณ์สำหรับเด็ก,,,"https://punpunkun.com/wp-content/uploads/2021/07/68219BE4-785C-4994-9C0E-F044114C4848-rotated.jpeg, https://punpunkun.com/wp-content/uploads/2021/07/F0F2D749-6B3C-42BF-A0BF-56FE75E3FC11-rotated.jpeg, https://punpunkun.com/wp-content/uploads/2021/07/695D2893-4119-4568-84F2-223268D898C8-rotated.jpeg",,,,,,,,,0,,สี,"สีฟ้า, สีเขียว",1,1,อายุ,6เดือน,1,1,,,,,,,,,Good
12558,simple,100199,,Miracle 360 Trainer Cup ถ้วยหัดดื่ม,1,0,visible,สามารถดื่มได้ 360 องศา และมีขอบกันน้ำหก ถ้วยจะปิดเองอัตโนมัติ เมื่อหยุดดื่ม ดีสำหรับเด็กโต ทำความสะอาดง่าย ปลอดสาร BPA ใช้กับเครื่องล้างจานได้ เหมาะสำหรับเด็กอายุ 12 เดือนขึ้นไป,,,,taxable,,1,1,,0,0,0.64,,,,0,,405,505,สินค้าและอุปกรณ์สำหรับเด็ก,,,"https://punpunkun.com/wp-content/uploads/2021/07/C727DB55-206E-4EB6-A2CD-2D4C8395712F-rotated.jpeg, https://punpunkun.com/wp-content/uploads/2021/07/773B315B-7176-4C28-9E03-0BA59E159873-rotated.jpeg, https://punpunkun.com/wp-content/uploads/2021/07/CE9C6EE7-F287-48CA-94BB-282CEF4B6884-rotated.jpeg",,,,,,,,,0,,สี,สีเขียว,1,1,อายุ,12เดือน,1,1,เพศ,ชาย,1,1,,,,,New
12563,simple,100196,,Evenflo Balance ขวดนมเด็กทารก,1,0,visible,จุกนมลาดเอียงตามธรรมชาติอันเป็นเอกลักษณ์ช่วยให้มีสลักกว้างแข็งแรง ช่องระบายอากาศในตัว 1 ชิ้นช่วยป้องกันอาการโคลิค ก๊าซ และความยุ่งยาก,,,,taxable,,1,1,,0,0,0.064,,,,0,,290,360,สินค้าและอุปกรณ์สำหรับเด็ก,,,"https://punpunkun.com/wp-content/uploads/2021/07/263C4C7F-0471-4367-9511-E3FADB7E438D-rotated.jpeg, https://punpunkun.com/wp-content/uploads/2021/07/073D6B5D-F621-4817-8817-691E78B6266A-rotated.jpeg",,,,,,,,,0,,สี,สีขาว,1,1,อายุ,1เดือน,1,1,,,,,,,,,New
12566,simple,10189,,Philips Avent ขวดนมรุ่นเนเชอร์รัล ขนาด4ออนซ์,1,0,visible,ขวดนมเบบี๋ แบรนด์ Philips ตัวจุกออกแบบพิเศษให้คล้ายเต้านมของแม่ สัมผัสที่นุ่มไม่หดตัวขณะลูกน้อยกำลังดูด,,,,taxable,,1,1,,0,0,0.184,,,,0,,635,790,สินค้าและอุปกรณ์สำหรับเด็ก,,,https://punpunkun.com/wp-content/uploads/2021/07/FE7B4E4D-4C20-48E3-8510-1B7A509387BD-rotated.jpeg,,,,,,,,,0,,สี,สีขาว,1,1,,,,,,,,,,,,,New
12571,simple,100197,,Nuby no-spill and Nuby anti-finger ขวดน้ำเด็ก,1,0,visible,จุกหัดดื่มซิลิโคน Soft Flex™ Easy-Latch เทคโนโลยีจุกหัดดื่มซิลิโคน TOUCH-FLO™ No-Spill™ ที่ไวต่อแรงกด หลอดดูดน้ำหนัก 360° ที่ไล่ตามของเหลว ทำให้ลูกน้อยของคุณดื่มได้ทุกตำแหน่ง รวมถึงตั้งตรง Easy Grip™ ออกแบบมาเฉพาะและมีขนาดสำหรับมือเล็กๆ ชิ้นส่วนถ้วยไม่กี่ชิ้นเพื่อให้ประกอบและทำความสะอาดได้ง่ายและสะดวกที่สุด,,,,taxable,,1,1,,0,0,0.216,,,,0,,795,990,สินค้าและอุปกรณ์สำหรับเด็ก,,,"https://punpunkun.com/wp-content/uploads/2021/07/17B98BC3-A58A-43CA-A083-FF1C16F195EA-rotated.jpeg, https://punpunkun.com/wp-content/uploads/2021/07/FFD700F5-4F0C-4D5E-902D-6EF53E2149E0-rotated.jpeg, https://punpunkun.com/wp-content/uploads/2021/07/4499FF8F-0BB7-4404-B1CB-23D9DD7D5632-rotated.jpeg",,,,,,,,,0,,สี,สีฟ้า,1,1,อายุ,3เดือน,1,1,เพศ,ชาย,1,1,,,,,New
12577,simple,100198,,Any Angle Click Lock Weighted Straw Trainer Cup แก้วน้ำหัดดื่มแบบมีหลอด,1,0,visible,"แก้วน้ำหัดดื่มแบบมีหลอดปลายถ่วง ขนาด 7ออนซ์ แพคคู่ สำหรับใส่น้ำผลไม้ นม และน้ำเปล่า มีความยืดหยุ่น สามารถดูดน้ำได้ทุกองศา, ปลายหลอดสำหรับดูดอ่อนโยนต่อเหงือกของเด็ก มีหูจับ ถือง่าย เหมาะสำหรับมือเล็ก ๆ ของเด็ก มีเทคโนโลยี click-lock รับประกันด้วยซีลไม่ทำให้น้ำไหลหกเลอะเทอะ รวมแปรงทำความสะอาดหลอดในแพค ปลอดสาร BPA ใช้กับเครื่องล้างจานได้ปลอดภัย เหมาะสำหรับเด็กวัย 6 เดือน ขึ้นไป",,,,taxable,,0,0,,0,0,0.113,,,,0,,270,360,เครื่องมือการเลี้ยงดูเด็ก,,,"https://punpunkun.com/wp-content/uploads/2021/07/92BE257D-9721-4704-9B23-8F0BBE01BCCA-rotated.jpeg, https://punpunkun.com/wp-content/uploads/2021/07/C772C509-460E-4AC3-AB8C-CEC72815AFF8-rotated.jpeg, https://punpunkun.com/wp-content/uploads/2021/07/CD9D1BC4-FDE7-4574-B0C3-25B2E81E13A3-rotated.jpeg",,,,,,,,,0,,สี,สีส้ม,1,1,อายุ,6เดือน,1,1,เพศ,"ชาย, หญิง",1,1,,,,,Mint
12581,simple,100202,,Asobu juicy drink box กล่องใส่น้ำ/แก้วน้ำ,1,0,visible,ขวดน้ำ/น้ำผลไม้แบบใช้ซ้ำได้พร้อมหลอดซิลิโคนเกรดอาหารที่ใช้ซ้ำได้ 2 แบบ กล่องน้ำผลไม้มาในสีสันสดใสสวยงามหลากหลาย และต้องมีในกระเป๋าเอกสารหรือกล่องอาหารกลางวัน,,,,taxable,,1,1,,0,0,0.158,,,,0,,345,570,สินค้าและอุปกรณ์สำหรับเด็ก,,,"https://punpunkun.com/wp-content/uploads/2021/07/AC12B5B6-B5E6-4FB6-8ACC-FA10E42152E6-rotated.jpeg, https://punpunkun.com/wp-content/uploads/2021/07/FCADA6CB-55F8-4B71-AE48-BE5F7985C4B4-rotated.jpeg, https://punpunkun.com/wp-content/uploads/2021/07/A92C1C25-6894-4ED0-9700-C2095DF146FD-rotated.jpeg",,,,,,,,,0,,สี,"สีน้ำเงิน, สีเขียว",1,1,เพศ,ชาย,1,1,,,,,,,,,Good
12586,simple,100127,,Oball Flexi Loops ของเล่นเด็กยางกัด,1,0,visible,ของเล่นยางกัดหลากสี เหมาะสำหรับให้ลูกน้อยถือจับกัดเล่น มีพื้นผิวสัมผัสต่างๆให้เด็กได้เรียนรู้ สามารถกัดได้อย่างปลอดภัย ผลิตภัณฑ์ที่จะบรรเทาอาการเจ็บปวดบริเวณเหงือกของลูกน้อยเมื่อฟันกำลังจะขึ้นได้เป็นอย่างดี มาพร้อมกับการออกแบบลวดลายอย่างสุดพิเศษ ทำให้ลูกน้อยของคุณรู้สึกเพลิดเพลินเวลากัด และจะช่วยให้ลูกน้อยลดอาการเจ็บของเหงือกได้เป็นอย่างดี,,,,taxable,,1,1,,0,0,0.096,,,,0,,175,290,สินค้าและอุปกรณ์สำหรับเด็ก,,,"https://punpunkun.com/wp-content/uploads/2021/07/FF4A03CE-6B7C-4291-B10E-63C76D837B10-rotated.jpeg, https://punpunkun.com/wp-content/uploads/2021/07/AA8C9CE9-D0CD-4C19-BC5A-5A0186084AA3-rotated.jpeg",,,,,,,,,0,,สี,"สีน้ำเงิน, สีฟ้า, สีส้ม, สีเขียว, สีแดง",1,1,,,,,,,,,,,,,Good
12589,simple,100200,,Baby Sipsters Spill ขวดนมหัดดื่มป้องกันการหก,1,0,visible,ขวดนมหัดดื่มป้องกันการหก  สำหรับอายุ 4 เดือนขึ้นไป เปลี่ยนจากขวดนมหรือการให้นมเป็นถ้วยจิบได้ง่ายขึ้น ด้ามจับแบบถอดได้เพื่อช่วยพัฒนาการเด็กขณะปลอดสาร BPA,,,,taxable,,1,1,,0,0,0.142,,,,0,,425,530,สินค้าและอุปกรณ์สำหรับเด็ก,,,"https://punpunkun.com/wp-content/uploads/2021/07/1B3A822A-8511-4798-BDBB-380224571487-rotated.jpeg, https://punpunkun.com/wp-content/uploads/2021/07/5D825ECC-AEBB-40ED-A70E-922DBCF06191-rotated.jpeg, https://punpunkun.com/wp-content/uploads/2021/07/84D631D2-2915-4D02-956E-5DF6B8C09E83-rotated.jpeg",,,,,,,,,0,,สี,"สีน้ำเงิน, สีเขียว",1,1,,,,,,,,,,,,,New
12594,simple,100192,,Cloud island musical crib mobile เครื่องดนตรี,1,0,visible,โมบายตุ๊กตารูปสัตว์ หมุนได้รอบ 360 องศา มีเสียงเพลง เสียงดนตรี และเสียงธรรมชาติที่ช่วยขับกล่อมลูกน้อย,,,,taxable,,1,1,,0,0,0.064,,,,0,,900,1500,สินค้าและอุปกรณ์สำหรับเด็ก,,,https://punpunkun.com/wp-content/uploads/2021/07/8AFE83C0-4AD4-4A2C-B6A9-008B14C55413-rotated.jpeg,,,,,,,,,0,,สี,สีเทา,1,1,,,,,,,,,,,,,Good
12600,simple,100194,,Ocean Activity Center แผ่นรองเล่นและของเล่นเด็กติดการกระตุ้น,1,0,visible,อุโมงค์คลานโต๊ะเล่นของเด็กวัยหัดของเล่นที่เชื่อมต่อได้ และแผงกิจกรรมที่สว่างไสวด้วยเพลง เสียง ท่วงทำนอง และวลีที่น่าตื่นเต้น ศูนย์กิจกรรมในธีมมหาสมุทรแห่งนี้จะช่วยให้นักเดินเรือตัวน้อยของคุณเล่นและเรียนรู้ตั้งแต่แรกเกิดจนถึงเด็กวัยหัดเดิน,,,,taxable,,0,0,,0,0,2.600,,,,0,,480,1600,สินค้าและอุปกรณ์สำหรับเด็ก,,,"https://punpunkun.com/wp-content/uploads/2021/07/E58B121C-E2E7-4BF2-BFEE-EDCF9EA3D3FD-rotated.jpeg, https://punpunkun.com/wp-content/uploads/2021/07/CF2FBA0D-3558-4EE0-A07D-77AA5F3C3263-rotated.jpeg, https://punpunkun.com/wp-content/uploads/2021/07/E58DF0C8-8284-4232-ADEA-B31B83842C1E-rotated.jpeg",,,,,,,,,0,,สี,"สีขาว, สีเขียว",1,1,,,,,,,,,,,,,Good
12609,simple,100193,,Piyanolu Jimnastik Merkezi เปียโนและของเล่นเด็ก,1,0,visible,"อุโมงค์คลานโต๊ะเล่นของเด็กวัยหัดของเล่นที่เชื่อมต่อได้ และแผงกิจกรรมที่สว่างไสวด้วยเพลง เสียง ท่วงทำนอง และวลีที่น่าตื่นเต้น ศูนย์กิจกรรมในธีมมหาสมุทรแห่งนี้จะช่วยให้นักเดินเรือตัวน้อยของคุณเล่นและเรียนรู้ตั้งแต่แรกเกิดจนถึงเด็กวัยหัดเดิน\n\n&nbsp;",,,,taxable,,1,1,,0,0,1.300,,,,0,,960,1600,สินค้าและอุปกรณ์สำหรับเด็ก,,,"https://punpunkun.com/wp-content/uploads/2021/07/A59CB8E9-A64D-46F8-BA31-1F0E9EDD91A6-rotated.jpeg, https://punpunkun.com/wp-content/uploads/2021/07/D664C993-D113-4569-B06A-A47C37282B06-rotated.jpeg, https://punpunkun.com/wp-content/uploads/2021/07/FF092118-7B09-45B5-8632-DC52E952B9BC-rotated.jpeg, https://punpunkun.com/wp-content/uploads/2021/07/E9CE6AAE-A24D-4804-B6EC-6C8E20DF01B8-rotated.jpeg",,,,,,,,,0,,สี,"สีขาว, สีเขียว",1,1,อายุ,0เดือน,1,1,เพศ,"ชาย, หญิง",1,1,,,,,Good
12659,simple,100186,,Teether Toddle ของเล่นเด็ก,1,0,visible,ของเล่นเด็ก 2 ผืน,,,,taxable,,1,1,,0,0,0.081,,,,0,,360,600,สินค้าและอุปกรณ์สำหรับเด็ก,,,"https://punpunkun.com/wp-content/uploads/2021/07/51A1D04E-2D48-4EEA-A090-2CA473557CFC-rotated.jpeg, https://punpunkun.com/wp-content/uploads/2021/07/39B1C4CA-1752-4F06-8645-08A5B4ACA5CE-rotated.jpeg, https://punpunkun.com/wp-content/uploads/2021/07/BB48D2A6-711D-49BD-B616-7F6B858D1F17-rotated.jpeg",,,,,,,,,0,,สี,"สีน้ำเงิน, สีแดง",1,1,,,,,,,,,,,,,Good
12661,simple,100162,,Teether Toddle ของเล่นเด็กรูปเรือใบ,1,0,visible,ของเล่นเด็ก,,,,taxable,,0,0,,0,0,0.059,,,,0,,360,600,สินค้าและอุปกรณ์สำหรับเด็ก,,,https://punpunkun.com/wp-content/uploads/2021/07/B2614AE8-698F-472D-B73F-CCECD02DE822-rotated.jpeg,,,,,,,,,0,,สี,สีขาว,1,1,,,,,,,,,,,,,Good
12663,simple,100164,,Taglet Security Blanket ผ้าห่มรักษาความปลอดภัย,1,0,visible,ผ้าห่มรักษาความปลอดภัย 2 ผืน,,,,taxable,,1,1,,0,0,0.092,,,,0,,420,700,สินค้าและอุปกรณ์สำหรับเด็ก,,,"https://punpunkun.com/wp-content/uploads/2021/07/70B2B240-34C1-412F-ACE3-6B244664BD04-rotated.jpeg, https://punpunkun.com/wp-content/uploads/2021/07/1517E566-09B0-4F69-A640-07EFD5838DCE-rotated.jpeg",,,,,,,,,0,,สี,สีขาว,1,1,,,,,,,,,,,,,Good
12667,simple,100155,,Baby Wrap Sling ผ้าอุ้มเด็ก,1,0,visible,ที่อุ้มเด็กทารกแรกเกิดแบบคลุมหน้าอก สีดำ,,,,taxable,,1,1,,0,0,0.667,,,,0,,950,1900,สินค้าและอุปกรณ์สำหรับเด็ก,,,"https://punpunkun.com/wp-content/uploads/2021/07/84440AFE-132A-4E8E-A226-A20DE6C6C465-rotated.jpeg, https://punpunkun.com/wp-content/uploads/2021/07/03E1248B-BF84-4FFE-B74E-02E88EE33B4A-rotated.jpeg, https://punpunkun.com/wp-content/uploads/2021/07/217A6090-04E1-4059-80F8-BBC41CEB20A7-rotated.jpeg, https://punpunkun.com/wp-content/uploads/2021/07/25A96BD9-E2A4-4926-9F2C-5280F04BE1C8-rotated.jpeg",,,,,,,,,0,,สี,สีดำ,1,1,,,,,,,,,,,,,Fair
12668,simple,110028,,110028,1,0,visible,,,,,taxable,,0,0,,0,0,,,,,1,,,60,เสื้อผ้าและเครื่องประดับ,,,https://punpunkun.com/wp-content/uploads/2021/06/926673E7-4359-4425-AD53-0A3233DAB0D3-e1636353208744.jpeg,,,,,,,,,0,,,,,,,,,,,,,,,,,,Good
12670,simple,110058,,110058,1,0,visible,,,,,taxable,,0,0,,0,0,,,,,1,,,60,เสื้อผ้าและเครื่องประดับ,,,https://punpunkun.com/wp-content/uploads/2021/06/926673E7-4359-4425-AD53-0A3233DAB0D3-e1636353208744.jpeg,,,,,,,,,0,,,,,,,,,,,,,,,,,,Good
12673,simple,110034,,110034,1,0,visible,,,,,taxable,,0,0,,0,0,,,,,1,,,80,เสื้อผ้าและเครื่องประดับ,,,https://punpunkun.com/wp-content/uploads/2021/06/926673E7-4359-4425-AD53-0A3233DAB0D3-e1636353208744.jpeg,,,,,,,,,0,,,,,,,,,,,,,,,,,,Good
12675,simple,100114,,Silky Soft Muslin Swaddle ผ้าห่อตัวมัสลินเนื้อนุ่ม,1,0,visible,ผ้าห่อตัวมัสลินเนื้อนุ่ม แบรนด์ Aden + Anais เหมาะสำหรับเด็กแรกเกิดและเด็กเล็ก ผ้ามัสลินคอตตอน 100% ซักเครื่องได้ ผ่านการซักล่วงหน้า จึงนุ่มเป็นพิเศษตั้งแต่เริ่มแรก,,,,taxable,,1,1,,0,0,0.135,,,,0,,465,770,สินค้าและอุปกรณ์สำหรับเด็ก,,,https://punpunkun.com/wp-content/uploads/2021/07/72A714E3-30C9-408D-A1C8-82E55D67C618-rotated.jpeg,,,,,,,,,0,,สี,สีขาว,1,1,อายุ,0เดือน,1,1,เพศ,"ชาย, หญิง",1,1,,,,,Good
12676,simple,110019,,110019,1,0,visible,,,,,taxable,,0,0,,0,0,,,,,1,,,60,เสื้อผ้าและเครื่องประดับ,,,https://punpunkun.com/wp-content/uploads/2021/06/926673E7-4359-4425-AD53-0A3233DAB0D3-e1636353208744.jpeg,,,,,,,,,0,,,,,,,,,,,,,,,,,,Good
12678,simple,110055,,110055,1,0,visible,,,,,taxable,,0,0,,0,0,,,,,1,,,60,เสื้อผ้าและเครื่องประดับ,,,https://punpunkun.com/wp-content/uploads/2021/06/926673E7-4359-4425-AD53-0A3233DAB0D3-e1636353208744.jpeg,,,,,,,,,0,,,,,,,,,,,,,,,,,,Good
12680,simple,110046,,110046,1,0,visible,,,,,taxable,,0,0,,0,0,,,,,1,,,40,เสื้อผ้าและเครื่องประดับ,,,https://punpunkun.com/wp-content/uploads/2021/06/926673E7-4359-4425-AD53-0A3233DAB0D3-e1636353208744.jpeg,,,,,,,,,0,,,,,,,,,,,,,,,,,,Good
12682,simple,110081,,110081,1,0,visible,,,,,taxable,,0,0,,0,0,,,,,1,,,60,เสื้อผ้าและเครื่องประดับ,,,https://punpunkun.com/wp-content/uploads/2021/06/926673E7-4359-4425-AD53-0A3233DAB0D3-e1636353208744.jpeg,,,,,,,,,0,,,,,,,,,,,,,,,,,,Good
12684,simple,110018,,110018,1,0,visible,,,,,taxable,,0,0,,0,0,,,,,1,,,80,เสื้อผ้าและเครื่องประดับ,,,https://punpunkun.com/wp-content/uploads/2021/06/926673E7-4359-4425-AD53-0A3233DAB0D3-e1636353208744.jpeg,,,,,,,,,0,,,,,,,,,,,,,,,,,,Good
12687,simple,100133,,Silky Soft Muslin Swaddle ผ้าห่อตัวมัสลินเนื้อนุ่ม,1,0,visible,ผ้าห่อตัวมัสลินเนื้อนุ่ม แบรนด์ Aden + Anais เหมาะสำหรับเด็กแรกเกิดและเด็กเล็ก ผ้ามัสลินคอตตอน 100% ซักเครื่องได้ ผ่านการซักล่วงหน้า จึงนุ่มเป็นพิเศษตั้งแต่เริ่มแรก,,,,taxable,,1,1,,0,0,0.141,,,,0,,465,770,สินค้าและอุปกรณ์สำหรับเด็ก,,,"https://punpunkun.com/wp-content/uploads/2021/07/595D6A73-79E3-4EA7-AD85-54F44054C95D-rotated.jpeg, https://punpunkun.com/wp-content/uploads/2021/07/AA9C6B55-9236-4B8D-A417-445D5D2BEA44-rotated.jpeg",,,,,,,,,0,,สี,สีเขียว,1,1,อายุ,0เดือน,1,1,เพศ,"ชาย, หญิง",1,1,,,,,Good
12688,simple,110053,,110053,1,0,visible,,,,,taxable,,0,0,,0,0,,,,,1,,,60,เสื้อผ้าและเครื่องประดับ,,,https://punpunkun.com/wp-content/uploads/2021/06/926673E7-4359-4425-AD53-0A3233DAB0D3-e1636353208744.jpeg,,,,,,,,,0,,,,,,,,,,,,,,,,,,Good
12690,simple,110036,,110036,1,0,visible,,,,,taxable,,0,0,,0,0,,,,,1,,,60,เสื้อผ้าและเครื่องประดับ,,,https://punpunkun.com/wp-content/uploads/2021/06/926673E7-4359-4425-AD53-0A3233DAB0D3-e1636353208744.jpeg,,,,,,,,,0,,,,,,,,,,,,,,,,,,Good
12692,simple,110016,,110016,1,0,visible,,,,,taxable,,0,0,,0,0,,,,,1,,,80,เสื้อผ้าและเครื่องประดับ,,,https://punpunkun.com/wp-content/uploads/2021/06/926673E7-4359-4425-AD53-0A3233DAB0D3-e1636353208744.jpeg,,,,,,,,,0,,,,,,,,,,,,,,,,,,Good
12695,simple,100106,,Jeans กางเกงยีนส์,1,0,visible,กางเกงขายาว แบรนด์ Cotton on baby สียีนส์ สุดเทห์,,,,taxable,,1,1,,0,0,0.203,,,,0,,390,1300,สินค้าและอุปกรณ์สำหรับเด็ก,,,"https://punpunkun.com/wp-content/uploads/2021/07/2DB43CB1-4480-45CC-96A0-FF512C9FCC68-rotated.jpeg, https://punpunkun.com/wp-content/uploads/2021/07/8E2547B1-BDE4-472C-82C0-629C8F4CAD42-rotated.jpeg, https://punpunkun.com/wp-content/uploads/2021/07/839F3300-F516-43FD-B4CA-95F34F95DD90-rotated.jpeg",,,,,,,,,0,,สี,สีน้ำเงิน,1,1,,,,,,,,,,,,,Good
12696,simple,110012,,110012,1,0,visible,,,,,taxable,,0,0,,0,0,,,,,1,,,60,เสื้อผ้าและเครื่องประดับ,,,https://punpunkun.com/wp-content/uploads/2021/06/926673E7-4359-4425-AD53-0A3233DAB0D3-e1636353208744.jpeg,,,,,,,,,0,,,,,,,,,,,,,,,,,,Good
12698,simple,110011,,110011,1,0,visible,,,,,taxable,,0,0,,0,0,,,,,1,,,80,เสื้อผ้าและเครื่องประดับ,,,https://punpunkun.com/wp-content/uploads/2021/06/926673E7-4359-4425-AD53-0A3233DAB0D3-e1636353208744.jpeg,,,,,,,,,0,,,,,,,,,,,,,,,,,,Good
12700,simple,110043,,110043,1,0,visible,,,,,taxable,,0,0,,0,0,,,,,1,,,60,เสื้อผ้าและเครื่องประดับ,,,https://punpunkun.com/wp-content/uploads/2021/06/926673E7-4359-4425-AD53-0A3233DAB0D3-e1636353208744.jpeg,,,,,,,,,0,,,,,,,,,,,,,,,,,,Good
12702,simple,110073,,110073,1,0,visible,,,,,taxable,,0,0,,0,0,,,,,1,,,60,เสื้อผ้าและเครื่องประดับ,,,https://punpunkun.com/wp-content/uploads/2021/06/926673E7-4359-4425-AD53-0A3233DAB0D3-e1636353208744.jpeg,,,,,,,,,0,,,,,,,,,,,,,,,,,,Good
12704,simple,110031,,110031,1,0,visible,,,,,taxable,,0,0,,0,0,,,,,1,,,60,เสื้อผ้าและเครื่องประดับ,,,https://punpunkun.com/wp-content/uploads/2021/06/926673E7-4359-4425-AD53-0A3233DAB0D3-e1636353208744.jpeg,,,,,,,,,0,,,,,,,,,,,,,,,,,,Good
12706,simple,110030,,110030,1,0,visible,,,,,taxable,,0,0,,0,0,,,,,1,,,60,เสื้อผ้าและเครื่องประดับ,,,https://punpunkun.com/wp-content/uploads/2021/06/926673E7-4359-4425-AD53-0A3233DAB0D3-e1636353208744.jpeg,,,,,,,,,0,,,,,,,,,,,,,,,,,,Good
12708,simple,110037,,110037,1,0,visible,,,,,taxable,,0,0,,0,0,,,,,1,,,60,เสื้อผ้าและเครื่องประดับ,,,https://punpunkun.com/wp-content/uploads/2021/06/926673E7-4359-4425-AD53-0A3233DAB0D3-e1636353208744.jpeg,,,,,,,,,0,,,,,,,,,,,,,,,,,,Good
12710,simple,200126,,Mushroom Teether ยางกัดรูปเห็ดสุดฮิตพร้อมสายห้อย,1,0,visible,ยางกัดรูปเห็ดสุดฮิตพร้อมสายห้อยจากแบรนด์ ANGE ตัวช่วยเสริมพัฒนาการเด็ก คุณภาพสูง ไม่เป็นแหล่งสะสมของแบคทีเรีย น้ำหนักเบา ทำความสะอาดง่าย ไมโครเวฟหรือนึ่งเพื่อฆ่าความร้อนได้ จำนวน2ชิ้น สีส้มและสีเขียว จากแบรนด์ Mombella เหมาะสำหรับเด็ก3เดือนขึ้นไป,,,,taxable,,0,0,,0,0,0.070,,,,1,,210,700,ของเล่นและเครื่องนอนการตกแต่ง,,,"https://punpunkun.com/wp-content/uploads/2021/07/5C6FFD51-AF8E-4405-8DD8-8F7DE5F50BE5-rotated.jpeg, https://punpunkun.com/wp-content/uploads/2021/07/CB408967-5485-4971-B916-52A010F51482-rotated.jpeg",,,,,,,,,0,,สี,"สีชมพู, สีส้ม, สีเขียว",1,1,เพศ,"ชาย, หญิง",1,1,อายุ,3เดือน,1,1,,,,,Good
12711,simple,210005,,210005,1,0,visible,,,,,taxable,,0,0,,0,0,,,,,1,,,60,เสื้อผ้าและเครื่องประดับ,,,https://punpunkun.com/wp-content/uploads/2021/06/logo-ล่าสุด.-e1636353198473.jpg,,,,,,,,,0,,,,,,,,,,,,,,,,,,Good
12714,simple,210053,,210053,1,0,visible,,,,,taxable,,0,0,,0,0,,,,,1,,,60,เสื้อผ้าและเครื่องประดับ,,,https://punpunkun.com/wp-content/uploads/2021/06/logo-ล่าสุด.-e1636353198473.jpg,,,,,,,,,0,,,,,,,,,,,,,,,,,,Good
12716,simple,200124,,Tommee Tippee-Closer to Nature Sooter Holder 2Pack จุกนมปลอมพร้อมสายห้อย,1,0,visible,จุกนมปลอมพร้อมสายห้อย เหมาะสำหรับเด็ก0เดือน+ สีน้ำเงินและสีเขียว แบรนด์ Tommee Tippee,,,,taxable,,1,1,,0,0,0.042,,,,0,,210,350,สินค้าและอุปกรณ์สำหรับเด็ก,,,https://punpunkun.com/wp-content/uploads/2021/07/16F77C2A-1E56-4FDE-BEDC-0E493C9DB2AB-rotated.jpeg,,,,,,,,,0,,สี,"สีน้ำเงิน, สีเขียว",1,1,เพศ,"ชาย, หญิง",1,1,อายุ,0เดือน,1,1,,,,,Good
12717,simple,210199,,210199,1,0,visible,,,,,taxable,,0,0,,0,0,,,,,1,,,60,เสื้อผ้าและเครื่องประดับ,,,https://punpunkun.com/wp-content/uploads/2021/06/logo-ล่าสุด.-e1636353198473.jpg,,,,,,,,,0,,,,,,,,,,,,,,,,,,Good
12719,simple,210116,,210116,1,0,visible,,,,,taxable,,0,0,,0,0,,,,,1,,,80,เสื้อผ้าและเครื่องประดับ,,,https://punpunkun.com/wp-content/uploads/2021/06/logo-ล่าสุด.-e1636353198473.jpg,,,,,,,,,0,,,,,,,,,,,,,,,,,,Good
12722,simple,210282,,210282,1,0,visible,,,,,taxable,,0,0,,0,0,,,,,1,,,60,เสื้อผ้าและเครื่องประดับ,,,https://punpunkun.com/wp-content/uploads/2021/06/logo-ล่าสุด.-e1636353198473.jpg,,,,,,,,,0,,,,,,,,,,,,,,,,,,Good
12724,simple,200125,,Ange Monkey Banana and Fish ยางกัดแปรงรูปกล้วยและปลาแบบวงกลม,1,0,visible,ของเล่นเสริมพัฒนาการเด็กสำหรับเด็ก3เดือน ยางกัดกล้วยและรูปปลา สีเเหลืองและสีเขียว เป็นยางกัดอังจูของแท้100% แบรนด์ ANGE,,,,taxable,,1,,,0,0,0.019,,,,0,,660,1100,สินค้าและอุปกรณ์สำหรับเด็ก,,,"https://punpunkun.com/wp-content/uploads/2021/07/B4FC352D-6F51-4547-83CB-636D7AE148F9-rotated.jpeg, https://punpunkun.com/wp-content/uploads/2021/07/99C0A571-B32A-425B-9E70-F7AB7A9E2FD9-rotated.jpeg",,,,,,,,,0,,สี,"สีเขียว, สีเหลือง",1,1,อายุ,3เดือน,1,1,เพศ,"ชาย, หญิง",1,1,,,,,Good
12726,simple,200130,,Similac Infant Nipple&Ring จุกขวดนมสำหรับเบบี้2ชิ้น,1,0,visible,จุกขวดนมสำหรับเบบี้ จำนวน2ชิ้น แบรนด์ Somilac,,,,taxable,,1,1,,0,0,0.020,,,,0,,200,250,สินค้าและอุปกรณ์สำหรับเด็ก,,,https://punpunkun.com/wp-content/uploads/2021/07/B83399A4-775A-4212-BF62-2F53CC1C4395-rotated.jpeg,,,,,,,,,0,,,,,,,,,,,,,,,,,,
12731,simple,200127,,Dr.Browns Options Narrow Feedind Set ขวดนมป้อนอาหารและขวดนมเบบี้,1,0,visible,ขวดนมพร้อมขวดสำหรับให้อาหารสำหรับเบบี้ขนาด4Oz จำนวน4ขวด แบรนด์Dr.Browns,,,,taxable,,1,1,,0,0,0.233,,,,0,,825,1100,สินค้าและอุปกรณ์สำหรับเด็ก,,,https://punpunkun.com/wp-content/uploads/2021/07/50A363B9-F553-4ADF-9B68-05D7C1355A48-rotated.jpeg,,,,,,,,,0,,,,,,,,,,,,,,,,,,Mint
12733,simple,100149,,Swim Shorts กางเกงว่ายน้ำขาสั้น,1,0,visible,กางเกงว่ายน้ำขาสั้น แบรนด์ Koala kids สุดน่ารัก ไซส์ เบบี้ 12เดือน(12M),,,,taxable,,1,1,,0,0,0.072,,,,0,,360,1190,สินค้าและอุปกรณ์สำหรับเด็ก,,,"https://punpunkun.com/wp-content/uploads/2021/07/92C842D7-4686-4DA2-AEE8-9E26496A542D-rotated.jpeg, https://punpunkun.com/wp-content/uploads/2021/07/FC42C904-B702-41E5-8452-1F7CC50144C5-rotated.jpeg, https://punpunkun.com/wp-content/uploads/2021/07/B41B94FD-AC6E-4080-96FA-3D50C0B6E15B-rotated.jpeg",,,,,,,,,0,,สี,"สีขาว, สีดำ, สีน้ำเงิน, สีฟ้า, สีเขียว, สีเหลือง, สีแดง",1,1,Size (กางเกง),"12M, 18M",1,1,เพศ,ชาย,1,1,อายุ,12เดือน,1,1,Good
12735,simple,200128,,Mamadera Philips Avent เซตขวดนมเด็ก3ขวด,1,0,visible,ทำให้การป้อนนมของคุณกับลูกน้อยเป็นเรื่องง่าย ได้รับความไว้วางใจจาก ได้ถึง3ขวด สีฟ้า1 สีชมพู2  แบรนด์Philips Avent  ขนาด4OZ,,,,taxable,,1,1,,0,0,0.228,,,,0,,580,770,สินค้าและอุปกรณ์สำหรับเด็ก,,,https://punpunkun.com/wp-content/uploads/2021/07/97507AFE-4279-4C29-90C8-94F8853FF6BF-rotated.jpeg,,,,,,,,,0,,สี,"สีชมพู, สีฟ้า",1,1,,,,,,,,,,,,,Mint
12737,simple,200129,,Enfamil Standard Flow Soft Nipplesจุกขวดนม,1,0,visible,จุกขวดนม แบรนด์Enfamil จำนวน7ชิ้น พร้อมขวดนม1ขวด สินค้าใหม่พร้อมใช้,,,,taxable,,1,1,,0,0,0.093,,,,0,,280,350,สินค้าและอุปกรณ์สำหรับเด็ก,,,"https://punpunkun.com/wp-content/uploads/2021/07/36C17453-1A6C-4775-80CF-87B1FFE51644-rotated.jpeg, https://punpunkun.com/wp-content/uploads/2021/07/4B9AC661-AC28-43C6-96BB-046819D43AD6-rotated.jpeg",,,,,,,,,0,,เพศ,"ชาย, หญิง",1,1,,,,,,,,,,,,,
12740,simple,100137,,Blue Pants กางเกงขายาว สีกรม,1,0,visible,กางเกงขาจั้มพ์ แบรนด์ Carter’s สีกรม นุ่ม ใส่สบาย เนื้อผ้าดี ไซส์ 2ปี(2T),,,,taxable,,1,1,,0,0,0.125,,,,0,,120,390,สินค้าและอุปกรณ์สำหรับเด็ก,,,"https://punpunkun.com/wp-content/uploads/2021/07/76244E27-6E52-4947-AE11-E91F0AD6308E-rotated.jpeg, https://punpunkun.com/wp-content/uploads/2021/07/88CF45D6-AF89-4574-A67A-987C254E50CE-rotated.jpeg, https://punpunkun.com/wp-content/uploads/2021/07/568BC2AB-C29C-47FE-A3B3-58CFD7F42F1A-rotated.jpeg",,,,,,,,,0,,สี,สีกรม,1,1,อายุ,2ปี,1,1,Size (กางเกง),2T,1,1,เพศ,ชาย,1,1,Good
12744,simple,100144,,Jum pair กางเกงขาจัมพ์สีดำ,1,0,visible,กางเกงขาจัมพ์ แบรนด์ Carter’s สีดำ  ไซส์ เบบี้ 12เดือน(12M),,,,taxable,,1,1,,0,0,0.090,,,,0,,120,390,สินค้าและอุปกรณ์สำหรับเด็ก,,,"https://punpunkun.com/wp-content/uploads/2021/07/DC3B2AFE-B559-431C-B3EA-9F39CB3BACEF-rotated.jpeg, https://punpunkun.com/wp-content/uploads/2021/07/FB283A9F-E15E-492D-9C41-B315A61BEFA8-rotated.jpeg, https://punpunkun.com/wp-content/uploads/2021/07/0C34E0A3-3F35-443F-916D-269C898711E8-rotated.jpeg",,,,,,,,,0,,สี,สีดำ,1,1,Size (กางเกง),12M,1,1,อายุ,12เดือน,1,1,เพศ,ชาย,1,1,Good
12746,simple,100105,,Blue Pants กางเกงขาสั้น สีน้ำเงิน,1,0,visible,กางเกงขาสั้น แบรนด์ Mango Jay สีกรม สุดเทห์ ไซส์ L,,,,taxable,,1,1,,0,0,0.049,,,,0,,150,500,สินค้าและอุปกรณ์สำหรับเด็ก,,,"https://punpunkun.com/wp-content/uploads/2021/07/F8EDF3F1-958A-4438-9D15-D79BCF731748-rotated.jpeg, https://punpunkun.com/wp-content/uploads/2021/07/119E1AA3-E140-4C91-834D-5D0FFC2B27EF-rotated.jpeg, https://punpunkun.com/wp-content/uploads/2021/07/D0A548F0-8539-4061-B8BC-EE85D72B566D-rotated.jpeg",,,,,,,,,0,,สี,สีกรม,1,1,เพศ,ชาย,1,1,,,,,,,,,Good
12748,simple,100135,,Blue Pants กางเกงขายาว สีน้ำเงิน,1,0,visible,"กางเกงขายาว แบรนด์ Carter’s สีน้ำเงิน ผ้านุ่ม ใส่สบาย สุดเทห์ ไซส์ เบบี้ 4 ปี(4T)\n\n&nbsp;",,,,taxable,,1,1,,0,0,1,,,,0,,210,890,สินค้าและอุปกรณ์สำหรับเด็ก,,,"https://punpunkun.com/wp-content/uploads/2021/07/4A04F3ED-AC4C-4C1D-80C3-C5D038FAC37A-rotated.jpeg, https://punpunkun.com/wp-content/uploads/2021/07/3E8A8D6E-1A3E-4781-98C9-BEE3239B2855-rotated.jpeg, https://punpunkun.com/wp-content/uploads/2021/07/FA4595F1-D870-4F4F-820A-C57DBFCA425B-rotated.jpeg",,,,,,,,,0,,สี,สีกรม,1,1,Size (กางเกง),4T,1,1,อายุ,4ปี,1,1,เพศ,ชาย,1,1,Good
12750,simple,100148,,Sea shark shorts กางเกงขาสั้นลายฉลาม ทะเล,1,0,visible,"กางเกงขาสั้น แบรนด์ Carter’s สีน้ำเงิน ฟ้า ลายฉลาม ทะเล ผ้านุ่ม ใส่สบาย สุดเทห์ ไซส์ 2ปี(2T)\n\n&nbsp;",,,,taxable,,0,0,,0,0,0.076,,,,1,,150,490,เสื้อผ้าและเครื่องประดับ,,,"https://punpunkun.com/wp-content/uploads/2021/07/7D03B29E-9AE1-4BDD-B7D2-B0C1CEA2305C-rotated.jpeg, https://punpunkun.com/wp-content/uploads/2021/07/F848D6DF-9651-4938-9D78-78189B347E7E-rotated.jpeg, https://punpunkun.com/wp-content/uploads/2021/07/D4EA22C2-EE3A-4FEF-8FC3-FBD34C82ED30-rotated.jpeg",,,,,,,,,0,,สี,"สีกรม, สีขาว, สีน้ำเงิน, สีฟ้า, สีเขียว, สีเหลือง, สีแดง",1,1,Size (กางเกง),2T,1,1,อายุ,2ปี,1,1,เพศ,ชาย,1,1,Good
12754,simple,100183,,Blue Pants กางเกงขายาว สีกรม,1,0,visible,"กางเกงขายาว แบรนด์ Carter’s สีน้ำเงิน ผ้านุ่ม ใส่สบาย สุดเทห์ ไซส์ เบบี้ 12เดือน(12M)\n\n&nbsp;",,,,taxable,,1,1,,0,0,0.76,,,,0,,90,290,สินค้าและอุปกรณ์สำหรับเด็ก,,,"https://punpunkun.com/wp-content/uploads/2021/07/24F00DB1-D854-444A-92D2-DB3DA8BA40FF-rotated.jpeg, https://punpunkun.com/wp-content/uploads/2021/07/327FA562-F8CE-46D0-BC6E-CD4D55313F43-rotated.jpeg, https://punpunkun.com/wp-content/uploads/2021/07/FB17B5BC-7435-4186-9D1E-26D361DF2A6F-rotated.jpeg",,,,,,,,,0,,Size (กางเกง),12M,1,1,สี,สีน้ำเงิน,1,1,อายุ,12เดือน,1,1,เพศ,ชาย,1,1,Good
12759,simple,100154,,Green Leggings กางเกงเลกกิ้ง สีเขียว,1,0,visible,เลคกิ้ง แบรนด์ H&amp;M สีเขียว เบบี้ ไซส์ EUR 74 US 6-9M CA 6-9M CN 73/47 MX 74 AUS 0,,,,taxable,,1,1,,0,0,0.057,,,,0,,90,300,สินค้าและอุปกรณ์สำหรับเด็ก,,,"https://punpunkun.com/wp-content/uploads/2021/07/A46A0C09-4F9E-4A10-B275-ED7DD6124DFA-rotated.jpeg, https://punpunkun.com/wp-content/uploads/2021/07/1B073A8C-CAD1-4A59-A3E3-3A6CCA00BEAF-rotated.jpeg, https://punpunkun.com/wp-content/uploads/2021/07/5CBE3A10-323F-4BE0-95A8-7C8410277A0A-rotated.jpeg",,,,,,,,,0,,สี,สีเขียว,1,1,Size (กางเกง),"6M, 9M",1,1,อายุ,6เดือน,1,1,เพศ,"ชาย, หญิง",1,1,Good
12763,simple,100160,,Pull-On French Terry pants กางเกงขายาว,1,0,visible,กางเกงขายาว แบรนด์ Carter’s สีเขียว สุดเทห์ ไซส์ 3ปี(3T),,,,taxable,,1,1,,0,0,0.172,,,,0,,150,500,สินค้าและอุปกรณ์สำหรับเด็ก,,,"https://punpunkun.com/wp-content/uploads/2021/07/0A8BCDA1-262C-47A1-A68E-0DFB6CEDCC15-rotated.jpeg, https://punpunkun.com/wp-content/uploads/2021/07/D0A8CDB0-4E34-401F-A8F9-F8CB3E5455AF-rotated.jpeg, https://punpunkun.com/wp-content/uploads/2021/07/8300A04E-F143-422A-8963-8105CEBDCFF9-rotated.jpeg",,,,,,,,,0,,สี,สีเขียว,1,1,Size (กางเกง),3T,1,1,อายุ,3ปี,1,1,เพศ,ชาย,1,1,Good
12768,simple,100176,,Golden zebra กางเกงลายพราง,1,0,visible,กางเกงขายาว แบรนด์ Carter’s สีเขียว สุดเทห์ ไซส์ 3ปี(3T),,,,taxable,,1,1,,0,0,0.175,,,,0,,150,500,สินค้าและอุปกรณ์สำหรับเด็ก,,,"https://punpunkun.com/wp-content/uploads/2021/07/6736F4FB-A701-496C-983E-61C4D89C97B2-rotated.jpeg, https://punpunkun.com/wp-content/uploads/2021/07/C7B8062E-4F91-41E0-8F48-FE917B5681FA-rotated.jpeg, https://punpunkun.com/wp-content/uploads/2021/07/5BB51230-5579-4D87-9136-CE856E5040A9-rotated.jpeg",,,,,,,,,0,,Size (กางเกง),3T,1,1,สี,สีเขียว,1,1,อายุ,3ปี,1,1,เพศ,ชาย,1,1,Good
12773,simple,100163,,Uniqlo Murakami เสื้อยืดมุราคามิ,1,0,visible,เสื้อยืดมุราคามิ 3 ตัว แบรนด์ Uniqlo สีกรม ไซส์ 3-4 ปี XS และ L,,,,taxable,,1,1,,0,0,0.500,,,,0,,475,1570,สินค้าและอุปกรณ์สำหรับเด็ก,,,"https://punpunkun.com/wp-content/uploads/2021/07/6C138144-3CFD-4C71-B3E2-F0DBE9575B84-rotated.jpeg, https://punpunkun.com/wp-content/uploads/2021/07/8A38672E-B8AD-4665-8361-1289D0FE1156-rotated.jpeg, https://punpunkun.com/wp-content/uploads/2021/07/67C99200-9B67-48F4-A25E-CF262CE24561-rotated.jpeg, https://punpunkun.com/wp-content/uploads/2021/07/4775F110-C258-4DF7-B254-30CBC30935C7-rotated.jpeg, https://punpunkun.com/wp-content/uploads/2021/07/D767DC6E-B5A7-492A-95DA-797D17AFB271-rotated.jpeg, https://punpunkun.com/wp-content/uploads/2021/07/81D48C75-636B-4880-A1AE-3C5D16D06B78-rotated.jpeg, https://punpunkun.com/wp-content/uploads/2021/07/ADF5A85F-1B92-4DCC-957B-496874452A91-rotated.jpeg, https://punpunkun.com/wp-content/uploads/2021/07/4E57DDDF-12C3-41FC-8552-880723092097-rotated.jpeg",,,,,,,,,0,,สี,"สีกรม, สีดำ",1,1,Size (เสื้อ),3T,1,1,อายุ,3ปี,1,1,เพศ,"ชาย, หญิง",1,1,Good
12776,simple,100140,,Infant Baby Halloween บอดี้สูทเฮโลวีน,1,0,visible,บอดี้สูทเฮโลวีน แบรนด์ Carter’s สีดำ ลายเฮโลวีน นุ่ม ใส่สบาย ลายสัตว์ ไซส์ เบบี้ 6เดือน(6M),,,,taxable,,1,1,,0,0,0.123,,,,0,,180,590,สินค้าและอุปกรณ์สำหรับเด็ก,,,"https://punpunkun.com/wp-content/uploads/2021/07/BC348DF6-6F41-419E-9FB6-FA7F1968CFEB-rotated.jpeg, https://punpunkun.com/wp-content/uploads/2021/07/2B60EE17-C3F8-46EB-B038-9C0AE2728603-rotated.jpeg, https://punpunkun.com/wp-content/uploads/2021/07/247674D7-2EF3-468D-BAB4-0D94F3712FA4-rotated.jpeg",,,,,,,,,0,,สี,"สีขาว, สีดำ, สีส้ม",1,1,Size (เสื้อ),"6M, 9M",1,1,เพศ,ชาย,1,1,,,,,Good
12783,simple,100134,,Gymboree Pants กางเกงขายาว สีเทา,1,0,visible,กางเกงขายาว Gymboree สีเทา ไซส์  2ปี(2T),,,,taxable,,1,1,,0,0,0.162,,,,0,,150,500,สินค้าและอุปกรณ์สำหรับเด็ก,,,"https://punpunkun.com/wp-content/uploads/2021/07/A0DF763E-F8CC-4E9C-BDA7-F122773E6BA1-rotated.jpeg, https://punpunkun.com/wp-content/uploads/2021/07/74052692-EFB6-4C7C-9342-22A9DEBC4C3D-rotated.jpeg, https://punpunkun.com/wp-content/uploads/2021/07/8B1ABD77-7052-4CBF-A310-B0754032E837-rotated.jpeg",,,,,,,,,0,,สี,สีเทา,1,1,Size (กางเกง),2T,1,1,เพศ,ชาย,1,1,,,,,Good
12785,simple,100146,,Baby Romper (Fish&amp;Shark) บอดี้สูทรูปปลาฉลามลายขวาง,1,0,visible,บอดี้สูท แบรนด์ Carter’s ชุดบอดี้สูท สีแดง ลายขวาง รูปปลาฉลาม ผลิตจากผ้าฝ้าย นุ่ม ใส่สบาย ไซส์ เบบี้ 9เดือน (9M),,,,taxable,,1,1,,0,0,0.089,,,,0,,150,490,สินค้าและอุปกรณ์สำหรับเด็ก,,,"https://punpunkun.com/wp-content/uploads/2021/07/28436494-40FE-4AB9-AE87-9FEB097CEC82-rotated.jpeg, https://punpunkun.com/wp-content/uploads/2021/07/4D8E6BDA-3611-48BB-83F9-F1FDC5282A18-rotated.jpeg, https://punpunkun.com/wp-content/uploads/2021/07/35D32FCA-4453-47A1-831F-5B5D1D88A7FF-rotated.jpeg",,,,,,,,,0,,สี,"สีขาว, สีเทา, สีแดง",1,1,Size (เสื้อ),9M,1,1,เพศ,ชาย,1,1,อายุ,9เดือน,1,1,Good
12790,simple,100142,,Striped Pajamas ชุดนอนคอวีขายาว ลายขวาง,1,0,visible,ชุดนอน แบรนด์ Baby Gap สีกรม นุ่ม ใส่สบาย ลายทางสุดน่ารักไซส์ เบบี้ 6เดือน(6M),,,,taxable,,1,1,,0,0,0.137,,,,0,,180,590,สินค้าและอุปกรณ์สำหรับเด็ก,,,"https://punpunkun.com/wp-content/uploads/2021/07/3E72B88D-C025-41CC-8D4F-7022C96428E5-rotated.jpeg, https://punpunkun.com/wp-content/uploads/2021/07/D57F9C8A-C7EE-4C55-9B95-14710ED37ED6-rotated.jpeg, https://punpunkun.com/wp-content/uploads/2021/07/40E7D7D5-FC80-4533-8EEB-904265FFE100-rotated.jpeg",,,,,,,,,0,,สี,สีกรม,1,1,Size (เสื้อ),"6M, 9M",1,1,เพศ,ชาย,1,1,อายุ,6เดือน,1,1,Good
12811,simple,100145,,Animais Pajamas ชุดนอนคอกลมขายาว ลายสัตว์,1,0,visible,ชุดนอน แบรนด์ Carter’s สีฟ้า นุ่ม ใส่สบาย ลายสัตว์ ไซส์ เบบี้ 9เดือน(9M),,,,taxable,,1,1,,0,0,0.103,,,,0,,180,590,สินค้าและอุปกรณ์สำหรับเด็ก,,,"https://punpunkun.com/wp-content/uploads/2021/07/6EEBE445-6FB1-459F-80E4-8891EDCDCB0C-rotated.jpeg, https://punpunkun.com/wp-content/uploads/2021/07/0BAA7146-8BC6-43D4-B6DE-C524DB4DC807-rotated.jpeg, https://punpunkun.com/wp-content/uploads/2021/07/5CF4AF00-6A41-4F4F-A920-39DEA2CCF678-rotated.jpeg",,,,,,,,,0,,สี,"สีกรม, สีน้ำเงิน",1,1,Size (เสื้อ),9M,1,1,เพศ,ชาย,1,1,อายุ,9เดือน,1,1,Good
12814,simple,100147,,Whales Pajamas ชุดนอนคอวีขายาว ลายวาฬ,1,0,visible,ชุดนอน แบรนด์ Baby Gap สีฟ้า นุ่ม ใส่สบาย ลายวาฬ สุดน่ารักไซส์ เบบี้ 6เดือน(6M),,,,taxable,,1,1,,0,0,0.137,,,,0,,180,590,สินค้าและอุปกรณ์สำหรับเด็ก,,,"https://punpunkun.com/wp-content/uploads/2021/07/22D8AF60-0E1D-4ECF-8DCC-78584DCD6886-rotated.jpeg, https://punpunkun.com/wp-content/uploads/2021/07/D28AC305-1444-4E4F-945B-66DE2BAE7373-rotated.jpeg, https://punpunkun.com/wp-content/uploads/2021/07/F031348D-9CCE-4580-BE04-C8C8DD767C80-rotated.jpeg",,,,,,,,,0,,สี,"สีน้ำเงิน, สีฟ้า, สีแดง",1,1,Size (เสื้อ),"6M, 9M",1,1,เพศ,ชาย,1,1,อายุ,6เดือน,1,1,Good
12818,simple,100107,,Butterfly set ชุดนอน แขนยาว ลายผีเสื้อ,1,0,visible,ชุดนอน แขนยาว ลายผีเสื้อ แบรนด์Unique สีเหลือง ไซส์ 100 cm,,,,taxable,,1,1,,0,0,0.203,,,,0,,180,590,สินค้าและอุปกรณ์สำหรับเด็ก,,,"https://punpunkun.com/wp-content/uploads/2021/07/BC44D939-B81E-4715-BE43-AC605B13133F-rotated.jpeg, https://punpunkun.com/wp-content/uploads/2021/07/5A7DFDC9-66C8-465A-A55F-6EEF0F05D132-rotated.jpeg, https://punpunkun.com/wp-content/uploads/2021/07/5E7652F8-2D4B-4C36-8BB2-17475EEB3839-rotated.jpeg, https://punpunkun.com/wp-content/uploads/2021/07/13549ACA-F69A-4BED-86E2-6E11958B2603-rotated.jpeg",,,,,,,,,0,,สี,"สีขาว, สีชมพู, สีเหลือง",1,1,Size (เสื้อ),3Y,1,1,Size (กางเกง),3Y,1,1,อายุ,3ปี,1,1,Good
12820,simple,100139,,Fuzzy Plush Blanket ผ้าห่มหนานุ่ม,1,0,visible,ผ้าห่มหนานุ่ม แบรนด์ Carter's สีขาว,,,,taxable,,1,1,,0,0,0.126,,,,0,,720,1200,สินค้าและอุปกรณ์สำหรับเด็ก,,,"https://punpunkun.com/wp-content/uploads/2021/07/4980C401-7909-4734-82E7-F645EFE88666-rotated.jpeg, https://punpunkun.com/wp-content/uploads/2021/07/45672407-6C2D-4FC2-99AC-8331AA4E2C6E-rotated.jpeg",,,,,,,,,0,,สี,สีขาว,1,1,,,,,,,,,,,,,Good
12825,simple,100109,,Mickey Romper ชุดหมีแขนยาว ลายมิกกี้เม้าส์,1,0,visible,"ชุดหมีแขนยาว แบรนด์ Disney สีเทา ลายมิกกี้เม้าส์  ไซส์ เบบี้ 12เดือน (12M)\n\n&nbsp;",,,,taxable,,1,1,,0,0,0.149,,,,0,,405,1350,สินค้าและอุปกรณ์สำหรับเด็ก,,,"https://punpunkun.com/wp-content/uploads/2021/07/8C2F4CC2-6464-469D-9BFA-97BD1553886F-rotated.jpeg, https://punpunkun.com/wp-content/uploads/2021/07/80E57114-39D2-4A81-8CF5-568CA756AE45-rotated.jpeg, https://punpunkun.com/wp-content/uploads/2021/07/44EE8840-CE8D-4535-BD20-64B223934079-rotated.jpeg",,,,,,,,,0,,สี,"สีขาว, สีดำ, สีน้ำเงิน, สีเทา, สีเหลือง",1,1,Size (เสื้อ),12M,1,1,อายุ,12เดือน,1,1,เพศ,ชาย,1,1,Good
12827,simple,100110,,Disney Mickey Mouse Baby Boys' Awesome 2-Piece Sweatsuit Outfit ชุดสเวตสูท 2 ชิ้น สำหรับเด็ก,1,0,visible,ชุดสเวตสูท 2 ชิ้น สำหรับเด็ก แบรนด์ Disney สีเทา ลายมิกกี้เม้าส์ ไซส์ 18 เดือน (18M),,,,taxable,,0,0,,0,0,0.216,,,,0,,375,1250,สินค้าและอุปกรณ์สำหรับเด็ก,,,"https://punpunkun.com/wp-content/uploads/2021/07/70011E3D-4B46-4B5E-9B6B-92B2739B8067-rotated.jpeg, https://punpunkun.com/wp-content/uploads/2021/07/278EB9F0-75F1-4E3A-A6D2-559D3741591A-rotated.jpeg, https://punpunkun.com/wp-content/uploads/2021/07/CF55A316-9663-4EB6-97A3-8771A14785FC-rotated.jpeg, https://punpunkun.com/wp-content/uploads/2021/07/C9DACEBB-47AB-4894-BF72-578FD8D96563-rotated.jpeg",,,,,,,,,0,,สี,"สีครีม, สีดำ, สีแดง",1,1,Size (เสื้อ),18M,1,1,Size (กางเกง),18M,1,1,อายุ,2ปี,1,1,Good
12828,simple,300073,,Fish pattern pajamas ชุดนอนขาสั้นสำหรับเบบี้ลายปลาต่างๆ,1,0,visible,ชุดนอนขาสั้นสำหรับเบบี้ลายปลาต่างๆ ไซส์70 cm สีขาวและสีฟ้า,,,,taxable,,1,1,,0,0,0.053,,,,0,,90,290,สินค้าและอุปกรณ์สำหรับเด็ก,,,"https://punpunkun.com/wp-content/uploads/2021/07/788B4686-50CF-48B2-9D6F-C2F6EE7582E8-rotated.jpeg, https://punpunkun.com/wp-content/uploads/2021/07/2F52E265-5F11-4740-8AE4-41A224A3D965-rotated.jpeg",,,,,,,,,0,,เพศ,"ชาย, หญิง",1,1,สี,"สีขาว, สีฟ้า",1,1,,,,,,,,,Good
12832,simple,100185,,Mommy's Wild One Body suit เสื้อบอดี้สูทสีกรม,1,0,visible,บอดี้สูท แบรนด์ Carter’s ชุดบอดี้สูท สีกรม ผลิตจากผ้าฝ้าย นุ่ม ใส่สบาย ไซส์ เบบี้ 9เดือน (9M),,,,taxable,,1,1,,0,0,0.125,,,,0,,150,500,สินค้าและอุปกรณ์สำหรับเด็ก,,,"https://punpunkun.com/wp-content/uploads/2021/07/7DD1CF34-F307-40FC-A0BE-42CDF2742BA9-rotated.jpeg, https://punpunkun.com/wp-content/uploads/2021/07/031DB3FF-5B76-4914-8679-DEF64864AA93-rotated.jpeg, https://punpunkun.com/wp-content/uploads/2021/07/57053A38-9301-4B3A-B9B5-2AA485DE7D85-rotated.jpeg",,,,,,,,,0,,สี,สีกรม,1,1,Size (เสื้อ),9M,1,1,อายุ,1ปี,1,1,เพศ,ชาย,1,1,Good
12833,simple,300069,,Dinosaur Bodysuite บอดี้สูทผ้านิ่มลายไดโนเสาร์,1,0,visible,บอดี้สูทผ้านิ่มลายไดโนเสาร์ สำหรับเบบี้  1-3 M แบรนด์ Mother Care สีน้ำเงิน,,,,taxable,,1,,,0,0,0.057,,,,0,,270,890,สินค้าและอุปกรณ์สำหรับเด็ก,,,"https://punpunkun.com/wp-content/uploads/2021/07/84152B0F-DF04-4E6F-9654-64B95227C847-rotated.jpeg, https://punpunkun.com/wp-content/uploads/2021/07/05668A4E-3A19-46F7-8067-A2F5A9F4B78E-rotated.jpeg",,,,,,,,,0,,Size (เสื้อ),1-3M,1,1,สี,สีน้ำเงิน,1,1,เพศ,ชาย,1,1,,,,,Good
12837,simple,300072,,All-in-one Pyjamas ชุดนอนลายไดโนเสาร์สีสันสดใส,1,0,visible,"ชุดนอนลายไดโนเสาร์สีสันสดใส ไซส์2T จากแบรนด์ H&amp;M สีน้ำเงิน\n\n&nbsp;","&nbsp;\n\n&nbsp;\n\n&nbsp;",,,taxable,,1,,,0,0,0.289,,,,0,,105,350,สินค้าและอุปกรณ์สำหรับเด็ก,,,"https://punpunkun.com/wp-content/uploads/2021/07/F2839E55-492E-4644-88BA-213C78CA2FDE-rotated.jpeg, https://punpunkun.com/wp-content/uploads/2021/07/17A74238-A9E9-47B1-B504-7EB67B007F5A-rotated.jpeg",,,,,,,,,0,,Size (เสื้อ),2T,1,1,สี,สีน้ำเงิน,1,1,เพศ,"ชาย, หญิง",1,1,,,,,Good
12840,simple,100151,,Baby Romper (Fish&amp;Shark) บอดี้สูทรูปปลาฉลามลายขวาง,1,0,visible,บอดี้สูท แบรนด์ Carter’s ชุดบอดี้สูท สีแดง ลายขวาง รูปปลาฉลาม ผลิตจากผ้าฝ้าย นุ่ม ใส่สบาย ไซส์ เบบี้ 9เดือน (9M),,,,taxable,,1,1,,0,0,0.089,,,,0,,150,490,สินค้าและอุปกรณ์สำหรับเด็ก,,,"https://punpunkun.com/wp-content/uploads/2021/07/BF18655B-E37D-4875-A12E-7BB4AD0D03F7-rotated.jpeg, https://punpunkun.com/wp-content/uploads/2021/07/761E8824-95B0-4682-98A3-A64055BD39F4-rotated.jpeg, https://punpunkun.com/wp-content/uploads/2021/07/CCA98918-E3F2-44D5-9077-A841ADA67A62-rotated.jpeg",,,,,,,,,0,,สี,"สีขาว, สีเทา, สีแดง",1,1,Size (เสื้อ),9M,1,1,อายุ,9เดือน,1,1,เพศ,ชาย,1,1,Good
12842,simple,100171,,Grid long sleeve เสื้อแขนยาวสีกรม,1,0,visible,เสื้อแขนยาว Gymboree สีกรม ไซส์  2ปี(2T),,,,taxable,,1,1,,0,0,0.074,,,,0,,120,390,สินค้าและอุปกรณ์สำหรับเด็ก,,,"https://punpunkun.com/wp-content/uploads/2021/07/9E56CEFA-4454-4899-8620-71AF9C91942C-rotated.jpeg, https://punpunkun.com/wp-content/uploads/2021/07/6AD5180A-3542-49AE-91D6-06A30BF2582C-rotated.jpeg, https://punpunkun.com/wp-content/uploads/2021/07/BEF21B75-47A5-4FCC-A728-5F0AFDF59E43-rotated.jpeg",,,,,,,,,0,,สี,สีกรม,1,1,Size (เสื้อ),2T,1,1,อายุ,2ปี,1,1,เพศ,ชาย,1,1,Good
12845,simple,100132,,White long sleeve เสื้อแขนยาวสีขาว,1,0,visible,เสื้อแขนยาวสีขาว,,,,taxable,,1,1,,0,0,0.096,,,,0,,135,450,สินค้าและอุปกรณ์สำหรับเด็ก,,,"https://punpunkun.com/wp-content/uploads/2021/07/E9850BF5-8E91-4633-B828-12AD7D358934-rotated.jpeg, https://punpunkun.com/wp-content/uploads/2021/07/220779F6-279B-45D3-8F00-654B9FB22C6E-rotated.jpeg, https://punpunkun.com/wp-content/uploads/2021/07/84A8ED3C-36D3-4B18-9B7C-ED61F5584164-rotated.jpeg",,,,,,,,,0,,สี,"สีขาว, สีดำ",1,1,อายุ,10ปี,1,1,เพศ,หญิง,1,1,,,,,Good
12847,simple,100104,,Qd Flexi Nursing Cover (Pleat Collection) ผ้าคลุมให้นม,1,0,visible,ผ้าคลุมให้นมเอนกประสงค์ รุ่นผ้าพลีทที่นิ่มและนุ่มขึ้นกว่าเดิม เลือกอัดพลีทแบบสลับลาย เนื้อผ้าเบาและสบาย ด้วยธรรมชาติของ ผ้า Pleat ทำให้ไซส์สามารถขยายได้กว้างกว่าปกติ ครอบคลุมได้ดีขึ้น พับเก็บง่าย,,,,taxable,,0,0,,0,0,0.125,,,,1,,230,1150,เครื่องมือการเลี้ยงดูเด็ก,,,"https://punpunkun.com/wp-content/uploads/2021/07/B0FF9475-D78C-445A-B613-919D0CC27CA8-rotated.jpeg, https://punpunkun.com/wp-content/uploads/2021/07/BDC23561-5D74-4E8A-A08B-0E36B462B48E-rotated.jpeg, https://punpunkun.com/wp-content/uploads/2021/07/0D0D2E19-429A-466B-A855-EE878866F325-rotated.jpeg, https://punpunkun.com/wp-content/uploads/2021/07/F519D58A-280A-4153-8EF0-0365BBEA4FEC-rotated.jpeg",,,,,,,,,0,,สี,สีเขียว,1,1,,,,,,,,,,,,,Fair
12852,simple,100159,,Coollision shirt เสื้อลายดอก,1,0,visible,เสื้อยืด แบรนด์ Oh Yes! สีกรม ลายดอกไม้ ไซส์ L,,,,taxable,,1,1,,0,0,0.065,,,,0,,120,390,สินค้าและอุปกรณ์สำหรับเด็ก,,,"https://punpunkun.com/wp-content/uploads/2021/07/6A19000C-940C-4805-A74F-161D73FF5D5D-rotated.jpeg, https://punpunkun.com/wp-content/uploads/2021/07/8422BF1B-F532-4ABE-B678-195833A48103-rotated.jpeg",,,,,,,,,0,,สี,"สีกรม, สีชมพู, สีเขียว, สีเหลือง",1,1,เพศ,หญิง,1,1,,,,,,,,,Good
12854,simple,100143,,White long sleeve เสื้อว่ายน้ำแขนยาว,1,0,visible,เสื้อว่ายน้ำแขนยาว แบรนด์ koalakids สีขาว ไซส์ 12-18 เดือน(12-18M),,,,taxable,,1,1,,0,0,0.070,,,,0,,240,790,สินค้าและอุปกรณ์สำหรับเด็ก,,,"https://punpunkun.com/wp-content/uploads/2021/07/6FAC11B2-18C7-4926-A5D4-FB7E6E40D01A-rotated.jpeg, https://punpunkun.com/wp-content/uploads/2021/07/1C034679-173B-4FF9-8F2A-9A3846354C8D-rotated.jpeg",,,,,,,,,0,,สี,"สีขาว, สีน้ำเงิน, สีฟ้า, สีส้ม, สีเขียว, สีเหลือง, สีแดง",1,1,เพศ,ชาย,1,1,Size (เสื้อ),12M,1,1,อายุ,12เดือน,1,1,Good
12856,simple,100188,,Winter Vintage plan shirt เสื้อวินเทจ,1,0,visible,เสื้อยืด แบรนด์ Disney คอลเลคชั่นวินเทจ สีเทา สกรีนลายดาว สุดเท่ห์ ไซส์ 3ปี (3T),,,,taxable,,1,1,,0,0,0.058,,,,0,,165,550,สินค้าและอุปกรณ์สำหรับเด็ก,,,"https://punpunkun.com/wp-content/uploads/2021/07/EC077D3F-763E-4150-98E2-F7E99296F50B-rotated.jpeg, https://punpunkun.com/wp-content/uploads/2021/07/6AEE2879-4BB4-4A22-BD18-D229AE5CB806-rotated.jpeg, https://punpunkun.com/wp-content/uploads/2021/07/939A5C56-70F2-4A05-869E-94CC53B4D312-rotated.jpeg",,,,,,,,,0,,สี,"สีกรม, สีเทา, สีแดง",1,1,Size (เสื้อ),3T,1,1,อายุ,3ปี,1,1,เพศ,ชาย,1,1,Good
12858,simple,100141,,Paths Body suit บอดี้สูทลายทาง,1,0,visible,บอดี้สูท แบรนด์ Carter’s ผลิตจากผ้าฝ้าย สีน้ำเงินลายยาว นุ่ม ใส่สบาย ไซส์ เบบี้ 12เดือน(12M),,,,taxable,,1,1,,0,0,0.097,,,,0,,105,350,สินค้าและอุปกรณ์สำหรับเด็ก,,,"https://punpunkun.com/wp-content/uploads/2021/07/016F3D98-55CD-4D0B-B165-E23349729D94-rotated.jpeg, https://punpunkun.com/wp-content/uploads/2021/07/E29B680E-7810-4B63-AC28-EFB4B444F61F-rotated.jpeg, https://punpunkun.com/wp-content/uploads/2021/07/3BB52938-96A0-4D82-BDB6-75D65C4F7840-rotated.jpeg",,,,,,,,,0,,Size (เสื้อ),12M,1,1,สี,"สีกรม, สีขาว, สีฟ้า",1,1,อายุ,1ปี,1,1,เพศ,ชาย,1,1,Good
12870,simple,100112,,Christmas body suit ชุดนอนคอกลมขายาว ลายคริสต์มาส,1,0,visible,ชุดนอน แบรนด์ Carter’s สีเขียว นุ่ม ใส่สบาย ลายคริสต์มาส ไซส์ เบบี้ 9เดือน(9M),,,,taxable,,1,1,,0,0,0.103,,,,0,,175,590,สินค้าและอุปกรณ์สำหรับเด็ก,,,"https://punpunkun.com/wp-content/uploads/2021/07/2D633EB1-C113-4FCE-A4E4-0B123CB37B35-rotated.jpeg, https://punpunkun.com/wp-content/uploads/2021/07/94BE02FA-A974-4355-A3A7-1C6AACF74CBC-rotated.jpeg, https://punpunkun.com/wp-content/uploads/2021/07/F19D7EF9-ADD2-4102-943C-621577136FAE-rotated.jpeg",,,,,,,,,0,,สี,"สีขาว, สีเขียว, สีแดง",1,1,Size (เสื้อ),9M,1,1,อายุ,9เดือน,1,1,เพศ,ชาย,1,1,Good
12872,simple,100182,,Beary Handsome Baby Bib ผ้ากันเปื้อนเด็ก,1,0,visible,ผ้ากันเปื้อนเด็ก ลาย”Too Cute to Spook” สีขาว,,,,taxable,,1,1,,0,0,0.029,,,,0,,100,320,สินค้าและอุปกรณ์สำหรับเด็ก,,,"https://punpunkun.com/wp-content/uploads/2021/07/65AD1F1E-1887-45E2-94D4-855FBFEC668C-rotated.jpeg, https://punpunkun.com/wp-content/uploads/2021/07/4D4D714D-7645-4D0A-81BA-07C5B09F36F2-rotated.jpeg",,,,,,,,,0,,สี,"สีขาว, สีดำ, สีม่วง",1,1,อายุ,0เดือน,1,1,,,,,,,,,Good
12876,simple,100180,,My First Ever Thanks Giving Teething Bib ผ้ากันเปื้อนเด็ก,1,0,visible,ผ้ากันเปื้อนเด็ก ลายMy First Ever Thanks Giving สีขาว,,,,taxable,,1,1,,0,0,0.046,,,,0,,175,285,สินค้าและอุปกรณ์สำหรับเด็ก,,,"https://punpunkun.com/wp-content/uploads/2021/07/CDA75F1B-68A1-444E-B37D-033974FBCD4D-rotated.jpeg, https://punpunkun.com/wp-content/uploads/2021/07/4D4D714D-7645-4D0A-81BA-07C5B09F36F2-rotated.jpeg",,,,,,,,,0,,สี,"สีขาว, สีดำ, สีส้ม, สีเขียว, สีเหลือง",1,1,อายุ,0เดือน,1,1,,,,,,,,,Good
12878,simple,100181,,Bear Teething Bib ผ้ากันเปื้อนเด็ก,1,0,visible,ผ้ากันเปื้อนเด็ก แบรนด์ Carter's ลายหมี สีเทา,,,,taxable,,1,1,,0,0,0.032,,,,0,,85,285,สินค้าและอุปกรณ์สำหรับเด็ก,,,"https://punpunkun.com/wp-content/uploads/2021/07/4333CFE1-A070-4619-9D0E-694231C491F1-rotated.jpeg, https://punpunkun.com/wp-content/uploads/2021/07/B86E4246-0207-43CB-A63D-6F7790BEF96C-rotated.jpeg",,,,,,,,,0,,สี,"สีดำ, สีเทา",1,1,,,,,,,,,,,,,Good
12883,simple,100173,,"""Too Cute to Spook"" Baby Bib ผ้ากันเปื้อนเด็ก",1,0,visible,"ผ้ากันเปื้อนเด็ก ลาย""Too Cute to Spook"" สีดำ ส้ม",,,,taxable,,1,1,,0,0,0.037,,,,0,,100,320,สินค้าและอุปกรณ์สำหรับเด็ก,,,"https://punpunkun.com/wp-content/uploads/2021/07/CCBE7FC1-3EA4-4A92-BA1F-ECBD902C3D64-rotated.jpeg, https://punpunkun.com/wp-content/uploads/2021/07/E1F4E4A7-443B-49AB-9C21-83DA0BA5E693-rotated.jpeg",,,,,,,,,0,,สี,"สีขาว, สีดำ, สีส้ม, สีเหลือง",1,1,,,,,,,,,,,,,Good
12885,simple,100179,,baby wooly hats หมวกไหมพรมเด็ก,1,0,visible,หมวกไหมพรมเด็ก ไซส์ 50 CM,,,,taxable,,1,1,,0,0,0.046,,,,0,,50,250,สินค้าและอุปกรณ์สำหรับเด็ก,,,"https://punpunkun.com/wp-content/uploads/2021/07/11A5C7A6-2E6E-48E3-A428-BFCEECC4E9D0-rotated.jpeg, https://punpunkun.com/wp-content/uploads/2021/07/8192705A-0762-40A9-81A8-4CEB1E3C87E3-rotated.jpeg, https://punpunkun.com/wp-content/uploads/2021/07/04199768-3792-4F51-A3BA-36FF68F25D34-rotated.jpeg",,,,,,,,,0,,สี,สีฟ้า,1,1,,,,,,,,,,,,,Fair
12887,simple,100150,,Bear Ear Hat หมวกไหมพรม,1,0,visible,หมวกไหมพรม สีขาว ยืดหยุ่น เนื้อผ้านุ่มพิเศษมอบความเบาสบายขณะสวมใส่,,,,taxable,,1,1,,0,0,0.065,,,,0,,215,705,สินค้าและอุปกรณ์สำหรับเด็ก,,,"https://punpunkun.com/wp-content/uploads/2021/07/E9AE6BDE-3C7D-4B51-A49A-16E9874090DC-rotated.jpeg, https://punpunkun.com/wp-content/uploads/2021/07/F3E48B49-055E-4B2F-994A-0317B53E0DF6-rotated.jpeg, https://punpunkun.com/wp-content/uploads/2021/07/F77CCD0F-0790-436B-817E-45A2820ADDB5-rotated.jpeg",,,,,,,,,0,,สี,"สีขาว, สีเทา",1,1,อายุ,3เดือน,1,1,,,,,,,,,Good
12889,simple,100175,,Giraffe body suit เสื้อบอดี้สูท ลายยีราฟ,1,0,visible,บอดี้สูท แบรนด์ Carter’s สีขาว ดำ ลายขวาง ผลิตจากผ้าฝ้าย นุ่ม ใส่สบาย ไซส์ เบบี้ 6เดือน (6M),,,,taxable,,1,1,,0,0,0.084,,,,0,,150,490,สินค้าและอุปกรณ์สำหรับเด็ก,,,"https://punpunkun.com/wp-content/uploads/2021/07/23947666-DCA8-4705-BA60-12A6763C9534-rotated.jpeg, https://punpunkun.com/wp-content/uploads/2021/07/91F76985-7585-4ACE-A1FB-A4491CA4223E-rotated.jpeg, https://punpunkun.com/wp-content/uploads/2021/07/9B377168-AF5A-4B56-947F-CC71C6C87979-rotated.jpeg",,,,,,,,,0,,สี,"สีขาว, สีดำ, สีเทา",1,1,Size (เสื้อ),6M,1,1,อายุ,6เดือน,1,1,เพศ,ชาย,1,1,Good
12895,simple,300074,,Leggings เลคกิ้งขาจั๊มยาวเบ้บี้ตัวน้อย,1,0,visible,เลคกิ้งขาจั๊มยาวเบ้บี้ตัวน้อย ไซส์1M แบรนด์ H&amp;M สีเทา,,,,taxable,,1,,,0,0,0.060,,,,0,,45,150,สินค้าและอุปกรณ์สำหรับเด็ก,,,"https://punpunkun.com/wp-content/uploads/2021/07/0A0DE1E6-8415-4047-86E7-7F2E8593CCF0-rotated.jpeg, https://punpunkun.com/wp-content/uploads/2021/07/9DAB6602-080A-446B-9984-9235F6879A1E-rotated.jpeg",,,,,,,,,0,,สี,สีเทา,1,1,เพศ,ชาย,1,1,,,,,,,,,Good
12900,simple,100165,,Dinosaur body suit บอดี้สูทไดโนเสาร์,1,0,visible,บอดี้สูท แบรนด์ Carter’s ชุดบอดี้สูท สีเขียว ลายไดโนเสาร์ ผลิตจากผ้าฝ้าย นุ่ม ใส่สบาย ไซส์ เบบี้ 6เดือน (6M),,,,taxable,,1,1,,0,0,0.073,,,,0,,100,490,สินค้าและอุปกรณ์สำหรับเด็ก,,,"https://punpunkun.com/wp-content/uploads/2021/07/B735F9D5-174D-47C6-9EEA-75F1D3C923D9-rotated.jpeg, https://punpunkun.com/wp-content/uploads/2021/07/ED3A1902-CD0E-4138-AA57-BCE50B2F860E-rotated.jpeg, https://punpunkun.com/wp-content/uploads/2021/07/2F87AB15-51D4-42D4-A4E3-3FD2DD6AFB51-rotated.jpeg",,,,,,,,,0,,สี,"สีกรม, สีเขียว",1,1,Size (เสื้อ),6M,1,1,อายุ,6เดือน,1,1,เพศ,ชาย,1,1,Fair
12902,simple,300067,,Dolce Orsetto บอดี้สูทแขาสั้นขาสั้น,1,0,visible,บอดี้สูทแขาสั้นขาสั้น สีขาว ไซส์60 cm แบรนด์ Dolce Orsetto  Baby  Onnection  สีขาว,,,,taxable,,1,1,,0,0,0.055,,,,0,,120,400,สินค้าและอุปกรณ์สำหรับเด็ก,,,"https://punpunkun.com/wp-content/uploads/2021/07/AA838A06-7692-4448-ACFC-5931DEA5093F-rotated.jpeg, https://punpunkun.com/wp-content/uploads/2021/07/EB28FCA9-B17B-4329-A2A1-40F5A6C9BF91-rotated.jpeg, https://punpunkun.com/wp-content/uploads/2021/07/978D3108-FDE2-4218-8DCB-9ACF355A9EE7-rotated.jpeg",,,,,,,,,0,,สี,สีขาว,1,1,เพศ,"ชาย, หญิง",1,1,,,,,,,,,
12905,simple,300068,,Leggings เลคกิ้งขาจั๊มเบบี้,1,0,visible,เลคกิ้งขาจั๊มเบบี้ ไซส์6-9M แบรนด์ H&amp;M สีกรม,,,,taxable,,1,1,,0,0,0.077,,,,0,,45,150,สินค้าและอุปกรณ์สำหรับเด็ก,,,"https://punpunkun.com/wp-content/uploads/2021/07/84753BE6-CB15-4124-AAB1-868034E18F83-rotated.jpeg, https://punpunkun.com/wp-content/uploads/2021/07/1B59B224-9039-44BD-8F81-E70E62C7ED68-rotated.jpeg",,,,,,,,,0,,เพศ,ชาย,1,1,สี,สีกรม,1,1,,,,,,,,,Good
12906,simple,100128,,Christmas Set Shirt and Pants เซตเสื้อและกางเกง ลายคริสต์มาส,1,0,visible,เซตเสื้อและกางเกง แบรนด์ Carter’s สีเขียว ลายคริสต์มาส สุดน่ารัก ไซส์ 6 ปี (6Y),,,,taxable,,1,1,,0,0,0.157,,,,0,,305,1017,สินค้าและอุปกรณ์สำหรับเด็ก,,,"https://punpunkun.com/wp-content/uploads/2021/07/AA365AAA-4C0A-4BC0-9C1D-6BE914940677-rotated.jpeg, https://punpunkun.com/wp-content/uploads/2021/07/BC998E3C-18A2-4737-88DD-19D017E563DE-rotated.jpeg, https://punpunkun.com/wp-content/uploads/2021/07/A8EA3151-9F8C-4CE2-BDEA-8539B7F525FE-rotated.jpeg, https://punpunkun.com/wp-content/uploads/2021/07/934EADE7-E905-4D18-84A8-78DC71BC9396-rotated.jpeg",,,,,,,,,0,,สี,"สีขาว, สีเขียว, สีแดง",1,1,Size (เสื้อ),4Y,1,1,อายุ,4ปี,1,1,เพศ,ชาย,1,1,Good
12909,simple,100177,,White&amp;Black long sleeve เสื้อแขนยาวขาวดำ,1,0,visible,เสื้อแขนยาว Gymboree สีดำ ขาว ไซส์  2ปี(2T),,,,taxable,,1,1,,0,0,0.075,,,,0,,120,390,สินค้าและอุปกรณ์สำหรับเด็ก,,,"https://punpunkun.com/wp-content/uploads/2021/07/A4A01D4C-6D6B-428D-B0DC-4E7F0F5CCE69-rotated.jpeg, https://punpunkun.com/wp-content/uploads/2021/07/7BB202EE-2611-4DDD-A13A-84634FA6702C-rotated.jpeg, https://punpunkun.com/wp-content/uploads/2021/07/312D388A-D286-438C-B250-14942418962F-rotated.jpeg",,,,,,,,,0,,สี,"สีขาว, สีดำ",1,1,Size (เสื้อ),2T,1,1,อายุ,2ปี,1,1,เพศ,ชาย,1,1,Good
12910,simple,300070,,Cotton Bodysuits บอดี้สูทคอปกลายทางสุดเท่ห์,1,0,visible,บอดี้สูทคอปกลายทางสุดเท่ห์ ไซส์4-6M แบรนด์H&amp;M สีกรมและสีขาว,,,,taxable,,1,1,,0,0,0.076,,,,0,,90,299,สินค้าและอุปกรณ์สำหรับเด็ก,,,"https://punpunkun.com/wp-content/uploads/2021/07/AC4530B9-8ECA-4075-9FC6-E12744A007DC-rotated.jpeg, https://punpunkun.com/wp-content/uploads/2021/07/B649B1C3-CCC1-4320-888F-7CFBB7262B34-rotated.jpeg",,,,,,,,,0,,สี,"สีกรม, สีขาว",1,1,Size (เสื้อ),4-6m,1,1,เพศ,"ชาย, หญิง",1,1,,,,,Good
12913,simple,300077,,Cloud pattern pajamas ชุดนอนขาสั้นสำหรับเบบี้ลายก้อนเฆม,1,0,visible,ชุดนอนขาสั้นสำหรับเบบี้ลายก้อนเฆม ไซส์80 cm สีขาวและสีฟ้า,,,,taxable,,1,1,,0,0,0.106,,,,0,,90,290,สินค้าและอุปกรณ์สำหรับเด็ก,,,"https://punpunkun.com/wp-content/uploads/2021/07/AC034D15-A290-4497-8E1F-A3C755BAC550-rotated.jpeg, https://punpunkun.com/wp-content/uploads/2021/07/8D0AA690-8FFC-48FC-BB17-837BC6A009B2-rotated.jpeg",,,,,,,,,0,,เพศ,"ชาย, หญิง",1,1,สี,"สีขาว, สีฟ้า",1,1,,,,,,,,,Good
12915,simple,300071,,Leggings เลคกิ้งขาจั๊มยาวเบ้บี้,1,0,visible,เลคกิ้งขาจั๊มยาวเบบี้ ไซส์6-9M แบรนด์ H&amp;M สีน้ำเงิน,,,,taxable,,1,1,,0,0,0.084,,,,0,,45,150,สินค้าและอุปกรณ์สำหรับเด็ก,,,"https://punpunkun.com/wp-content/uploads/2021/07/A8835FB5-D40A-4668-820E-52CBF47D172F-rotated.jpeg, https://punpunkun.com/wp-content/uploads/2021/07/83CEA1C0-025D-4762-ADB4-C3B8AFB870D9-rotated.jpeg",,,,,,,,,0,,สี,สีน้ำเงิน,1,1,เพศ,ชาย,1,1,,,,,,,,,Good
12918,simple,300076,,Jersey T-shirts เสื้อยืดลายขวางกระดุมไม้เบบี้,1,0,visible,เสื้อยืดลายขวางกระดุมไม้เบบี้ ไซส์1-2M สีน้ำตาลและสีขาว แบรนด์ H&amp;M,,,,taxable,,0,0,,0,0,0.053,,,,0,,60,199,สินค้าและอุปกรณ์สำหรับเด็ก,,,"https://punpunkun.com/wp-content/uploads/2021/07/0DE72B54-A684-452A-A529-10F810EAF6A9-rotated.jpeg, https://punpunkun.com/wp-content/uploads/2021/07/108D2D41-6038-450D-8BDB-9F9DC52FE647-rotated.jpeg",,,,,,,,,0,,สี,"สีขาว, สีน้ำตาล",1,1,เพศ,ชาย,1,1,,,,,,,,,Good
12919,simple,300075,,BABY NEWBORN ชุดบอดี้สูทแขนยาวขายาวลายภูเขา,1,0,visible,"ชุดบอดี้สูทแขนยาวขายาวลายภูเขา ไซส์ 70 cm จากแบรนด์Unique  สีกรม\n\n&nbsp;",,,,taxable,,1,1,,0,0,0.121,,,,0,,60,190,สินค้าและอุปกรณ์สำหรับเด็ก,,,"https://punpunkun.com/wp-content/uploads/2021/07/265D08DB-ADB4-40B3-9BA1-08BDBAD3702B-rotated.jpeg, https://punpunkun.com/wp-content/uploads/2021/07/0BE9A175-B1CD-4D6F-9D82-78DDE64AF91C-rotated.jpeg",,,,,,,,,0,,สี,สีกรม,1,1,เพศ,ชาย,1,1,,,,,,,,,Good
12924,simple,100187,,Backseat Driver Jersey Tee เสื้อแขนยาว,1,0,visible,เสื้อยืดแขนยาว แบรนด์ Carter’s ลายสุดเท่ห์ สีกรม ไซส์ 2ปี(2T),,,,taxable,,1,1,,0,0,0.073,,,,0,,150,490,สินค้าและอุปกรณ์สำหรับเด็ก,,,"https://punpunkun.com/wp-content/uploads/2021/07/A45816EE-2137-4A58-B718-D10241CDE679-rotated.jpeg, https://punpunkun.com/wp-content/uploads/2021/07/CEAE0F69-3596-4EE8-8D9C-211C16A606F1-rotated.jpeg, https://punpunkun.com/wp-content/uploads/2021/07/AC55BD64-E4E2-4F6C-81D7-9FF0A05137AC-rotated.jpeg",,,,,,,,,0,,สี,"สีกรม, สีเหลือง",1,1,Size (เสื้อ),2T,1,1,อายุ,2ปี,1,1,เพศ,ชาย,1,1,Good
12927,simple,100108,,Button-Front Bodysuit บอดี้สูทกระดุมหน้า,1,0,visible,บอดี้สูทกระดุมหน้า  แบรนด์ Carter’s สีแดง เขียว ผลิตจากผ้าฝ้าย นุ่ม ใส่สบาย ไซส์ เบบี้ 9เดือน (9M),,,,taxable,,1,1,,0,0,0.085,,,,0,,295,980,สินค้าและอุปกรณ์สำหรับเด็ก,,,"https://punpunkun.com/wp-content/uploads/2021/07/8987D3B5-2F25-4776-9539-A4B3733BFBEE-rotated.jpeg, https://punpunkun.com/wp-content/uploads/2021/07/B983ECD0-02EF-45F6-AC54-DAD5C39C77A8-rotated.jpeg, https://punpunkun.com/wp-content/uploads/2021/07/74E68241-1202-4BCA-B2A9-DE0D22E9DDA2-rotated.jpeg",,,,,,,,,0,,สี,"สีเขียว, สีแดง",1,1,Size (เสื้อ),9M,1,1,อายุ,9เดือน,1,1,เพศ,ชาย,1,1,Good
12933,simple,100156,,HUNK Sweater เสื้อกันหนาว,1,0,visible,,,,,taxable,,1,1,,0,0,0.118,,,,0,,345,1150,สินค้าและอุปกรณ์สำหรับเด็ก,,,"https://punpunkun.com/wp-content/uploads/2021/07/412FADC0-7B46-44C4-9D81-57580F5B2F66-rotated.jpeg, https://punpunkun.com/wp-content/uploads/2021/07/0D6C0442-4233-4828-9B1E-8BA6F095765B-rotated.jpeg, https://punpunkun.com/wp-content/uploads/2021/07/05984827-C142-4429-8FE4-BD7A1BA5EECA-rotated.jpeg",,,,,,,,,0,,สี,"สีกรม, สีเทา",1,1,Size (เสื้อ),12M,1,1,อายุ,12เดือน,1,1,เพศ,ชาย,1,1,Good
12938,simple,100161,,Sea body suit บอดี้สูท ลายทะเล,1,0,visible,บอดี้สูท แบรนด์ Carter’s ชุดบอดี้สูท สีเทา ลายทะเล ผลิตจากผ้าฝ้าย นุ่ม ใส่สบาย ไซส์ เบบี้ 6เดือน (6M),,,,taxable,,1,1,,0,0,0.087,,,,0,,150,490,สินค้าและอุปกรณ์สำหรับเด็ก,,,"https://punpunkun.com/wp-content/uploads/2021/07/2BEB9230-45DB-42B7-A055-865E73C8F63C-rotated.jpeg, https://punpunkun.com/wp-content/uploads/2021/07/291BD43A-D45B-4A3C-B6D1-4B90DC9C06D1-rotated.jpeg, https://punpunkun.com/wp-content/uploads/2021/07/05F742E5-E987-4A4F-8147-A8D612F549E6-rotated.jpeg",,,,,,,,,0,,สี,"สีดำ, สีเทา",1,1,Size (เสื้อ),6M,1,1,อายุ,6เดือน,1,1,เพศ,ชาย,1,1,Good
12943,simple,100184,,Peacock Zip-Up Cotton Footless Sleep &amp; Play ชุดบอดี้สูทแขนยาวขายาว ลายนกยูง,1,0,visible,ชุดบอดี้สูทแขนยาวขายาว แบรนด์ Carter's  สีเทา ลายนกยูง ไซส์ 9เดือน (9M),,,,taxable,,1,1,,0,0,0.135,,,,0,,155,510,สินค้าและอุปกรณ์สำหรับเด็ก,,,"https://punpunkun.com/wp-content/uploads/2021/07/4D5223D7-FFE2-429E-931A-FC972707255B-rotated.jpeg, https://punpunkun.com/wp-content/uploads/2021/07/49C41DD9-B712-4F63-8E4A-CBF128B233DC-rotated.jpeg, https://punpunkun.com/wp-content/uploads/2021/07/3A111119-127F-4E5B-A2FA-92F1456AAC5C-rotated.jpeg",,,,,,,,,0,,สี,"สีกรม, สีส้ม, สีเทา, สีเหลือง",1,1,Size (เสื้อ),9M,1,1,อายุ,9เดือน,1,1,เพศ,ชาย,1,1,Good
12950,simple,100129,,Brown Bear Hood หมวกหมีสีน้ำตาล,1,0,visible,หมวกหมีสีน้ำตาล,,,,taxable,,1,1,,0,0,0.105,,,,0,,210,350,สินค้าและอุปกรณ์สำหรับเด็ก,,,"https://punpunkun.com/wp-content/uploads/2021/07/0AA8DB3D-085F-42CA-A09D-6AA766C0A3BE-rotated.jpeg, https://punpunkun.com/wp-content/uploads/2021/07/C25576AD-B65B-4621-A049-A3632BC7B9BD-rotated.jpeg, https://punpunkun.com/wp-content/uploads/2021/07/F0508F1B-AC8D-4704-AC16-41EBDCF0D85E-rotated.jpeg",,,,,,,,,0,,สี,"สีดำ, สีน้ำตาล",1,1,,,,,,,,,,,,,Good
12958,simple,100124,,Animal Puppets Large ตุ๊กตามือสิงโตและกบ,1,0,visible,หุ่นกระบอกที่ทำด้วยมือที่น่ารักและสวยงามเหล่านี้มีใบหน้าที่เหมือนจริงมากจนคุณอดไม่ได้ที่จะกอดไว้ มันจะทำให้ลูกของคุณประหลาดใจและสนุกสนานมากขึ้นในชีวิต มันเป็นของขวัญที่อ่อนนุ่ม น่ารัก และน่าอัศจรรย์ให้กับเพื่อนหรือลูกของคุณ,,,,taxable,,1,1,,0,0,0.125,,,,0,,145,240,สินค้าและอุปกรณ์สำหรับเด็ก,,,"https://punpunkun.com/wp-content/uploads/2021/07/BCF3E54B-2475-415E-A49F-DD7117F4EEE6-rotated.jpeg, https://punpunkun.com/wp-content/uploads/2021/07/0C9015B2-1F85-4569-BF18-3E964274D1BE-rotated.jpeg, https://punpunkun.com/wp-content/uploads/2021/07/29CC263F-8E92-468E-997A-669666B81F0B-rotated.jpeg",,,,,,,,,0,,สี,"สีดำ, สีน้ำตาล, สีส้ม, สีเหลือง",1,1,,,,,,,,,,,,,Good
12963,simple,100130,,Hello Kitty Cap หมวกคิตตี้,1,0,visible,หมวกคิตตี้ แบรนด์ Sanrio สีชมพู,,,,taxable,,1,1,,0,0,0.063,,,,0,,400,990,สินค้าและอุปกรณ์สำหรับเด็ก,,,"https://punpunkun.com/wp-content/uploads/2021/07/202BDCA6-0590-4646-BBD1-13EB686C0976-rotated.jpeg, https://punpunkun.com/wp-content/uploads/2021/07/0DC46736-3434-40AE-8F33-79029DA2910E-rotated.jpeg, https://punpunkun.com/wp-content/uploads/2021/07/E00F2A84-7BFF-4455-88DE-424B2C6198A2-rotated.jpeg",,,,,,,,,0,,สี,"สีครีม, สีชมพู",1,1,,,,,,,,,,,,,Mint
12975,simple,100131,,Hello Kitty Cap หมวกคิตตี้,1,0,visible,หมวกคิตตี้ แบรนด์ Sanrio สีชมพู,,,,taxable,,1,1,,0,0,0.090,,,,0,,400,990,สินค้าและอุปกรณ์สำหรับเด็ก,,,"https://punpunkun.com/wp-content/uploads/2021/07/D84EE888-A1AA-4FCB-81DA-403990933C7E-rotated.jpeg, https://punpunkun.com/wp-content/uploads/2021/07/88890D21-ECF4-43B6-97CE-2AC228F84764-rotated.jpeg, https://punpunkun.com/wp-content/uploads/2021/07/0EAF0250-7C62-48F3-923F-989AEA16583B-rotated.jpeg",,,,,,,,,0,,สี,"สีขาว, สีชมพู",1,1,,,,,,,,,,,,,Mint
12979,simple,100126,,Wolf Headband Ears ที่คาดผมหมาป่า,1,0,visible,ที่คาดผมหมาป่าสุดน่ารัก,,,,taxable,,1,1,,0,0,0.032,,,,0,,180,600,สินค้าและอุปกรณ์สำหรับเด็ก,,,"https://punpunkun.com/wp-content/uploads/2021/07/6CB50DFB-92B1-4452-B31C-F3B2B7C9776F-rotated.jpeg, https://punpunkun.com/wp-content/uploads/2021/07/E2B96A1C-79A9-461F-96B4-9AB35A3D32E7-rotated.jpeg",,,,,,,,,0,,สี,สีน้ำตาล,1,1,,,,,,,,,,,,,Good
12982,simple,100125,,Minion Keychain พวงกุญแจมินเนี่ยน,1,0,visible,พวงกุญแจมินเนี่ยนสุดน่ารัก,,,,taxable,,1,1,,0,0,0.052,,,,0,,160,400,สินค้าและอุปกรณ์สำหรับเด็ก,,,"https://punpunkun.com/wp-content/uploads/2021/07/3F755BD4-2106-4F80-83B1-AC2EE674FD12-rotated.jpeg, https://punpunkun.com/wp-content/uploads/2021/07/0987BB9F-9E83-453E-BF44-BA0BDFA6DEA6-rotated.jpeg, https://punpunkun.com/wp-content/uploads/2021/07/4F393E0D-9FBF-4CA0-B67F-6EC264E411CC-rotated.jpeg",,,,,,,,,0,,สี,"สีขาว, สีดำ, สีน้ำตาล, สีฟ้า, สีเทา, สีเหลือง",1,1,,,,,,,,,,,,,Fair
12986,simple,100157,,Round neck long sleeve shirt เสื้อแขนยาวคอกลม,1,0,visible,เสื้อแขนยาวคอกลม แบรนด์ Adidas สีน้ำเงิน สกรีน Adidas ไซส์ UK 9-12M US 12M F 9-12M,,,,taxable,,0,0,,0,0,0.121,,,,0,,300,990,สินค้าและอุปกรณ์สำหรับเด็ก,,,"https://punpunkun.com/wp-content/uploads/2021/07/65A31B66-C163-451F-9D83-DFB636351D3C-rotated.jpeg, https://punpunkun.com/wp-content/uploads/2021/07/E7DFC4DD-EEC4-4C43-9198-413D50482A0D-rotated.jpeg, https://punpunkun.com/wp-content/uploads/2021/07/63E11B32-5C58-4590-BD05-1357D98AA834-rotated.jpeg",,,,,,,,,0,,สี,"สีน้ำเงิน, สีเขียว",1,1,Size (เสื้อ),9M,1,1,อายุ,9เดือน,1,1,เพศ,ชาย,1,1,Good
12989,simple,100172,,Yellow t-shirt เสื้อยืดสีเหลือง,1,0,visible,เสื้อยืด แบรนด์ Adidas สีเหลือง สกรีน ADI DAS สุดเท่ห์ ไซส์ 6เดือน (6M),,,,taxable,,1,1,,0,0,0.071,,,,0,,240,800,สินค้าและอุปกรณ์สำหรับเด็ก,,,"https://punpunkun.com/wp-content/uploads/2021/07/041684F2-3372-4455-AED7-83252197AC0E-rotated.jpeg, https://punpunkun.com/wp-content/uploads/2021/07/0312E2CA-15D8-4D94-9B7A-E9097C8C7E66-rotated.jpeg, https://punpunkun.com/wp-content/uploads/2021/07/3F90E30E-5C59-4BB6-AB28-60DD56D6A7EA-rotated.jpeg, https://punpunkun.com/wp-content/uploads/2021/07/6E4A5104-F790-4CE9-9A9E-BEB6BDFEE58C-rotated.jpeg, https://punpunkun.com/wp-content/uploads/2021/07/E9DABB6E-48AD-41AE-BF1C-799B6B8C6C00-rotated.jpeg",,,,,,,,,0,,สี,"สีขาว, สีเขียว, สีเหลือง",1,1,Size (เสื้อ),"6M, 9M",1,1,อายุ,"6เดือน, 9เดือน",1,1,เพศ,ชาย,1,1,Good
12991,simple,100174,,Alien body suit บอดี้สูท ลายเอเลี่ยน,1,0,visible,บอดี้สูท แบรนด์ Carter’s ชุดบอดี้สูท สีเทา ลายเอเลี่ยน ผลิตจากผ้าฝ้าย นุ่ม ใส่สบาย ไซส์ เบบี้ 6เดือน (6M),,,,taxable,,0,0,,0,0,0.085,,,,0,,150,490,สินค้าและอุปกรณ์สำหรับเด็ก,,,"https://punpunkun.com/wp-content/uploads/2021/07/8F1D3EDC-E1C2-4E9E-951A-21F562FE738E-rotated.jpeg, https://punpunkun.com/wp-content/uploads/2021/07/A82F27BA-5C93-4CBB-BA81-93E7200ED31E-rotated.jpeg, https://punpunkun.com/wp-content/uploads/2021/07/B9DB99BB-42AC-45A9-A0FF-83CC456FA9E1-rotated.jpeg",,,,,,,,,0,,สี,"สีฟ้า, สีส้ม, สีเขียว, สีเทา",1,1,Size (เสื้อ),6M,1,1,อายุ,6เดือน,1,1,เพศ,ชาย,1,1,Good
12993,simple,100167,,Orange long sleeve shirt and hat เสื้อแขนยาวสีส้มพร้อมหมวก,1,0,visible,เสื้อแขนยาวสีส้มพร้อมหมวก แบรนด์ Baby Gap ไซส์ 9เดือน (9M),,,,taxable,,1,1,,0,0,0.120,,,,0,,135,450,สินค้าและอุปกรณ์สำหรับเด็ก,,,"https://punpunkun.com/wp-content/uploads/2021/07/BDB29EB0-7CAB-4E32-BAC6-1B2FA4EBBBFF-rotated.jpeg, https://punpunkun.com/wp-content/uploads/2021/07/12CD823C-F963-42D5-BAB2-8AD8EFF36995-rotated.jpeg, https://punpunkun.com/wp-content/uploads/2021/07/2E5DC57A-3A3B-48F1-AD8A-D85E4D203043-rotated.jpeg",,,,,,,,,0,,สี,"สีส้ม, สีเขียว",1,1,Size (เสื้อ),2Y,1,1,อายุ,2ปี,1,1,เพศ,ชาย,1,1,Good
12995,simple,100158,,Boat body suit บอดี้สูทรูปเรือ,1,0,visible,บอดี้สูท แบรนด์ Carter’s สีน้ำเงิน ฟ้า ลายขวาง ผลิตจากผ้าฝ้าย นุ่ม ใส่สบาย ไซส์ เบบี้ 6เดือน (6M),,,,taxable,,1,1,,0,0,0.088,,,,0,,150,490,สินค้าและอุปกรณ์สำหรับเด็ก,,,"https://punpunkun.com/wp-content/uploads/2021/07/F35F7DA3-316C-489B-A9CD-095D83A55D13-rotated.jpeg, https://punpunkun.com/wp-content/uploads/2021/07/261C7EC4-CA3D-4C86-8B0F-BC2A33FD93E6-rotated.jpeg, https://punpunkun.com/wp-content/uploads/2021/07/C3002E7F-32DA-4593-86B0-670B9D60BA34-rotated.jpeg",,,,,,,,,0,,สี,"สีกรม, สีขาว, สีดำ, สีส้ม, สีเทา, สีเหลือง",1,1,Size (เสื้อ),6M,1,1,อายุ,6เดือน,1,1,เพศ,ชาย,1,1,Good
12997,simple,100152,,Baby Romper (Fish&amp;Shark) บอดี้สูทรูปปลาฉลามลายขวาง,1,0,visible,บอดี้สูท แบรนด์ Carter’s ชุดบอดี้สูท สีแดง ลายขวาง รูปปลาฉลาม ผลิตจากผ้าฝ้าย นุ่ม ใส่สบาย ไซส์ เบบี้ 6เดือน (6M),,,,taxable,,1,1,,0,0,0.083,,,,0,,150,490,สินค้าและอุปกรณ์สำหรับเด็ก,,,"https://punpunkun.com/wp-content/uploads/2021/07/816C339E-BBEB-4FB4-8FCB-DBB0CD6A3BEB-rotated.jpeg, https://punpunkun.com/wp-content/uploads/2021/07/63BE7537-6E05-4396-8C3A-AD53910B819C-rotated.jpeg, https://punpunkun.com/wp-content/uploads/2021/07/382D13B0-5DEC-46A7-8B30-5CDF326411D1-rotated.jpeg",,,,,,,,,0,,สี,"สีกรม, สีเทา, สีแดง",1,1,Size (เสื้อ),6M,1,1,อายุ,6เดือน,1,1,เพศ,ชาย,1,1,Good
13000,simple,100138,,Striped Pajamas ชุดนอนคอกลมขายาว ลายขวาง,1,0,visible,ชุดนอน แบรนด์ Carter สีเทา นุ่ม ใส่สบาย ไซส์ เบบี้ 9เดือน(9M),,,,taxable,,1,1,,0,0,0.155,,,,0,,180,590,สินค้าและอุปกรณ์สำหรับเด็ก,,,"https://punpunkun.com/wp-content/uploads/2021/07/0A089BB7-B3F0-487D-B050-01F4E104A3C4-rotated.jpeg, https://punpunkun.com/wp-content/uploads/2021/07/AB6D424C-3CCD-496E-905B-8009E718CB2C-rotated.jpeg, https://punpunkun.com/wp-content/uploads/2021/07/469125A1-9DE3-478F-90FB-DC1F45787F40-rotated.jpeg",,,,,,,,,0,,สี,"สีขาว, สีฟ้า, สีส้ม, สีเทา",1,1,Size (เสื้อ),9M,1,1,อายุ,9เดือน,1,1,เพศ,ชาย,1,1,Good
13002,simple,100113,,Adidas Jacket เสื้อแจ็คเก็ต อาดิดาส,1,0,visible,เสื้อแจ็คเก็ต แบรนด์ Adidas สุดเทห์ ไซส์ 12-18เดือน UK 12-18M US 18M F 12-18M,,,,taxable,,1,1,,0,0,0.179,,,,0,,570,1890,สินค้าและอุปกรณ์สำหรับเด็ก,,,"https://punpunkun.com/wp-content/uploads/2021/07/FBA8AE3D-B6E9-4B3A-B537-3CFCC5C58539-rotated.jpeg, https://punpunkun.com/wp-content/uploads/2021/07/C0AC645F-F7A6-48C9-98B4-3F1B3A8F5953-rotated.jpeg, https://punpunkun.com/wp-content/uploads/2021/07/D9BF004B-5149-4D95-A812-E05E1979F919-rotated.jpeg",,,,,,,,,0,,สี,"สีดำ, สีส้ม",1,1,Size (เสื้อ),12-18M,1,1,อายุ,"12เดือน, 18เดือน",1,1,เพศ,ชาย,1,1,Good
13004,simple,100178,,Car Set Shirt and Pants เซตเสื้อและกางเกง ลายรถ,1,0,visible,เซตเสื้อและกางเกง แบรนด์ Carter’s สีขาว ลายรถ สุดน่ารัก ไซส์ 4ปี (4T),,,,taxable,,1,1,,0,0,0.154,,,,0,,305,1017,สินค้าและอุปกรณ์สำหรับเด็ก,,,"https://punpunkun.com/wp-content/uploads/2021/07/AC43D76D-33CA-46AD-BDFA-5BB83861E044-rotated.jpeg, https://punpunkun.com/wp-content/uploads/2021/07/29F79EFF-E229-478A-812B-9D631664A722-rotated.jpeg, https://punpunkun.com/wp-content/uploads/2021/07/866B1371-3C19-4AF8-819E-25A248739F74-rotated.jpeg, https://punpunkun.com/wp-content/uploads/2021/07/B9EDE172-76CA-4FEA-BBB0-4BC1AB8DC78E-rotated.jpeg",,,,,,,,,0,,สี,"สีกรม, สีขาว, สีเหลือง, สีแดง",1,1,Size (เสื้อ),4Y,1,1,อายุ,4ปี,1,1,เพศ,ชาย,1,1,Good
13009,simple,100136,,Penguin Pajamas ชุดนอนคอกลมขายาว ลายแพนกวิน,1,0,visible,ชุดนอน แบรนด์ Carter’s สีเทา ลายแพนกวิน นุ่ม ใส่สบาย ลายสัตว์ ไซส์ เบบี้ 12เดือน(12M),,,,taxable,,1,1,,0,0,0.136,,,,0,,180,590,สินค้าและอุปกรณ์สำหรับเด็ก,,,"https://punpunkun.com/wp-content/uploads/2021/07/42D3FE83-02F7-4BC4-A631-67A98A347873-rotated.jpeg, https://punpunkun.com/wp-content/uploads/2021/07/941DCE0C-585A-43CD-9051-0C9F492EB519-rotated.jpeg, https://punpunkun.com/wp-content/uploads/2021/07/1A4572DE-EE17-41BF-AA1C-47B8297766BE-rotated.jpeg",,,,,,,,,0,,สี,"สีขาว, สีดำ, สีฟ้า, สีส้ม, สีเทา",1,1,Size (เสื้อ),12M,1,1,อายุ,12เดือน,1,1,เพศ,ชาย,1,1,Good
13012,simple,100111,,Car Pajamas ชุดนอนคอกลมขายาว ลายรถ,1,0,visible,ชุดนอน แบรนด์ Carter’s สีแดง กรม นุ่ม ใส่สบาย ลายรถ สุดเทห์ ไซส์ เบบี้ 9เดือน(9M),,,,taxable,,1,1,,0,0,0.123,,,,0,,300,990,สินค้าและอุปกรณ์สำหรับเด็ก,,,"https://punpunkun.com/wp-content/uploads/2021/07/97981819-3179-455B-A18B-BD0E30106F1D-rotated.jpeg, https://punpunkun.com/wp-content/uploads/2021/07/BC6C9933-7FFB-4384-B37F-D0A4915CC2F4-rotated.jpeg, https://punpunkun.com/wp-content/uploads/2021/07/B4993BAE-9D93-4435-B3C2-6784862DB548-rotated.jpeg",,,,,,,,,0,,สี,"สีกรม, สีขาว, สีเทา, สีแดง",1,1,Size (เสื้อ),9M,1,1,อายุ,9เดือน,1,1,เพศ,ชาย,1,1,Good
13014,simple,100170,,Necktie body suit บอดี้สูทลายเนคไท,1,0,visible,บอดี้สูท สีขาว ลายเนคไท ผลิตจากผ้าฝ้าย นุ่ม ใส่สบาย ไซส์ เบบี้ 9เดือน (9M),,,,taxable,,1,1,,0,0,0.074,,,,0,,450,1500,สินค้าและอุปกรณ์สำหรับเด็ก,,,"https://punpunkun.com/wp-content/uploads/2021/07/FBB7F123-C190-4E89-8198-5DEA950B3B38-rotated.jpeg, https://punpunkun.com/wp-content/uploads/2021/07/CCE7E330-29DC-43E0-8E1C-8187FC959AB5-rotated.jpeg, https://punpunkun.com/wp-content/uploads/2021/07/021EE543-D48F-4B0A-81A1-5932675594B8-rotated.jpeg",,,,,,,,,0,,สี,"สีขาว, สีม่วง, สีเขียว, สีเทา",1,1,Size (เสื้อ),9M,1,1,อายุ,9เดือน,1,1,เพศ,ชาย,1,1,Good
13019,simple,100169,,Navy blue Hooded ชุดฮู้ด สีกรม,1,0,visible,ชุดฮู้ด แบรนด์ Carter’s แขนยาว ขายาว สีกรม ผลิตจากผ้าฝ้าย นุ่ม ใส่สบาย ไซส์ เบบี้ 12เดือน (12M),,,,taxable,,1,1,,0,0,0.181,,,,0,,465,1550,สินค้าและอุปกรณ์สำหรับเด็ก,,,"https://punpunkun.com/wp-content/uploads/2021/07/E4E2E43F-6905-4498-82D7-0A8640334E9F-rotated.jpeg, https://punpunkun.com/wp-content/uploads/2021/07/2CAAB34B-441D-480C-8AA8-27D9C135FC91-rotated.jpeg, https://punpunkun.com/wp-content/uploads/2021/07/F04BE75D-D8E8-4AF9-AC1E-5CFC3411AA2B-rotated.jpeg",,,,,,,,,0,,สี,สีกรม,1,1,Size (เสื้อ),12M,1,1,อายุ,12เดือน,1,1,เพศ,ชาย,1,1,Good
13021,simple,100166,,Yellow long sleeve shirt เสื้อแขนยาวสีเหลืองรูปรถ,1,0,visible,"เสื้อยืดแขนยาว แบรนด์ Carter’s ลายสุดเท่ห์ สีเหลือง เทา  ไซส์ 2ปี(2T)\n\n&nbsp;",,,,taxable,,1,1,,0,0,0.079,,,,0,,150,490,สินค้าและอุปกรณ์สำหรับเด็ก,,,"https://punpunkun.com/wp-content/uploads/2021/07/66DA6ABD-AFF8-4BF7-8AB7-45E494EEAD04-rotated.jpeg, https://punpunkun.com/wp-content/uploads/2021/07/ACC10228-A2BA-4B86-A778-6B8B74B617F2-rotated.jpeg, https://punpunkun.com/wp-content/uploads/2021/07/375C19D2-3B20-475C-8249-B956E84D61FD-rotated.jpeg",,,,,,,,,0,,สี,"สีเทา, สีเหลือง",1,1,Size (เสื้อ),2T,1,1,อายุ,2ปี,1,1,เพศ,ชาย,1,1,Good
13023,simple,100168,,Zip-Up Sherpa Vest เสื้อกั๊กเชอร์ปาแบบมีซิป,1,0,visible,เสื้อกั๊กตัวนี้ตัดเย็บจากเสื้อเชอร์ปาแสนอบอุ่นที่สวมใส่เป็นเลเยอร์ที่สมบูรณ์แบบสำหรับสวมใส่ในลุคหน้าหนาว ไซส์ เบบี้ 6เดือน(6M),,,,taxable,,1,1,,0,0,0.125,,,,0,,140,460,สินค้าและอุปกรณ์สำหรับเด็ก,,,"https://punpunkun.com/wp-content/uploads/2021/07/F2CF0D3D-B115-4290-83DD-8F2F374D692C-rotated.jpeg, https://punpunkun.com/wp-content/uploads/2021/07/AB984835-7625-4612-88B5-A224B1AE8265-rotated.jpeg, https://punpunkun.com/wp-content/uploads/2021/07/46F8813B-170E-4BB5-B546-F179E87F1AF0-rotated.jpeg",,,,,,,,,0,,สี,"สีกรม, สีเทา",1,1,Size (เสื้อ),6M,1,1,อายุ,6เดือน,1,1,เพศ,ชาย,1,1,Good
13318,simple,1000015,,Cherry T-shirt เสือยืดพิมพ์ลายเชอร์รี่,1,0,visible,เสือยืดพิมพ์ลายเชอร์รี่ ไซส์6-8 Y สีขาว ลูกเชอร์รี่สีแดง แบรนด์ H&amp;M,,,,taxable,,1,1,,0,0,0.061,,,,0,,90,299,สินค้าและอุปกรณ์สำหรับเด็ก,,,"https://punpunkun.com/wp-content/uploads/2021/07/AF059CC6-B7D6-4D46-83D8-A6370B7EB3F2-rotated.jpeg, https://punpunkun.com/wp-content/uploads/2021/07/43FA2454-C5D9-4D15-BF58-A249B76DD41F-rotated.jpeg, https://punpunkun.com/wp-content/uploads/2021/07/5D6D56FC-BA56-4771-9CD0-B9987962FC84-rotated.jpeg",,,,,,,,,0,,สี,สีขาว,1,1,Size (เสื้อ),6-8 Y,1,1,เพศ,หญิง,1,1,,,,,Good
13319,simple,1000041,,Bib Jeans Zara Girl เอี๊ยมยีนส์ขายาวเด็กผู้หญิง,1,0,visible,เอี๊ยมยีนส์ขายาวเด็กผู้หญิง แบรนด์ Zara สียีนส์ สีฟ้า ไซส์5Y,,,,taxable,,1,1,,0,0,0.335,,,,0,,360,1190,สินค้าและอุปกรณ์สำหรับเด็ก,,,"https://punpunkun.com/wp-content/uploads/2021/07/2F99739B-05EC-41F4-91E1-0660A44EDC61-rotated.jpeg, https://punpunkun.com/wp-content/uploads/2021/07/F0562A2C-6992-433F-B6DD-343FF0535BA2-rotated.jpeg, https://punpunkun.com/wp-content/uploads/2021/07/8280F96F-8176-44E1-9B1F-B749768A4D6D-rotated.jpeg",,,,,,,,,0,,เพศ,หญิง,1,1,สี,สีฟ้า,1,1,Size (เสื้อ),5Y,1,1,,,,,Good
13321,simple,1000069,,Whale pants กางเกงขายาว ลายวาฬ,1,0,visible,กางเกงขายาว ลายวาฬ ไซส์ 6,,,,taxable,,1,1,,0,0,0.069,,,,0,,120,390,สินค้าและอุปกรณ์สำหรับเด็ก,,,"https://punpunkun.com/wp-content/uploads/2021/07/2F4AF60B-DCB2-4AE9-B895-B1DE334FC99B-rotated.jpeg, https://punpunkun.com/wp-content/uploads/2021/07/3614DA0F-774D-43A3-BED7-BCD10683ED6B-rotated.jpeg",,,,,,,,,0,,สี,สีขาว,1,1,Size (กางเกง),6Y,1,1,อายุ,6ปี,1,1,เพศ,หญิง,1,1,Good
13323,simple,1000056,,Flowers Swimsuit Set เซตชุดว่ายน้ำลายดอกไม้สกรีน,1,0,visible,เซตชุดว่ายน้ำลายดอกไม้สกรีน แบรนด์ GYMBOREE ไซส์5-6Y สีชมพู กางเกงสียีนส์,,,,taxable,,1,1,,0,0,0.142,,,,0,,150,750,สินค้าและอุปกรณ์สำหรับเด็ก,,,"https://punpunkun.com/wp-content/uploads/2021/07/B5D893B4-B437-4DE8-AE3F-A858DB7B31A7-rotated.jpeg, https://punpunkun.com/wp-content/uploads/2021/07/CD2B9A44-8EE1-4910-B792-8295C41B90F2-rotated.jpeg, https://punpunkun.com/wp-content/uploads/2021/07/5B6287AA-6DCA-458B-87AB-C36AEA7F3B4F-rotated.jpeg, https://punpunkun.com/wp-content/uploads/2021/07/363617AC-08A6-4648-8CAA-17E60BABEB11-rotated.jpeg, https://punpunkun.com/wp-content/uploads/2021/07/F11A145A-09F4-4DFD-95A3-71CA9EE3AE45-rotated.jpeg, https://punpunkun.com/wp-content/uploads/2021/07/B4BD66EE-0FB3-4828-AF88-20F3B427E49D-rotated.jpeg",,,,,,,,,0,,เพศ,หญิง,1,1,สี,สีชมพู,1,1,Size (เสื้อ),"5Y, 6Y",1,1,,,,,Fair
13326,simple,1000042,,Juniors' One Piece Swimsuit ชุดว่ายน้ำวันพีซสำหรับเด็ก,1,0,visible,ชุดว่ายน้ำวันพีซสำหรับเด็ก แบรนด์ xhilaration สีดำ ชมพู ไซส์ S6/6X,,,,taxable,,1,1,,0,0,0.089,,,,0,,360,1200,สินค้าและอุปกรณ์สำหรับเด็ก,,,"https://punpunkun.com/wp-content/uploads/2021/07/75988C17-325A-428A-AE02-8288E74126E5-rotated.jpeg, https://punpunkun.com/wp-content/uploads/2021/07/672ACC8D-44FE-4343-AF7E-6CF571B33009-rotated.jpeg, https://punpunkun.com/wp-content/uploads/2021/07/D5ECA496-3065-480B-A680-E026FE1FAD33-rotated.jpeg",,,,,,,,,0,,สี,"สีชมพู, สีดำ",1,1,Size (เสื้อ),6Y,1,1,อายุ,6ปี,1,1,เพศ,หญิง,1,1,Good
13327,simple,1000045,,Printed Cotton Dress ชุดกระโปรงลายขวางแนวตรงแขนกุด,1,0,visible,ชุดกระโปรงลายขวางแนวตรงแขนกุด แบรนด์ H&amp;M ไซส์ 8-10Y สีกรมสลับสีขาว,,,,taxable,,1,1,,0,0,0.130,,,,0,,90,299,สินค้าและอุปกรณ์สำหรับเด็ก,,,"https://punpunkun.com/wp-content/uploads/2021/07/2DA0770B-4371-4738-9AB0-70E1C51573B1-rotated.jpeg, https://punpunkun.com/wp-content/uploads/2021/07/4F1C6F6D-101A-44C0-B32E-A7677A596AA5-rotated.jpeg, https://punpunkun.com/wp-content/uploads/2021/07/B57F2C03-3DC3-4FF8-882C-BDE3F9E5135B-rotated.jpeg",,,,,,,,,0,,Size (เสื้อ),8-10Y,1,1,สี,"สีกรม, สีขาว",1,1,เพศ,หญิง,1,1,,,,,Good
13329,simple,1000023,,Dress Polo ชุดกระโปรงคอปกเชิ้ต,1,0,visible,ชุดกระโปรงคอปกเชิ้ต สีม่วง แบรนด์ Polo Ralph Lauren ไซส์ 8-10Y,,,,taxable,,1,1,,0,0,0.239,,,,0,,900,2990,สินค้าและอุปกรณ์สำหรับเด็ก,,,"https://punpunkun.com/wp-content/uploads/2021/07/2A3FBCA2-DBB4-44A8-B85C-F92086F0457C-rotated.jpeg, https://punpunkun.com/wp-content/uploads/2021/07/2DA49FC7-215C-4A34-95C3-315571585130-rotated.jpeg, https://punpunkun.com/wp-content/uploads/2021/07/E0C5954F-B97D-47CF-8437-CA14E4D07CBF-rotated.jpeg",,,,,,,,,0,,สี,สีม่วง,1,1,เพศ,หญิง,1,1,Size (เสื้อ),8-10Y,1,1,,,,,Good
13331,simple,1000083,,Minnie Mouse Leggings กางเกงเลกกิ้ง ลายมินนี่เมาส์,1,0,visible,"เลคกิ้ง แบรนด์ H&amp;M ลายมินนี่เมาส์ สีเทา ไซส์ EUR 122 US 6-7Y CA 6-7A CN 120/56 MX 122 AUS 7\n\n&nbsp;",,,,taxable,,1,1,,0,0,0.378,,,,0,,150,499,สินค้าและอุปกรณ์สำหรับเด็ก,,,"https://punpunkun.com/wp-content/uploads/2021/07/FDFEF64F-6863-473D-9D1E-D5CB0171E3FE-rotated.jpeg, https://punpunkun.com/wp-content/uploads/2021/07/30B7A02F-AE7C-4BA3-B137-F21C6C93DBEA-rotated.jpeg",,,,,,,,,0,,สี,สีเทา,1,1,อายุ,6ปี,1,1,Size (กางเกง),6Y,1,1,เพศ,หญิง,1,1,Good
13333,simple,1000049,,Fantasia Abelhinha Koala kids ชุดแฟนตาซีผึ้งน้อยสำหรับเบบี้,1,0,visible,ชุดแฟนตาซีผึ้งน้อยสำหรับเบบี้ ไซส์สำหรับเบ้ (12-18M) แบรนด์ Koala kids สีเหลือง,,,,taxable,,1,1,,0,0,0.178,,,,0,,360,1190,สินค้าและอุปกรณ์สำหรับเด็ก,,,"https://punpunkun.com/wp-content/uploads/2021/07/2D6DB191-CB4F-4FF6-8E70-88E87966C53E-rotated.jpeg, https://punpunkun.com/wp-content/uploads/2021/07/21DFA30E-2DB1-4461-B40A-7604965599B0-rotated.jpeg, https://punpunkun.com/wp-content/uploads/2021/07/E9E0E028-806D-4EC9-B66A-B86FB7BB1ED4-rotated.jpeg",,,,,,,,,0,,สี,สีเหลือง,1,1,เพศ,หญิง,1,1,Size (เสื้อ),12-18M,1,1,,,,,Good
13335,simple,1000064,,"Big Board Books Colors, ABC, Numbers หนังสือ สี ABC ตัวเลข",1,0,visible,ช่วยให้ทารกและเด็กเล็กสร้างคำศัพท์เบื้องต้นได้ รูปแบบขนาดใหญ่ สีสันสดใส และแข็งแรงเพื่อให้ทนทานต่อการเรียนรู้ซ้ำๆ สนุก เด็ก ๆ จะชอบพลิกหน้าหนังสือเล่มนี้ครั้งแล้วครั้งเล่า!,,,,taxable,,0,0,,0,0,0.643,,,,0,,195,645,หนังสือและดนตรี,,,"https://punpunkun.com/wp-content/uploads/2021/07/D398B11E-3C43-4739-88CE-CD7C8DF2DDA1-rotated.jpeg, https://punpunkun.com/wp-content/uploads/2021/07/3E52E37F-F54A-4247-BA1E-8B781B4D4C9C-rotated.jpeg, https://punpunkun.com/wp-content/uploads/2021/07/DEEF5E01-A5F7-480F-9F18-CCDD6DBD47D0-rotated.jpeg, https://punpunkun.com/wp-content/uploads/2021/07/7D48FC42-5716-4EF7-93FF-7B073CF63FE5-rotated.jpeg",,,,,,,,,0,,สี,"สีดำ, สีฟ้า, สีส้ม, สีเขียว, สีเหลือง, สีแดง",1,1,ภาษา,อังกฤษ,1,1,เพศ,"ชาย, หญิง",1,1,,,,,Good
13337,simple,1000038,,Toddler Organic Cotton Mix and Match Pull-On Leggings กางเกงเลกกิ้งลายจุด,1,0,visible,เลคกิ้ง แบรนด์ Gap Kid ลายจุด สีเทา เบบี้ ไซส์ 6-7 ปี,,,,taxable,,1,1,,0,0,0.082,,,,0,,195,650,สินค้าและอุปกรณ์สำหรับเด็ก,,,"https://punpunkun.com/wp-content/uploads/2021/07/2D4CE2D3-FAEF-4C7C-8907-37206303D861-rotated.jpeg, https://punpunkun.com/wp-content/uploads/2021/07/6D18024C-30CC-48C2-8165-B73FD56BF7FF-rotated.jpeg",,,,,,,,,0,,สี,"สีกรม, สีชมพู, สีฟ้า, สีเขียว",1,1,Size (กางเกง),6Y,1,1,อายุ,6ปี,1,1,เพศ,หญิง,1,1,Good
13339,simple,1000026,,Jersey Dress Organic Cotton ชุดกระโปรงลายสก๊อตสดใส,1,0,visible,ชุดกระโปรงลายสก๊อตสดใส แบรนด์H&amp;M ไซส์8-10Y สีชมพูและสีขาว,,,,taxable,,1,1,,0,0,0.117,,,,0,,75,249,สินค้าและอุปกรณ์สำหรับเด็ก,,,"https://punpunkun.com/wp-content/uploads/2021/07/00F21EDB-8F4F-40CD-BB66-2F73AD7E6B8A-rotated.jpeg, https://punpunkun.com/wp-content/uploads/2021/07/2D5E5693-6D4E-48BC-878E-EBE8FC036B48-rotated.jpeg, https://punpunkun.com/wp-content/uploads/2021/07/620E7CFF-5660-40C9-8136-39BB256FF8F1-rotated.jpeg",,,,,,,,,0,,สี,"สีขาว, สีชมพู",1,1,เพศ,หญิง,1,1,,,,,,,,,Good
13341,simple,1000014,,Gingham Leggings กางเกงเลกกิ้ง ลายตาราง,1,0,visible,เลคกิ้ง แบรนด์ Kids Headquarters ลายตาราง สีขาว ดำ ไซส์ 6ปี (6X),,,,taxable,,1,,,0,0,0.190,,,,0,,150,700,สินค้าและอุปกรณ์สำหรับเด็ก,,,"https://punpunkun.com/wp-content/uploads/2021/07/63162777-2E03-4CB5-99F2-12AA13E88655-rotated.jpeg, https://punpunkun.com/wp-content/uploads/2021/07/35AEACDA-1712-4A97-9633-03D74DEF66BF-rotated.jpeg",,,,,,,,,0,,สี,"สีขาว, สีดำ",1,1,Size (กางเกง),6Y,1,1,อายุ,6ปี,1,1,เพศ,หญิง,1,1,Good
13343,simple,1000084,,Bow Leggings กางเกงเลกกิ้งลายโบว์,1,0,visible,เลคกิ้ง แบรนด์ H&amp;M สีกรม ไซส์ EUR 116 US 5-6Y CA5-6A CN 120/53 MX 116 AUS 6,,,,taxable,,1,1,,0,0,0.066,,,,0,,90,300,สินค้าและอุปกรณ์สำหรับเด็ก,,,"https://punpunkun.com/wp-content/uploads/2021/07/72D27BD6-E4FF-40DB-AD24-EDEC8A1D58BA-rotated.jpeg, https://punpunkun.com/wp-content/uploads/2021/07/9A2D82A1-21FA-4654-94B3-6D7F9E4143A9-rotated.jpeg",,,,,,,,,0,,สี,สีกรม,1,1,Size (กางเกง),5Y,1,1,อายุ,5ปี,1,1,เพศ,หญิง,1,1,Good
13345,simple,1000048,,Hello Kitty Dresses Girl ชุดกระโปรงเฮลโหลคิตตี้สุดคิวส์,1,0,visible,ชุดกระโปรงเฮลโหลคิตตี้สุดคิวส์ แบรนด์Sanrio ไซส์140cm สีแดง สดใส ใส่แล้วน่ารักสุดๆ,,,,taxable,,1,,,0,0,0.192,,,,0,,300,1540,สินค้าและอุปกรณ์สำหรับเด็ก,,,"https://punpunkun.com/wp-content/uploads/2021/07/6E8495C5-CA4D-49CA-BC42-CDE2E9F6A870-rotated.jpeg, https://punpunkun.com/wp-content/uploads/2021/07/11E2F0A9-FC8D-4E39-808C-297A72C1698E-rotated.jpeg, https://punpunkun.com/wp-content/uploads/2021/07/A89A42D5-8FB4-4ED0-9C3B-D29D0FD8E89C-rotated.jpeg",,,,,,,,,0,,เพศ,หญิง,1,1,สี,สีแดง,1,1,,,,,,,,,Good
13347,simple,1000034,,Black pants กางเกงขายาว สีดำ,1,0,visible,กางเกงขายาว Gymboree สีดำ ไซส์  6,,,,taxable,,1,1,,0,0,0.83,,,,1,,120,390,เสื้อผ้าและเครื่องประดับ,,,"https://punpunkun.com/wp-content/uploads/2021/07/39E45179-605F-4BDC-BAA7-3022F10A60BB-rotated.jpeg, https://punpunkun.com/wp-content/uploads/2021/07/AFA5FBDB-1411-4FBF-A181-96F8B6141DFA-rotated.jpeg",,,,,,,,,0,,สี,สีดำ,1,1,Size (กางเกง),6Y,1,1,อายุ,6ปี,1,1,เพศ,หญิง,1,1,Good
13349,simple,1000017,,Gingham Leggings กางเกงเลกกิ้ง ลายตาราง,1,0,visible,เลคกิ้ง แบรนด์ Kids Headquarters ลายตาราง สีขาว ดำ ไซส์ 6ปี (6X),,,,taxable,,1,1,,0,0,0.096,,,,0,,210,700,สินค้าและอุปกรณ์สำหรับเด็ก,,,"https://punpunkun.com/wp-content/uploads/2021/07/63162777-2E03-4CB5-99F2-12AA13E88655-rotated.jpeg, https://punpunkun.com/wp-content/uploads/2021/07/35AEACDA-1712-4A97-9633-03D74DEF66BF-rotated.jpeg",,,,,,,,,0,,สี,"สีขาว, สีดำ",1,1,Size (กางเกง),6Y,1,1,อายุ,6ปี,1,1,เพศ,หญิง,1,1,Good
13351,simple,1000079,,Jersey Dress ชุดกระโปรงลายลูกไม้ชมพู,1,0,visible,ชุดกระโปรงลายลูกไม้ฟ้า แบรนด์H&amp;M สีชมพู ไซส์6-8Y,,,,taxable,,0,0,,0,0,0.163,,,,0,,120,599,สินค้าและอุปกรณ์สำหรับเด็ก,,,"https://punpunkun.com/wp-content/uploads/2021/07/8B5A4108-A0D3-47E1-BB2D-E90AF85B4EE8-rotated.jpeg, https://punpunkun.com/wp-content/uploads/2021/07/42C76F62-DA36-45B8-B1AC-10B1A0FC850C-rotated.jpeg, https://punpunkun.com/wp-content/uploads/2021/07/308127A2-5E13-4263-888F-2EDE9518BCA0-rotated.jpeg",,,,,,,,,0,,สี,สีชมพู,1,1,เพศ,หญิง,1,1,Size (กางเกง),"6Y, 8Y",1,1,,,,,Good
13353,simple,1000052,,Sleep Suit Disney Princess ชุดนอนเจ้าหญิงดิสนีย์,1,0,visible,ชุดนอนเจ้าหญิงดิสนีย์ น่ารัก ใส่สบาย แบรนด์ Disney ไซส์ 4Y สีฟ้า,,,,taxable,,0,0,,0,0,0.202,,,,0,,255,850,สินค้าและอุปกรณ์สำหรับเด็ก,,,"https://punpunkun.com/wp-content/uploads/2021/07/DC74DA84-6EAD-45E6-9756-696E3D573B8F-rotated.jpeg, https://punpunkun.com/wp-content/uploads/2021/07/DBCB9423-E8F5-43F3-B2FD-C9D26DE9301C-rotated.jpeg, https://punpunkun.com/wp-content/uploads/2021/07/4C544E35-773D-471A-939B-6D6EA8CDC958-rotated.jpeg, https://punpunkun.com/wp-content/uploads/2021/07/2C085BE9-4B7F-4932-9C6F-57C4C61D3687-rotated.jpeg",,,,,,,,,0,,สี,สีฟ้า,1,1,เพศ,หญิง,1,1,Size (เสื้อ),4Y,1,1,,,,,Good
13355,simple,1000073,,Point Leggings กางเกงเลกกิ้งลายจุด,1,0,visible,เลคกิ้ง แบรนด์ H&amp;M สีกรม เบบี้ ไซส์ EUR 122 US 6-7Y CA 6-7A CN 120/56 MX 122 AUS 7,,,,taxable,,1,1,,0,0,0.149,,,,0,,90,300,สินค้าและอุปกรณ์สำหรับเด็ก,,,"https://punpunkun.com/wp-content/uploads/2021/07/A8310FBB-78C6-4F59-A291-AABBB1E3AC63-rotated.jpeg, https://punpunkun.com/wp-content/uploads/2021/07/D598C038-7D87-4F43-B45A-A19434AFCF1F-rotated.jpeg",,,,,,,,,0,,สี,สีกรม,1,1,Size (กางเกง),6Y,1,1,อายุ,6ปี,1,1,เพศ,หญิง,1,1,Good
13358,simple,1000070,,Colorful Hide and Seek Print Leggings เลคกิ้งลายสีสันสดใส,1,0,visible,เลคกิ้งลายสีสันสดใส ผ้านิ่มใส่สบาย จากแบรนด์ Ralph Lauren polo สีสันสดใส ไซส์5 Y หรือ 120/53,,,,taxable,,1,1,,0,0,0.106,,,,0,,270,890,สินค้าและอุปกรณ์สำหรับเด็ก,,,"https://punpunkun.com/wp-content/uploads/2021/07/21735A89-098E-4EF9-BFD9-F2DFB9C9FF72-rotated.jpeg, https://punpunkun.com/wp-content/uploads/2021/07/4DE6D0F8-A7E2-4D2D-907D-0E2397F443FD-rotated.jpeg",,,,,,,,,0,,Size (กางเกง),5Y,1,1,เพศ,หญิง,1,1,สี,"สีชมพู, สีส้ม, สีเขียว",1,1,,,,,Good
13360,simple,1000035,,Sun Surf Salt Shirt เสื้อแขนกุดเด็กผู้หญิงเซ็กส์ซี่,1,0,visible,เสื้อแขนกุดเด็กผู้หญิงเซ็กส์ซี่ แบรนด์ Crazy8 ไซส์ 5-6Y สีส้ม สดใส,,,,taxable,,1,1,,0,0,0.074,,,,0,,120,390,สินค้าและอุปกรณ์สำหรับเด็ก,,,"https://punpunkun.com/wp-content/uploads/2021/07/A3C6A12A-43AA-4614-95A8-4A52EB0FC1C8-rotated.jpeg, https://punpunkun.com/wp-content/uploads/2021/07/306F2509-BB67-426D-99D4-0F5FF8216720-rotated.jpeg, https://punpunkun.com/wp-content/uploads/2021/07/77D05B73-2BB6-4FA8-B11B-3156E14692C6-rotated.jpeg",,,,,,,,,0,,สี,สีส้ม,1,1,Size (กางเกง),"5Y, 6Y",1,1,เพศ,หญิง,1,1,,,,,Good
13361,simple,1000074,,Point Leggings กางเกงเลกกิ้งลายจุด,1,0,visible,เลคกิ้ง แบรนด์ H&amp;M ลายจุด สีเทา เบบี้ ไซส์ EUR 116 US 5-6Y CA5-6A CN 120/53 MX 116 AUS 6,,,,taxable,,1,1,,0,0,0.069,,,,1,,90,300,เสื้อผ้าและเครื่องประดับ,,,"https://punpunkun.com/wp-content/uploads/2021/07/C7877603-6FE9-4926-9383-C30476C838DC-rotated.jpeg, https://punpunkun.com/wp-content/uploads/2021/07/A4479EC2-511E-44BD-BDAA-88945FC88D89-rotated.jpeg",,,,,,,,,0,,สี,สีเทา,1,1,Size (กางเกง),5Y,1,1,อายุ,5ปี,1,1,เพศ,หญิง,1,1,Good
13363,simple,1000050,,Kimono Dress Kids ชุดกิโมโนเด็ก,1,0,visible,ชุดกิโมโนเด็ก สีชมพู ลายดอกไม้ สุดน่ารัก แบรนด์นำเข้าจากประเทศญี่ปุ่น,,,,taxable,,1,1,,0,0,0.125,,,,0,,250,830,สินค้าและอุปกรณ์สำหรับเด็ก,,,"https://punpunkun.com/wp-content/uploads/2021/07/0CF64956-027E-45D0-84DB-B7089F004B2B-rotated.jpeg, https://punpunkun.com/wp-content/uploads/2021/07/67C36BA5-F106-446B-8D63-6B6B620DAE63-rotated.jpeg, https://punpunkun.com/wp-content/uploads/2021/07/B2DBCE57-8E9F-41A4-ADB6-7EEAD3DEAD8B-rotated.jpeg, https://punpunkun.com/wp-content/uploads/2021/07/5F0EB9A6-D6B0-4480-B9A9-3688958B4A8B-rotated.jpeg",,,,,,,,,0,,สี,สีชมพู,1,1,เพศ,หญิง,1,1,,,,,,,,,Good
13365,simple,1000019,,Classic Button-Down Shirt เสื้อเชิ้ตคลาสสิก,1,0,visible,เสื้อเชิ้ต แบรนด์ Zara สีฟ้า ขนาด 116ซม.,,,,taxable,,1,1,,0,0,0.072,,,,0,,300,990,สินค้าและอุปกรณ์สำหรับเด็ก,,,"https://punpunkun.com/wp-content/uploads/2021/07/2BD181FE-188A-499B-A799-FE5B9BF7ECA2-rotated.jpeg, https://punpunkun.com/wp-content/uploads/2021/07/6DB23DC1-5C68-4223-9FAB-560D42E074BB-rotated.jpeg, https://punpunkun.com/wp-content/uploads/2021/07/FA08A3BF-96D6-424B-8BC9-E70586124BDC-rotated.jpeg",,,,,,,,,0,,สี,สีฟ้า,1,1,Size (เสื้อ),6Y,1,1,อายุ,6ปี,1,1,เพศ,หญิง,1,1,Good
13367,simple,1000031,,Sleeveless Dress เดรสแขนกุดลายตรง,1,0,visible,ชุดเดรส แบรนด์ Ralph Lauren สีฟ้า ลายตรง สุดน่ารัก ไซส์ 4ปี (4/4T),,,,taxable,,1,,,0,0,0.203,,,,0,,300,2500,สินค้าและอุปกรณ์สำหรับเด็ก,,,"https://punpunkun.com/wp-content/uploads/2021/07/7B2D4834-D56B-41CF-A19E-11AF090FE618-rotated.jpeg, https://punpunkun.com/wp-content/uploads/2021/07/079CC8D7-90B7-432C-856F-5D2C68A3328B-rotated.jpeg, https://punpunkun.com/wp-content/uploads/2021/07/01C3307A-23D4-4FC5-BF98-FDD8B198C2B0-rotated.jpeg",,,,,,,,,0,,สี,สีฟ้า,1,1,Size (เสื้อ),4Y,1,1,อายุ,4ปี,1,1,เพศ,หญิง,1,1,Good
13369,simple,1000008,,Minnie Mouse Toddler Blue Denim Vest Jacket Hoodie เสื้อแจ็คเก็ตมินนี่เม้าส์ยีนส์,1,0,visible,เสื้อแจ็คเก็ตยีนส์ สำหรับเด็ก แบรนด์ Disney ยีนส์ ลายมินนี่เม้าส์,,,,taxable,,1,1,,0,0,0.333,,,,0,,630,2100,สินค้าและอุปกรณ์สำหรับเด็ก,,,"https://punpunkun.com/wp-content/uploads/2021/07/453AAC3F-79CD-4614-AA6E-AE2B82D0F56A-rotated.jpeg, https://punpunkun.com/wp-content/uploads/2021/07/DD928C77-A61F-4EA4-B80E-F909E4579127-rotated.jpeg, https://punpunkun.com/wp-content/uploads/2021/07/5292E563-B1C8-4A07-BB81-3DAF79E16950-rotated.jpeg",,,,,,,,,0,,สี,สีกรม,1,1,เพศ,หญิง,1,1,,,,,,,,,Good
13371,simple,1000004,,Jersey Dress Flowers ชุดกระโปรงลายดอกไม้เล็ก,1,0,visible,ชุดกระโปรงลายดอกไม้เล็ก ไซส์ 8-10 Y แบรนด์ H&amp;M สีเหลือง,,,,taxable,,1,1,,0,0,0.140,,,,0,,75,249,สินค้าและอุปกรณ์สำหรับเด็ก,,,"https://punpunkun.com/wp-content/uploads/2021/07/CF080798-B786-44CF-A4AE-89093BCCC85F-rotated.jpeg, https://punpunkun.com/wp-content/uploads/2021/07/7ABC2B2E-1DCC-4C47-A4CD-F4175460EC42-rotated.jpeg, https://punpunkun.com/wp-content/uploads/2021/07/8DA80873-158C-45CC-8D6D-31D020582485-rotated.jpeg",,,,,,,,,0,,สี,สีเหลือง,1,1,เพศ,หญิง,1,1,,,,,,,,,Good
13373,simple,1000043,,Gap Fit kid Fit Hoodie เสื้อกันหนาวแขนยาวแก๊ป,1,0,visible,เสื้อกันหนาวแขนยาวแก๊ป สีเทา แบรนด์ Gap Kid ไซส์ 4-5Y,,,,taxable,,1,1,,0,0,0.215,,,,0,,325,1620,สินค้าและอุปกรณ์สำหรับเด็ก,,,"https://punpunkun.com/wp-content/uploads/2021/07/CD579BEE-3406-4012-874B-9C58CCA19CF0-rotated.jpeg, https://punpunkun.com/wp-content/uploads/2021/07/288B9801-3350-4543-B952-5BC0C541D4A0-rotated.jpeg, https://punpunkun.com/wp-content/uploads/2021/07/41317BBA-D47A-4CDB-9284-188CAE4221E4-rotated.jpeg, https://punpunkun.com/wp-content/uploads/2021/07/15F4BE87-2375-4149-9D6E-CF436D3F2894-rotated.jpeg, https://punpunkun.com/wp-content/uploads/2021/07/BA4CAB37-2FF9-4224-B1B1-15819E7DB31A-rotated.jpeg",,,,,,,,,0,,สี,สีเทา,1,1,เพศ,"ชาย, หญิง",1,1,Size (เสื้อ),"4Y, 5Y",1,1,,,,,Fair
13375,simple,1000005,,Bow Mini Dress ชุดกระโปรงติดโบว์ด้านหน้า,1,0,visible,ชุดกระโปรงติดโบว์ด้านหน้า สีเทา แบรนด์ Strawberry Faire ไซส์ 3-4 Y,,,,taxable,,1,1,,0,0,0.172,,,,0,,145,480,สินค้าและอุปกรณ์สำหรับเด็ก,,,"https://punpunkun.com/wp-content/uploads/2021/07/DF09B7B6-A4B9-4AA8-B869-057A58C69D52-rotated.jpeg, https://punpunkun.com/wp-content/uploads/2021/07/C86010B4-DF3C-4AD2-A79A-36A325BC924C-rotated.jpeg, https://punpunkun.com/wp-content/uploads/2021/07/F30E1E39-5A13-4C19-B09C-C08C590F6C3D-rotated.jpeg",,,,,,,,,0,,เพศ,หญิง,1,1,Size (เสื้อ),4Y,1,1,สี,สีเทา,1,1,,,,,Good
13378,simple,1000011,,Flowers Shirt เสื้อคอวีลายดอกไม้,1,0,visible,เสื้อคอวีลายดอกไม้ แบรนด์ Janie and Jack ไซส์ 5Y สีขาว สีชมพู สดใส,,,,taxable,,1,1,,0,0,0.073,,,,0,,600,2000,สินค้าและอุปกรณ์สำหรับเด็ก,,,"https://punpunkun.com/wp-content/uploads/2021/07/F8C152EE-01B4-46AA-A094-55E30DAC140D-rotated.jpeg, https://punpunkun.com/wp-content/uploads/2021/07/0066F042-4527-46A7-AF4D-0A027ABF046E-rotated.jpeg, https://punpunkun.com/wp-content/uploads/2021/07/EAC31C29-CB0F-4B7B-8AB2-DCCF68F0D259-rotated.jpeg",,,,,,,,,0,,Size (เสื้อ),5Y,1,1,เพศ,หญิง,1,1,สี,"สีขาว, สีชมพู",1,1,,,,,Good
13379,simple,1000016,,Flowers Dress for kid ชุดกระโปรงลายใบไม้และดอกไม้,1,0,visible,ชุดกระโปรงลายใบไม้และดอกไม้ สีเขียว สีชมพู สีฟ้า เนื้อผ้าดีใส่สบาย ไซส์10Y แบรนด์ ZARA,,,,taxable,,1,1,,0,0,0.283,,,,0,,420,1390,สินค้าและอุปกรณ์สำหรับเด็ก,,,"https://punpunkun.com/wp-content/uploads/2021/07/803DE195-EEDA-4230-AA4E-ED0E132B3160-rotated.jpeg, https://punpunkun.com/wp-content/uploads/2021/07/03865366-49B7-4991-A665-F41D3DC62F11-rotated.jpeg, https://punpunkun.com/wp-content/uploads/2021/07/690B2310-F23F-413C-88B3-1D0D6C0D9C3B-rotated.jpeg, https://punpunkun.com/wp-content/uploads/2021/07/100B146D-8C77-43E9-9FC5-F485D3CD25B7-rotated.jpeg",,,,,,,,,0,,สี,"สีชมพู, สีฟ้า, สีเขียว",1,1,Size (เสื้อ),10Y,1,1,เพศ,หญิง,1,1,,,,,Good
13382,simple,1000006,,Jersey Dress ชุดกระโปรงลายลูกไม้ฟ้า,1,0,visible,ชุดกระโปรงลายลูกไม้ฟ้า แบรนด์H&amp;M สีฟ้า ไซส์4-6 Y,,,,taxable,,0,0,,0,0,0.172,,,,0,,120,599,สินค้าและอุปกรณ์สำหรับเด็ก,,,"https://punpunkun.com/wp-content/uploads/2021/07/EF34C42E-1E55-4006-9DE0-EC857F51A53D-rotated.jpeg, https://punpunkun.com/wp-content/uploads/2021/07/AFE62416-8B45-4F84-8989-16809ABEF1DE-rotated.jpeg, https://punpunkun.com/wp-content/uploads/2021/07/594B6E71-9CD2-4DA5-9082-32E662F24874-rotated.jpeg, https://punpunkun.com/wp-content/uploads/2021/07/55124B17-C9EE-4B48-AFC7-6F7B9926C5BC-rotated.jpeg",,,,,,,,,0,,สี,สีฟ้า,1,1,เพศ,หญิง,1,1,Size (เสื้อ),4-6Y,1,1,,,,,Fair
13383,simple,1000010,,Hello Kitty Beg กระเป๋านักเรียนสะพายเฮลโลคิตตี้,1,0,visible,กระเป๋านักเรียนสะพายเฮลโลคิตตี้ สีชมพู จากแบรนด์ Hello Kitty,,,,taxable,,0,,,0,0,0.301,,,,0,,350,850,สินค้าและอุปกรณ์สำหรับเด็ก,,,"https://punpunkun.com/wp-content/uploads/2021/07/40C878D7-3DB8-4540-900A-E7DDFA89B9AA-rotated.jpeg, https://punpunkun.com/wp-content/uploads/2021/07/FF94CAE1-1FA1-4ECF-BD50-C3ABE1315450-rotated.jpeg, https://punpunkun.com/wp-content/uploads/2021/07/4CECA96D-D4DD-4171-9A50-62CC0F0B94A2-rotated.jpeg",,,,,,,,,0,,สี,สีชมพู,1,1,เพศ,หญิง,1,1,,,,,,,,,New
13385,simple,1000032,,Table Leggings In Blue เลคกิ้งลายตาราง,1,0,visible,เลคกิ้งลายตาราง ผ้านิ่มใส่สบาย จากแบรนด์ Ralph Lauren polo สีน้ำเงิน ไซส์4/4T,,,,taxable,,1,1,,0,0,,,,,0,,270,890,สินค้าและอุปกรณ์สำหรับเด็ก,,,"https://punpunkun.com/wp-content/uploads/2021/07/AE5658DF-6890-43E6-9A42-0B28D85726C0-rotated.jpeg, https://punpunkun.com/wp-content/uploads/2021/07/52F2AA4E-4661-4FA6-91E0-39377437B8EB-rotated.jpeg",,,,,,,,,0,,Size (กางเกง),4T,1,1,เพศ,หญิง,1,1,สี,สีน้ำเงิน,1,1,,,,,Good
13526,simple,1000001,,Rainbow Skirt One Piece Suit ชุดว่ายน้ำกระโปรงสายรุ้ง,1,0,visible,ชุดว่ายน้ำวันพีซสำหรับเด็ก แบรนด์ Hanna Andersson สีชมพู ม่วง ฟ้า เขียว เหลือง ไซส์ 6-7ปี (123 CM US 6-7),,,,taxable,,1,1,,0,0,0.237,,,,0,,440,1455,สินค้าและอุปกรณ์สำหรับเด็ก,,,"https://punpunkun.com/wp-content/uploads/2021/07/E11A7E72-F457-4BC9-91AE-0C8E65D539D3-rotated.jpeg, https://punpunkun.com/wp-content/uploads/2021/07/2AE642F8-991C-4B9A-BF14-4691B261307D-rotated.jpeg, https://punpunkun.com/wp-content/uploads/2021/07/5B4ED590-4BCC-4603-A26F-996955E4F8D5-rotated.jpeg",,,,,,,,,0,,สี,"สีชมพู, สีม่วง, สีเขียว, สีเหลือง",1,1,เพศ,หญิง,1,1,Size (เสื้อ),"6Y, 7Y",1,1,อายุ,"6ปี, 7ปี",1,1,Good
13528,simple,1000058,,Rush Guard 2-pieceSwimsuit ชุดว่ายน้ำ,1,0,visible,ชุดว่ายน้ำ  แบรนด์ Crazy 8  สีขาว กางเกงสีขาว ลายดอกไม้ ไซส์ S 5-6,,,,taxable,,1,1,,0,0,0.159,,,,0,,150,500,สินค้าและอุปกรณ์สำหรับเด็ก,,,"https://punpunkun.com/wp-content/uploads/2021/07/512C97F9-D507-4724-854E-AD724DF5E00E-rotated.jpeg, https://punpunkun.com/wp-content/uploads/2021/07/AE144C68-3E56-48BB-A834-16407A231F4F-rotated.jpeg, https://punpunkun.com/wp-content/uploads/2021/07/CFCFCBC0-ACB9-4143-8FC2-A4FB0A859EEA-rotated.jpeg, https://punpunkun.com/wp-content/uploads/2021/07/54336F24-3DE1-48C1-8DE9-D1E8DEFF59B3-rotated.jpeg, https://punpunkun.com/wp-content/uploads/2021/07/8362218F-EB08-4CBD-B0F1-76432670AC01-rotated.jpeg, https://punpunkun.com/wp-content/uploads/2021/07/F9743577-9459-49A2-8283-FE06608AE4DE-rotated.jpeg, https://punpunkun.com/wp-content/uploads/2021/07/5E209AAB-0B10-4F52-B685-A67C008E8049-rotated.jpeg",,,,,,,,,0,,เพศ,หญิง,1,1,Size (เสื้อ),"5Y, 6Y",1,1,สี,สีขาว,1,1,อายุ,"5ปี, 6ปี",1,1,Good
13530,simple,1000002,,Dress เดรสแต่งระบาย,1,0,visible,ชุดเดรส แบรนด์ Zara สีฟ้า ใส่สบาย ไซส์ 8ปี (8Y),,,,taxable,,0,0,,0,0,0.201,,,,0,,300,990,สินค้าและอุปกรณ์สำหรับเด็ก,,,"https://punpunkun.com/wp-content/uploads/2021/07/7F7DA212-C409-41E0-9F83-34A831DF18E6-rotated.jpeg, https://punpunkun.com/wp-content/uploads/2021/07/B680015C-4C94-4A52-A2FD-31A3546F7385-rotated.jpeg, https://punpunkun.com/wp-content/uploads/2021/07/B96F318E-3B0F-499A-A8D1-5A54F30DA329-rotated.jpeg",,,,,,,,,0,,สี,สีฟ้า,1,1,เพศ,หญิง,1,1,Size (เสื้อ),8Y,1,1,อายุ,8ปี,1,1,Good
13532,simple,1000028,,Dress Polo ชุดกระโปรงคอปกเชิ้ต,1,0,visible,ชุดกระโปรงคอปกเชิ้ต แบรนด์ Polo Ralph Lauren สีน้ำเงิน ไซส์ 8-10Y,,,,taxable,,0,,,0,0,0.225,,,,0,,300,2999,เสื้อผ้าและเครื่องประดับ,,,"https://punpunkun.com/wp-content/uploads/2021/07/9F7CBFFB-61AF-4395-ABCC-A29200464C19-rotated.jpeg, https://punpunkun.com/wp-content/uploads/2021/07/3EB22020-A218-49DE-BFAA-1D7B0CB31D67-rotated.jpeg, https://punpunkun.com/wp-content/uploads/2021/07/43BE948A-1743-478B-92ED-BF2B966C5D13-rotated.jpeg, https://punpunkun.com/wp-content/uploads/2021/07/ECB7EE80-3387-4624-90C1-E7A543FE7212-rotated.jpeg",,,,,,,,,0,,สี,สีน้ำเงิน,1,1,เพศ,หญิง,1,1,Size (เสื้อ),8-10Y,1,1,อายุ,"10ปี, 8ปี, 9ปี",1,1,Good
13535,simple,1000018,,Short Sleeve Dress Pink shorts เดรสแขนสั้น กางเกงขาสั้นสีชมพู,1,0,visible,เดรสแขนสั้น กางเกงขาสั้นสีชมพู แบรนด์ Gingersnaps สีชมพู,,,,taxable,,1,,,0,0,0.252,,,,0,,300,2999,สินค้าและอุปกรณ์สำหรับเด็ก,,,"https://punpunkun.com/wp-content/uploads/2021/07/7A30CE1A-C4A9-4C59-BB94-ECDD7B7E5209-rotated.jpeg, https://punpunkun.com/wp-content/uploads/2021/07/1C980A23-F57C-41BB-8B05-7F09581BC346-rotated.jpeg, https://punpunkun.com/wp-content/uploads/2021/07/D752950B-A19A-4F2C-A027-C26339A10652-rotated.jpeg",,,,,,,,,0,,สี,สีชมพู,1,1,เพศ,หญิง,1,1,,,,,,,,,Good
13537,simple,1000072,,TRACK SUIT ชุดวอร์ม,1,0,visible,ชุดวอร์ม แบรนด์ Oshkosh B'gosh เสื้อแขนยาวและกางเกงขายาว สีน้ำเงิน ไซส์ 2ปี(2Y) ความสูง 93-98ซม. หน้าอก 54.5ซม. เอว 52.5ซม. สะโพก 56ซม.,,,,taxable,,1,,,0,0,0.365,,,,0,,300,2200,สินค้าและอุปกรณ์สำหรับเด็ก,,,"https://punpunkun.com/wp-content/uploads/2021/07/090C3DA2-B0D9-424F-AB25-6E0778F2A883-rotated.jpeg, https://punpunkun.com/wp-content/uploads/2021/07/C51911A2-521E-4D11-8582-8C7D41C0B0C7-rotated.jpeg, https://punpunkun.com/wp-content/uploads/2021/07/65B1CB8D-DBF4-4344-9A9B-7BC0E39DD86E-rotated.jpeg, https://punpunkun.com/wp-content/uploads/2021/07/DA8D9C75-0153-4066-B7E2-AD40A1DFE451-rotated.jpeg",,,,,,,,,0,,เพศ,ชาย,1,1,Size (เสื้อ),4Y,1,1,สี,สีน้ำเงิน,1,1,อายุ,4ปี,1,1,Good
13539,simple,1000025,,Ultra Light Down เสื้อกั๊ก,1,0,visible,เสื้อกั๊ก แบรนด์ Uniqlo สีชมพู ผลิตจากขนเป็ด นุ่ม ใส่สบาย สุดน่ารัก ไซส์ 5-6,,,,taxable,,1,1,,0,0,0.139,,,,0,,450,1490,สินค้าและอุปกรณ์สำหรับเด็ก,,,"https://punpunkun.com/wp-content/uploads/2021/07/99037E7F-4C5C-4558-880E-1C13E5A5B972-rotated.jpeg, https://punpunkun.com/wp-content/uploads/2021/07/19975E5A-8906-4954-923B-95787C7FBE13-rotated.jpeg, https://punpunkun.com/wp-content/uploads/2021/07/7D83C56E-97C3-490A-83C1-96AF3D5C3BB1-rotated.jpeg",,,,,,,,,0,,เพศ,หญิง,1,1,สี,สีชมพู,1,1,Size (เสื้อ),"5Y, 6Y",1,1,อายุ,"5ปี, 6ปี",1,1,Good
13540,simple,1000057,,One Piece Suit ชุดว่ายน้ำกางเกงขาสั้น,1,0,visible,ชุดว่ายน้ำวันพีซสำหรับเด็ก สีส้ม ไซส์ 8,,,,taxable,,1,1,,0,0,0.117,,,,0,,225,750,สินค้าและอุปกรณ์สำหรับเด็ก,,,"https://punpunkun.com/wp-content/uploads/2021/07/D0D2C4A3-C4C6-445F-A7C6-A87945C33C98-rotated.jpeg, https://punpunkun.com/wp-content/uploads/2021/07/36CE87D8-E9DB-426E-B0EA-B9756767A410-rotated.jpeg, https://punpunkun.com/wp-content/uploads/2021/07/86D7431E-CDD8-4385-B642-1F782C4B973E-rotated.jpeg, https://punpunkun.com/wp-content/uploads/2021/07/52E6E319-944F-432E-A099-80813C428E0A-rotated.jpeg, https://punpunkun.com/wp-content/uploads/2021/07/D38D2494-96C7-457B-B10C-14B2D043AC25-rotated.jpeg, https://punpunkun.com/wp-content/uploads/2021/07/8F043AD1-CE2C-46FA-9827-A4833B04395B-rotated.jpeg",,,,,,,,,0,,เพศ,หญิง,1,1,สี,สีชมพู,1,1,,,,,,,,,Good
13545,simple,1000059,,Sunset Rush Guard 2-pieceSwimsuit ชุดว่ายน้ำยามพระอาทิตย์ตก,1,0,visible,"ชุดว่ายน้ำยามพระอาทิตย์ตก  แบรนด์ Crazy 8 ไซส์ S 5-6 สีส้ม กางเกงสีส้ม\n\n&nbsp;",,,,taxable,,1,1,,0,0,0.124,,,,0,,280,500,สินค้าและอุปกรณ์สำหรับเด็ก,,,"https://punpunkun.com/wp-content/uploads/2021/07/4D92522A-E5CA-41B6-BD26-6AB37D96387F-rotated.jpeg, https://punpunkun.com/wp-content/uploads/2021/07/77B0E5AC-A531-4B9A-838B-43416ABBD979-rotated.jpeg, https://punpunkun.com/wp-content/uploads/2021/07/7416E6EA-CA71-4B2B-A9CC-22CE0C276C8C-rotated.jpeg, https://punpunkun.com/wp-content/uploads/2021/07/E9995459-96EC-4B91-A537-BAAF5D712A2F-rotated.jpeg",,,,,,,,,0,,เพศ,หญิง,1,1,สี,สีแดง,1,1,Size (เสื้อ),"5Y, 6Y",1,1,อายุ,"5ปี, 6ปี",1,1,Good
13546,simple,1000054,,2 piece Swimsuit ชุดว่ายน้ำ,1,0,visible,"ชุดว่ายน้ำ  ไซส์ 6 สีม่วง กางเกงสีม่วง\n\n&nbsp;",,,,taxable,,1,1,,0,0,0.142,,,,0,,240,790,สินค้าและอุปกรณ์สำหรับเด็ก,,,"https://punpunkun.com/wp-content/uploads/2021/07/B905EA5B-93FF-4340-B520-C55EE80A1941-rotated.jpeg, https://punpunkun.com/wp-content/uploads/2021/07/C2799287-3F61-406A-9699-15BD1F45BEFF-rotated.jpeg, https://punpunkun.com/wp-content/uploads/2021/07/1E9A1BAC-5B9E-413C-89F9-FBB3C543AA55-rotated.jpeg, https://punpunkun.com/wp-content/uploads/2021/07/A03E22AF-B0DE-446A-9664-35EDBF7AE4E0-rotated.jpeg, https://punpunkun.com/wp-content/uploads/2021/07/908E704D-361C-4F98-894E-550B29E613F9-rotated.jpeg",,,,,,,,,0,,สี,สีม่วง,1,1,เพศ,หญิง,1,1,Size (เสื้อ),6Y,1,1,,,,,Good
13549,simple,1000060,,"""Long Live Surf"" Colorblock Rashguard &amp; Bottoms Swimsuit Set ชุดว่ายน้ำ",1,0,visible,เซตชุดว่าน้ำ แบรนด์ Oshkosh B’gosh สีชมพู ม่วง ใส่สบาย สุดน่ารัก ไซส์ 6/6X,,,,taxable,,1,1,,0,0,0.168,,,,0,,435,1450,สินค้าและอุปกรณ์สำหรับเด็ก,,,"https://punpunkun.com/wp-content/uploads/2021/07/4ABBAA82-9093-4DC8-9E3F-34B9679ADC79-rotated.jpeg, https://punpunkun.com/wp-content/uploads/2021/07/CA3A308A-6EEB-4C05-BD10-F1197A4E5BD7-rotated.jpeg, https://punpunkun.com/wp-content/uploads/2021/07/DFCCFF9C-5E90-47A2-B5F7-EB371A98915B-rotated.jpeg, https://punpunkun.com/wp-content/uploads/2021/07/14973690-E101-4CC0-9348-5941C3291045-rotated.jpeg, https://punpunkun.com/wp-content/uploads/2021/07/3143278E-A9E1-496A-BF2B-FDF53D0A6A3F-rotated.jpeg, https://punpunkun.com/wp-content/uploads/2021/07/D7A4EE91-99E7-48D2-B4FE-9E6CCCF64F63-rotated.jpeg, https://punpunkun.com/wp-content/uploads/2021/07/721A89F8-399A-400B-AA18-981061D13B5B-rotated.jpeg",,,,,,,,,0,,สี,"สีชมพู, สีฟ้า, สีม่วง",1,1,Size (เสื้อ),6Y,1,1,อายุ,6ปี,1,1,เพศ,หญิง,1,1,Good
13550,simple,1000047,,Hello Kitty Sweater เสื้อกันหนาวเด็กผู้หญิง,1,0,visible,เสื้อแขนยาวคอกลม แบรนด์ Hello Kitty สีชมพู สกรีนHello Kitty,,,,taxable,,1,1,,0,0,0.192,,,,0,,480,1590,สินค้าและอุปกรณ์สำหรับเด็ก,,,"https://punpunkun.com/wp-content/uploads/2021/07/AE5F4C9F-C3AB-4898-84D2-DC13394302A8-rotated.jpeg, https://punpunkun.com/wp-content/uploads/2021/07/EC090687-F1C8-4987-AF51-FA0D9F153DA8-rotated.jpeg, https://punpunkun.com/wp-content/uploads/2021/07/F64AA2A5-90CC-4F9A-888C-249D06F00E03-rotated.jpeg",,,,,,,,,0,,เพศ,หญิง,1,1,สี,"สีชมพู, สีดำ",1,1,,,,,,,,,Good
13641,simple,100012,,Toy story Woody &amp; Rc Turbo Buggy,1,0,visible,เปิดโลกแห่งจินตนาการที่ไม่มีวันสิ้นสุดให้กับคุณหนูๆ ไปพร้อมกับตัวละครจากเรื่อง Toy Story ทำให้คุณหนูๆ สนุกเพลิดเพลินไปตลอดทั้งวัน,,,,taxable,,0,0,,0,0,1,,,,0,,160,800,สินค้าและอุปกรณ์สำหรับเด็ก,,,"https://punpunkun.com/wp-content/uploads/2021/07/9993835D-7439-41C1-823B-FACE4A484DDA-rotated.jpeg, https://punpunkun.com/wp-content/uploads/2021/07/3296CD70-9117-4407-B550-0C537468AFEA-rotated.jpeg, https://punpunkun.com/wp-content/uploads/2021/07/93098482-1315-40FD-9B05-205E984CBD71-rotated.jpeg, https://punpunkun.com/wp-content/uploads/2021/07/8147D733-D8CE-422C-AEC6-CB7A5B01CB54-rotated.jpeg",,,,,,,,,0,,สี,"สีเขียว, สีเหลือง",1,1,เพศ,ชาย,1,1,,,,,,,,,Fair
13670,simple,100010,,DISNEY TIGGER DIE CAST COLLECTOR CAR รถของเล่นหมีพูห์,1,0,visible,รถของเล่นหมีพูห์สำหรับเด็ก แบรนด์ Disney,,,,taxable,,1,1,,0,0,1,,,,0,,380,1900,สินค้าและอุปกรณ์สำหรับเด็ก,,,"https://punpunkun.com/wp-content/uploads/2021/07/CDFC0347-9976-442B-A2DE-ED5EA947FD17-rotated.jpeg, https://punpunkun.com/wp-content/uploads/2021/07/444D1E05-9258-4F57-AF46-E57414874A10-rotated.jpeg, https://punpunkun.com/wp-content/uploads/2021/07/141146E1-019F-499F-8DA9-01B5153CEF2D-rotated.jpeg, https://punpunkun.com/wp-content/uploads/2021/07/B248FAC2-FC20-4B49-9799-0007B52F2CD5-rotated.jpeg, https://punpunkun.com/wp-content/uploads/2021/07/376CE4D9-022E-4FF1-BE23-8752187A6938-rotated.jpeg",,,,,,,,,0,,สี,"สีส้ม, สีเหลือง",1,1,เพศ,ชาย,1,1,,,,,,,,,Good
13673,simple,100013,,Vehicle Toy รถของเล่นก่อสร้าง,1,0,visible,ของเล่นรถ 3 คัน รถดึงแล้วปล่อย รถของเล่น รถเด็กเล่น รถเด็กเล่นล้อหมุนได้,,,,taxable,,0,,,0,0,1,,,,0,,800,2130,สินค้าและอุปกรณ์สำหรับเด็ก,,,"https://punpunkun.com/wp-content/uploads/2021/07/CC8FCD5E-3130-440B-96E9-5BF526BAE6F1-rotated.jpeg, https://punpunkun.com/wp-content/uploads/2021/07/214D5626-9B3E-4C8A-8975-9970DCFF33B3-rotated.jpeg, https://punpunkun.com/wp-content/uploads/2021/07/88635433-5D9D-4FBF-A23F-0A81A369A526-rotated.jpeg, https://punpunkun.com/wp-content/uploads/2021/07/7D751700-A40F-4725-8295-E561332B451E-rotated.jpeg, https://punpunkun.com/wp-content/uploads/2021/07/7BC5F6DB-8DA7-411B-81DB-F73D5D80C4BA-rotated.jpeg, https://punpunkun.com/wp-content/uploads/2021/07/E8799170-C638-4AF0-9135-2DDCEC3294DF-rotated.jpeg, https://punpunkun.com/wp-content/uploads/2021/07/93A4E10E-CA1B-41C1-B1D4-020919E3CBAD-rotated.jpeg",,,,,,,,,0,,สี,สีเหลือง,1,1,เพศ,ชาย,1,1,,,,,,,,,Fair
13712,simple,1000007,,Striped T-shirt เสื้อยืด ลายขวาง,1,0,visible,เสื้อยืด  แบรนด์ Polo Ralph Lauren  สีม่วง ดำ ลายขวาง ไซส์ 4/4T,,,,taxable,,1,1,,0,0,0.057,,,,0,,360,1190,สินค้าและอุปกรณ์สำหรับเด็ก,,,"https://punpunkun.com/wp-content/uploads/2021/07/34D56BC4-B820-4A39-B492-EAD3000360F5-rotated.jpeg, https://punpunkun.com/wp-content/uploads/2021/07/AD4932CF-BD23-4892-AEA0-456A7909DC2E-rotated.jpeg, https://punpunkun.com/wp-content/uploads/2021/07/0D37C5F3-87B4-4B33-8533-87231219EB99-rotated.jpeg",,,,,,,,,0,,สี,"สีดำ, สีม่วง",1,1,เพศ,ชาย,1,1,Size (เสื้อ),4T,1,1,อายุ,4ปี,1,1,Good
13713,simple,1000081,,Length Leggings เลกกิ้งยาว,1,0,visible,"เลคกิ้ง แบรนด์ H&amp;M สีขาว ไซส์ EUR 128 US 7-8Y CA 7-8A CN 130/59 MX 128 AUS 8\n\n&nbsp;",,,,taxable,,1,1,,0,0,0.069,,,,0,,60,199,สินค้าและอุปกรณ์สำหรับเด็ก,,,"https://punpunkun.com/wp-content/uploads/2021/07/0A5AC7F4-D33F-4E5E-9D6C-F220504A6C24-rotated.jpeg, https://punpunkun.com/wp-content/uploads/2021/07/4027EA86-0E66-49B2-9378-0E721A30DE91-rotated.jpeg, https://punpunkun.com/wp-content/uploads/2021/07/03E41035-1221-4130-96E6-A7BB31908C4F-rotated.jpeg, https://punpunkun.com/wp-content/uploads/2021/07/50F2F2EB-E4E4-4FC2-9092-307EBBF56856.jpeg",,,,,,,,,0,,สี,สีขาว,1,1,Size (กางเกง),8Y,1,1,เพศ,หญิง,1,1,อายุ,8ปี,1,1,Good
13714,simple,1000030,,Floral pants กางเกงขายาว ลายดอกไม้,1,0,visible,"กางเกงขายาว Crazy สีม่วง ไซส์  S 5-6\n\n&nbsp;",,,,taxable,,1,1,,0,0,0.081,,,,0,,150,490,สินค้าและอุปกรณ์สำหรับเด็ก,,,"https://punpunkun.com/wp-content/uploads/2021/07/CB389942-189E-412A-B3B9-BD0DD5E27BB7-rotated.jpeg, https://punpunkun.com/wp-content/uploads/2021/07/BB44720E-1BF4-473B-BBBE-9971B6FA43C5-rotated.jpeg, https://punpunkun.com/wp-content/uploads/2021/07/91C9CA0D-7ED5-43DE-BF75-45C2FFAEBDFE-rotated.jpeg",,,,,,,,,0,,Size (กางเกง),"5Y, 6Y",1,1,เพศ,หญิง,1,1,สี,สีม่วง,1,1,อายุ,"5ปี, 6ปี",1,1,Good
13717,simple,1000036,,Flower Dress ชุดเดรส ลายดอกไม้,1,0,visible,ชุดเดรส แบรนด์ PLACE สีชมพู ลายดอกไม้ ไซส์  6X/7,,,,taxable,,1,1,,0,0,0.189,,,,0,,230,1150,สินค้าและอุปกรณ์สำหรับเด็ก,,,"https://punpunkun.com/wp-content/uploads/2021/07/007629C6-31B2-4040-A2B9-91A21F751BDB-rotated.jpeg, https://punpunkun.com/wp-content/uploads/2021/07/4B77C376-341B-4A62-804E-7CF0B267291A-rotated.jpeg, https://punpunkun.com/wp-content/uploads/2021/07/A71D05BD-B302-4A47-9514-C47B6391AA09-rotated.jpeg, https://punpunkun.com/wp-content/uploads/2021/07/0C2E254E-D9C7-4980-AD4D-F7AB3364B5C5-rotated.jpeg",,,,,,,,,0,,สี,สีชมพู,1,1,Size (เสื้อ),"6Y, 7Y",1,1,เพศ,หญิง,1,1,อายุ,"6ปี, 7ปี",1,1,Fair
13721,simple,1000020,,Smocked Cotton Dress เดรสผ้าฝ้ายสม็อค,1,0,visible,เดรสผ้าฝ้ายสม็อค แบรนด์ H&amp;M สีฟ้า ไซส์ EUR 128 US 7-8Y CA 7-8A CN130/64 MX 128 AUS 8,,,,taxable,,0,0,,0,0,0.104,,,,0,,180,599,สินค้าและอุปกรณ์สำหรับเด็ก,,,"https://punpunkun.com/wp-content/uploads/2021/07/3B6EFC00-2ED2-48A9-82D9-BB6F3572BABF-rotated.jpeg, https://punpunkun.com/wp-content/uploads/2021/07/7E78C16F-7B50-4725-8FE7-08EFEA061268-rotated.jpeg, https://punpunkun.com/wp-content/uploads/2021/07/D1ED099D-B3EC-4F83-A55E-2FA17D1F406E-rotated.jpeg",,,,,,,,,0,,สี,สีฟ้า,1,1,เพศ,หญิง,1,1,Size (เสื้อ),"7Y, 8Y",1,1,อายุ,"7ปี, 8ปี",1,1,Good
13722,simple,1000021,,Short Sleeve T-Shirt เสื้อยืดแขนสั้น,1,0,visible,เสื้อยืดแขนสั้น แบรนด์ Epic Threads สีขาว ดำ ไซส์ 6,,,,taxable,,1,1,,0,0,0.067,,,,0,,180,600,สินค้าและอุปกรณ์สำหรับเด็ก,,,"https://punpunkun.com/wp-content/uploads/2021/07/A4BC9334-9580-4490-9DC9-2EEA03815B2E-rotated.jpeg, https://punpunkun.com/wp-content/uploads/2021/07/52C73B60-7623-44EF-9A4D-60214404EE37-rotated.jpeg, https://punpunkun.com/wp-content/uploads/2021/07/8448734A-4EE5-408C-AE9C-4935CE420630-rotated.jpeg",,,,,,,,,0,,สี,"สีขาว, สีดำ",1,1,เพศ,หญิง,1,1,Size (เสื้อ),6Y,1,1,อายุ,6ปี,1,1,Good
13725,simple,1000013,,Blue Dress ชุดเดรสสีกรม,1,0,visible,ชุดเดรส แบรนด์ Baby&amp;kids Element แบรนด์นอกจากต่างประเทศ สีกรม สุดน่ารัก ไซส์ 110/56,,,,taxable,,1,1,,0,0,0.175,,,,0,,150,490,สินค้าและอุปกรณ์สำหรับเด็ก,,,"https://punpunkun.com/wp-content/uploads/2021/07/E28614F1-BD61-48E8-86F8-3C64997A3362-rotated.jpeg, https://punpunkun.com/wp-content/uploads/2021/07/16AB24FB-4604-4CE3-A030-E1549AE508D9-rotated.jpeg, https://punpunkun.com/wp-content/uploads/2021/07/5AD0DEA2-0081-478E-A415-F2EF64E9DE4E-rotated.jpeg, https://punpunkun.com/wp-content/uploads/2021/07/6D6C586E-1219-4B32-896C-CF6E38D6107D-rotated.jpeg, https://punpunkun.com/wp-content/uploads/2021/07/67DAFEC6-3C08-433A-98E3-D654EC29DA02-rotated.jpeg",,,,,,,,,0,,สี,สีกรม,1,1,เพศ,หญิง,1,1,,,,,,,,,Good
13726,simple,1000033,,Leggings with all-over stars เลกกิ้งพิมพ์ลายดาว,1,0,visible,เลคกิ้ง แบรนด์ OVS สีกรม พิมพ์ลายดาว  ไซส์ 7-8 ปี 128 CM,,,,taxable,,1,1,,0,0,0.73,,,,1,,210,690,เสื้อผ้าและเครื่องประดับ,,,"https://punpunkun.com/wp-content/uploads/2021/07/701C85D3-365A-4F8A-B5DC-EA3E82BB78F0-rotated.jpeg, https://punpunkun.com/wp-content/uploads/2021/07/B7868DF5-BF87-49B1-9480-FC6918D3060F-rotated.jpeg, https://punpunkun.com/wp-content/uploads/2021/07/6283FFF7-36EF-41D2-B8FF-E8EF3FAA8BFB-rotated.jpeg, https://punpunkun.com/wp-content/uploads/2021/07/C2BAAC01-1CE7-4C81-9F47-D8253F2D460A-rotated.jpeg",,,,,,,,,0,,สี,"สีดำ, สีเทา",1,1,Size (กางเกง),8Y,1,1,เพศ,หญิง,1,1,อายุ,"7ปี, 8ปี",1,1,Good
13730,simple,1000053,,Toddler Tie-Dye Gap Logo Hoodie เสื้อฮู้ ลายโลโก้,1,0,visible,"เสื้อฮู้ แบรนด์ Baby GAP สีเทา นุ่ม ใส่สบาย ลาย GAP สุดเท่ห์ ไซส์4ปี (4Y)\n\n&nbsp;",,,,taxable,,1,,,0,0,0.207,,,,0,,300,1620,สินค้าและอุปกรณ์สำหรับเด็ก,,,"https://punpunkun.com/wp-content/uploads/2021/07/CB09D380-90E2-4813-9435-88D83ADD10A9-rotated.jpeg, https://punpunkun.com/wp-content/uploads/2021/07/00D431E9-D9CB-4DA4-B432-552AA5526DDE-rotated.jpeg, https://punpunkun.com/wp-content/uploads/2021/07/03DB1378-D54E-4EA0-B43C-0E42B39DA0A0-rotated.jpeg, https://punpunkun.com/wp-content/uploads/2021/07/7D9B9911-5250-49D8-990A-8559B3BCC46A-rotated.jpeg",,,,,,,,,0,,สี,"สีชมพู, สีเทา",1,1,เพศ,หญิง,1,1,Size (เสื้อ),4Y,1,1,อายุ,4ปี,1,1,Good
13731,simple,1000039,,Ribbed Leggings กางเกงเลกกิ้ง,1,0,visible,เลคกิ้ง แบรนด์ Raspberry republic สีดำ ไซส์ 5-7ปี 116/122,,,,taxable,,1,,,0,0,0.102,,,,0,,150,1000,สินค้าและอุปกรณ์สำหรับเด็ก,,,"https://punpunkun.com/wp-content/uploads/2021/07/11A6A9B7-DACF-4652-AAB8-A24365CEBA5F-rotated.jpeg, https://punpunkun.com/wp-content/uploads/2021/07/E5373ACA-4E06-4CDE-9C04-58B2B63D1E7F-rotated.jpeg, https://punpunkun.com/wp-content/uploads/2021/07/9D12C08C-BD43-4EF9-A36C-BD40C35B4C22-rotated.jpeg",,,,,,,,,0,,สี,สีดำ,1,1,เพศ,หญิง,1,1,Size (กางเกง),"5Y, 6Y",1,1,อายุ,"5ปี, 6ปี",1,1,Good
13732,simple,1000077,,Jersey Dress ชุดเดรส,1,0,visible,ชุดเดรส แบรนด์ H&amp;M สีกรม ลายจุด ไซส์ EUR 134/140 US 8/10 CA 8-10A CN 140/68 MX 134/140 AUS 9-10 UK 8-10Y,,,,taxable,,0,0,,0,0,0.118,,,,0,,120,399,สินค้าและอุปกรณ์สำหรับเด็ก,,,"https://punpunkun.com/wp-content/uploads/2021/07/408C1116-0798-442F-8BFA-26617374B1D9-rotated.jpeg, https://punpunkun.com/wp-content/uploads/2021/07/BD3B86DD-6A1B-4DE6-8442-99B8F52EFB96-rotated.jpeg, https://punpunkun.com/wp-content/uploads/2021/07/653E11CF-8A91-415A-963F-2EEF31D8F34C-rotated.jpeg",,,,,,,,,0,,สี,"สีกรม, สีขาว",1,1,Size (เสื้อ),8-10Y,1,1,เพศ,หญิง,1,1,อายุ,"10ปี, 8ปี",1,1,Good
13736,simple,1000065,,Yellow t-shirt เสื้อยืดสีเหลือง,1,0,visible,เสื้อยืด แบรนด์ NAUTICA สีเหลือง สกรีนสุดน่ารัก ไซส์ 7ปี (7Y),,,,taxable,,1,,,0,0,0.69,,,,0,,150,990,สินค้าและอุปกรณ์สำหรับเด็ก,,,"https://punpunkun.com/wp-content/uploads/2021/07/EF24DCB1-E8AB-4F6C-BE69-4B4B36DD8803-rotated.jpeg, https://punpunkun.com/wp-content/uploads/2021/07/380C3889-7FD1-4B01-9559-E7A351ABDF0C-rotated.jpeg, https://punpunkun.com/wp-content/uploads/2021/07/05C62542-44FE-41F2-9F1B-FE0D312768EB-rotated.jpeg",,,,,,,,,0,,สี,สีเหลือง,1,1,Size (เสื้อ),7Y,1,1,เพศ,หญิง,1,1,อายุ,7ปี,1,1,Good
13737,simple,1000029,,Shirt Set เซตเสื้อกระโปรง ลายดอกไม้,1,0,visible,เซตเสื้อและกระโปรง แบรนด์ Junior Gaultier ลายดอไม้ ไซส์ 6ปี (6a),,,,taxable,,1,,,0,0,0.196,,,,0,,500,5000,สินค้าและอุปกรณ์สำหรับเด็ก,,,"https://punpunkun.com/wp-content/uploads/2021/07/55125C33-8454-4EC3-BBF5-49BADC22B1CC-rotated.jpeg, https://punpunkun.com/wp-content/uploads/2021/07/15E6A452-E0BC-4CA3-A39A-EBFE2A72C1DC-rotated.jpeg, https://punpunkun.com/wp-content/uploads/2021/07/04EA0726-7E2B-4A74-9827-BB0B72A1A90D-rotated.jpeg, https://punpunkun.com/wp-content/uploads/2021/07/A3003CC8-9314-49A5-96FE-191FAC94EEB8-rotated.jpeg",,,,,,,,,0,,สี,"สีชมพู, สีเขียว, สีเหลือง",1,1,เพศ,หญิง,1,1,Size (เสื้อ),6Y,1,1,อายุ,6ปี,1,1,Good
13738,simple,1000082,,Girls' Lacoste Scalloped Collar Mini Piqué Polo Shirt เสื้อโปโลหญิง คอปก,1,0,visible,เสื้อโปโลหญิง คอปก แบรนด์ LACOSTE สีชมพู มินิปิเก้ ปกเชิ้ต ไซส์ 10ปี (10Y),,,,taxable,,1,,,0,0,0.125,,,,0,,350,3600,สินค้าและอุปกรณ์สำหรับเด็ก,,,"https://punpunkun.com/wp-content/uploads/2021/07/C14AAA6C-064C-43D5-A746-7CBBCBF66475-rotated.jpeg, https://punpunkun.com/wp-content/uploads/2021/07/79C80BAF-97CA-4382-881C-9B8769ADE69B-rotated.jpeg, https://punpunkun.com/wp-content/uploads/2021/07/124A0E1D-8C75-49A2-9F69-162320D0CDE9-rotated.jpeg",,,,,,,,,0,,สี,สีแดง,1,1,Size (เสื้อ),10Y,1,1,เพศ,หญิง,1,1,อายุ,10ปี,1,1,Good
13741,simple,1000044,,RUFFLE STRAP TOP เสื้อครอปสายเดี่ยว,1,0,visible,"เสื้อครอปสายเดี่ยว แบรนด์ Janie and Jack สีขาว ดำ ไซส์ 5Y\n\n&nbsp;",,,,taxable,,1,,,0,0,0.090,,,,0,,280,2000,สินค้าและอุปกรณ์สำหรับเด็ก,,,"https://punpunkun.com/wp-content/uploads/2021/07/D3EF6962-FFE2-47A4-A554-BA250C893BD2-rotated.jpeg, https://punpunkun.com/wp-content/uploads/2021/07/DB7C3041-9054-4DD4-B863-291CFC3DA91A-rotated.jpeg, https://punpunkun.com/wp-content/uploads/2021/07/AB24D553-E8F3-43BF-92F6-1BD12DE958E3-rotated.jpeg, https://punpunkun.com/wp-content/uploads/2021/07/D942D872-2CFE-4716-A1E4-6B45E54FA0EA-rotated.jpeg",,,,,,,,,0,,สี,"สีขาว, สีดำ",1,1,เพศ,หญิง,1,1,Size (เสื้อ),4Y,1,1,อายุ,5ปี,1,1,Good
13742,simple,1000022,,2-Piece Glow Halloween 100% Snug Fit Cotton PJs ชุดฮาโลวีนแรงแสง,1,0,visible,เซตเสื้อและกางเกง แบรนด์ Carter’s สีเขียว ลายฮาโลวีนแรงแสง สุดน่ารัก ไซส์ 6 ปี (6Y),,,,taxable,,1,,,0,0,0.208,,,,0,,280,1200,สินค้าและอุปกรณ์สำหรับเด็ก,,,"https://punpunkun.com/wp-content/uploads/2021/07/BCDAB176-A079-4F3A-BCFC-82E7DCF68C97-rotated.jpeg, https://punpunkun.com/wp-content/uploads/2021/07/418475DF-552E-43CB-AAF4-8176AAA9A5E2-rotated.jpeg, https://punpunkun.com/wp-content/uploads/2021/07/F04FB5F6-E2D1-42E5-9AC5-7F8D4DD37813-rotated.jpeg, https://punpunkun.com/wp-content/uploads/2021/07/255CB0EA-C8EC-4EA7-93AF-0742A6C1D39B-rotated.jpeg",,,,,,,,,0,,สี,สีดำ,1,1,Size (เสื้อ),6Y,1,1,เพศ,ชาย,1,1,อายุ,6ปี,1,1,Good
13743,simple,1000076,,Zara Pink Shirt เสื้อลายทางทรงพอง,1,0,visible,"เสื้อ แบรนด์ Zara สีชมพู ใส่สบาย สุดน่ารัก ไซส์ 8ปี(8T 128CM)\n\n&nbsp;",,,,taxable,,1,,,0,0,0.110,,,,0,,300,990,สินค้าและอุปกรณ์สำหรับเด็ก,,,"https://punpunkun.com/wp-content/uploads/2021/07/FD3AA70A-085F-4069-B43D-8039599B8CBB-rotated.jpeg, https://punpunkun.com/wp-content/uploads/2021/07/64607EA5-3F29-41B0-B282-DD0AE41333B0-rotated.jpeg, https://punpunkun.com/wp-content/uploads/2021/07/C15B2313-4615-44CB-8D18-41A8F5F62FF8-rotated.jpeg, https://punpunkun.com/wp-content/uploads/2021/07/C6F8D777-80C7-4639-A8C3-9744BF2FAF27-rotated.jpeg",,,,,,,,,0,,สี,สีชมพู,1,1,Size (เสื้อ),8Y,1,1,เพศ,หญิง,1,1,อายุ,8ปี,1,1,Good
13747,simple,1000055,,Super Star Dress ชุดเดรส,1,0,visible,ชุดเดรส แบรนด์ Lily bleu สกรีน Super Star สีดำ ไซส์ 4,,,,taxable,,1,1,,0,0,0.137,,,,0,,210,700,สินค้าและอุปกรณ์สำหรับเด็ก,,,"https://punpunkun.com/wp-content/uploads/2021/07/C2384CF3-F4EC-4B4A-BEDB-A7E0A1102505-rotated.jpeg, https://punpunkun.com/wp-content/uploads/2021/07/2A185168-5F0D-4C0F-9F95-C52E4E1F401D-rotated.jpeg, https://punpunkun.com/wp-content/uploads/2021/07/23347C16-874A-40C2-9271-755DB82758C0-rotated.jpeg, https://punpunkun.com/wp-content/uploads/2021/07/F9EC63FD-E352-4A3F-9B6B-90F329C15F0C-rotated.jpeg",,,,,,,,,0,,สี,"สีกรม, สีขาว",1,1,เพศ,หญิง,1,1,Size (เสื้อ),4Y,1,1,อายุ,4ปี,1,1,Good
13748,simple,1000051,,Dress Polo Ralph Lauren ชุดกระโปรงคอปกเชิ้ต,1,0,visible,ชุดกระโปรงคอปกเชิ้ต แบรนด์ Polo Ralph Lauren สีแดง ลายดอกไม้ ไซส์ 4ปี (4/4T),,,,taxable,,1,,,0,0,0.131,,,,0,,450,2990,สินค้าและอุปกรณ์สำหรับเด็ก,,,"https://punpunkun.com/wp-content/uploads/2021/07/B794F14C-6E6F-4731-976A-76E945682806-rotated.jpeg, https://punpunkun.com/wp-content/uploads/2021/07/842543F4-F956-4AD6-834E-6F2211CE91FB-rotated.jpeg, https://punpunkun.com/wp-content/uploads/2021/07/6BDD30BA-9BE1-4222-A5A5-F232017778D1-rotated.jpeg",,,,,,,,,0,,สี,"สีชมพู, สีเขียว, สีเหลือง",1,1,เพศ,หญิง,1,1,Size (เสื้อ),"4T, 4Y",1,1,อายุ,4ปี,1,1,Good
13749,simple,1000078,,Mango Dress เดรสแขนกุด,1,0,visible,ชุดเดรส แบรนด์ Mango kids สีเทา ลายจุด สุดน่ารัก ไซส์ 6-7ปี (6-8Y),,,,taxable,,1,,,0,0,0.121,,,,0,,240,800,สินค้าและอุปกรณ์สำหรับเด็ก,,,"https://punpunkun.com/wp-content/uploads/2021/07/4E7B0CF8-C2C9-43F7-B80C-3537CD75018A-rotated.jpeg, https://punpunkun.com/wp-content/uploads/2021/07/E4943BD1-8181-49CC-8E00-CAB4B7C7870C-rotated.jpeg",,,,,,,,,0,,เพศ,หญิง,1,1,Size (เสื้อ),"6Y, 7Y",1,1,สี,สีเทา,1,1,อายุ,"6ปี, 7ปี",1,1,Good
13753,simple,1000037,,OVS Stretch cotton กางเกงผ้ายืด,1,0,visible,"กางเกงขายาว แบรนด์ OVS สีเทา ไซส์  6-7ปี (6-7Y)\n\n&nbsp;",,,,taxable,,1,,,0,0,0.130,,,,0,,150,1100,สินค้าและอุปกรณ์สำหรับเด็ก,,,"https://punpunkun.com/wp-content/uploads/2021/07/607A32C0-9687-404D-B9FE-579726EF73EF-rotated.jpeg, https://punpunkun.com/wp-content/uploads/2021/07/948EAB65-DA3C-433B-8396-9AF2064743C0-rotated.jpeg, https://punpunkun.com/wp-content/uploads/2021/07/848698F2-8DB0-453E-9119-CE572DC5BFAA-rotated.jpeg, https://punpunkun.com/wp-content/uploads/2021/07/8C311656-01E5-4A79-B30C-B263CBF493AA-rotated.jpeg, https://punpunkun.com/wp-content/uploads/2021/07/8BAC54B7-98D4-4CEF-AA5C-2493343CF021-rotated.jpeg",,,,,,,,,0,,สี,สีเทา,1,1,Size (กางเกง),6Y,1,1,เพศ,"ชาย, หญิง",1,1,อายุ,"6ปี, 7ปี",1,1,Good
13754,simple,1000066,,Kenzo Joggers กางเกงขายาว,1,0,visible,กางเกงขายาว แบรนด์ Kenzo ลายเสือ สุดเท่ห์ สีแดง ชมพู,,,,taxable,,1,,,0,0,0.163,,,,0,,500,4200,สินค้าและอุปกรณ์สำหรับเด็ก,,,"https://punpunkun.com/wp-content/uploads/2021/07/FAD1DA19-0DED-4065-B0AE-C5716B4F1B22-rotated.jpeg, https://punpunkun.com/wp-content/uploads/2021/07/C291EA78-EC4D-4A26-A25D-B8FE83C33752-rotated.jpeg, https://punpunkun.com/wp-content/uploads/2021/07/F581718F-D869-4764-8C52-739941DF8853-rotated.jpeg",,,,,,,,,0,,สี,"สีดำ, สีแดง",1,1,เพศ,หญิง,1,1,Size (กางเกง),6Y,1,1,อายุ,6ปี,1,1,Good
13755,simple,1000063,,Minnie Mouse Girl Set ชุดเซท มินนี่เมาส์,1,0,visible,ชุดนอน น่ารัก ใส่สบาย แบรนด์ Disney ไซส์ 4Y สีขาว,,,,taxable,,0,0,,0,0,0.206,,,,0,,255,850,สินค้าและอุปกรณ์สำหรับเด็ก,,,"https://punpunkun.com/wp-content/uploads/2021/07/6B9B646D-82E1-4247-9574-B9C372573688-rotated.jpeg, https://punpunkun.com/wp-content/uploads/2021/07/13F6DE8A-ADD2-4D8E-9D8D-A5125104FD23-rotated.jpeg",,,,,,,,,0,,สี,"สีกรม, สีขาว",1,1,เพศ,"ชาย, หญิง",1,1,Size (เสื้อ),4Y,1,1,อายุ,4ปี,1,1,Good
13756,simple,1000062,,Cheongsam ชุดกี่เพ้าขายาว,1,0,visible,ชุดกี่เพ้าเด็ก สีชมพู ลายดอกไม้ สุดน่ารัก แบรนด์จากต่างประเทศ M&amp;Y ไซส์ 5Y,,,,taxable,,0,0,,0,0,0.188,,,,0,,135,450,สินค้าและอุปกรณ์สำหรับเด็ก,,,"https://punpunkun.com/wp-content/uploads/2021/07/AFBABFC5-05F2-4FDD-9B5F-55825085D353-rotated.jpeg, https://punpunkun.com/wp-content/uploads/2021/07/3A5FC534-F92D-4F1F-B96F-5F8C933E8FB8-rotated.jpeg",,,,,,,,,0,,สี,สีชมพู,1,1,เพศ,หญิง,1,1,Size (เสื้อ),5Y,1,1,,,,,Good
13762,simple,1000080,,Jersey Dress ชุดเดรสเจอร์ซีย์,1,0,visible,ชุดเดรสเจอร์ซีย์ แบรนด์ H&amp;M สีแดง ไซส์ 8-10 Y EUR 134/140 US 8/10 CA 8-10A CN 140/68 MX 134/140 AUS 9-10 UK 8-10Y,,,,taxable,,1,1,,0,0,0.158,,,,0,,90,299,สินค้าและอุปกรณ์สำหรับเด็ก,,,"https://punpunkun.com/wp-content/uploads/2021/07/4DD391B7-BC41-4F94-A6A9-B7D9DE3C313D-rotated.jpeg, https://punpunkun.com/wp-content/uploads/2021/07/AF714632-E0B6-4CB4-A441-A38390EDEE71-rotated.jpeg, https://punpunkun.com/wp-content/uploads/2021/07/CEF09CB2-2444-4B92-83EE-7A28B4F31703-rotated.jpeg",,,,,,,,,0,,สี,สีแดง,1,1,Size (เสื้อ),8-10Y,1,1,เพศ,หญิง,1,1,อายุ,"10ปี, 8ปี",1,1,Good
13764,simple,1000003,,Light Blue Dress ชุดเดรสสีฟ้า,1,0,visible,ชุดเดรส แบรนด์ Connext kids สีฟ้า สุดน่ารัก,,,,taxable,,1,1,,0,0,0.113,,,,0,,75,250,สินค้าและอุปกรณ์สำหรับเด็ก,,,"https://punpunkun.com/wp-content/uploads/2021/07/7002DCD2-1056-4E16-9FD1-862380A6E83D-rotated.jpeg, https://punpunkun.com/wp-content/uploads/2021/07/5402FB2B-23EF-4642-A106-FC0274D50EDE-rotated.jpeg, https://punpunkun.com/wp-content/uploads/2021/07/8116CC84-CEBB-45AE-B710-A15F884BB96C-rotated.jpeg",,,,,,,,,0,,สี,สีฟ้า,1,1,เพศ,หญิง,1,1,,,,,,,,,Good
13765,simple,1000067,,Printed Built-In Tough Full-Length Leggings เลกกิ้งขายาวทรงยาวพิมพ์ลาย,1,0,visible,เลกกิ้งขายาวทรงยาวพิมพ์ลาย แบรนด์ Old Navy สีดำ ขาว ไซส์ 8ปี (8Y),,,,taxable,,1,1,,0,0,0.094,,,,0,,120,390,สินค้าและอุปกรณ์สำหรับเด็ก,,,"https://punpunkun.com/wp-content/uploads/2021/07/A0BC8266-E647-4CFF-A6B3-10CBA848FF91-rotated.jpeg, https://punpunkun.com/wp-content/uploads/2021/07/DF177D77-1DBD-4300-A2E6-82C7661C838F-rotated.jpeg, https://punpunkun.com/wp-content/uploads/2021/07/959C0AE7-E183-4244-B8F9-B73D2737CACF-rotated.jpeg",,,,,,,,,0,,สี,"สีขาว, สีดำ",1,1,Size (กางเกง),8Y,1,1,เพศ,หญิง,1,1,อายุ,8ปี,1,1,Good
13766,simple,1000024,,Skinny Cutoff Shorts กางเกงขาสั้น,1,0,visible,กางเกงขาสั้น แบรนด์ Epic Threads สีขาว เบบี้ ไซส์ 6 X,,,,taxable,,1,1,,0,0,0.090,,,,0,,565,650,สินค้าและอุปกรณ์สำหรับเด็ก,,,"https://punpunkun.com/wp-content/uploads/2021/07/12EE5D4F-32E9-4908-8B4B-07564F100318-rotated.jpeg, https://punpunkun.com/wp-content/uploads/2021/07/F3B05356-816F-4DE8-8598-045C29C82AD8-rotated.jpeg, https://punpunkun.com/wp-content/uploads/2021/07/9BDA5961-B814-4383-B49A-AB1BC4FF308A-rotated.jpeg",,,,,,,,,0,,สี,สีขาว,1,1,Size (กางเกง),6Y,1,1,เพศ,ชาย,1,1,อายุ,6ปี,1,1,New
13771,simple,1000027,,Grey Leggings กางเกงเลกกิ้ง สีเทา,1,0,visible,เลคกิ้ง แบรนด์ Uniqlo สีเทา เบบี้ ไซส์ 3-4ปี 100 CM,,,,taxable,,1,1,,0,0,0.102,,,,0,,180,590,สินค้าและอุปกรณ์สำหรับเด็ก,,,"https://punpunkun.com/wp-content/uploads/2021/07/2908E54F-4E58-44AE-96A9-230082C6D273-rotated.jpeg, https://punpunkun.com/wp-content/uploads/2021/07/1DD1BCD1-B669-423C-ADF6-744E2D86E63B-rotated.jpeg, https://punpunkun.com/wp-content/uploads/2021/07/038F4C4C-6273-4C9C-82BC-740055952406-rotated.jpeg",,,,,,,,,0,,สี,สีเทา,1,1,เพศ,"ชาย, หญิง",1,1,Size (กางเกง),"3T, 4T",1,1,อายุ,"3ปี, 4ปี",1,1,Good
13772,simple,1000040,,Toddler Elasticized Pull-On Slim Taper Jeans with Stretch กางเกงยีนส์,1,0,visible,กางเกงยีนส์ขายาว แบรนด์ Gap kids สำหรับเด็ก ไซส์ 5ปี(5Y),,,,taxable,,1,1,,0,0,0.222,,,,0,,420,1400,สินค้าและอุปกรณ์สำหรับเด็ก,,,"https://punpunkun.com/wp-content/uploads/2021/07/883F5986-F785-4C28-91F2-D5B3712D4A88-rotated.jpeg, https://punpunkun.com/wp-content/uploads/2021/07/C84EADAF-FFA4-486F-99C7-E59B14BF21D7-rotated.jpeg, https://punpunkun.com/wp-content/uploads/2021/07/8A34A156-A0BF-4880-88CB-786776D68A73-rotated.jpeg, https://punpunkun.com/wp-content/uploads/2021/07/6F5E9846-B85F-478E-924A-EA848BE12C6D-rotated.jpeg, https://punpunkun.com/wp-content/uploads/2021/07/ABDE8D98-40AD-4AA3-B99F-977FDD3289FB-rotated.jpeg",,,,,,,,,0,,สี,สีขาว,1,1,Size (กางเกง),5Y,1,1,เพศ,"ชาย, หญิง",1,1,อายุ,5ปี,1,1,Fair
13773,simple,1000071,,Floral pants กางเกงขายาว ลายดอกไม้,1,0,visible,กางเกงขายาว Crazy สีชมพู ไซส์  S 5-6,,,,taxable,,1,1,,0,0,0.087,,,,0,,150,490,สินค้าและอุปกรณ์สำหรับเด็ก,,,"https://punpunkun.com/wp-content/uploads/2021/07/74D4195F-07C0-4CAC-9B1C-B4462040B899-rotated.jpeg, https://punpunkun.com/wp-content/uploads/2021/07/803F022D-B90D-4E87-B94E-2C028E922E14-rotated.jpeg, https://punpunkun.com/wp-content/uploads/2021/07/0D0BDEAE-9611-4C1D-8BE6-19F142146CBF-rotated.jpeg",,,,,,,,,0,,สี,"สีชมพู, สีเขียว",1,1,Size (กางเกง),"5Y, 6Y",1,1,เพศ,หญิง,1,1,อายุ,"5ปี, 6ปี",1,1,Good
13778,simple,1000068,,Kids Print Leggings กางเกงเลกกิ้ง,1,0,visible,"<p style=""text-align: left"">เลคกิ้ง แบรนด์ Gap Kid ลายอวกาส สีดำ เบบี้ ไซส์ 6-7 ปี</p>",,,,taxable,,1,1,,0,0,0.127,,,,0,,195,650,สินค้าและอุปกรณ์สำหรับเด็ก,,,"https://punpunkun.com/wp-content/uploads/2021/07/BB7903B8-189C-4CB6-AF70-C23DFD409AB7-rotated.jpeg, https://punpunkun.com/wp-content/uploads/2021/07/004E0DB9-9829-493E-A01B-0B634ED6C903-rotated.jpeg, https://punpunkun.com/wp-content/uploads/2021/07/0FFB1AC5-ECFB-4F9F-86D8-069166BEA4FB-rotated.jpeg",,,,,,,,,0,,สี,สีดำ,1,1,เพศ,ชาย,1,1,Size (กางเกง),6Y,1,1,อายุ,"6ปี, 7ปี",1,1,Good
13779,simple,1000009,,Rita dress เดรสทรง ผ้าลายสวย,1,0,visible,เดรสทรงผ้าลายสวย แบรนด์ Tiny Tale สีขาว ไซส์ 3XL และ ไซส์ M,,,,taxable,,1,1,,0,0,0.342,,,,0,,380,1880,สินค้าและอุปกรณ์สำหรับเด็ก,,,"https://punpunkun.com/wp-content/uploads/2021/07/1C71AC36-72B1-42AB-BE83-91F34FF81981-rotated.jpeg, https://punpunkun.com/wp-content/uploads/2021/07/0336E581-EFBD-4735-A2D9-C6DFC7EDB5B7-rotated.jpeg, https://punpunkun.com/wp-content/uploads/2021/07/BB7A6272-A45C-4D9C-BBAC-9D9824AF67F9-rotated.jpeg, https://punpunkun.com/wp-content/uploads/2021/07/7337227B-0FD2-424B-9F54-DFC3C8A107BC-rotated.jpeg, https://punpunkun.com/wp-content/uploads/2021/07/B2B24701-8E70-4685-8015-C0297B8FB0ED.jpeg",,,,,,,,,0,,สี,"สีขาว, สีเขียว",1,1,เพศ,หญิง,1,1,,,,,,,,,Fair
13780,simple,1000046,,Purple T-shirt เสื้อยืดสีม่วง,1,0,visible,"เสื้อยืดหมีน้อย โปโล แบรนด์ Polo ไซส์ 4/4T สีม่วง\n\n&nbsp;",,,,taxable,,1,1,,0,0,0.083,,,,0,,360,1190,สินค้าและอุปกรณ์สำหรับเด็ก,,,"https://punpunkun.com/wp-content/uploads/2021/07/D143B42E-399C-47F1-A03A-E4502A599AF2-rotated.jpeg, https://punpunkun.com/wp-content/uploads/2021/07/89C9AECA-8723-4CC7-A233-C95807E16B69-rotated.jpeg, https://punpunkun.com/wp-content/uploads/2021/07/0BC91D7D-7D72-4A09-8FD2-788564274064-rotated.jpeg",,,,,,,,,0,,สี,สีม่วง,1,1,Size (เสื้อ),"4T, 4Y",1,1,เพศ,ชาย,1,1,อายุ,4ปี,1,1,Good
13781,simple,1000012,,The Dark Skeleton Pajamas Sets Short Sleeve Summer Black ชุดนอนฮาโลวีน,1,0,visible,ชุดนอนฮาโลวีน น่ารัก ใส่สบาย แบรนด์ Mud kingdom ไซส์ 120 สีชมพู,,,,taxable,,1,1,,0,0,0.197,,,,0,,285,950,สินค้าและอุปกรณ์สำหรับเด็ก,,,"https://punpunkun.com/wp-content/uploads/2021/07/D890E48D-A97F-4B07-9F79-2EB932F779EF-rotated.jpeg, https://punpunkun.com/wp-content/uploads/2021/07/5BD59E6F-01BC-4AA6-83F8-10A087D638BA-rotated.jpeg, https://punpunkun.com/wp-content/uploads/2021/07/58100053-1FFA-4242-B7D9-9366B94BEA10-rotated.jpeg, https://punpunkun.com/wp-content/uploads/2021/07/88E45F3B-0C56-428D-B468-3EBD21972BE0-rotated.jpeg",,,,,,,,,0,,สี,สีชมพู,1,1,เพศ,หญิง,1,1,,,,,,,,,Good
13785,simple,1000075,,Light blue pants กางเกงขายาว สีฟ้า,1,0,visible,กางเกงขายาว Crazy สีฟ้า ไซส์  S 5-6,,,,taxable,,1,1,,0,0,0.081,,,,0,,150,490,สินค้าและอุปกรณ์สำหรับเด็ก,,,"https://punpunkun.com/wp-content/uploads/2021/07/25FC72BF-A189-4D1F-9751-A8B80572143E-rotated.jpeg, https://punpunkun.com/wp-content/uploads/2021/07/CD3380D0-8B01-4A85-A400-5C095E0CF0D7-rotated.jpeg, https://punpunkun.com/wp-content/uploads/2021/07/126C0AB9-5CD6-467F-A9AC-293FCE0DDBFE-rotated.jpeg",,,,,,,,,0,,สี,สีฟ้า,1,1,Size (กางเกง),"5Y, 6Y",1,1,เพศ,หญิง,1,1,อายุ,"5ปี, 6ปี",1,1,Good
13859,simple,1000061,,Sleep Suit Disney Minnie Mouse ชุดนอน มินนี่เม้าส์,1,0,visible,ชุดนอน มินนี่เม้าส์ น่ารัก ใส่สบาย แบรนด์ Disney ไซส์ 4Y สีชมพู,,,,taxable,,1,1,,0,0,,,,,0,,255,850,สินค้าและอุปกรณ์สำหรับเด็ก,,,"https://punpunkun.com/wp-content/uploads/2021/07/9139E40B-5D20-478D-B686-6D144A6DE681-rotated.jpeg, https://punpunkun.com/wp-content/uploads/2021/07/408F56F7-D3B3-4BE8-81FC-702473DCCD77-rotated.jpeg",,,,,,,,,0,,สี,สีชมพู,1,1,Size (เสื้อ),4Y,1,1,Size (กางเกง),4Y,1,1,อายุ,4ปี,1,1,Good
14012,simple,210285,,210285,1,0,visible,,,,,taxable,,0,0,,0,0,,,,,1,,,60,เสื้อผ้าและเครื่องประดับ,,,https://punpunkun.com/wp-content/uploads/2021/06/logo-ล่าสุด.-e1636353198473.jpg,,,,,,,,,0,,,,,,,,,,,,,,,,,,Good
14013,simple,210271,,210271,1,0,visible,,,,,taxable,,0,0,,0,0,,,,,1,,,300,ของเล่นและเครื่องนอนการตกแต่ง,,,https://punpunkun.com/wp-content/uploads/2021/06/logo-ล่าสุด.-e1636353198473.jpg,,,,,,,,,0,,,,,,,,,,,,,,,,,,Good
14015,simple,210291,,210291,1,0,visible,,,,,taxable,,0,0,,0,0,,,,,1,,,60,ของเล่นและเครื่องนอนการตกแต่ง,,,https://punpunkun.com/wp-content/uploads/2021/06/logo-ล่าสุด.-e1636353198473.jpg,,,,,,,,,0,,,,,,,,,,,,,,,,,,Good
14017,simple,210196,,210196,1,0,visible,,,,,taxable,,0,0,,0,0,,,,,1,,,60,เสื้อผ้าและเครื่องประดับ,,,https://punpunkun.com/wp-content/uploads/2021/06/logo-ล่าสุด.-e1636353198473.jpg,,,,,,,,,0,,,,,,,,,,,,,,,,,,Good
14019,simple,210278,,210278,1,0,visible,,,,,taxable,,0,0,,0,0,,,,,1,,,40,เสื้อผ้าและเครื่องประดับ,,,https://punpunkun.com/wp-content/uploads/2021/06/logo-ล่าสุด.-e1636353198473.jpg,,,,,,,,,0,,,,,,,,,,,,,,,,,,Good
14024,simple,110080,,110080,1,0,visible,,,,,taxable,,0,0,,0,0,,,,,1,,,60,ของเล่นและเครื่องนอนการตกแต่ง,,,https://punpunkun.com/wp-content/uploads/2021/06/926673E7-4359-4425-AD53-0A3233DAB0D3-e1636353208744.jpeg,,,,,,,,,0,,,,,,,,,,,,,,,,,,Good
14026,simple,110096,,110096,1,0,visible,,,,,taxable,,0,0,,0,0,,,,,1,,,40,เสื้อผ้าและเครื่องประดับ,,,https://punpunkun.com/wp-content/uploads/2021/06/926673E7-4359-4425-AD53-0A3233DAB0D3-e1636353208744.jpeg,,,,,,,,,0,,,,,,,,,,,,,,,,,,Good
14028,simple,910018,,910018,1,0,visible,,,,,taxable,,0,0,,0,0,,,,,1,,,40,เสื้อผ้าและเครื่องประดับ,,,https://punpunkun.com/wp-content/uploads/2021/06/logo-ล่าสุด.-e1621125981899-2-e1636353178954.jpg,,,,,,,,,0,,,,,,,,,,,,,,,,,,Good
14031,simple,710008,,710008,1,0,visible,,,,,taxable,,0,0,,0,0,,,,,1,,,100,ของเล่นและเครื่องนอนการตกแต่ง,,,https://punpunkun.com/wp-content/uploads/2021/08/logo-ล่าสุด.-e1636353068218.jpg,,,,,,,,,0,,,,,,,,,,,,,,,,,,Good
14285,simple,,,Short pants กางเกงขาสั้นลายขวาง,1,0,visible,กางเกงขาสั้น แบรนด์ Carter’s สีเหลือง น้ำเงิน ขาว สุดเทห์ ไซส์ เบบี้ 18เดือน(18M),,,,taxable,,1,1,,0,1,,,,,0,,,500,สินค้าและอุปกรณ์สำหรับเด็ก,,,"https://punpunkun.com/wp-content/uploads/2021/07/B3936539-FA96-4C47-BF23-692EA5311431.jpeg, https://punpunkun.com/wp-content/uploads/2021/07/43254015-77E0-4C7A-9C20-648ABE96AD95.jpeg, https://punpunkun.com/wp-content/uploads/2021/07/5197DDE8-E761-44BA-B14F-B47EEF467140.jpeg",,,,,,,,,0,,,,,,,,,,,,,,,,,,
14407,simple,810007,,810007,1,0,visible,,,,,taxable,,0,0,,0,0,,,,,1,,,80,ของเล่นและเครื่องนอนการตกแต่ง,,,https://punpunkun.com/wp-content/uploads/2021/09/logo-ล่าสุด.-e1636353049460.jpg,,,,,,,,,0,,,,,,,,,,,,,,,,,,Good
14409,simple,210139,,210139,1,0,visible,,,,,taxable,,0,0,,0,0,,,,,1,,,80,เสื้อผ้าและเครื่องประดับ,,,https://punpunkun.com/wp-content/uploads/2021/06/logo-ล่าสุด.-e1636353198473.jpg,,,,,,,,,0,,,,,,,,,,,,,,,,,,Good
14411,simple,210137,,210137,1,0,visible,,,,,taxable,,0,0,,0,0,,,,,1,,,80,เสื้อผ้าและเครื่องประดับ,,,https://punpunkun.com/wp-content/uploads/2021/06/logo-ล่าสุด.-e1636353198473.jpg,,,,,,,,,0,,,,,,,,,,,,,,,,,,Good
14414,simple,210123,,210123,1,0,visible,,,,,taxable,,0,0,,0,0,,,,,1,,,60,เสื้อผ้าและเครื่องประดับ,,,https://punpunkun.com/wp-content/uploads/2021/06/logo-ล่าสุด.-e1636353198473.jpg,,,,,,,,,0,,,,,,,,,,,,,,,,,,Good
14417,simple,1010008,,1010008,1,0,visible,,,,,taxable,,0,0,,0,0,,,,,1,,,60,เสื้อผ้าและเครื่องประดับ,,,https://punpunkun.com/wp-content/uploads/2021/09/logo-ล่าสุด.-e1621125981899-1-e1636353025324.jpg,,,,,,,,,0,,,,,,,,,,,,,,,,,,Good
14418,simple,1010015,,1010015,1,0,visible,,,,,taxable,,0,0,,0,0,,,,,1,,,80,เสื้อผ้าและเครื่องประดับ,,,https://punpunkun.com/wp-content/uploads/2021/09/logo-ล่าสุด.-e1621125981899-1-e1636353025324.jpg,,,,,,,,,0,,,,,,,,,,,,,,,,,,Good
14421,simple,1010010,,1010010,1,0,visible,,,,,taxable,,0,0,,0,0,,,,,1,,,60,เสื้อผ้าและเครื่องประดับ,,,https://punpunkun.com/wp-content/uploads/2021/09/logo-ล่าสุด.-e1621125981899-1-e1636353025324.jpg,,,,,,,,,0,,,,,,,,,,,,,,,,,,Good
14424,simple,1010022,,1010022,1,0,visible,,,,,taxable,,0,,,0,0,,,,,1,,,80,เสื้อผ้าและเครื่องประดับ,,,https://punpunkun.com/wp-content/uploads/2021/09/logo-ล่าสุด.-e1621125981899-1-e1636353025324.jpg,,,,,,,,,0,,,,,,,,,,,,,,,,,,Good
14427,simple,1010012,,1010012,1,0,visible,,,,,taxable,,0,,,0,0,,,,,1,,,60,เสื้อผ้าและเครื่องประดับ,,,https://punpunkun.com/wp-content/uploads/2021/09/logo-ล่าสุด.-e1621125981899-1-e1636353025324.jpg,,,,,,,,,0,,,,,,,,,,,,,,,,,,Good
14429,simple,1010026,,1010026,1,0,visible,,,,,taxable,,0,,,0,0,,,,,1,,,80,เสื้อผ้าและเครื่องประดับ,,,https://punpunkun.com/wp-content/uploads/2021/09/logo-ล่าสุด.-e1621125981899-1-e1636353025324.jpg,,,,,,,,,0,,,,,,,,,,,,,,,,,,Good
14432,simple,1010019,,1010019,1,0,visible,,,,,taxable,,0,,,0,0,,,,,0,,,80,เสื้อผ้าและเครื่องประดับ,,,https://punpunkun.com/wp-content/uploads/2021/09/logo-ล่าสุด.-e1621125981899-1-e1636353025324.jpg,,,,,,,,,0,,,,,,,,,,,,,,,,,,Good
14524,simple,910039,,910039,1,0,visible,,,,,taxable,,0,0,,0,0,,,,,0,,,100,ของเล่นและเครื่องนอนการตกแต่ง,,,https://punpunkun.com/wp-content/uploads/2021/06/logo-ล่าสุด.-e1621125981899-2-e1636353178954.jpg,,,,,,,,,0,,,,,,,,,,,,,,,,,,Good
15860,simple,210001,,210001,1,0,visible,,,,,taxable,,1,1,,0,0,,,,,0,,,100,สินค้าและอุปกรณ์สำหรับเด็ก,,,https://punpunkun.com/wp-content/uploads/2021/09/00210001-100--rotated.jpg,,,,,,,,,0,,,,,,,,,,,,,,,,,,
15862,simple,210003,,210003,1,0,visible,,,,,taxable,,1,1,,0,0,,,,,0,,,80,สินค้าและอุปกรณ์สำหรับเด็ก,,,https://punpunkun.com/wp-content/uploads/2021/09/00210003-80--e1632709799650.jpg,,,,,,,,,0,,,,,,,,,,,,,,,,,,
15864,simple,210004,,210004,1,0,visible,,,,,taxable,,1,1,,0,0,,,,,0,,,40,สินค้าและอุปกรณ์สำหรับเด็ก,,,https://punpunkun.com/wp-content/uploads/2021/09/00210004-40--rotated.jpg,,,,,,,,,0,,,,,,,,,,,,,,,,,,
15866,simple,210007,,210007,1,0,visible,,,,,taxable,,1,1,,0,0,,,,,0,,,40,สินค้าและอุปกรณ์สำหรับเด็ก,,,https://punpunkun.com/wp-content/uploads/2021/09/00210007-40--rotated.jpg,,,,,,,,,0,,,,,,,,,,,,,,,,,,
15869,simple,210009,,210009,1,0,visible,,,,,taxable,,0,0,,0,0,,,,,0,,,60,สินค้าและอุปกรณ์สำหรับเด็ก,,,https://punpunkun.com/wp-content/uploads/2021/09/00210009-60--rotated.jpg,,,,,,,,,0,,,,,,,,,,,,,,,,,,
15871,simple,210010,,210010,1,0,visible,,,,,taxable,,1,1,,0,0,,,,,0,,,120,สินค้าและอุปกรณ์สำหรับเด็ก,,,https://punpunkun.com/wp-content/uploads/2021/09/00210010-120--rotated.jpg,,,,,,,,,0,,,,,,,,,,,,,,,,,,
15874,simple,210011,,210011,1,0,visible,,,,,taxable,,1,1,,0,0,,,,,0,,,100,สินค้าและอุปกรณ์สำหรับเด็ก,,,https://punpunkun.com/wp-content/uploads/2021/09/00210011-100--e1632710351860.jpg,,,,,,,,,0,,,,,,,,,,,,,,,,,,
15876,simple,210012,,210012,1,0,visible,,,,,taxable,,1,1,,0,0,,,,,0,,,80,สินค้าและอุปกรณ์สำหรับเด็ก,,,https://punpunkun.com/wp-content/uploads/2021/09/00210012-80--e1632710472426.jpg,,,,,,,,,0,,,,,,,,,,,,,,,,,,
15878,simple,210014,,210014,1,0,visible,,,,,taxable,,1,1,,0,0,,,,,0,,,100,สินค้าและอุปกรณ์สำหรับเด็ก,,,https://punpunkun.com/wp-content/uploads/2021/09/00210014-100--rotated.jpg,,,,,,,,,0,,,,,,,,,,,,,,,,,,
15881,simple,210015,,210015,1,0,visible,,,,,taxable,,1,1,,0,0,,,,,0,,,40,สินค้าและอุปกรณ์สำหรับเด็ก,,,https://punpunkun.com/wp-content/uploads/2021/09/00210015-40--rotated.jpg,,,,,,,,,0,,,,,,,,,,,,,,,,,,
15883,simple,210016,,210016,1,0,visible,,,,,taxable,,1,1,,0,0,,,,,0,,,80,สินค้าและอุปกรณ์สำหรับเด็ก,,,https://punpunkun.com/wp-content/uploads/2021/09/00210016-80-.jpg,,,,,,,,,0,,,,,,,,,,,,,,,,,,
15885,simple,210017,,210017,1,0,visible,,,,,taxable,,1,1,,0,0,,,,,0,,,60,สินค้าและอุปกรณ์สำหรับเด็ก,,,https://punpunkun.com/wp-content/uploads/2021/09/00210017-60-.jpg,,,,,,,,,0,,,,,,,,,,,,,,,,,,
15887,simple,210018,,210018,1,0,visible,,,,,taxable,,1,1,,0,0,,,,,0,,,60,สินค้าและอุปกรณ์สำหรับเด็ก,,,https://punpunkun.com/wp-content/uploads/2021/09/00210018-60--rotated.jpg,,,,,,,,,0,,,,,,,,,,,,,,,,,,
15889,simple,210020,,210020,1,0,visible,,,,,taxable,,1,1,,0,0,,,,,0,,,40,สินค้าและอุปกรณ์สำหรับเด็ก,,,https://punpunkun.com/wp-content/uploads/2021/09/00210020-40--rotated.jpg,,,,,,,,,0,,,,,,,,,,,,,,,,,,
15891,simple,210021,,210021,1,0,visible,,,,,taxable,,1,1,,0,0,,,,,0,,,60,สินค้าและอุปกรณ์สำหรับเด็ก,,,https://punpunkun.com/wp-content/uploads/2021/09/00210021-60--rotated.jpg,,,,,,,,,0,,,,,,,,,,,,,,,,,,
15893,simple,210022,,210022,1,0,visible,,,,,taxable,,1,1,,0,0,,,,,0,,,60,สินค้าและอุปกรณ์สำหรับเด็ก,,,https://punpunkun.com/wp-content/uploads/2021/09/00210022-60--rotated.jpg,,,,,,,,,0,,,,,,,,,,,,,,,,,,
15895,simple,210023,,210023,1,0,visible,,,,,taxable,,1,1,,0,0,,,,,0,,,60,สินค้าและอุปกรณ์สำหรับเด็ก,,,https://punpunkun.com/wp-content/uploads/2021/09/00210023-60--rotated.jpg,,,,,,,,,0,,,,,,,,,,,,,,,,,,
15897,simple,210024,,210024,1,0,visible,,,,,taxable,,1,1,,0,0,,,,,0,,,60,สินค้าและอุปกรณ์สำหรับเด็ก,,,https://punpunkun.com/wp-content/uploads/2021/09/00210024-60-.jpg,,,,,,,,,0,,,,,,,,,,,,,,,,,,
15899,simple,210025,,210025,1,0,visible,,,,,taxable,,1,1,,0,0,,,,,0,,,60,สินค้าและอุปกรณ์สำหรับเด็ก,,,https://punpunkun.com/wp-content/uploads/2021/09/00210025-60--rotated.jpg,,,,,,,,,0,,,,,,,,,,,,,,,,,,
15902,simple,210027,,210027,1,0,visible,,,,,taxable,,1,1,,0,0,,,,,0,,,60,สินค้าและอุปกรณ์สำหรับเด็ก,,,https://punpunkun.com/wp-content/uploads/2021/09/00210027-60-.jpg,,,,,,,,,0,,,,,,,,,,,,,,,,,,
15904,simple,210028,,210028,1,0,visible,,,,,taxable,,1,1,,0,0,,,,,0,,,60,สินค้าและอุปกรณ์สำหรับเด็ก,,,https://punpunkun.com/wp-content/uploads/2021/09/00210028-60--rotated.jpg,,,,,,,,,0,,,,,,,,,,,,,,,,,,
15906,simple,210029,,210029,1,0,visible,,,,,taxable,,1,1,,0,0,,,,,0,,,40,สินค้าและอุปกรณ์สำหรับเด็ก,,,https://punpunkun.com/wp-content/uploads/2021/09/00210029-40-.jpg,,,,,,,,,0,,,,,,,,,,,,,,,,,,
15908,simple,123456789,,1234,1,0,visible,,,,,taxable,,1,,,0,0,,,,,0,,,,หนังสือและการเรียนรู้,,,https://punpunkun.com/wp-content/uploads/2021/09/logo-ล่าสุด.-e1636353049460.jpg,,,,,,,,,0,,,,,,,,,,,,,,,,,,Good
15910,simple,210030,,210030,1,0,visible,,,,,taxable,,1,1,,0,0,,,,,0,,,40,สินค้าและอุปกรณ์สำหรับเด็ก,,,https://punpunkun.com/wp-content/uploads/2021/09/00210030-40--rotated.jpg,,,,,,,,,0,,,,,,,,,,,,,,,,,,
15912,simple,210031,,210031,1,0,visible,,,,,taxable,,1,1,,0,0,,,,,0,,,60,สินค้าและอุปกรณ์สำหรับเด็ก,,,https://punpunkun.com/wp-content/uploads/2021/09/00210031-60--rotated.jpg,,,,,,,,,0,,,,,,,,,,,,,,,,,,
15914,simple,210032,,210032,1,0,visible,,,,,taxable,,1,1,,0,0,,,,,0,,,40,สินค้าและอุปกรณ์สำหรับเด็ก,,,https://punpunkun.com/wp-content/uploads/2021/09/00210032-40--rotated.jpg,,,,,,,,,0,,,,,,,,,,,,,,,,,,
15916,simple,210033,,210033,1,0,visible,,,,,taxable,,1,1,,0,0,,,,,0,,,60,สินค้าและอุปกรณ์สำหรับเด็ก,,,https://punpunkun.com/wp-content/uploads/2021/09/00210033-60--rotated.jpg,,,,,,,,,0,,,,,,,,,,,,,,,,,,
15919,simple,210034,,210034,1,0,visible,,,,,taxable,,1,1,,0,0,,,,,0,,,100,สินค้าและอุปกรณ์สำหรับเด็ก,,,https://punpunkun.com/wp-content/uploads/2021/09/00210034-100--rotated.jpg,,,,,,,,,0,,,,,,,,,,,,,,,,,,
15922,simple,210035,,210035,1,0,visible,,,,,taxable,,1,1,,0,0,,,,,0,,,40,สินค้าและอุปกรณ์สำหรับเด็ก,,,https://punpunkun.com/wp-content/uploads/2021/09/00210035-40--rotated.jpg,,,,,,,,,0,,,,,,,,,,,,,,,,,,
15924,simple,210036,,210036,1,0,visible,,,,,taxable,,1,1,,0,0,,,,,0,,,80,สินค้าและอุปกรณ์สำหรับเด็ก,,,https://punpunkun.com/wp-content/uploads/2021/09/00210036-80--rotated.jpg,,,,,,,,,0,,,,,,,,,,,,,,,,,,
15926,simple,210038,,210038,1,0,visible,,,,,taxable,,1,1,,0,0,,,,,0,,,80,สินค้าและอุปกรณ์สำหรับเด็ก,,,https://punpunkun.com/wp-content/uploads/2021/09/00210038-80-1-1.jpg,,,,,,,,,0,,,,,,,,,,,,,,,,,,
15928,simple,210039,,210039,1,0,visible,,,,,taxable,,1,1,,0,0,,,,,0,,,40,สินค้าและอุปกรณ์สำหรับเด็ก,,,https://punpunkun.com/wp-content/uploads/2021/09/00210039-40--rotated.jpg,,,,,,,,,0,,,,,,,,,,,,,,,,,,
15930,simple,210041,,210041,1,0,visible,,,,,taxable,,1,1,,0,0,,,,,0,,,40,สินค้าและอุปกรณ์สำหรับเด็ก,,,https://punpunkun.com/wp-content/uploads/2021/09/00210041-40--rotated.jpg,,,,,,,,,0,,,,,,,,,,,,,,,,,,
15932,simple,210042,,210042,1,0,visible,,,,,taxable,,0,0,,0,0,,,,,0,,,40,เสื้อผ้าและเครื่องประดับ,,,https://punpunkun.com/wp-content/uploads/2021/09/00210042-40--rotated.jpg,,,,,,,,,0,,,,,,,,,,,,,,,,,,
15934,simple,210043,,210043,1,0,visible,,,,,taxable,,1,1,,0,0,,,,,0,,,40,สินค้าและอุปกรณ์สำหรับเด็ก,,,https://punpunkun.com/wp-content/uploads/2021/09/00210043-40--rotated.jpg,,,,,,,,,0,,,,,,,,,,,,,,,,,,
15936,simple,210044,,210044,1,0,visible,,,,,taxable,,1,1,,0,0,,,,,0,,,60,สินค้าและอุปกรณ์สำหรับเด็ก,,,https://punpunkun.com/wp-content/uploads/2021/09/00210044-60--rotated.jpg,,,,,,,,,0,,,,,,,,,,,,,,,,,,
15943,simple,210045,,210045,1,0,visible,,,,,taxable,,1,1,,0,0,,,,,0,,,40,สินค้าและอุปกรณ์สำหรับเด็ก,,,https://punpunkun.com/wp-content/uploads/2021/09/00210045-40-.jpg,,,,,,,,,0,,,,,,,,,,,,,,,,,,
15945,simple,210046,,210046,1,0,visible,,,,,taxable,,1,1,,0,0,,,,,0,,,40,สินค้าและอุปกรณ์สำหรับเด็ก,,,https://punpunkun.com/wp-content/uploads/2021/09/00210046-40--rotated.jpg,,,,,,,,,0,,,,,,,,,,,,,,,,,,
15947,simple,210047,,210047,1,0,visible,,,,,taxable,,1,1,,0,0,,,,,0,,,60,สินค้าและอุปกรณ์สำหรับเด็ก,,,https://punpunkun.com/wp-content/uploads/2021/09/00210047-60--rotated.jpg,,,,,,,,,0,,,,,,,,,,,,,,,,,,
15949,simple,210048,,210048,1,0,visible,,,,,taxable,,1,1,,0,0,,,,,0,,,60,สินค้าและอุปกรณ์สำหรับเด็ก,,,https://punpunkun.com/wp-content/uploads/2021/09/00210048-60-.jpg,,,,,,,,,0,,,,,,,,,,,,,,,,,,
15951,simple,210051,,210051,1,0,visible,,,,,taxable,,1,1,,0,0,,,,,0,,,40,สินค้าและอุปกรณ์สำหรับเด็ก,,,https://punpunkun.com/wp-content/uploads/2021/09/00210051-40--rotated.jpg,,,,,,,,,0,,,,,,,,,,,,,,,,,,
15953,simple,210052,,210052,1,0,visible,,,,,taxable,,1,1,,0,0,,,,,0,,,40,สินค้าและอุปกรณ์สำหรับเด็ก,,,https://punpunkun.com/wp-content/uploads/2021/09/00210052-40--rotated.jpg,,,,,,,,,0,,,,,,,,,,,,,,,,,,
15956,simple,210055,,210055,1,0,visible,,,,,taxable,,1,1,,0,0,,,,,0,,,60,สินค้าและอุปกรณ์สำหรับเด็ก,,,https://punpunkun.com/wp-content/uploads/2021/09/00210055-60--rotated.jpg,,,,,,,,,0,,,,,,,,,,,,,,,,,,
15958,simple,210056,,210056,1,0,visible,,,,,taxable,,1,1,,0,0,,,,,0,,,60,สินค้าและอุปกรณ์สำหรับเด็ก,,,https://punpunkun.com/wp-content/uploads/2021/09/00210056-60--rotated.jpg,,,,,,,,,0,,,,,,,,,,,,,,,,,,
15960,simple,210057,,210057,1,0,visible,,,,,taxable,,1,1,,0,0,,,,,0,,,40,สินค้าและอุปกรณ์สำหรับเด็ก,,,https://punpunkun.com/wp-content/uploads/2021/09/00210057-40--rotated.jpg,,,,,,,,,0,,,,,,,,,,,,,,,,,,
15962,simple,210058,,210058,1,0,visible,,,,,taxable,,1,1,,0,0,,,,,0,,,60,สินค้าและอุปกรณ์สำหรับเด็ก,,,https://punpunkun.com/wp-content/uploads/2021/09/00210058-60--rotated.jpg,,,,,,,,,0,,,,,,,,,,,,,,,,,,
15964,simple,210059,,210059,1,0,visible,,,,,taxable,,1,1,,0,0,,,,,0,,,60,สินค้าและอุปกรณ์สำหรับเด็ก,,,https://punpunkun.com/wp-content/uploads/2021/09/00210059-60-1-1.jpg,,,,,,,,,0,,,,,,,,,,,,,,,,,,
15966,simple,210060,,210060,1,0,visible,,,,,taxable,,1,1,,0,0,,,,,0,,,60,สินค้าและอุปกรณ์สำหรับเด็ก,,,https://punpunkun.com/wp-content/uploads/2021/09/00210060-60-1-1.jpg,,,,,,,,,0,,,,,,,,,,,,,,,,,,
15968,simple,210061,,210061,1,0,visible,,,,,taxable,,1,1,,0,0,,,,,0,,,40,สินค้าและอุปกรณ์สำหรับเด็ก,,,https://punpunkun.com/wp-content/uploads/2021/09/00210061-40--rotated.jpg,,,,,,,,,0,,,,,,,,,,,,,,,,,,
15970,simple,210063,,210063,1,0,visible,,,,,taxable,,1,1,,0,0,,,,,0,,,60,สินค้าและอุปกรณ์สำหรับเด็ก,,,https://punpunkun.com/wp-content/uploads/2021/09/00210063-60-.jpg,,,,,,,,,0,,,,,,,,,,,,,,,,,,
15972,simple,210065,,210065,1,0,visible,,,,,taxable,,1,1,,0,0,,,,,0,,,60,สินค้าและอุปกรณ์สำหรับเด็ก,,,https://punpunkun.com/wp-content/uploads/2021/09/00210065-60--rotated.jpg,,,,,,,,,0,,,,,,,,,,,,,,,,,,
15974,simple,210066,,210066,1,0,visible,,,,,taxable,,1,1,,0,0,,,,,0,,,60,สินค้าและอุปกรณ์สำหรับเด็ก,,,https://punpunkun.com/wp-content/uploads/2021/09/00210066-60--rotated.jpg,,,,,,,,,0,,,,,,,,,,,,,,,,,,
15976,simple,210067,,210067,1,0,visible,,,,,taxable,,1,1,,0,0,,,,,0,,,40,สินค้าและอุปกรณ์สำหรับเด็ก,,,https://punpunkun.com/wp-content/uploads/2021/09/00210067-40-.jpg,,,,,,,,,0,,,,,,,,,,,,,,,,,,
15978,simple,210068,,210068,1,0,visible,,,,,taxable,,1,1,,0,0,,,,,0,,,60,สินค้าและอุปกรณ์สำหรับเด็ก,,,https://punpunkun.com/wp-content/uploads/2021/09/00210068-60--rotated.jpg,,,,,,,,,0,,,,,,,,,,,,,,,,,,
15980,simple,210069,,210069,1,0,visible,,,,,taxable,,1,1,,0,0,,,,,0,,,60,สินค้าและอุปกรณ์สำหรับเด็ก,,,https://punpunkun.com/wp-content/uploads/2021/09/00210069-60--rotated.jpg,,,,,,,,,0,,,,,,,,,,,,,,,,,,
15982,simple,210072,,210072,1,0,visible,,,,,taxable,,1,1,,0,0,,,,,0,,,100,สินค้าและอุปกรณ์สำหรับเด็ก,,,https://punpunkun.com/wp-content/uploads/2021/09/00210072-100-1-1.jpg,,,,,,,,,0,,,,,,,,,,,,,,,,,,
15984,simple,210073,,210073,1,0,visible,,,,,taxable,,0,0,,0,0,,,,,0,,,80,สินค้าและอุปกรณ์สำหรับเด็ก,,,https://punpunkun.com/wp-content/uploads/2021/09/00210073-80--e1632716086191.jpg,,,,,,,,,0,,,,,,,,,,,,,,,,,,
15986,simple,210074,,210074,1,0,visible,,,,,taxable,,1,1,,0,0,,,,,0,,,80,สินค้าและอุปกรณ์สำหรับเด็ก,,,https://punpunkun.com/wp-content/uploads/2021/09/00210074-80--rotated.jpg,,,,,,,,,0,,,,,,,,,,,,,,,,,,
15988,simple,210075,,210075,1,0,visible,,,,,taxable,,0,0,,0,0,,,,,0,,,80,สินค้าและอุปกรณ์สำหรับเด็ก,,,https://punpunkun.com/wp-content/uploads/2021/09/00210075-80--rotated.jpg,,,,,,,,,0,,,,,,,,,,,,,,,,,,
15990,simple,210077,,210077,1,0,visible,,,,,taxable,,1,1,,0,0,,,,,0,,,100,สินค้าและอุปกรณ์สำหรับเด็ก,,,https://punpunkun.com/wp-content/uploads/2021/09/00210077-100--rotated.jpg,,,,,,,,,0,,,,,,,,,,,,,,,,,,
15992,simple,210078,,210078,1,0,visible,,,,,taxable,,1,1,,0,0,,,,,0,,,80,สินค้าและอุปกรณ์สำหรับเด็ก,,,https://punpunkun.com/wp-content/uploads/2021/09/00210078-80-.jpg,,,,,,,,,0,,,,,,,,,,,,,,,,,,
15996,simple,210079,,210079,1,0,visible,,,,,taxable,,1,1,,0,0,,,,,0,,,80,สินค้าและอุปกรณ์สำหรับเด็ก,,,https://punpunkun.com/wp-content/uploads/2021/09/00210079-80--rotated.jpg,,,,,,,,,0,,,,,,,,,,,,,,,,,,
15998,simple,210080,,210080,1,0,visible,,,,,taxable,,1,1,,0,0,,,,,0,,,80,สินค้าและอุปกรณ์สำหรับเด็ก,,,https://punpunkun.com/wp-content/uploads/2021/09/00210080-80--rotated-e1632716450789.jpg,,,,,,,,,0,,,,,,,,,,,,,,,,,,
16000,simple,210081,,210081,1,0,visible,,,,,taxable,,1,1,,0,0,,,,,0,,,80,สินค้าและอุปกรณ์สำหรับเด็ก,,,https://punpunkun.com/wp-content/uploads/2021/09/00210081-80--rotated.jpg,,,,,,,,,0,,,,,,,,,,,,,,,,,,
16002,simple,210082,,210082,1,0,visible,,,,,taxable,,1,1,,0,0,,,,,0,,,100,สินค้าและอุปกรณ์สำหรับเด็ก,,,https://punpunkun.com/wp-content/uploads/2021/09/00210082-100-1-1.jpg,,,,,,,,,0,,,,,,,,,,,,,,,,,,
16004,simple,210083,,210083,1,0,visible,,,,,taxable,,1,1,,0,0,,,,,0,,,40,สินค้าและอุปกรณ์สำหรับเด็ก,,,https://punpunkun.com/wp-content/uploads/2021/09/00210083-40-.jpg,,,,,,,,,0,,,,,,,,,,,,,,,,,,
16006,simple,210084,,210084,1,0,visible,,,,,taxable,,1,1,,0,0,,,,,0,,,100,สินค้าและอุปกรณ์สำหรับเด็ก,,,https://punpunkun.com/wp-content/uploads/2021/09/00210084-100-1-1.jpg,,,,,,,,,0,,,,,,,,,,,,,,,,,,
16008,simple,210085,,210085,1,0,visible,,,,,taxable,,0,0,,0,0,,,,,0,,,100,สินค้าและอุปกรณ์สำหรับเด็ก,,,https://punpunkun.com/wp-content/uploads/2021/09/00210085-100--rotated.jpg,,,,,,,,,0,,,,,,,,,,,,,,,,,,
16012,simple,210086,,210086,1,0,visible,,,,,taxable,,1,1,,0,0,,,,,0,,,100,สินค้าและอุปกรณ์สำหรับเด็ก,,,https://punpunkun.com/wp-content/uploads/2021/09/00210086-100--rotated.jpg,,,,,,,,,0,,,,,,,,,,,,,,,,,,
16014,simple,210087,,210087,1,0,visible,,,,,taxable,,1,1,,0,0,,,,,0,,,80,สินค้าและอุปกรณ์สำหรับเด็ก,,,https://punpunkun.com/wp-content/uploads/2021/09/00210087-80--rotated.jpg,,,,,,,,,0,,,,,,,,,,,,,,,,,,
16016,simple,210088,,210088,1,0,visible,,,,,taxable,,1,1,,0,0,,,,,0,,,80,สินค้าและอุปกรณ์สำหรับเด็ก,,,https://punpunkun.com/wp-content/uploads/2021/09/00210088-80--e1632717693844.jpg,,,,,,,,,0,,,,,,,,,,,,,,,,,,
16018,simple,210089,,210089,1,0,visible,,,,,taxable,,1,1,,0,0,,,,,0,,,80,สินค้าและอุปกรณ์สำหรับเด็ก,,,https://punpunkun.com/wp-content/uploads/2021/09/00210089-80-1-1.jpg,,,,,,,,,0,,,,,,,,,,,,,,,,,,
16020,simple,210090,,210090,1,0,visible,,,,,taxable,,1,1,,0,0,,,,,0,,,80,สินค้าและอุปกรณ์สำหรับเด็ก,,,https://punpunkun.com/wp-content/uploads/2021/09/00210090-80-1-1.jpg,,,,,,,,,0,,,,,,,,,,,,,,,,,,
16022,simple,210091,,210091,1,0,visible,,,,,taxable,,1,1,,0,0,,,,,0,,,80,สินค้าและอุปกรณ์สำหรับเด็ก,,,https://punpunkun.com/wp-content/uploads/2021/09/00210091-80--rotated.jpg,,,,,,,,,0,,,,,,,,,,,,,,,,,,
16024,simple,210092,,210092,1,0,visible,,,,,taxable,,1,1,,0,0,,,,,0,,,100,สินค้าและอุปกรณ์สำหรับเด็ก,,,https://punpunkun.com/wp-content/uploads/2021/09/00210092-100--rotated.jpg,,,,,,,,,0,,,,,,,,,,,,,,,,,,
16026,simple,210093,,210093,1,0,visible,,,,,taxable,,1,1,,0,0,,,,,0,,,80,สินค้าและอุปกรณ์สำหรับเด็ก,,,https://punpunkun.com/wp-content/uploads/2021/09/00210093-80-1-1.jpg,,,,,,,,,0,,,,,,,,,,,,,,,,,,
16028,simple,210094,,210094,1,0,visible,,,,,taxable,,1,1,,0,0,,,,,0,,,120,สินค้าและอุปกรณ์สำหรับเด็ก,,,https://punpunkun.com/wp-content/uploads/2021/09/00210094-120--rotated.jpg,,,,,,,,,0,,,,,,,,,,,,,,,,,,
16030,simple,210095,,210095,1,0,visible,,,,,taxable,,1,1,,0,0,,,,,0,,,100,สินค้าและอุปกรณ์สำหรับเด็ก,,,https://punpunkun.com/wp-content/uploads/2021/09/00210095-100-1-1.jpg,,,,,,,,,0,,,,,,,,,,,,,,,,,,
16032,simple,210096,,210096,1,0,visible,,,,,taxable,,1,1,,0,0,,,,,0,,,80,สินค้าและอุปกรณ์สำหรับเด็ก,,,https://punpunkun.com/wp-content/uploads/2021/09/00210096-80-1-1.jpg,,,,,,,,,0,,,,,,,,,,,,,,,,,,
16034,simple,210097,,210097,1,0,visible,,,,,taxable,,1,1,,0,0,,,,,0,,,100,สินค้าและอุปกรณ์สำหรับเด็ก,,,https://punpunkun.com/wp-content/uploads/2021/09/00210097-100-1-1.jpg,,,,,,,,,0,,,,,,,,,,,,,,,,,,
16036,simple,210098,,210098,1,0,visible,,,,,taxable,,1,1,,0,0,,,,,0,,,100,สินค้าและอุปกรณ์สำหรับเด็ก,,,https://punpunkun.com/wp-content/uploads/2021/09/00210098-100--rotated.jpg,,,,,,,,,0,,,,,,,,,,,,,,,,,,
16038,simple,210099,,210099,1,0,visible,,,,,taxable,,1,1,,0,0,,,,,0,,,100,สินค้าและอุปกรณ์สำหรับเด็ก,,,https://punpunkun.com/wp-content/uploads/2021/09/00210099-100--rotated.jpg,,,,,,,,,0,,,,,,,,,,,,,,,,,,
16040,simple,210100,,210100,1,0,visible,,,,,taxable,,1,1,,0,0,,,,,0,,,100,สินค้าและอุปกรณ์สำหรับเด็ก,,,https://punpunkun.com/wp-content/uploads/2021/09/00210100-100-1-1.jpg,,,,,,,,,0,,,,,,,,,,,,,,,,,,
16042,simple,210101,,210101,1,0,visible,,,,,taxable,,1,1,,0,0,,,,,0,,,100,สินค้าและอุปกรณ์สำหรับเด็ก,,,https://punpunkun.com/wp-content/uploads/2021/09/00210101-100--rotated.jpg,,,,,,,,,0,,,,,,,,,,,,,,,,,,
16044,simple,210103,,210103,1,0,visible,,,,,taxable,,1,1,,0,0,,,,,0,,,80,สินค้าและอุปกรณ์สำหรับเด็ก,,,https://punpunkun.com/wp-content/uploads/2021/09/00210103-80-1-1.jpg,,,,,,,,,0,,,,,,,,,,,,,,,,,,
16046,simple,210104,,210104,1,0,visible,,,,,taxable,,1,1,,0,0,,,,,0,,,80,สินค้าและอุปกรณ์สำหรับเด็ก,,,https://punpunkun.com/wp-content/uploads/2021/09/00210104-80-1-1.jpg,,,,,,,,,0,,,,,,,,,,,,,,,,,,
16048,simple,210106,,210106,1,0,visible,,,,,taxable,,1,1,,0,0,,,,,0,,,80,สินค้าและอุปกรณ์สำหรับเด็ก,,,https://punpunkun.com/wp-content/uploads/2021/09/00210106-80--rotated.jpg,,,,,,,,,0,,,,,,,,,,,,,,,,,,
16050,simple,210107,,210107,1,0,visible,,,,,taxable,,1,1,,0,0,,,,,0,,,80,สินค้าและอุปกรณ์สำหรับเด็ก,,,https://punpunkun.com/wp-content/uploads/2021/09/00210107-80--rotated.jpg,,,,,,,,,0,,,,,,,,,,,,,,,,,,
16052,simple,210108,,210108,1,0,visible,,,,,taxable,,1,1,,0,0,,,,,0,,,100,สินค้าและอุปกรณ์สำหรับเด็ก,,,https://punpunkun.com/wp-content/uploads/2021/09/0210108-100--rotated.jpg,,,,,,,,,0,,,,,,,,,,,,,,,,,,
16054,simple,210109,,210109,1,0,visible,,,,,taxable,,1,1,,0,0,,,,,0,,,80,สินค้าและอุปกรณ์สำหรับเด็ก,,,https://punpunkun.com/wp-content/uploads/2021/09/00210109-80-1-1.jpg,,,,,,,,,0,,,,,,,,,,,,,,,,,,
16056,simple,210110,,210110,1,0,visible,,,,,taxable,,1,1,,0,0,,,,,0,,,100,สินค้าและอุปกรณ์สำหรับเด็ก,,,https://punpunkun.com/wp-content/uploads/2021/09/00210110-100-1-1.jpg,,,,,,,,,0,,,,,,,,,,,,,,,,,,
16058,simple,210111,,210111,1,0,visible,,,,,taxable,,1,1,,0,0,,,,,0,,,100,สินค้าและอุปกรณ์สำหรับเด็ก,,,https://punpunkun.com/wp-content/uploads/2021/09/00210111-100--rotated.jpg,,,,,,,,,0,,,,,,,,,,,,,,,,,,
16060,simple,210112,,210112,1,0,visible,,,,,taxable,,1,1,,0,0,,,,,0,,,100,สินค้าและอุปกรณ์สำหรับเด็ก,,,https://punpunkun.com/wp-content/uploads/2021/09/00210112-100--rotated.jpg,,,,,,,,,0,,,,,,,,,,,,,,,,,,
16062,simple,210113,,210113,1,0,visible,,,,,taxable,,1,1,,0,0,,,,,0,,,80,สินค้าและอุปกรณ์สำหรับเด็ก,,,https://punpunkun.com/wp-content/uploads/2021/09/00210113-80--rotated.jpg,,,,,,,,,0,,,,,,,,,,,,,,,,,,
16064,simple,210114,,210114,1,0,visible,,,,,taxable,,1,1,,0,0,,,,,0,,,100,สินค้าและอุปกรณ์สำหรับเด็ก,,,https://punpunkun.com/wp-content/uploads/2021/09/00210114-100-1-1.jpg,,,,,,,,,0,,,,,,,,,,,,,,,,,,
16066,simple,210115,,210115,1,0,visible,,,,,taxable,,1,1,,0,0,,,,,0,,,80,สินค้าและอุปกรณ์สำหรับเด็ก,,,https://punpunkun.com/wp-content/uploads/2021/09/00210115-80--rotated.jpg,,,,,,,,,0,,,,,,,,,,,,,,,,,,
16068,simple,210117,,210117,1,0,visible,,,,,taxable,,1,1,,0,0,,,,,0,,,80,สินค้าและอุปกรณ์สำหรับเด็ก,,,https://punpunkun.com/wp-content/uploads/2021/09/00210117-80-.jpg,,,,,,,,,0,,,,,,,,,,,,,,,,,,
16070,simple,210118,,210118,1,0,visible,,,,,taxable,,1,1,,0,0,,,,,0,,,40,สินค้าและอุปกรณ์สำหรับเด็ก,,,https://punpunkun.com/wp-content/uploads/2021/09/00210118-40--rotated.jpg,,,,,,,,,0,,,,,,,,,,,,,,,,,,
16072,simple,210119,,210119,1,0,visible,,,,,taxable,,1,1,,0,0,,,,,0,,,100,สินค้าและอุปกรณ์สำหรับเด็ก,,,https://punpunkun.com/wp-content/uploads/2021/09/00210119-100--rotated.jpg,,,,,,,,,0,,,,,,,,,,,,,,,,,,
16074,simple,210120,,210120,1,0,visible,,,,,taxable,,1,1,,0,0,,,,,0,,,60,สินค้าและอุปกรณ์สำหรับเด็ก,,,https://punpunkun.com/wp-content/uploads/2021/09/00210120-60--rotated.jpg,,,,,,,,,0,,,,,,,,,,,,,,,,,,
16076,simple,210122,,210122,1,0,visible,,,,,taxable,,1,1,,0,0,,,,,0,,,100,สินค้าและอุปกรณ์สำหรับเด็ก,,,https://punpunkun.com/wp-content/uploads/2021/09/00210122-100--rotated.jpg,,,,,,,,,0,,,,,,,,,,,,,,,,,,
16078,simple,210121,,210121,1,0,visible,,,,,taxable,,1,1,,0,0,,,,,0,,,80,สินค้าและอุปกรณ์สำหรับเด็ก,,,https://punpunkun.com/wp-content/uploads/2021/09/00210121-80--rotated.jpg,,,,,,,,,0,,,,,,,,,,,,,,,,,,
16080,simple,210124,,210124,1,0,visible,,,,,taxable,,1,1,,0,0,,,,,0,,,80,สินค้าและอุปกรณ์สำหรับเด็ก,,,https://punpunkun.com/wp-content/uploads/2021/09/00210124-80-1-1.jpg,,,,,,,,,0,,,,,,,,,,,,,,,,,,
16082,simple,210125,,210125,1,0,visible,,,,,taxable,,0,0,,0,0,,,,,0,,,100,สินค้าและอุปกรณ์สำหรับเด็ก,,,https://punpunkun.com/wp-content/uploads/2021/09/00210125-100--rotated-e1632478242755.jpg,,,,,,,,,0,,,,,,,,,,,,,,,,,,
16084,simple,210126,,210126,1,0,visible,,,,,taxable,,1,1,,0,0,,,,,0,,,100,สินค้าและอุปกรณ์สำหรับเด็ก,,,https://punpunkun.com/wp-content/uploads/2021/09/00210126-100--rotated.jpg,,,,,,,,,0,,,,,,,,,,,,,,,,,,
16086,simple,210127,,210127,1,0,visible,,,,,taxable,,1,1,,0,0,,,,,0,,,80,สินค้าและอุปกรณ์สำหรับเด็ก,,,https://punpunkun.com/wp-content/uploads/2021/09/00210127-80--rotated.jpg,,,,,,,,,0,,,,,,,,,,,,,,,,,,
16088,simple,210128,,210128,1,0,visible,,,,,taxable,,1,1,,0,0,,,,,0,,,80,สินค้าและอุปกรณ์สำหรับเด็ก,,,https://punpunkun.com/wp-content/uploads/2021/09/00210128-80-1-1.jpg,,,,,,,,,0,,,,,,,,,,,,,,,,,,
16090,simple,210129,,210129,1,0,visible,,,,,taxable,,1,1,,0,0,,,,,0,,,120,สินค้าและอุปกรณ์สำหรับเด็ก,,,https://punpunkun.com/wp-content/uploads/2021/09/00210129-120-.jpg,,,,,,,,,0,,,,,,,,,,,,,,,,,,
16092,simple,210130,,210130,1,0,visible,,,,,taxable,,1,1,,0,0,,,,,0,,,120,สินค้าและอุปกรณ์สำหรับเด็ก,,,https://punpunkun.com/wp-content/uploads/2021/09/00210130-120--rotated-e1632723557850.jpg,,,,,,,,,0,,,,,,,,,,,,,,,,,,
16096,simple,210131,,210131,1,0,visible,,,,,taxable,,1,1,,0,0,,,,,0,,,80,สินค้าและอุปกรณ์สำหรับเด็ก,,,https://punpunkun.com/wp-content/uploads/2021/09/00210131-80--rotated.jpg,,,,,,,,,0,,,,,,,,,,,,,,,,,,
16098,simple,210132,,210132,1,0,visible,,,,,taxable,,0,0,,0,0,,,,,0,,,120,สินค้าและอุปกรณ์สำหรับเด็ก,,,https://punpunkun.com/wp-content/uploads/2021/09/00210132-120-.jpg,,,,,,,,,0,,,,,,,,,,,,,,,,,,
16100,simple,210133,,210133,1,0,visible,,,,,taxable,,1,1,,0,0,,,,,0,,,60,สินค้าและอุปกรณ์สำหรับเด็ก,,,https://punpunkun.com/wp-content/uploads/2021/09/00210133-60--rotated.jpg,,,,,,,,,0,,,,,,,,,,,,,,,,,,
16102,simple,210134,,210134,1,0,visible,,,,,taxable,,1,1,,0,0,,,,,0,,,80,สินค้าและอุปกรณ์สำหรับเด็ก,,,https://punpunkun.com/wp-content/uploads/2021/09/00210134-80--rotated.jpg,,,,,,,,,0,,,,,,,,,,,,,,,,,,
16104,simple,210135,,210135,1,0,visible,,,,,taxable,,1,1,,0,0,,,,,0,,,80,สินค้าและอุปกรณ์สำหรับเด็ก,,,https://punpunkun.com/wp-content/uploads/2021/09/00210135-80--rotated-e1632723806436.jpg,,,,,,,,,0,,,,,,,,,,,,,,,,,,
16106,simple,210138,,210138,1,0,visible,,,,,taxable,,1,1,,0,0,,,,,0,,,80,สินค้าและอุปกรณ์สำหรับเด็ก,,,https://punpunkun.com/wp-content/uploads/2021/09/00210138-80--rotated.jpg,,,,,,,,,0,,,,,,,,,,,,,,,,,,
16108,simple,210140,,210140,1,0,visible,,,,,taxable,,1,1,,0,0,,,,,0,,,80,สินค้าและอุปกรณ์สำหรับเด็ก,,,https://punpunkun.com/wp-content/uploads/2021/09/00210140-80--rotated.jpg,,,,,,,,,0,,,,,,,,,,,,,,,,,,
16110,simple,210141,,210141,1,0,visible,,,,,taxable,,1,1,,0,0,,,,,0,,,80,สินค้าและอุปกรณ์สำหรับเด็ก,,,https://punpunkun.com/wp-content/uploads/2021/09/00210141-80-.jpg,,,,,,,,,0,,,,,,,,,,,,,,,,,,
16112,simple,210142,,210142,1,0,visible,,,,,taxable,,1,1,,0,0,,,,,0,,,80,สินค้าและอุปกรณ์สำหรับเด็ก,,,https://punpunkun.com/wp-content/uploads/2021/09/00210142-80-1-1.jpg,,,,,,,,,0,,,,,,,,,,,,,,,,,,
16114,simple,210143,,210143,1,0,visible,,,,,taxable,,1,1,,0,0,,,,,0,,,80,สินค้าและอุปกรณ์สำหรับเด็ก,,,https://punpunkun.com/wp-content/uploads/2021/09/00210143-80--rotated.jpg,,,,,,,,,0,,,,,,,,,,,,,,,,,,
16116,simple,210144,,210144,1,0,visible,,,,,taxable,,1,1,,0,0,,,,,0,,,80,สินค้าและอุปกรณ์สำหรับเด็ก,,,https://punpunkun.com/wp-content/uploads/2021/09/00210144-80--rotated-e1632724120526.jpg,,,,,,,,,0,,,,,,,,,,,,,,,,,,
16118,simple,210145,,210145,1,0,visible,,,,,taxable,,1,1,,0,0,,,,,0,,,80,สินค้าและอุปกรณ์สำหรับเด็ก,,,https://punpunkun.com/wp-content/uploads/2021/09/00210145-80--rotated.jpg,,,,,,,,,0,,,,,,,,,,,,,,,,,,
16120,simple,210146,,210146,1,0,visible,,,,,taxable,,1,1,,0,0,,,,,0,,,40,สินค้าและอุปกรณ์สำหรับเด็ก,,,https://punpunkun.com/wp-content/uploads/2021/09/00210146-40-.jpg,,,,,,,,,0,,,,,,,,,,,,,,,,,,
16122,simple,210147,,210147,1,0,visible,,,,,taxable,,1,1,,0,0,,,,,0,,,40,สินค้าและอุปกรณ์สำหรับเด็ก,,,https://punpunkun.com/wp-content/uploads/2021/09/00210147-40--rotated.jpg,,,,,,,,,0,,,,,,,,,,,,,,,,,,
16124,simple,210148,,210148,1,0,visible,,,,,taxable,,1,1,,0,0,,,,,0,,,40,สินค้าและอุปกรณ์สำหรับเด็ก,,,https://punpunkun.com/wp-content/uploads/2021/09/00210148-40--rotated.jpg,,,,,,,,,0,,,,,,,,,,,,,,,,,,
16126,simple,210149,,210149,1,0,visible,,,,,taxable,,1,1,,0,0,,,,,0,,,80,สินค้าและอุปกรณ์สำหรับเด็ก,,,https://punpunkun.com/wp-content/uploads/2021/09/00210149-80--rotated.jpg,,,,,,,,,0,,,,,,,,,,,,,,,,,,
16128,simple,210150,,210150,1,0,visible,,,,,taxable,,1,1,,0,0,,,,,0,,,80,สินค้าและอุปกรณ์สำหรับเด็ก,,,https://punpunkun.com/wp-content/uploads/2021/09/00210150-80--rotated.jpg,,,,,,,,,0,,,,,,,,,,,,,,,,,,
16130,simple,210151,,210151,1,0,visible,,,,,taxable,,1,1,,0,0,,,,,0,,,80,สินค้าและอุปกรณ์สำหรับเด็ก,,,https://punpunkun.com/wp-content/uploads/2021/09/00210151-80-1-1-e1632724440562.jpg,,,,,,,,,0,,,,,,,,,,,,,,,,,,
16132,simple,210152,,210152,1,0,visible,,,,,taxable,,1,1,,0,0,,,,,0,,,40,สินค้าและอุปกรณ์สำหรับเด็ก,,,https://punpunkun.com/wp-content/uploads/2021/09/00210152-40--rotated.jpg,,,,,,,,,0,,,,,,,,,,,,,,,,,,
16134,simple,210153,,210153,1,0,visible,,,,,taxable,,1,1,,0,0,,,,,0,,,40,สินค้าและอุปกรณ์สำหรับเด็ก,,,https://punpunkun.com/wp-content/uploads/2021/09/00210153-40--rotated.jpg,,,,,,,,,0,,,,,,,,,,,,,,,,,,
16136,simple,210154,,210154,1,0,visible,,,,,taxable,,1,1,,0,0,,,,,0,,,40,สินค้าและอุปกรณ์สำหรับเด็ก,,,https://punpunkun.com/wp-content/uploads/2021/09/00210154-40--rotated.jpg,,,,,,,,,0,,,,,,,,,,,,,,,,,,
16138,simple,210155,,210155,1,0,visible,,,,,taxable,,1,1,,0,0,,,,,0,,,40,สินค้าและอุปกรณ์สำหรับเด็ก,,,https://punpunkun.com/wp-content/uploads/2021/09/00210155-40--rotated.jpg,,,,,,,,,0,,,,,,,,,,,,,,,,,,
16140,simple,210156,,210156,1,0,visible,,,,,taxable,,1,1,,0,0,,,,,0,,,40,สินค้าและอุปกรณ์สำหรับเด็ก,,,https://punpunkun.com/wp-content/uploads/2021/09/00210156-40--rotated.jpg,,,,,,,,,0,,,,,,,,,,,,,,,,,,
16142,simple,210157,,210157,1,0,visible,,,,,taxable,,1,1,,0,0,,,,,0,,,40,สินค้าและอุปกรณ์สำหรับเด็ก,,,https://punpunkun.com/wp-content/uploads/2021/09/00210157-40--rotated.jpg,,,,,,,,,0,,,,,,,,,,,,,,,,,,
16144,simple,210158,,210158,1,0,visible,,,,,taxable,,1,1,,0,0,,,,,0,,,40,สินค้าและอุปกรณ์สำหรับเด็ก,,,https://punpunkun.com/wp-content/uploads/2021/09/00210158-40--rotated.jpg,,,,,,,,,0,,,,,,,,,,,,,,,,,,
16146,simple,210159,,210159,1,0,visible,,,,,taxable,,1,1,,0,0,,,,,0,,,40,สินค้าและอุปกรณ์สำหรับเด็ก,,,https://punpunkun.com/wp-content/uploads/2021/09/00210159-40--rotated.jpg,,,,,,,,,0,,,,,,,,,,,,,,,,,,
16148,simple,210160,,210160,1,0,visible,,,,,taxable,,1,1,,0,0,,,,,0,,,40,สินค้าและอุปกรณ์สำหรับเด็ก,,,https://punpunkun.com/wp-content/uploads/2021/09/00210160-40--rotated.jpg,,,,,,,,,0,,,,,,,,,,,,,,,,,,
16150,simple,210161,,210161,1,0,visible,,,,,taxable,,1,1,,0,0,,,,,0,,,40,สินค้าและอุปกรณ์สำหรับเด็ก,,,https://punpunkun.com/wp-content/uploads/2021/09/00210161-40--rotated.jpg,,,,,,,,,0,,,,,,,,,,,,,,,,,,
16152,simple,210162,,210162,1,0,visible,,,,,taxable,,1,1,,0,0,,,,,0,,,40,สินค้าและอุปกรณ์สำหรับเด็ก,,,https://punpunkun.com/wp-content/uploads/2021/09/00210162-40--rotated.jpg,,,,,,,,,0,,,,,,,,,,,,,,,,,,
16154,simple,210163,,210163,1,0,visible,,,,,taxable,,1,1,,0,0,,,,,0,,,40,สินค้าและอุปกรณ์สำหรับเด็ก,,,https://punpunkun.com/wp-content/uploads/2021/09/00210163-40--rotated.jpg,,,,,,,,,0,,,,,,,,,,,,,,,,,,
16156,simple,210164,,210164,1,0,visible,,,,,taxable,,1,1,,0,0,,,,,0,,,40,สินค้าและอุปกรณ์สำหรับเด็ก,,,https://punpunkun.com/wp-content/uploads/2021/09/00210164-40--rotated.jpg,,,,,,,,,0,,,,,,,,,,,,,,,,,,
16158,simple,210165,,210165,1,0,visible,,,,,taxable,,1,1,,0,0,,,,,0,,,40,สินค้าและอุปกรณ์สำหรับเด็ก,,,https://punpunkun.com/wp-content/uploads/2021/09/00210165-40--rotated.jpg,,,,,,,,,0,,,,,,,,,,,,,,,,,,
16160,simple,210166,,210166,1,0,visible,,,,,taxable,,1,1,,0,0,,,,,0,,,40,สินค้าและอุปกรณ์สำหรับเด็ก,,,https://punpunkun.com/wp-content/uploads/2021/09/00210166-40--rotated.jpg,,,,,,,,,0,,,,,,,,,,,,,,,,,,
16162,simple,210167,,210167,1,0,visible,,,,,taxable,,1,1,,0,0,,,,,0,,,40,สินค้าและอุปกรณ์สำหรับเด็ก,,,https://punpunkun.com/wp-content/uploads/2021/09/00210167-40-.jpg,,,,,,,,,0,,,,,,,,,,,,,,,,,,
16164,simple,210168,,210168,1,0,visible,,,,,taxable,,1,1,,0,0,,,,,0,,,40,สินค้าและอุปกรณ์สำหรับเด็ก,,,https://punpunkun.com/wp-content/uploads/2021/09/00210168-40-1-1.jpg,,,,,,,,,0,,,,,,,,,,,,,,,,,,
16166,simple,210169,,210169,1,0,visible,,,,,taxable,,1,1,,0,0,,,,,0,,,40,สินค้าและอุปกรณ์สำหรับเด็ก,,,https://punpunkun.com/wp-content/uploads/2021/09/00210169-40--rotated-e1632725243117.jpg,,,,,,,,,0,,,,,,,,,,,,,,,,,,
16168,simple,210170,,210170,1,0,visible,,,,,taxable,,1,1,,0,0,,,,,0,,,40,สินค้าและอุปกรณ์สำหรับเด็ก,,,https://punpunkun.com/wp-content/uploads/2021/09/00210170-40--rotated.jpg,,,,,,,,,0,,,,,,,,,,,,,,,,,,
16170,simple,210171,,210171,1,0,visible,,,,,taxable,,1,1,,0,0,,,,,0,,,40,สินค้าและอุปกรณ์สำหรับเด็ก,,,https://punpunkun.com/wp-content/uploads/2021/09/00210171-40--rotated.jpg,,,,,,,,,0,,,,,,,,,,,,,,,,,,
16172,simple,210172,,210172,1,0,visible,,,,,taxable,,1,1,,0,0,,,,,0,,,40,สินค้าและอุปกรณ์สำหรับเด็ก,,,https://punpunkun.com/wp-content/uploads/2021/09/00210172-40--rotated.jpg,,,,,,,,,0,,,,,,,,,,,,,,,,,,
16174,simple,210173,,210173,1,0,visible,,,,,taxable,,1,1,,0,0,,,,,0,,,60,สินค้าและอุปกรณ์สำหรับเด็ก,,,https://punpunkun.com/wp-content/uploads/2021/09/00210173-60--rotated.jpg,,,,,,,,,0,,,,,,,,,,,,,,,,,,
16176,simple,210174,,210174,1,0,visible,,,,,taxable,,1,1,,0,0,,,,,0,,,60,สินค้าและอุปกรณ์สำหรับเด็ก,,,https://punpunkun.com/wp-content/uploads/2021/09/00210174-60--rotated.jpg,,,,,,,,,0,,,,,,,,,,,,,,,,,,
16178,simple,210175,,210175,1,0,visible,,,,,taxable,,1,1,,0,0,,,,,0,,,60,สินค้าและอุปกรณ์สำหรับเด็ก,,,https://punpunkun.com/wp-content/uploads/2021/09/00210175-60--rotated.jpg,,,,,,,,,0,,,,,,,,,,,,,,,,,,
16180,simple,210176,,210176,1,0,visible,,,,,taxable,,1,1,,0,0,,,,,0,,,60,สินค้าและอุปกรณ์สำหรับเด็ก,,,https://punpunkun.com/wp-content/uploads/2021/09/00210176-60--rotated.jpg,,,,,,,,,0,,,,,,,,,,,,,,,,,,
16182,simple,210177,,210177,1,0,visible,,,,,taxable,,1,1,,0,0,,,,,0,,,60,สินค้าและอุปกรณ์สำหรับเด็ก,,,https://punpunkun.com/wp-content/uploads/2021/09/00210177-60--e1632725688369.jpg,,,,,,,,,0,,,,,,,,,,,,,,,,,,
16184,simple,210178,,210178,1,0,visible,,,,,taxable,,1,1,,0,0,,,,,0,,,60,สินค้าและอุปกรณ์สำหรับเด็ก,,,https://punpunkun.com/wp-content/uploads/2021/09/00210178-60--rotated.jpg,,,,,,,,,0,,,,,,,,,,,,,,,,,,
16186,simple,210179,,210179,1,0,visible,,,,,taxable,,1,1,,0,0,,,,,0,,,60,สินค้าและอุปกรณ์สำหรับเด็ก,,,https://punpunkun.com/wp-content/uploads/2021/09/00210179-60-1-1.jpg,,,,,,,,,0,,,,,,,,,,,,,,,,,,
16189,simple,210180,,210180,1,0,visible,,,,,taxable,,1,1,,0,0,,,,,0,,,60,สินค้าและอุปกรณ์สำหรับเด็ก,,,https://punpunkun.com/wp-content/uploads/2021/09/00210180-60--rotated.jpg,,,,,,,,,0,,,,,,,,,,,,,,,,,,
16191,simple,210182,,210182,1,0,visible,,,,,taxable,,1,1,,0,0,,,,,0,,,60,สินค้าและอุปกรณ์สำหรับเด็ก,,,https://punpunkun.com/wp-content/uploads/2021/09/00210182-60--rotated.jpg,,,,,,,,,0,,,,,,,,,,,,,,,,,,
16193,simple,210184,,210184,1,0,visible,,,,,taxable,,1,1,,0,0,,,,,0,,,60,สินค้าและอุปกรณ์สำหรับเด็ก,,,https://punpunkun.com/wp-content/uploads/2021/09/00210184-60--rotated.jpg,,,,,,,,,0,,,,,,,,,,,,,,,,,,
16195,simple,210185,,210185,1,0,visible,,,,,taxable,,1,1,,0,0,,,,,0,,,60,สินค้าและอุปกรณ์สำหรับเด็ก,,,https://punpunkun.com/wp-content/uploads/2021/09/00210185-60-1-1.jpg,,,,,,,,,0,,,,,,,,,,,,,,,,,,
16197,simple,210186,,210186,1,0,visible,,,,,taxable,,1,1,,0,0,,,,,0,,,60,สินค้าและอุปกรณ์สำหรับเด็ก,,,https://punpunkun.com/wp-content/uploads/2021/09/00210186-60--rotated.jpg,,,,,,,,,0,,,,,,,,,,,,,,,,,,
16199,simple,210187,,210187,1,0,visible,,,,,taxable,,1,1,,0,0,,,,,0,,,60,สินค้าและอุปกรณ์สำหรับเด็ก,,,https://punpunkun.com/wp-content/uploads/2021/09/00210187-60--rotated.jpg,,,,,,,,,0,,,,,,,,,,,,,,,,,,
16201,simple,210188,,210188,1,0,visible,,,,,taxable,,1,1,,0,0,,,,,0,,,60,สินค้าและอุปกรณ์สำหรับเด็ก,,,https://punpunkun.com/wp-content/uploads/2021/09/00210188-60--rotated-e1632727066633.jpg,,,,,,,,,0,,,,,,,,,,,,,,,,,,
16203,simple,210189,,210189,1,0,visible,,,,,taxable,,1,1,,0,0,,,,,0,,,60,สินค้าและอุปกรณ์สำหรับเด็ก,,,https://punpunkun.com/wp-content/uploads/2021/09/00210189-60--rotated.jpg,,,,,,,,,0,,,,,,,,,,,,,,,,,,
16205,simple,210190,,210190,1,0,visible,,,,,taxable,,1,1,,0,0,,,,,0,,,60,สินค้าและอุปกรณ์สำหรับเด็ก,,,https://punpunkun.com/wp-content/uploads/2021/09/00210190-60--rotated.jpg,,,,,,,,,0,,,,,,,,,,,,,,,,,,
16207,simple,210191,,210191,1,0,visible,,,,,taxable,,1,1,,0,0,,,,,0,,,60,สินค้าและอุปกรณ์สำหรับเด็ก,,,https://punpunkun.com/wp-content/uploads/2021/09/00210191-60-1-1.jpg,,,,,,,,,0,,,,,,,,,,,,,,,,,,
16209,simple,210192,,210192,1,0,visible,,,,,taxable,,1,1,,0,0,,,,,0,,,60,สินค้าและอุปกรณ์สำหรับเด็ก,,,https://punpunkun.com/wp-content/uploads/2021/09/00210192-60--rotated.jpg,,,,,,,,,0,,,,,,,,,,,,,,,,,,
16212,simple,210193,,210193,1,0,visible,,,,,taxable,,1,1,,0,0,,,,,0,,,60,สินค้าและอุปกรณ์สำหรับเด็ก,,,https://punpunkun.com/wp-content/uploads/2021/09/00210193-60--rotated.jpg,,,,,,,,,0,,,,,,,,,,,,,,,,,,
16214,simple,210194,,210194,1,0,visible,,,,,taxable,,1,1,,0,0,,,,,0,,,60,สินค้าและอุปกรณ์สำหรับเด็ก,,,https://punpunkun.com/wp-content/uploads/2021/09/00210194-60--rotated.jpg,,,,,,,,,0,,,,,,,,,,,,,,,,,,
16216,simple,210195,,210195,1,0,visible,,,,,taxable,,1,1,,0,0,,,,,0,,,60,สินค้าและอุปกรณ์สำหรับเด็ก,,,https://punpunkun.com/wp-content/uploads/2021/09/00210195-60-1-1.jpg,,,,,,,,,0,,,,,,,,,,,,,,,,,,
16218,simple,210197,,210197,1,0,visible,,,,,taxable,,1,1,,0,0,,,,,0,,,60,สินค้าและอุปกรณ์สำหรับเด็ก,,,https://punpunkun.com/wp-content/uploads/2021/09/00210197-60--rotated.jpg,,,,,,,,,0,,,,,,,,,,,,,,,,,,
16220,simple,210198,,210198,1,0,visible,,,,,taxable,,1,1,,0,0,,,,,0,,,60,สินค้าและอุปกรณ์สำหรับเด็ก,,,https://punpunkun.com/wp-content/uploads/2021/09/00210198-60--rotated.jpg,,,,,,,,,0,,,,,,,,,,,,,,,,,,
16222,simple,210200,,210200,1,0,visible,,,,,taxable,,1,1,,0,0,,,,,0,,,60,สินค้าและอุปกรณ์สำหรับเด็ก,,,https://punpunkun.com/wp-content/uploads/2021/09/00210200-60--rotated.jpg,,,,,,,,,0,,,,,,,,,,,,,,,,,,
16224,simple,210201,,210201,1,0,visible,,,,,taxable,,1,1,,0,0,,,,,0,,,60,สินค้าและอุปกรณ์สำหรับเด็ก,,,https://punpunkun.com/wp-content/uploads/2021/09/00210201-60-1-1.jpg,,,,,,,,,0,,,,,,,,,,,,,,,,,,
16226,simple,210202,,210202,1,0,visible,,,,,taxable,,1,1,,0,0,,,,,0,,,60,สินค้าและอุปกรณ์สำหรับเด็ก,,,https://punpunkun.com/wp-content/uploads/2021/09/00210202-60--rotated.jpg,,,,,,,,,0,,,,,,,,,,,,,,,,,,
16228,simple,210203,,210203,1,0,visible,,,,,taxable,,1,1,,0,0,,,,,0,,,60,สินค้าและอุปกรณ์สำหรับเด็ก,,,https://punpunkun.com/wp-content/uploads/2021/09/00210203-60--rotated.jpg,,,,,,,,,0,,,,,,,,,,,,,,,,,,
16230,simple,210204,,210204,1,0,visible,,,,,taxable,,1,1,,0,0,,,,,0,,,60,สินค้าและอุปกรณ์สำหรับเด็ก,,,https://punpunkun.com/wp-content/uploads/2021/09/00210204-60--rotated.jpg,,,,,,,,,0,,,,,,,,,,,,,,,,,,
16232,simple,210205,,210205,1,0,visible,,,,,taxable,,1,1,,0,0,,,,,0,,,60,สินค้าและอุปกรณ์สำหรับเด็ก,,,https://punpunkun.com/wp-content/uploads/2021/09/00210205-60--rotated.jpg,,,,,,,,,0,,,,,,,,,,,,,,,,,,
16234,simple,210206,,210206,1,0,visible,,,,,taxable,,1,1,,0,0,,,,,0,,,60,สินค้าและอุปกรณ์สำหรับเด็ก,,,https://punpunkun.com/wp-content/uploads/2021/09/00210206-60--rotated.jpg,,,,,,,,,0,,,,,,,,,,,,,,,,,,
16236,simple,210207,,210207,1,0,visible,,,,,taxable,,1,1,,0,0,,,,,0,,,60,สินค้าและอุปกรณ์สำหรับเด็ก,,,https://punpunkun.com/wp-content/uploads/2021/09/00210207-60--rotated.jpg,,,,,,,,,0,,,,,,,,,,,,,,,,,,
16239,simple,210209,,210209,1,0,visible,,,,,taxable,,1,1,,0,0,,,,,0,,,60,สินค้าและอุปกรณ์สำหรับเด็ก,,,https://punpunkun.com/wp-content/uploads/2021/09/00210209-60--rotated.jpg,,,,,,,,,0,,,,,,,,,,,,,,,,,,
16241,simple,210210,,210210,1,0,visible,,,,,taxable,,1,1,,0,0,,,,,0,,,60,สินค้าและอุปกรณ์สำหรับเด็ก,,,https://punpunkun.com/wp-content/uploads/2021/09/00210210-60-1-1-e1632728207607.jpg,,,,,,,,,0,,,,,,,,,,,,,,,,,,
16243,simple,210211,,210211,1,0,visible,,,,,taxable,,1,1,,0,0,,,,,0,,,60,สินค้าและอุปกรณ์สำหรับเด็ก,,,https://punpunkun.com/wp-content/uploads/2021/09/00210211-60-1-1.jpg,,,,,,,,,0,,,,,,,,,,,,,,,,,,
16246,simple,210212,,210212,1,0,visible,,,,,taxable,,1,1,,0,0,,,,,0,,,60,สินค้าและอุปกรณ์สำหรับเด็ก,,,https://punpunkun.com/wp-content/uploads/2021/09/00210212-60--rotated.jpg,,,,,,,,,0,,,,,,,,,,,,,,,,,,
16248,simple,210213,,210213,1,0,visible,,,,,taxable,,1,1,,0,0,,,,,0,,,60,สินค้าและอุปกรณ์สำหรับเด็ก,,,https://punpunkun.com/wp-content/uploads/2021/09/00210213-60--rotated-e1632728742127.jpg,,,,,,,,,0,,,,,,,,,,,,,,,,,,
16250,simple,210214,,210214,1,0,visible,,,,,taxable,,1,1,,0,0,,,,,0,,,60,สินค้าและอุปกรณ์สำหรับเด็ก,,,https://punpunkun.com/wp-content/uploads/2021/09/00210214-60--rotated-e1632728851714.jpg,,,,,,,,,0,,,,,,,,,,,,,,,,,,
16252,simple,210215,,210215,1,0,visible,,,,,taxable,,1,1,,0,0,,,,,0,,,60,สินค้าและอุปกรณ์สำหรับเด็ก,,,https://punpunkun.com/wp-content/uploads/2021/09/00210215-60--rotated.jpg,,,,,,,,,0,,,,,,,,,,,,,,,,,,
16255,simple,210216,,210216,1,0,visible,,,,,taxable,,1,1,,0,0,,,,,0,,,60,สินค้าและอุปกรณ์สำหรับเด็ก,,,https://punpunkun.com/wp-content/uploads/2021/09/00210216-60--rotated-e1632729032188.jpg,,,,,,,,,0,,,,,,,,,,,,,,,,,,
16258,simple,210217,,210217,1,0,visible,,,,,taxable,,1,1,,0,0,,,,,0,,,60,สินค้าและอุปกรณ์สำหรับเด็ก,,,https://punpunkun.com/wp-content/uploads/2021/09/00210217-60--rotated.jpg,,,,,,,,,0,,,,,,,,,,,,,,,,,,
16260,simple,210218,,210218,1,0,visible,,,,,taxable,,1,1,,0,0,,,,,0,,,60,สินค้าและอุปกรณ์สำหรับเด็ก,,,https://punpunkun.com/wp-content/uploads/2021/09/00210218-60-1-1.jpg,,,,,,,,,0,,,,,,,,,,,,,,,,,,
16262,simple,210219,,210219,1,0,visible,,,,,taxable,,1,1,,0,0,,,,,0,,,60,สินค้าและอุปกรณ์สำหรับเด็ก,,,https://punpunkun.com/wp-content/uploads/2021/09/00210219-60--rotated.jpg,,,,,,,,,0,,,,,,,,,,,,,,,,,,
16264,simple,210220,,210220,1,0,visible,,,,,taxable,,1,1,,0,0,,,,,0,,,60,สินค้าและอุปกรณ์สำหรับเด็ก,,,https://punpunkun.com/wp-content/uploads/2021/09/00210220-60--e1632729456881.jpg,,,,,,,,,0,,,,,,,,,,,,,,,,,,
16266,simple,210221,,210221,1,0,visible,,,,,taxable,,1,1,,0,0,,,,,0,,,60,สินค้าและอุปกรณ์สำหรับเด็ก,,,https://punpunkun.com/wp-content/uploads/2021/09/00210221-60-1-1.jpg,,,,,,,,,0,,,,,,,,,,,,,,,,,,
16268,simple,210222,,210222,1,0,visible,,,,,taxable,,1,1,,0,0,,,,,0,,,60,สินค้าและอุปกรณ์สำหรับเด็ก,,,https://punpunkun.com/wp-content/uploads/2021/09/00210222-60--rotated.jpg,,,,,,,,,0,,,,,,,,,,,,,,,,,,
16270,simple,210223,,210223,1,0,visible,,,,,taxable,,1,1,,0,0,,,,,0,,,60,สินค้าและอุปกรณ์สำหรับเด็ก,,,https://punpunkun.com/wp-content/uploads/2021/09/00210223-60--rotated.jpg,,,,,,,,,0,,,,,,,,,,,,,,,,,,
16272,simple,210224,,210224,1,0,visible,,,,,taxable,,1,1,,0,0,,,,,0,,,60,สินค้าและอุปกรณ์สำหรับเด็ก,,,https://punpunkun.com/wp-content/uploads/2021/09/00210224-60--e1632729796618.jpg,,,,,,,,,0,,,,,,,,,,,,,,,,,,
16274,simple,210225,,210225,1,0,visible,,,,,taxable,,1,1,,0,0,,,,,0,,,60,สินค้าและอุปกรณ์สำหรับเด็ก,,,https://punpunkun.com/wp-content/uploads/2021/09/00210225-60--rotated-e1632729882564.jpg,,,,,,,,,0,,,,,,,,,,,,,,,,,,
16276,simple,210226,,210226,1,0,visible,,,,,taxable,,1,1,,0,0,,,,,0,,,60,สินค้าและอุปกรณ์สำหรับเด็ก,,,https://punpunkun.com/wp-content/uploads/2021/09/00210226-60--rotated.jpg,,,,,,,,,0,,,,,,,,,,,,,,,,,,
16278,simple,210227,,210227,1,0,visible,,,,,taxable,,1,1,,0,0,,,,,0,,,60,สินค้าและอุปกรณ์สำหรับเด็ก,,,https://punpunkun.com/wp-content/uploads/2021/09/00210227-60--rotated.jpg,,,,,,,,,0,,,,,,,,,,,,,,,,,,
16280,simple,210228,,210228,1,0,visible,,,,,taxable,,1,1,,0,0,,,,,0,,,60,สินค้าและอุปกรณ์สำหรับเด็ก,,,https://punpunkun.com/wp-content/uploads/2021/09/00210228-60-1-1.jpg,,,,,,,,,0,,,,,,,,,,,,,,,,,,
16282,simple,210229,,210229,1,0,visible,,,,,taxable,,1,1,,0,0,,,,,0,,,60,สินค้าและอุปกรณ์สำหรับเด็ก,,,https://punpunkun.com/wp-content/uploads/2021/09/00210229-60-1-1.jpg,,,,,,,,,0,,,,,,,,,,,,,,,,,,
16284,simple,210230,,210230,1,0,visible,,,,,taxable,,1,1,,0,0,,,,,0,,,60,สินค้าและอุปกรณ์สำหรับเด็ก,,,https://punpunkun.com/wp-content/uploads/2021/09/00210230-60--rotated.jpg,,,,,,,,,0,,,,,,,,,,,,,,,,,,
16286,simple,210231,,210231,1,0,visible,,,,,taxable,,1,1,,0,0,,,,,0,,,60,สินค้าและอุปกรณ์สำหรับเด็ก,,,https://punpunkun.com/wp-content/uploads/2021/09/00210231-60-1-1.jpg,,,,,,,,,0,,,,,,,,,,,,,,,,,,
16288,simple,210232,,210232,1,0,visible,,,,,taxable,,1,1,,0,0,,,,,0,,,40,สินค้าและอุปกรณ์สำหรับเด็ก,,,https://punpunkun.com/wp-content/uploads/2021/09/00210232-40--rotated.jpg,,,,,,,,,0,,,,,,,,,,,,,,,,,,
16290,simple,210233,,210233,1,0,visible,,,,,taxable,,1,1,,0,0,,,,,0,,,60,สินค้าและอุปกรณ์สำหรับเด็ก,,,https://punpunkun.com/wp-content/uploads/2021/09/00210233-60--rotated.jpg,,,,,,,,,0,,,,,,,,,,,,,,,,,,
16292,simple,210234,,210234,1,0,visible,,,,,taxable,,1,1,,0,0,,,,,0,,,60,สินค้าและอุปกรณ์สำหรับเด็ก,,,https://punpunkun.com/wp-content/uploads/2021/09/00210234-60-1-1.jpg,,,,,,,,,0,,,,,,,,,,,,,,,,,,
16294,simple,210235,,210235,1,0,visible,,,,,taxable,,0,0,,0,0,,,,,0,,,60,สินค้าและอุปกรณ์สำหรับเด็ก,,,https://punpunkun.com/wp-content/uploads/2021/09/00210235-60--rotated.jpg,,,,,,,,,0,,,,,,,,,,,,,,,,,,
16296,simple,210237,,210237,1,0,visible,,,,,taxable,,1,1,,0,0,,,,,0,,,60,สินค้าและอุปกรณ์สำหรับเด็ก,,,https://punpunkun.com/wp-content/uploads/2021/09/00210237-60--rotated.jpg,,,,,,,,,0,,,,,,,,,,,,,,,,,,
16299,simple,210238,,210238,1,0,visible,,,,,taxable,,1,1,,0,0,,,,,0,,,60,สินค้าและอุปกรณ์สำหรับเด็ก,,,https://punpunkun.com/wp-content/uploads/2021/09/00210238-60--rotated.jpg,,,,,,,,,0,,,,,,,,,,,,,,,,,,
16301,simple,210239,,210239,1,0,visible,,,,,taxable,,1,1,,0,0,,,,,0,,,40,สินค้าและอุปกรณ์สำหรับเด็ก,,,https://punpunkun.com/wp-content/uploads/2021/09/00210239-40--rotated.jpg,,,,,,,,,0,,,,,,,,,,,,,,,,,,
16303,simple,210240,,210240,1,0,visible,,,,,taxable,,1,1,,0,0,,,,,0,,,60,สินค้าและอุปกรณ์สำหรับเด็ก,,,https://punpunkun.com/wp-content/uploads/2021/09/00210240-60-1-1.jpg,,,,,,,,,0,,,,,,,,,,,,,,,,,,
16305,simple,210241,,210241,1,0,visible,,,,,taxable,,1,1,,0,0,,,,,0,,,60,สินค้าและอุปกรณ์สำหรับเด็ก,,,https://punpunkun.com/wp-content/uploads/2021/09/00210241-60--rotated.jpg,,,,,,,,,0,,,,,,,,,,,,,,,,,,
16307,simple,210242,,210242,1,0,visible,,,,,taxable,,1,1,,0,0,,,,,0,,,60,สินค้าและอุปกรณ์สำหรับเด็ก,,,https://punpunkun.com/wp-content/uploads/2021/09/00210242-60--rotated.jpg,,,,,,,,,0,,,,,,,,,,,,,,,,,,
16309,simple,210243,,210243,1,0,visible,,,,,taxable,,1,1,,0,0,,,,,0,,,40,สินค้าและอุปกรณ์สำหรับเด็ก,,,https://punpunkun.com/wp-content/uploads/2021/09/00210243-40--rotated.jpg,,,,,,,,,0,,,,,,,,,,,,,,,,,,
16311,simple,210244,,210244,1,0,visible,,,,,taxable,,1,1,,0,0,,,,,0,,,60,สินค้าและอุปกรณ์สำหรับเด็ก,,,https://punpunkun.com/wp-content/uploads/2021/09/00210244-60--rotated-e1632730905163.jpg,,,,,,,,,0,,,,,,,,,,,,,,,,,,
16313,simple,210245,,210245,1,0,visible,,,,,taxable,,1,1,,0,0,,,,,0,,,40,สินค้าและอุปกรณ์สำหรับเด็ก,,,https://punpunkun.com/wp-content/uploads/2021/09/00210245-40--rotated.jpg,,,,,,,,,0,,,,,,,,,,,,,,,,,,
16315,simple,210246,,210246,1,0,visible,,,,,taxable,,1,1,,0,0,,,,,0,,,40,สินค้าและอุปกรณ์สำหรับเด็ก,,,https://punpunkun.com/wp-content/uploads/2021/09/00210246-40--rotated.jpg,,,,,,,,,0,,,,,,,,,,,,,,,,,,
16317,simple,210247,,210247,1,0,visible,,,,,taxable,,1,1,,0,0,,,,,0,,,60,สินค้าและอุปกรณ์สำหรับเด็ก,,,https://punpunkun.com/wp-content/uploads/2021/09/00210247-60--rotated.jpg,,,,,,,,,0,,,,,,,,,,,,,,,,,,
16319,simple,210248,,210248,1,0,visible,,,,,taxable,,1,1,,0,0,,,,,0,,,60,สินค้าและอุปกรณ์สำหรับเด็ก,,,https://punpunkun.com/wp-content/uploads/2021/09/00210248-60--rotated.jpg,,,,,,,,,0,,,,,,,,,,,,,,,,,,
16321,simple,210249,,210249,1,0,visible,,,,,taxable,,1,1,,0,0,,,,,0,,,60,สินค้าและอุปกรณ์สำหรับเด็ก,,,https://punpunkun.com/wp-content/uploads/2021/09/00210249-60--rotated-e1632731411735.jpg,,,,,,,,,0,,,,,,,,,,,,,,,,,,
16323,simple,210250,,210250,1,0,visible,,,,,taxable,,1,1,,0,0,,,,,0,,,60,สินค้าและอุปกรณ์สำหรับเด็ก,,,https://punpunkun.com/wp-content/uploads/2021/09/00210250-60--rotated.jpg,,,,,,,,,0,,,,,,,,,,,,,,,,,,
16325,simple,210251,,210251,1,0,visible,,,,,taxable,,1,1,,0,0,,,,,0,,,60,สินค้าและอุปกรณ์สำหรับเด็ก,,,https://punpunkun.com/wp-content/uploads/2021/09/00210251-60--rotated.jpg,,,,,,,,,0,,,,,,,,,,,,,,,,,,
16327,simple,210252,,210252,1,0,visible,,,,,taxable,,1,1,,0,0,,,,,0,,,40,สินค้าและอุปกรณ์สำหรับเด็ก,,,https://punpunkun.com/wp-content/uploads/2021/09/00210252-40--rotated.jpg,,,,,,,,,0,,,,,,,,,,,,,,,,,,
16329,simple,210253,,210253,1,0,visible,,,,,taxable,,1,1,,0,0,,,,,0,,,40,สินค้าและอุปกรณ์สำหรับเด็ก,,,https://punpunkun.com/wp-content/uploads/2021/09/00210253-40--rotated.jpg,,,,,,,,,0,,,,,,,,,,,,,,,,,,
16331,simple,210254,,210254,1,0,visible,,,,,taxable,,1,1,,0,0,,,,,0,,,60,สินค้าและอุปกรณ์สำหรับเด็ก,,,https://punpunkun.com/wp-content/uploads/2021/09/00210254-60--rotated.jpg,,,,,,,,,0,,,,,,,,,,,,,,,,,,
16333,simple,210255,,210255,1,0,visible,,,,,taxable,,1,1,,0,0,,,,,0,,,60,สินค้าและอุปกรณ์สำหรับเด็ก,,,https://punpunkun.com/wp-content/uploads/2021/09/00210255-60--rotated.jpg,,,,,,,,,0,,,,,,,,,,,,,,,,,,
16335,simple,210256,,210256,1,0,visible,,,,,taxable,,1,1,,0,0,,,,,0,,,60,สินค้าและอุปกรณ์สำหรับเด็ก,,,https://punpunkun.com/wp-content/uploads/2021/09/00210256-60-.jpg,,,,,,,,,0,,,,,,,,,,,,,,,,,,
16337,simple,210257,,210257,1,0,visible,,,,,taxable,,1,1,,0,0,,,,,0,,,60,สินค้าและอุปกรณ์สำหรับเด็ก,,,https://punpunkun.com/wp-content/uploads/2021/09/00210257-60--rotated.jpg,,,,,,,,,0,,,,,,,,,,,,,,,,,,
16339,simple,210258,,210258,1,0,visible,,,,,taxable,,1,1,,0,0,,,,,0,,,60,สินค้าและอุปกรณ์สำหรับเด็ก,,,https://punpunkun.com/wp-content/uploads/2021/09/00210258-60--rotated.jpg,,,,,,,,,0,,,,,,,,,,,,,,,,,,
16341,simple,210259,,210259,1,0,visible,,,,,taxable,,1,1,,0,0,,,,,0,,,60,สินค้าและอุปกรณ์สำหรับเด็ก,,,https://punpunkun.com/wp-content/uploads/2021/09/00210259-60--rotated.jpg,,,,,,,,,0,,,,,,,,,,,,,,,,,,
16343,simple,210260,,210260,1,0,visible,,,,,taxable,,1,1,,0,0,,,,,0,,,60,สินค้าและอุปกรณ์สำหรับเด็ก,,,https://punpunkun.com/wp-content/uploads/2021/09/00210260-60--rotated.jpg,,,,,,,,,0,,,,,,,,,,,,,,,,,,
16345,simple,210261,,210261,1,0,visible,,,,,taxable,,1,1,,0,0,,,,,0,,,60,สินค้าและอุปกรณ์สำหรับเด็ก,,,https://punpunkun.com/wp-content/uploads/2021/09/00210261-60--rotated.jpg,,,,,,,,,0,,,,,,,,,,,,,,,,,,
16347,simple,210262,,210262,1,0,visible,,,,,taxable,,1,1,,0,0,,,,,0,,,60,สินค้าและอุปกรณ์สำหรับเด็ก,,,https://punpunkun.com/wp-content/uploads/2021/09/00210262-60--rotated.jpg,,,,,,,,,0,,,,,,,,,,,,,,,,,,
16349,simple,210263,,210263,1,0,visible,,,,,taxable,,1,1,,0,0,,,,,0,,,60,สินค้าและอุปกรณ์สำหรับเด็ก,,,https://punpunkun.com/wp-content/uploads/2021/09/00210263-60--rotated.jpg,,,,,,,,,0,,,,,,,,,,,,,,,,,,
16351,simple,210264,,210264,1,0,visible,,,,,taxable,,1,1,,0,0,,,,,0,,,60,สินค้าและอุปกรณ์สำหรับเด็ก,,,https://punpunkun.com/wp-content/uploads/2021/09/00210264-60--rotated.jpg,,,,,,,,,0,,,,,,,,,,,,,,,,,,
16353,simple,210265,,210265,1,0,visible,,,,,taxable,,1,1,,0,0,,,,,0,,,60,สินค้าและอุปกรณ์สำหรับเด็ก,,,https://punpunkun.com/wp-content/uploads/2021/09/00210265-60--rotated.jpg,,,,,,,,,0,,,,,,,,,,,,,,,,,,
16355,simple,210266,,210266,1,0,visible,,,,,taxable,,1,1,,0,0,,,,,0,,,60,สินค้าและอุปกรณ์สำหรับเด็ก,,,https://punpunkun.com/wp-content/uploads/2021/09/00210266-60--rotated.jpg,,,,,,,,,0,,,,,,,,,,,,,,,,,,
16357,simple,210267,,210267,1,0,visible,,,,,taxable,,1,1,,0,0,,,,,0,,,140,สินค้าและอุปกรณ์สำหรับเด็ก,,,https://punpunkun.com/wp-content/uploads/2021/09/00210267-140--rotated-e1632732206798.jpg,,,,,,,,,0,,,,,,,,,,,,,,,,,,
16359,simple,210268,,210268,1,0,visible,,,,,taxable,,1,1,,0,0,,,,,0,,,140,สินค้าและอุปกรณ์สำหรับเด็ก,,,https://punpunkun.com/wp-content/uploads/2021/09/00210268-140--rotated-e1632732350345.jpg,,,,,,,,,0,,,,,,,,,,,,,,,,,,
16361,simple,210269,,210269,1,0,visible,,,,,taxable,,1,1,,0,0,,,,,0,,,80,สินค้าและอุปกรณ์สำหรับเด็ก,,,https://punpunkun.com/wp-content/uploads/2021/09/00210269-80--rotated.jpg,,,,,,,,,0,,,,,,,,,,,,,,,,,,
16363,simple,210270,,210270,1,0,visible,,,,,taxable,,1,1,,0,0,,,,,0,,,120,สินค้าและอุปกรณ์สำหรับเด็ก,,,https://punpunkun.com/wp-content/uploads/2021/09/00210270-120-.jpg,,,,,,,,,0,,,,,,,,,,,,,,,,,,
16365,simple,210272,,210272,1,0,visible,,,,,taxable,,1,1,,0,0,,,,,0,,,40,สินค้าและอุปกรณ์สำหรับเด็ก,,,https://punpunkun.com/wp-content/uploads/2021/09/00210272-40--rotated.jpg,,,,,,,,,0,,,,,,,,,,,,,,,,,,
16367,simple,210274,,210274,1,0,visible,,,,,taxable,,1,1,,0,0,,,,,0,,,40,สินค้าและอุปกรณ์สำหรับเด็ก,,,https://punpunkun.com/wp-content/uploads/2021/09/00210274-40--rotated.jpg,,,,,,,,,0,,,,,,,,,,,,,,,,,,
16369,simple,210275,,210275,1,0,visible,,,,,taxable,,1,1,,0,0,,,,,0,,,40,สินค้าและอุปกรณ์สำหรับเด็ก,,,https://punpunkun.com/wp-content/uploads/2021/09/00210275-40--rotated.jpg,,,,,,,,,0,,,,,,,,,,,,,,,,,,
16371,simple,210276,,210276,1,0,visible,,,,,taxable,,0,0,,0,0,,,,,0,,,40,สินค้าและอุปกรณ์สำหรับเด็ก,,,https://punpunkun.com/wp-content/uploads/2021/09/00210276-40--e1632732689302.jpg,,,,,,,,,0,,,,,,,,,,,,,,,,,,
16373,simple,210277,,210277,1,0,visible,,,,,taxable,,1,1,,0,0,,,,,0,,,40,สินค้าและอุปกรณ์สำหรับเด็ก,,,https://punpunkun.com/wp-content/uploads/2021/09/00210277-40--rotated.jpg,,,,,,,,,0,,,,,,,,,,,,,,,,,,
16375,simple,210279,,210279,1,0,visible,,,,,taxable,,1,1,,0,0,,,,,0,,,60,สินค้าและอุปกรณ์สำหรับเด็ก,,,https://punpunkun.com/wp-content/uploads/2021/09/00210279-60--rotated.jpg,,,,,,,,,0,,,,,,,,,,,,,,,,,,
16377,simple,210280,,210280,1,0,visible,,,,,taxable,,1,1,,0,0,,,,,0,,,40,สินค้าและอุปกรณ์สำหรับเด็ก,,,https://punpunkun.com/wp-content/uploads/2021/09/00210280-40--rotated.jpg,,,,,,,,,0,,,,,,,,,,,,,,,,,,
16379,simple,210283,,210283,1,0,visible,,,,,taxable,,1,1,,0,0,,,,,0,,,40,สินค้าและอุปกรณ์สำหรับเด็ก,,,https://punpunkun.com/wp-content/uploads/2021/09/00210283-40--rotated.jpg,,,,,,,,,0,,,,,,,,,,,,,,,,,,
16381,simple,210284,,210284,1,0,visible,,,,,taxable,,1,1,,0,0,,,,,0,,,60,สินค้าและอุปกรณ์สำหรับเด็ก,,,https://punpunkun.com/wp-content/uploads/2021/09/00210284-60--rotated.jpg,,,,,,,,,0,,,,,,,,,,,,,,,,,,
16383,simple,210286,,210286,1,0,visible,,,,,taxable,,1,1,,0,0,,,,,0,,,40,สินค้าและอุปกรณ์สำหรับเด็ก,,,https://punpunkun.com/wp-content/uploads/2021/09/00210286-40--rotated.jpg,,,,,,,,,0,,,,,,,,,,,,,,,,,,
16385,simple,210287,,210287,1,0,visible,,,,,taxable,,1,1,,0,0,,,,,0,,,40,สินค้าและอุปกรณ์สำหรับเด็ก,,,https://punpunkun.com/wp-content/uploads/2021/09/00210287-40--rotated.jpg,,,,,,,,,0,,,,,,,,,,,,,,,,,,
16387,simple,210288,,210288,1,0,visible,,,,,taxable,,1,1,,0,0,,,,,0,,,40,สินค้าและอุปกรณ์สำหรับเด็ก,,,https://punpunkun.com/wp-content/uploads/2021/09/00210288-40--rotated.jpg,,,,,,,,,0,,,,,,,,,,,,,,,,,,
16389,simple,210289,,210289,1,0,visible,,,,,taxable,,1,1,,0,0,,,,,0,,,40,สินค้าและอุปกรณ์สำหรับเด็ก,,,https://punpunkun.com/wp-content/uploads/2021/09/00210289-40--rotated.jpg,,,,,,,,,0,,,,,,,,,,,,,,,,,,
16391,simple,210290,,210290,1,0,visible,,,,,taxable,,1,1,,0,0,,,,,0,,,40,สินค้าและอุปกรณ์สำหรับเด็ก,,,https://punpunkun.com/wp-content/uploads/2021/09/00210290-40--rotated.jpg,,,,,,,,,0,,,,,,,,,,,,,,,,,,
16395,simple,110001,,110001,1,0,visible,,,,,taxable,,0,0,,0,0,,,,,0,,,40,เสื้อผ้าและเครื่องประดับ,,,https://punpunkun.com/wp-content/uploads/2021/09/00110001-40-.jpg,,,,,,,,,0,,,,,,,,,,,,,,,,,,
16397,simple,110002,,110002,1,0,visible,,,,,taxable,,1,1,,0,0,,,,,0,,,60,สินค้าและอุปกรณ์สำหรับเด็ก,,,https://punpunkun.com/wp-content/uploads/2021/09/00110002-60--rotated.jpg,,,,,,,,,0,,,,,,,,,,,,,,,,,,
16399,simple,110003,,110003,1,0,visible,,,,,taxable,,1,1,,0,0,,,,,0,,,60,สินค้าและอุปกรณ์สำหรับเด็ก,,,https://punpunkun.com/wp-content/uploads/2021/09/00110003-60--rotated.jpg,,,,,,,,,0,,,,,,,,,,,,,,,,,,
16401,simple,110005,,110005,1,0,visible,,,,,taxable,,1,1,,0,0,,,,,0,,,60,สินค้าและอุปกรณ์สำหรับเด็ก,,,https://punpunkun.com/wp-content/uploads/2021/09/00110005-60--rotated.jpg,,,,,,,,,0,,,,,,,,,,,,,,,,,,
16403,simple,110006,,110006,1,0,visible,,,,,taxable,,1,1,,0,0,,,,,0,,,80,สินค้าและอุปกรณ์สำหรับเด็ก,,,https://punpunkun.com/wp-content/uploads/2021/09/00110006-80-1-1-rotated.jpg,,,,,,,,,0,,,,,,,,,,,,,,,,,,
16406,simple,110007,,110007,1,0,visible,,,,,taxable,,1,1,,0,0,,,,,0,,,80,สินค้าและอุปกรณ์สำหรับเด็ก,,,https://punpunkun.com/wp-content/uploads/2021/09/00110007-80--rotated.jpg,,,,,,,,,0,,,,,,,,,,,,,,,,,,
16408,simple,110008,,110008,1,0,visible,,,,,taxable,,1,1,,0,0,,,,,0,,,80,สินค้าและอุปกรณ์สำหรับเด็ก,,,https://punpunkun.com/wp-content/uploads/2021/09/00110008-80--rotated.jpg,,,,,,,,,0,,,,,,,,,,,,,,,,,,
16410,simple,110009,,110009,1,0,visible,,,,,taxable,,1,1,,0,0,,,,,0,,,100,สินค้าและอุปกรณ์สำหรับเด็ก,,,https://punpunkun.com/wp-content/uploads/2021/09/00110009-100--rotated.jpg,,,,,,,,,0,,,,,,,,,,,,,,,,,,
16412,simple,110013,,110013,1,0,visible,,,,,taxable,,1,1,,0,0,,,,,0,,,60,สินค้าและอุปกรณ์สำหรับเด็ก,,,https://punpunkun.com/wp-content/uploads/2021/09/00110013-60-1-1.jpg,,,,,,,,,0,,,,,,,,,,,,,,,,,,
16414,simple,110014,,110014,1,0,visible,,,,,taxable,,1,1,,0,0,,,,,0,,,80,สินค้าและอุปกรณ์สำหรับเด็ก,,,https://punpunkun.com/wp-content/uploads/2021/09/00110014-80--rotated.jpg,,,,,,,,,0,,,,,,,,,,,,,,,,,,
16416,simple,110015,,110015,1,0,visible,,,,,taxable,,1,1,,0,0,,,,,0,,,60,สินค้าและอุปกรณ์สำหรับเด็ก,,,https://punpunkun.com/wp-content/uploads/2021/09/00110015-60.jpg,,,,,,,,,0,,,,,,,,,,,,,,,,,,
16418,simple,110017,,110017,1,0,visible,,,,,taxable,,1,1,,0,0,,,,,0,,,60,สินค้าและอุปกรณ์สำหรับเด็ก,,,https://punpunkun.com/wp-content/uploads/2021/09/00110017-60--rotated.jpg,,,,,,,,,0,,,,,,,,,,,,,,,,,,
16420,simple,110020,,110020,1,0,visible,,,,,taxable,,1,1,,0,0,,,,,0,,,80,สินค้าและอุปกรณ์สำหรับเด็ก,,,https://punpunkun.com/wp-content/uploads/2021/09/00110020-80--rotated.jpg,,,,,,,,,0,,,,,,,,,,,,,,,,,,
16422,simple,110023,,110023,1,0,visible,,,,,taxable,,1,1,,0,0,,,,,0,,,40,สินค้าและอุปกรณ์สำหรับเด็ก,,,https://punpunkun.com/wp-content/uploads/2021/09/00110023-40--rotated.jpg,,,,,,,,,0,,,,,,,,,,,,,,,,,,
16424,simple,110024,,110024,1,0,visible,,,,,taxable,,1,1,,0,0,,,,,0,,,40,สินค้าและอุปกรณ์สำหรับเด็ก,,,https://punpunkun.com/wp-content/uploads/2021/09/00110024-40--rotated.jpg,,,,,,,,,0,,,,,,,,,,,,,,,,,,
16426,simple,110025,,110025,1,0,visible,,,,,taxable,,1,1,,0,0,,,,,0,,,40,สินค้าและอุปกรณ์สำหรับเด็ก,,,https://punpunkun.com/wp-content/uploads/2021/09/00110025-40--rotated.jpg,,,,,,,,,0,,,,,,,,,,,,,,,,,,
16428,simple,110026,,110026,1,0,visible,,,,,taxable,,1,1,,0,0,,,,,0,,,60,สินค้าและอุปกรณ์สำหรับเด็ก,,,https://punpunkun.com/wp-content/uploads/2021/09/00110026-60--rotated.jpg,,,,,,,,,0,,,,,,,,,,,,,,,,,,
16430,simple,110027,,110027,1,0,visible,,,,,taxable,,1,1,,0,0,,,,,0,,,60,สินค้าและอุปกรณ์สำหรับเด็ก,,,https://punpunkun.com/wp-content/uploads/2021/09/00110027-60--rotated.jpg,,,,,,,,,0,,,,,,,,,,,,,,,,,,
16432,simple,110029,,110029,1,0,visible,,,,,taxable,,1,1,,0,0,,,,,0,,,60,สินค้าและอุปกรณ์สำหรับเด็ก,,,https://punpunkun.com/wp-content/uploads/2021/09/00110029-60--rotated.jpg,,,,,,,,,0,,,,,,,,,,,,,,,,,,
16435,simple,110032,,110032,1,0,visible,,,,,taxable,,1,1,,0,0,,,,,0,,,80,สินค้าและอุปกรณ์สำหรับเด็ก,,,https://punpunkun.com/wp-content/uploads/2021/09/00110032-80--rotated.jpg,,,,,,,,,0,,,,,,,,,,,,,,,,,,
16437,simple,110033,,110033,1,0,visible,,,,,taxable,,1,1,,0,0,,,,,0,,,60,สินค้าและอุปกรณ์สำหรับเด็ก,,,https://punpunkun.com/wp-content/uploads/2021/09/00110033-60--rotated.jpg,,,,,,,,,0,,,,,,,,,,,,,,,,,,
16439,simple,110035,,110035,1,0,visible,,,,,taxable,,1,1,,0,0,,,,,0,,,80,สินค้าและอุปกรณ์สำหรับเด็ก,,,https://punpunkun.com/wp-content/uploads/2021/09/00110035-80--rotated.jpg,,,,,,,,,0,,,,,,,,,,,,,,,,,,
16441,simple,110038,,110038,1,0,visible,,,,,taxable,,1,1,,0,0,,,,,0,,,60,สินค้าและอุปกรณ์สำหรับเด็ก,,,https://punpunkun.com/wp-content/uploads/2021/09/00110038-60-1-1.jpg,,,,,,,,,0,,,,,,,,,,,,,,,,,,
16443,simple,110039,,110039,1,0,visible,,,,,taxable,,1,1,,0,0,,,,,0,,,60,สินค้าและอุปกรณ์สำหรับเด็ก,,,https://punpunkun.com/wp-content/uploads/2021/09/00110039-60--rotated.jpg,,,,,,,,,0,,,,,,,,,,,,,,,,,,
16445,simple,110040,,110040,1,0,visible,,,,,taxable,,1,1,,0,0,,,,,0,,,60,สินค้าและอุปกรณ์สำหรับเด็ก,,,https://punpunkun.com/wp-content/uploads/2021/09/00110040-60--rotated.jpg,,,,,,,,,0,,,,,,,,,,,,,,,,,,
16447,simple,110041,,110041,1,0,visible,,,,,taxable,,1,1,,0,0,,,,,0,,,60,สินค้าและอุปกรณ์สำหรับเด็ก,,,https://punpunkun.com/wp-content/uploads/2021/09/00110041-60-1-1.jpg,,,,,,,,,0,,,,,,,,,,,,,,,,,,
16449,simple,110042,,110042,1,0,visible,,,,,taxable,,1,1,,0,0,,,,,0,,,60,สินค้าและอุปกรณ์สำหรับเด็ก,,,https://punpunkun.com/wp-content/uploads/2021/09/00110042-60--rotated.jpg,,,,,,,,,0,,,,,,,,,,,,,,,,,,
16451,simple,110044,,110044,1,0,visible,,,,,taxable,,1,1,,0,0,,,,,0,,,40,สินค้าและอุปกรณ์สำหรับเด็ก,,,https://punpunkun.com/wp-content/uploads/2021/09/00110044-40--rotated.jpg,,,,,,,,,0,,,,,,,,,,,,,,,,,,
16453,simple,110045,,110045,1,0,visible,,,,,taxable,,1,1,,0,0,,,,,0,,,60,สินค้าและอุปกรณ์สำหรับเด็ก,,,https://punpunkun.com/wp-content/uploads/2021/09/00110045-60--rotated.jpg,,,,,,,,,0,,,,,,,,,,,,,,,,,,
16455,simple,110047,,110047,1,0,visible,,,,,taxable,,1,1,,0,0,,,,,0,,,60,สินค้าและอุปกรณ์สำหรับเด็ก,,,https://punpunkun.com/wp-content/uploads/2021/09/00110047-60--rotated.jpg,,,,,,,,,0,,,,,,,,,,,,,,,,,,
16457,simple,110048,,110048,1,0,visible,,,,,taxable,,1,1,,0,0,,,,,0,,,60,สินค้าและอุปกรณ์สำหรับเด็ก,,,https://punpunkun.com/wp-content/uploads/2021/09/00110048-60--rotated.jpg,,,,,,,,,0,,,,,,,,,,,,,,,,,,
16459,simple,110049,,110049,1,0,visible,,,,,taxable,,1,1,,0,0,,,,,0,,,60,สินค้าและอุปกรณ์สำหรับเด็ก,,,https://punpunkun.com/wp-content/uploads/2021/09/00110049-60--rotated.jpg,,,,,,,,,0,,,,,,,,,,,,,,,,,,
16461,simple,110050,,110050,1,0,visible,,,,,taxable,,1,1,,0,0,,,,,0,,,80,สินค้าและอุปกรณ์สำหรับเด็ก,,,https://punpunkun.com/wp-content/uploads/2021/09/00110050-80--rotated.jpg,,,,,,,,,0,,,,,,,,,,,,,,,,,,
16463,simple,110051,,110051,1,0,visible,,,,,taxable,,1,1,,0,0,,,,,0,,,60,สินค้าและอุปกรณ์สำหรับเด็ก,,,https://punpunkun.com/wp-content/uploads/2021/09/00110051-60-1-1.jpg,,,,,,,,,0,,,,,,,,,,,,,,,,,,
16465,simple,110052,,110052,1,0,visible,,,,,taxable,,1,1,,0,0,,,,,0,,,60,สินค้าและอุปกรณ์สำหรับเด็ก,,,https://punpunkun.com/wp-content/uploads/2021/09/00110052-60--rotated.jpg,,,,,,,,,0,,,,,,,,,,,,,,,,,,
16467,simple,110054,,110054,1,0,visible,,,,,taxable,,1,1,,0,0,,,,,0,,,60,สินค้าและอุปกรณ์สำหรับเด็ก,,,https://punpunkun.com/wp-content/uploads/2021/09/00110054-60--rotated.jpg,,,,,,,,,0,,,,,,,,,,,,,,,,,,
16469,simple,110056,,110056,1,0,visible,,,,,taxable,,1,1,,0,0,,,,,0,,,60,สินค้าและอุปกรณ์สำหรับเด็ก,,,https://punpunkun.com/wp-content/uploads/2021/09/00110056-60--rotated.jpg,,,,,,,,,0,,,,,,,,,,,,,,,,,,
16471,simple,110057,,110057,1,0,visible,,,,,taxable,,1,1,,0,0,,,,,0,,,60,สินค้าและอุปกรณ์สำหรับเด็ก,,,https://punpunkun.com/wp-content/uploads/2021/09/00110057-60--rotated.jpg,,,,,,,,,0,,,,,,,,,,,,,,,,,,
16473,simple,110059,,110059,1,0,visible,,,,,taxable,,1,1,,0,0,,,,,0,,,60,สินค้าและอุปกรณ์สำหรับเด็ก,,,https://punpunkun.com/wp-content/uploads/2021/09/00110059-60--rotated.jpg,,,,,,,,,0,,,,,,,,,,,,,,,,,,
16475,simple,110060,,110060,1,0,visible,,,,,taxable,,0,0,,0,0,,,,,0,,,60,สินค้าและอุปกรณ์สำหรับเด็ก,,,https://punpunkun.com/wp-content/uploads/2021/09/00110060-60--rotated.jpg,,,,,,,,,0,,,,,,,,,,,,,,,,,,
16477,simple,110061,,110061,1,0,visible,,,,,taxable,,1,1,,0,0,,,,,0,,,60,สินค้าและอุปกรณ์สำหรับเด็ก,,,https://punpunkun.com/wp-content/uploads/2021/09/00110061-60--rotated.jpg,,,,,,,,,0,,,,,,,,,,,,,,,,,,
16479,simple,110062,,110062,1,0,visible,,,,,taxable,,1,1,,0,0,,,,,0,,,40,สินค้าและอุปกรณ์สำหรับเด็ก,,,https://punpunkun.com/wp-content/uploads/2021/09/00110062-40--rotated.jpg,,,,,,,,,0,,,,,,,,,,,,,,,,,,
16481,simple,110063,,110063,1,0,visible,,,,,taxable,,1,1,,0,0,,,,,0,,,40,สินค้าและอุปกรณ์สำหรับเด็ก,,,https://punpunkun.com/wp-content/uploads/2021/09/00110063-40--rotated.jpg,,,,,,,,,0,,,,,,,,,,,,,,,,,,
16483,simple,110064,,110064,1,0,visible,,,,,taxable,,1,1,,0,0,,,,,0,,,60,สินค้าและอุปกรณ์สำหรับเด็ก,,,https://punpunkun.com/wp-content/uploads/2021/09/00110064-60--rotated.jpg,,,,,,,,,0,,,,,,,,,,,,,,,,,,
16485,simple,110065,,110065,1,0,visible,,,,,taxable,,1,1,,0,0,,,,,0,,,40,สินค้าและอุปกรณ์สำหรับเด็ก,,,https://punpunkun.com/wp-content/uploads/2021/09/00110065-40--rotated.jpg,,,,,,,,,0,,,,,,,,,,,,,,,,,,
16487,simple,110066,,110066,1,0,visible,,,,,taxable,,1,1,,0,0,,,,,0,,,60,สินค้าและอุปกรณ์สำหรับเด็ก,,,https://punpunkun.com/wp-content/uploads/2021/09/00110066-60--rotated-e1632791271357.jpg,,,,,,,,,0,,,,,,,,,,,,,,,,,,
16489,simple,110067,,110067,1,0,visible,,,,,taxable,,1,1,,0,0,,,,,0,,,60,สินค้าและอุปกรณ์สำหรับเด็ก,,,https://punpunkun.com/wp-content/uploads/2021/09/00110067-60--rotated.jpg,,,,,,,,,0,,,,,,,,,,,,,,,,,,
16491,simple,110068,,110068,1,0,visible,,,,,taxable,,1,1,,0,0,,,,,0,,,40,สินค้าและอุปกรณ์สำหรับเด็ก,,,https://punpunkun.com/wp-content/uploads/2021/09/00110068-40--rotated.jpg,,,,,,,,,0,,,,,,,,,,,,,,,,,,
16493,simple,110069,,110069,1,0,visible,,,,,taxable,,1,1,,0,0,,,,,0,,,40,สินค้าและอุปกรณ์สำหรับเด็ก,,,https://punpunkun.com/wp-content/uploads/2021/09/00110069-40-.jpg,,,,,,,,,0,,,,,,,,,,,,,,,,,,
16495,simple,110070,,110070,1,0,visible,,,,,taxable,,1,1,,0,0,,,,,0,,,40,สินค้าและอุปกรณ์สำหรับเด็ก,,,https://punpunkun.com/wp-content/uploads/2021/09/00110070-40--rotated.jpg,,,,,,,,,0,,,,,,,,,,,,,,,,,,
16497,simple,110071,,110071,1,0,visible,,,,,taxable,,1,1,,0,0,,,,,0,,,60,สินค้าและอุปกรณ์สำหรับเด็ก,,,https://punpunkun.com/wp-content/uploads/2021/09/00110071-60-1-1.jpg,,,,,,,,,0,,,,,,,,,,,,,,,,,,
16499,simple,110072,,110072,1,0,visible,,,,,taxable,,1,1,,0,0,,,,,0,,,60,สินค้าและอุปกรณ์สำหรับเด็ก,,,https://punpunkun.com/wp-content/uploads/2021/09/00110072-60-1-1.jpg,,,,,,,,,0,,,,,,,,,,,,,,,,,,
16501,simple,110074,,110074,1,0,visible,,,,,taxable,,1,1,,0,0,,,,,0,,,40,สินค้าและอุปกรณ์สำหรับเด็ก,,,https://punpunkun.com/wp-content/uploads/2021/09/00110074-40-.jpg,,,,,,,,,0,,,,,,,,,,,,,,,,,,
16503,simple,110075,,110075,1,0,visible,,,,,taxable,,1,1,,0,0,,,,,0,,,40,สินค้าและอุปกรณ์สำหรับเด็ก,,,https://punpunkun.com/wp-content/uploads/2021/09/00110075-40--rotated.jpg,,,,,,,,,0,,,,,,,,,,,,,,,,,,
16505,simple,110076,,110076,1,0,visible,,,,,taxable,,1,1,,0,0,,,,,0,,,40,สินค้าและอุปกรณ์สำหรับเด็ก,,,https://punpunkun.com/wp-content/uploads/2021/09/00110076-40--rotated.jpg,,,,,,,,,0,,,,,,,,,,,,,,,,,,
16507,simple,110077,,110077,1,0,visible,,,,,taxable,,1,1,,0,0,,,,,0,,,40,สินค้าและอุปกรณ์สำหรับเด็ก,,,https://punpunkun.com/wp-content/uploads/2021/09/00110077-40--rotated.jpg,,,,,,,,,0,,,,,,,,,,,,,,,,,,
16509,simple,110078,,110078,1,0,visible,,,,,taxable,,1,1,,0,0,,,,,0,,,40,สินค้าและอุปกรณ์สำหรับเด็ก,,,https://punpunkun.com/wp-content/uploads/2021/09/00110078-40--rotated.jpg,,,,,,,,,0,,,,,,,,,,,,,,,,,,
16511,simple,110079,,110079,1,0,visible,,,,,taxable,,1,1,,0,0,,,,,0,,,40,สินค้าและอุปกรณ์สำหรับเด็ก,,,https://punpunkun.com/wp-content/uploads/2021/09/00110079-40--rotated.jpg,,,,,,,,,0,,,,,,,,,,,,,,,,,,
16513,simple,110082,,110082,1,0,visible,,,,,taxable,,1,1,,0,0,,,,,0,,,60,สินค้าและอุปกรณ์สำหรับเด็ก,,,https://punpunkun.com/wp-content/uploads/2021/09/00110082-60--rotated.jpg,,,,,,,,,0,,,,,,,,,,,,,,,,,,
16515,simple,110083,,110083,1,0,visible,,,,,taxable,,1,1,,0,0,,,,,0,,,60,สินค้าและอุปกรณ์สำหรับเด็ก,,,https://punpunkun.com/wp-content/uploads/2021/09/00110083-60--rotated.jpg,,,,,,,,,0,,,,,,,,,,,,,,,,,,
16517,simple,110084,,110084,1,0,visible,,,,,taxable,,1,1,,0,0,,,,,0,,,60,สินค้าและอุปกรณ์สำหรับเด็ก,,,https://punpunkun.com/wp-content/uploads/2021/09/00110084-60--rotated.jpg,,,,,,,,,0,,,,,,,,,,,,,,,,,,
16519,simple,310001,,310001,1,0,visible,,,,,taxable,,1,1,,0,0,,,,,0,,,60,สินค้าและอุปกรณ์สำหรับเด็ก,,,https://punpunkun.com/wp-content/uploads/2021/09/00310001-60--rotated-e1632792838901.jpg,,,,,,,,,0,,,,,,,,,,,,,,,,,,
16521,simple,310002,,310002,1,0,visible,,,,,taxable,,1,1,,0,0,,,,,0,,,60,สินค้าและอุปกรณ์สำหรับเด็ก,,,https://punpunkun.com/wp-content/uploads/2021/09/00310002-60--rotated-e1632792907720.jpg,,,,,,,,,0,,,,,,,,,,,,,,,,,,
16523,simple,310003,,310003,1,0,visible,,,,,taxable,,1,1,,0,0,,,,,0,,,60,สินค้าและอุปกรณ์สำหรับเด็ก,,,https://punpunkun.com/wp-content/uploads/2021/09/00310003-60--rotated.jpg,,,,,,,,,0,,,,,,,,,,,,,,,,,,
16525,simple,310004,,310004,1,0,visible,,,,,taxable,,0,0,,0,0,,,,,0,,,40,สินค้าและอุปกรณ์สำหรับเด็ก,,,https://punpunkun.com/wp-content/uploads/2021/09/00310004-60--rotated.jpg,,,,,,,,,0,,,,,,,,,,,,,,,,,,
16527,simple,310005,,310005,1,0,visible,,,,,taxable,,1,1,,0,0,,,,,0,,,60,สินค้าและอุปกรณ์สำหรับเด็ก,,,https://punpunkun.com/wp-content/uploads/2021/09/00310005-60-1-1.jpg,,,,,,,,,0,,,,,,,,,,,,,,,,,,
16529,simple,310006,,310006,1,0,visible,,,,,taxable,,1,1,,0,0,,,,,0,,,40,สินค้าและอุปกรณ์สำหรับเด็ก,,,https://punpunkun.com/wp-content/uploads/2021/09/00310006-40-rotated.jpg,,,,,,,,,0,,,,,,,,,,,,,,,,,,
16531,simple,310007,,310007,1,0,visible,,,,,taxable,,1,1,,0,0,,,,,0,,,40,สินค้าและอุปกรณ์สำหรับเด็ก,,,https://punpunkun.com/wp-content/uploads/2021/09/00310007-40--rotated.jpg,,,,,,,,,0,,,,,,,,,,,,,,,,,,
16533,simple,310008,,310008,1,0,visible,,,,,taxable,,1,1,,0,0,,,,,0,,,40,สินค้าและอุปกรณ์สำหรับเด็ก,,,https://punpunkun.com/wp-content/uploads/2021/09/00310008-40-.jpg,,,,,,,,,0,,,,,,,,,,,,,,,,,,
16535,simple,610001,,610001,1,0,visible,,,,,taxable,,1,,,0,0,,,,,0,,,40,เสื้อผ้าและเครื่องประดับ,,,https://punpunkun.com/wp-content/uploads/2021/09/00610001-40--rotated.jpg,,,,,,,,,0,,,,,,,,,,,,,,,,,,
16537,simple,610003,,610003,1,0,visible,,,,,taxable,,1,,,0,0,,,,,0,,,40,เสื้อผ้าและเครื่องประดับ,,,https://punpunkun.com/wp-content/uploads/2021/09/00610003-40--rotated.jpg,,,,,,,,,0,,,,,,,,,,,,,,,,,,
16539,simple,610004,,610004,1,0,visible,,,,,taxable,,1,,,0,0,,,,,0,,,40,เสื้อผ้าและเครื่องประดับ,,,https://punpunkun.com/wp-content/uploads/2021/09/00610004-40-.jpg,,,,,,,,,0,,,,,,,,,,,,,,,,,,
16541,simple,610005,,610005,1,0,visible,,,,,taxable,,1,,,0,0,,,,,0,,,40,เสื้อผ้าและเครื่องประดับ,,,https://punpunkun.com/wp-content/uploads/2021/09/00610005-40--rotated.jpg,,,,,,,,,0,,,,,,,,,,,,,,,,,,
16543,simple,610009,,610009,1,0,visible,,,,,taxable,,1,,,0,0,,,,,0,,,60,เสื้อผ้าและเครื่องประดับ,,,https://punpunkun.com/wp-content/uploads/2021/09/00610009-60--rotated.jpg,,,,,,,,,0,,,,,,,,,,,,,,,,,,
16545,simple,610011,,610011,1,0,visible,,,,,taxable,,1,,,0,0,,,,,0,,,60,เสื้อผ้าและเครื่องประดับ,,,https://punpunkun.com/wp-content/uploads/2021/09/00610011-60-1-1.jpg,,,,,,,,,0,,,,,,,,,,,,,,,,,,
16547,simple,610013,,610013,1,0,visible,,,,,taxable,,1,,,0,0,,,,,0,,,60,เสื้อผ้าและเครื่องประดับ,,,https://punpunkun.com/wp-content/uploads/2021/09/00610013-60--rotated.jpg,,,,,,,,,0,,,,,,,,,,,,,,,,,,
16549,simple,610014,,610014,1,0,visible,,,,,taxable,,1,,,0,0,,,,,0,,,60,เสื้อผ้าและเครื่องประดับ,,,https://punpunkun.com/wp-content/uploads/2021/09/00610014-60--rotated.jpg,,,,,,,,,0,,,,,,,,,,,,,,,,,,
16552,simple,610015,,610015,1,0,visible,,,,,taxable,,1,,,0,0,,,,,0,,,60,เสื้อผ้าและเครื่องประดับ,,,https://punpunkun.com/wp-content/uploads/2021/09/00610015-60-.jpg,,,,,,,,,0,,,,,,,,,,,,,,,,,,
16555,simple,610016,,610016,1,0,visible,,,,,taxable,,0,,,0,0,,,,,0,,,60,เสื้อผ้าและเครื่องประดับ,,,https://punpunkun.com/wp-content/uploads/2021/09/00610016-60-1-1-e1632794954560.jpg,,,,,,,,,0,,,,,,,,,,,,,,,,,,
16557,simple,610017,,610017,1,0,visible,,,,,taxable,,0,0,,0,0,,,,,0,,,60,เสื้อผ้าและเครื่องประดับ,,,https://punpunkun.com/wp-content/uploads/2021/09/00610017-60-1-1.jpg,,,,,,,,,0,,,,,,,,,,,,,,,,,,
16559,simple,610018,,610018,1,0,visible,,,,,taxable,,1,,,0,0,,,,,0,,,60,เสื้อผ้าและเครื่องประดับ,,,https://punpunkun.com/wp-content/uploads/2021/09/00610018-60--rotated.jpg,,,,,,,,,0,,,,,,,,,,,,,,,,,,
16561,simple,610019,,610019,1,0,visible,,,,,taxable,,1,,,0,0,,,,,0,,,60,เสื้อผ้าและเครื่องประดับ,,,https://punpunkun.com/wp-content/uploads/2021/09/00610019-60--rotated.jpg,,,,,,,,,0,,,,,,,,,,,,,,,,,,
16563,simple,610020,,610020,1,0,visible,,,,,taxable,,1,,,0,0,,,,,0,,,60,เสื้อผ้าและเครื่องประดับ,,,https://punpunkun.com/wp-content/uploads/2021/09/00610020-60-1-1.jpg,,,,,,,,,0,,,,,,,,,,,,,,,,,,
16565,simple,610021,,610021,1,0,visible,,,,,taxable,,1,,,0,0,,,,,0,,,60,เสื้อผ้าและเครื่องประดับ,,,https://punpunkun.com/wp-content/uploads/2021/09/00610021-60--rotated.jpg,,,,,,,,,0,,,,,,,,,,,,,,,,,,
16567,simple,610023,,610023,1,0,visible,,,,,taxable,,1,,,0,0,,,,,0,,,60,เสื้อผ้าและเครื่องประดับ,,,https://punpunkun.com/wp-content/uploads/2021/09/00610023-60-1-1.jpg,,,,,,,,,0,,,,,,,,,,,,,,,,,,
16569,simple,610025,,610025,1,0,visible,,,,,taxable,,0,,,0,0,,,,,0,,,60,เสื้อผ้าและเครื่องประดับ,,,https://punpunkun.com/wp-content/uploads/2021/09/00610025-60-1-1.jpg,,,,,,,,,0,,,,,,,,,,,,,,,,,,
16571,simple,610026,,610026,1,0,visible,,,,,taxable,,1,,,0,0,,,,,0,,,60,เสื้อผ้าและเครื่องประดับ,,,https://punpunkun.com/wp-content/uploads/2021/09/00610026-60--rotated.jpg,,,,,,,,,0,,,,,,,,,,,,,,,,,,
16573,simple,610027,,610027,1,0,visible,,,,,taxable,,1,,,0,0,,,,,0,,,60,เสื้อผ้าและเครื่องประดับ,,,https://punpunkun.com/wp-content/uploads/2021/09/00610027-60--rotated.jpg,,,,,,,,,0,,,,,,,,,,,,,,,,,,
16575,simple,610028,,610028,1,0,visible,,,,,taxable,,1,,,0,0,,,,,0,,,60,เสื้อผ้าและเครื่องประดับ,,,https://punpunkun.com/wp-content/uploads/2021/09/00610028-60--rotated.jpg,,,,,,,,,0,,,,,,,,,,,,,,,,,,
16577,simple,610029,,610029,1,0,visible,,,,,taxable,,1,,,0,0,,,,,0,,,60,เสื้อผ้าและเครื่องประดับ,,,https://punpunkun.com/wp-content/uploads/2021/09/00610029-60--rotated.jpg,,,,,,,,,0,,,,,,,,,,,,,,,,,,
16579,simple,610030,,610030,1,0,visible,,,,,taxable,,1,,,0,0,,,,,0,,,60,เสื้อผ้าและเครื่องประดับ,,,https://punpunkun.com/wp-content/uploads/2021/09/00610030-60--rotated.jpg,,,,,,,,,0,,,,,,,,,,,,,,,,,,
16581,simple,610032,,610032,1,0,visible,,,,,taxable,,0,,,0,0,,,,,0,,,60,เสื้อผ้าและเครื่องประดับ,,,https://punpunkun.com/wp-content/uploads/2021/09/00610032-60--rotated.jpg,,,,,,,,,0,,,,,,,,,,,,,,,,,,
16583,simple,610033,,610033,1,0,visible,,,,,taxable,,1,,,0,0,,,,,0,,,60,ของเล่นและเครื่องนอนการตกแต่ง,,,https://punpunkun.com/wp-content/uploads/2021/09/00610033-60--rotated.jpg,,,,,,,,,0,,,,,,,,,,,,,,,,,,
16585,simple,610034,,610034,1,0,visible,,,,,taxable,,1,,,0,0,,,,,0,,,60,ของเล่นและเครื่องนอนการตกแต่ง,,,https://punpunkun.com/wp-content/uploads/2021/09/00610034-60--rotated.jpg,,,,,,,,,0,,,,,,,,,,,,,,,,,,
16587,simple,610035,,610035,1,0,visible,,,,,taxable,,1,,,0,0,,,,,0,,,60,สินค้าและอุปกรณ์สำหรับเด็ก,,,https://punpunkun.com/wp-content/uploads/2021/09/00610035-60--rotated.jpg,,,,,,,,,0,,,,,,,,,,,,,,,,,,
16589,simple,610036,,610036,1,0,visible,,,,,taxable,,1,,,0,0,,,,,0,,,80,ของเล่นและเครื่องนอนการตกแต่ง,,,https://punpunkun.com/wp-content/uploads/2021/09/00610036-80-.jpg,,,,,,,,,0,,,,,,,,,,,,,,,,,,
16591,simple,610038,,610038,1,0,visible,,,,,taxable,,0,,,0,0,,,,,0,,,200,ของเล่นและเครื่องนอนการตกแต่ง,,,https://punpunkun.com/wp-content/uploads/2021/09/00610038-200--rotated.jpg,,,,,,,,,0,,,,,,,,,,,,,,,,,,New
16593,simple,610039,,610039,1,0,visible,,,,,taxable,,1,,,0,0,,,,,0,,,120,หนังสือและการเรียนรู้,,,https://punpunkun.com/wp-content/uploads/2021/09/00610039-120-.jpg,,,,,,,,,0,,,,,,,,,,,,,,,,,,
16595,simple,610040,,610040,1,0,visible,,,,,taxable,,1,,,0,0,,,,,0,,,60,หนังสือและการเรียนรู้,,,https://punpunkun.com/wp-content/uploads/2021/09/00610040-60--rotated.jpg,,,,,,,,,0,,,,,,,,,,,,,,,,,,
16598,simple,610041,,610041,1,0,visible,,,,,taxable,,1,,,0,0,,,,,0,,,60,หนังสือและการเรียนรู้,,,https://punpunkun.com/wp-content/uploads/2021/09/00610041-60-.jpg,,,,,,,,,0,,,,,,,,,,,,,,,,,,
16600,simple,610042,,610042,1,0,visible,,,,,taxable,,1,,,0,0,,,,,0,,,60,หนังสือและการเรียนรู้,,,https://punpunkun.com/wp-content/uploads/2021/09/00610042-60-.jpg,,,,,,,,,0,,,,,,,,,,,,,,,,,,
16602,simple,610043,,610043,1,0,visible,,,,,taxable,,1,,,0,0,,,,,0,,,60,หนังสือและการเรียนรู้,,,https://punpunkun.com/wp-content/uploads/2021/09/00610043-60--e1632797759464.jpg,,,,,,,,,0,,,,,,,,,,,,,,,,,,
16604,simple,610044,,610044,1,0,visible,,,,,taxable,,1,,,0,0,,,,,0,,,60,หนังสือและการเรียนรู้,,,https://punpunkun.com/wp-content/uploads/2021/09/00610044-60-.jpg,,,,,,,,,0,,,,,,,,,,,,,,,,,,
16606,simple,610045,,610045,1,0,visible,,,,,taxable,,1,,,0,0,,,,,0,,,40,หนังสือและการเรียนรู้,,,https://punpunkun.com/wp-content/uploads/2021/09/00610045-40-.jpg,,,,,,,,,0,,,,,,,,,,,,,,,,,,
16608,simple,610046,,610046,1,0,visible,,,,,taxable,,1,,,0,0,,,,,0,,,40,หนังสือและการเรียนรู้,,,https://punpunkun.com/wp-content/uploads/2021/09/00610046-40-.jpg,,,,,,,,,0,,,,,,,,,,,,,,,,,,
16611,simple,610047,,610047,1,0,visible,,,,,taxable,,1,,,0,0,,,,,0,,,40,หนังสือและการเรียนรู้,,,https://punpunkun.com/wp-content/uploads/2021/09/00610047-40-.jpg,,,,,,,,,0,,,,,,,,,,,,,,,,,,
16615,simple,610048,,610048,1,0,visible,,,,,taxable,,1,,,0,0,,,,,0,,,40,หนังสือและการเรียนรู้,,,https://punpunkun.com/wp-content/uploads/2021/09/00610048-40-.jpg,,,,,,,,,0,,,,,,,,,,,,,,,,,,
16618,simple,610049,,610049,1,0,visible,,,,,taxable,,1,,,0,0,,,,,0,,,40,หนังสือและการเรียนรู้,,,https://punpunkun.com/wp-content/uploads/2021/09/00610049-40-.jpg,,,,,,,,,0,,,,,,,,,,,,,,,,,,
16620,simple,610050,,610050,1,0,visible,,,,,taxable,,1,,,0,0,,,,,0,,,60,หนังสือและการเรียนรู้,,,https://punpunkun.com/wp-content/uploads/2021/09/00610050-60--e1632798385765.jpg,,,,,,,,,0,,,,,,,,,,,,,,,,,,
16624,simple,610051,,610051,1,0,visible,,,,,taxable,,1,,,0,0,,,,,0,,,80,หนังสือและการเรียนรู้,,,https://punpunkun.com/wp-content/uploads/2021/09/00610051-80-.jpg,,,,,,,,,0,,,,,,,,,,,,,,,,,,
16626,simple,610052,,610052,1,0,visible,,,,,taxable,,1,,,0,0,,,,,0,,,40,หนังสือและการเรียนรู้,,,https://punpunkun.com/wp-content/uploads/2021/09/00610052-40-.jpg,,,,,,,,,0,,,,,,,,,,,,,,,,,,
16628,simple,610053,,610053,1,0,visible,,,,,taxable,,1,,,0,0,,,,,0,,,40,หนังสือและการเรียนรู้,,,https://punpunkun.com/wp-content/uploads/2021/09/00610053-40-.jpg,,,,,,,,,0,,,,,,,,,,,,,,,,,,
16630,simple,610054,,610054,1,0,visible,,,,,taxable,,1,,,0,0,,,,,0,,,40,หนังสือและการเรียนรู้,,,https://punpunkun.com/wp-content/uploads/2021/09/00610054-40-.jpg,,,,,,,,,0,,,,,,,,,,,,,,,,,,
16632,simple,610055,,610055,1,0,visible,,,,,taxable,,1,,,0,0,,,,,0,,,40,หนังสือและการเรียนรู้,,,https://punpunkun.com/wp-content/uploads/2021/09/00610055-40--rotated.jpg,,,,,,,,,0,,,,,,,,,,,,,,,,,,
16634,simple,610056,,610056,1,0,visible,,,,,taxable,,1,,,0,0,,,,,0,,,40,หนังสือและการเรียนรู้,,,https://punpunkun.com/wp-content/uploads/2021/09/00610056-40-.jpg,,,,,,,,,0,,,,,,,,,,,,,,,,,,
16636,simple,610057,,610057,1,0,visible,,,,,taxable,,1,,,0,0,,,,,0,,,60,หนังสือและการเรียนรู้,,,https://punpunkun.com/wp-content/uploads/2021/09/00610057-60--rotated.jpg,,,,,,,,,0,,,,,,,,,,,,,,,,,,
16638,simple,610058,,610058,1,0,visible,,,,,taxable,,1,,,0,0,,,,,0,,,40,หนังสือและการเรียนรู้,,,https://punpunkun.com/wp-content/uploads/2021/09/00610058-40--rotated.jpg,,,,,,,,,0,,,,,,,,,,,,,,,,,,
16640,simple,610059,,610059,1,0,visible,,,,,taxable,,1,,,0,0,,,,,0,,,40,หนังสือและการเรียนรู้,,,https://punpunkun.com/wp-content/uploads/2021/09/00610059-40--rotated.jpg,,,,,,,,,0,,,,,,,,,,,,,,,,,,
16642,simple,610060,,610060,1,0,visible,,,,,taxable,,1,,,0,0,,,,,0,,,40,หนังสือและการเรียนรู้,,,https://punpunkun.com/wp-content/uploads/2021/09/00610060-40--rotated.jpg,,,,,,,,,0,,,,,,,,,,,,,,,,,,
16644,simple,610061,,610061,1,0,visible,,,,,taxable,,1,,,0,0,,,,,0,,,40,หนังสือและการเรียนรู้,,,https://punpunkun.com/wp-content/uploads/2021/09/00610061-40--rotated.jpg,,,,,,,,,0,,,,,,,,,,,,,,,,,,
16646,simple,610062,,610062,1,0,visible,,,,,taxable,,1,,,0,0,,,,,0,,,40,หนังสือและการเรียนรู้,,,https://punpunkun.com/wp-content/uploads/2021/09/00610062-40--rotated.jpg,,,,,,,,,0,,,,,,,,,,,,,,,,,,
16648,simple,610063,,610063,1,0,visible,,,,,taxable,,1,,,0,0,,,,,0,,,40,หนังสือและการเรียนรู้,,,https://punpunkun.com/wp-content/uploads/2021/09/00610063-40--rotated.jpg,,,,,,,,,0,,,,,,,,,,,,,,,,,,
16650,simple,610064,,610064,1,0,visible,,,,,taxable,,1,,,0,0,,,,,0,,,40,หนังสือและการเรียนรู้,,,https://punpunkun.com/wp-content/uploads/2021/09/00610064-40--rotated.jpg,,,,,,,,,0,,,,,,,,,,,,,,,,,,
16652,simple,610065,,610065,1,0,visible,,,,,taxable,,1,,,0,0,,,,,0,,,40,หนังสือและการเรียนรู้,,,https://punpunkun.com/wp-content/uploads/2021/09/00610065-40-.jpg,,,,,,,,,0,,,,,,,,,,,,,,,,,,
16654,simple,610066,,610066,1,0,visible,,,,,taxable,,1,,,0,0,,,,,0,,,40,หนังสือและการเรียนรู้,,,https://punpunkun.com/wp-content/uploads/2021/09/00610066-40-.jpg,,,,,,,,,0,,,,,,,,,,,,,,,,,,
16656,simple,610067,,610067,1,0,visible,,,,,taxable,,1,,,0,0,,,,,0,,,40,หนังสือและการเรียนรู้,,,https://punpunkun.com/wp-content/uploads/2021/09/00610067-40-.jpg,,,,,,,,,0,,,,,,,,,,,,,,,,,,
16658,simple,610068,,610068,1,0,visible,,,,,taxable,,1,,,0,0,,,,,0,,,40,หนังสือและการเรียนรู้,,,https://punpunkun.com/wp-content/uploads/2021/09/00610068-40-.jpg,,,,,,,,,0,,,,,,,,,,,,,,,,,,
16660,simple,610069,,610069,1,0,visible,,,,,taxable,,1,,,0,0,,,,,0,,,40,หนังสือและการเรียนรู้,,,https://punpunkun.com/wp-content/uploads/2021/09/00610069-40-.jpg,,,,,,,,,0,,,,,,,,,,,,,,,,,,
16662,simple,610070,,610070,1,0,visible,,,,,taxable,,1,,,0,0,,,,,0,,,40,หนังสือและการเรียนรู้,,,https://punpunkun.com/wp-content/uploads/2021/09/00610070-40-.jpg,,,,,,,,,0,,,,,,,,,,,,,,,,,,
16664,simple,610071,,610071,1,0,visible,,,,,taxable,,1,,,0,0,,,,,0,,,40,หนังสือและการเรียนรู้,,,https://punpunkun.com/wp-content/uploads/2021/09/00610071-40-.jpg,,,,,,,,,0,,,,,,,,,,,,,,,,,,
16666,simple,610072,,610072,1,0,visible,,,,,taxable,,1,,,0,0,,,,,0,,,40,หนังสือและการเรียนรู้,,,https://punpunkun.com/wp-content/uploads/2021/09/00610072-40-.jpg,,,,,,,,,0,,,,,,,,,,,,,,,,,,
16668,simple,610073,,610073,1,0,visible,,,,,taxable,,1,,,0,0,,,,,0,,,60,หนังสือและการเรียนรู้,,,https://punpunkun.com/wp-content/uploads/2021/09/00610073-60-.jpg,,,,,,,,,0,,,,,,,,,,,,,,,,,,
16670,simple,610074,,610074,1,0,visible,,,,,taxable,,1,,,0,0,,,,,0,,,60,หนังสือและการเรียนรู้,,,https://punpunkun.com/wp-content/uploads/2021/09/00610074-60--rotated.jpg,,,,,,,,,0,,,,,,,,,,,,,,,,,,
16672,simple,610075,,610075,1,0,visible,,,,,taxable,,1,,,0,0,,,,,0,,,60,หนังสือและการเรียนรู้,,,https://punpunkun.com/wp-content/uploads/2021/09/00610075-60--rotated.jpg,,,,,,,,,0,,,,,,,,,,,,,,,,,,
16674,simple,610076,,610076,1,0,visible,,,,,taxable,,1,,,0,0,,,,,0,,,80,หนังสือและการเรียนรู้,,,https://punpunkun.com/wp-content/uploads/2021/09/00610076-80--rotated-e1632799475681.jpg,,,,,,,,,0,,,,,,,,,,,,,,,,,,
16676,simple,710001,,710001,1,0,visible,,,,,taxable,,1,1,,0,0,,,,,0,,,150,สินค้าและอุปกรณ์สำหรับเด็ก,,,https://punpunkun.com/wp-content/uploads/2021/09/00710001-150--rotated.jpg,,,,,,,,,0,,,,,,,,,,,,,,,,,,
16678,simple,710002,,710002,1,0,visible,,,,,taxable,,1,1,,0,0,,,,,0,,,100,สินค้าและอุปกรณ์สำหรับเด็ก,,,https://punpunkun.com/wp-content/uploads/2021/09/00710002-100--rotated.jpg,,,,,,,,,0,,,,,,,,,,,,,,,,,,
16680,simple,710003,,710003,1,0,visible,,,,,taxable,,1,1,,0,0,,,,,0,,,100,สินค้าและอุปกรณ์สำหรับเด็ก,,,https://punpunkun.com/wp-content/uploads/2021/09/00710003-100--rotated.jpg,,,,,,,,,0,,,,,,,,,,,,,,,,,,
16682,simple,710004,,710004,1,0,visible,,,,,taxable,,1,1,,0,0,,,,,0,,,60,สินค้าและอุปกรณ์สำหรับเด็ก,,,https://punpunkun.com/wp-content/uploads/2021/09/00710004-60--rotated.jpg,,,,,,,,,0,,,,,,,,,,,,,,,,,,
16684,simple,710005,,710005,1,0,visible,,,,,taxable,,1,1,,0,0,,,,,0,,,200,สินค้าและอุปกรณ์สำหรับเด็ก,,,https://punpunkun.com/wp-content/uploads/2021/09/00710005-200--rotated.jpg,,,,,,,,,0,,,,,,,,,,,,,,,,,,
16686,simple,710006,,710006,1,0,visible,,,,,taxable,,1,1,,0,0,,,,,0,,,60,สินค้าและอุปกรณ์สำหรับเด็ก,,,https://punpunkun.com/wp-content/uploads/2021/09/00710006-60--rotated.jpg,,,,,,,,,0,,,,,,,,,,,,,,,,,,
16689,simple,710007,,710007,1,0,visible,,,,,taxable,,1,1,,0,0,,,,,0,,,60,สินค้าและอุปกรณ์สำหรับเด็ก,,,https://punpunkun.com/wp-content/uploads/2021/09/00710007-60-.jpg,,,,,,,,,0,,,,,,,,,,,,,,,,,,
16691,simple,810001,,810001,1,0,visible,,,,,taxable,,1,1,,0,0,,,,,0,,,60,สินค้าและอุปกรณ์สำหรับเด็ก,,,https://punpunkun.com/wp-content/uploads/2021/09/00810001-60--rotated.jpg,,,,,,,,,0,,,,,,,,,,,,,,,,,,
16693,simple,810002,,810002,1,0,visible,,,,,taxable,,1,1,,0,0,,,,,0,,,60,สินค้าและอุปกรณ์สำหรับเด็ก,,,https://punpunkun.com/wp-content/uploads/2021/09/00810002-60--rotated.jpg,,,,,,,,,0,,,,,,,,,,,,,,,,,,
16695,simple,810003,,810003,1,0,visible,,,,,taxable,,1,1,,0,0,,,,,0,,,60,สินค้าและอุปกรณ์สำหรับเด็ก,,,https://punpunkun.com/wp-content/uploads/2021/09/00810003-60--rotated.jpg,,,,,,,,,0,,,,,,,,,,,,,,,,,,
16697,simple,810004,,810004,1,0,visible,,,,,taxable,,1,1,,0,0,,,,,0,,,60,สินค้าและอุปกรณ์สำหรับเด็ก,,,https://punpunkun.com/wp-content/uploads/2021/09/00810004-60--rotated.jpg,,,,,,,,,0,,,,,,,,,,,,,,,,,,
16699,simple,810005,,810005,1,0,visible,,,,,taxable,,1,1,,0,0,,,,,0,,,60,สินค้าและอุปกรณ์สำหรับเด็ก,,,https://punpunkun.com/wp-content/uploads/2021/09/00810005-60--rotated.jpg,,,,,,,,,0,,,,,,,,,,,,,,,,,,
16701,simple,810006,,810006,1,0,visible,,,,,taxable,,1,1,,0,0,,,,,0,,,80,สินค้าและอุปกรณ์สำหรับเด็ก,,,https://punpunkun.com/wp-content/uploads/2021/09/00810006-80--rotated.jpg,,,,,,,,,0,,,,,,,,,,,,,,,,,,
16704,simple,810008,,810008,1,0,visible,,,,,taxable,,1,1,,0,0,,,,,0,,,80,สินค้าและอุปกรณ์สำหรับเด็ก,,,https://punpunkun.com/wp-content/uploads/2021/09/00810008-80--rotated.jpg,,,,,,,,,0,,,,,,,,,,,,,,,,,,
16706,simple,810009,,810009,1,0,visible,,,,,taxable,,1,1,,0,0,,,,,0,,,80,สินค้าและอุปกรณ์สำหรับเด็ก,,,https://punpunkun.com/wp-content/uploads/2021/09/00810009-80--rotated.jpg,,,,,,,,,0,,,,,,,,,,,,,,,,,,
16708,simple,810010,,810010,1,0,visible,,,,,taxable,,1,1,,0,0,,,,,0,,,80,สินค้าและอุปกรณ์สำหรับเด็ก,,,https://punpunkun.com/wp-content/uploads/2021/09/00810010-80--rotated.jpg,,,,,,,,,0,,,,,,,,,,,,,,,,,,
16710,simple,,,810010,1,0,visible,,,,,taxable,,1,1,,0,0,,,,,0,,,80,สินค้าและอุปกรณ์สำหรับเด็ก,,,https://punpunkun.com/wp-content/uploads/2021/09/00810010-80--rotated.jpg,,,,,,,,,0,,,,,,,,,,,,,,,,,,
16712,simple,810011,,810011,1,0,visible,,,,,taxable,,1,1,,0,0,,,,,0,,,80,สินค้าและอุปกรณ์สำหรับเด็ก,,,https://punpunkun.com/wp-content/uploads/2021/09/00810011-80--rotated.jpg,,,,,,,,,0,,,,,,,,,,,,,,,,,,
16714,simple,810012,,810012,1,0,visible,,,,,taxable,,1,1,,0,0,,,,,0,,,60,สินค้าและอุปกรณ์สำหรับเด็ก,,,https://punpunkun.com/wp-content/uploads/2021/09/00810012-60--e1632800708935.jpg,,,,,,,,,0,,,,,,,,,,,,,,,,,,
16717,simple,810013,,810013,1,0,visible,,,,,taxable,,1,1,,0,0,,,,,0,,,60,สินค้าและอุปกรณ์สำหรับเด็ก,,,https://punpunkun.com/wp-content/uploads/2021/09/00810013-60--rotated.jpg,,,,,,,,,0,,,,,,,,,,,,,,,,,,
16719,simple,810014,,810014,1,0,visible,,,,,taxable,,1,1,,0,0,,,,,0,,,60,สินค้าและอุปกรณ์สำหรับเด็ก,,,https://punpunkun.com/wp-content/uploads/2021/09/00810014-60--rotated.jpg,,,,,,,,,0,,,,,,,,,,,,,,,,,,
16721,simple,810015,,810015,1,0,visible,,,,,taxable,,1,1,,0,0,,,,,0,,,40,สินค้าและอุปกรณ์สำหรับเด็ก,,,https://punpunkun.com/wp-content/uploads/2021/09/00810015-40--rotated.jpg,,,,,,,,,0,,,,,,,,,,,,,,,,,,
16723,simple,810016,,810016,1,0,visible,,,,,taxable,,1,1,,0,0,,,,,0,,,40,สินค้าและอุปกรณ์สำหรับเด็ก,,,https://punpunkun.com/wp-content/uploads/2021/09/00810016-40--rotated.jpg,,,,,,,,,0,,,,,,,,,,,,,,,,,,
16725,simple,810017,,810017,1,0,visible,,,,,taxable,,1,1,,0,0,,,,,0,,,40,สินค้าและอุปกรณ์สำหรับเด็ก,,,https://punpunkun.com/wp-content/uploads/2021/09/00810017-40--rotated.jpg,,,,,,,,,0,,,,,,,,,,,,,,,,,,
16727,simple,810018,,810018,1,0,visible,,,,,taxable,,1,1,,0,0,,,,,0,,,40,สินค้าและอุปกรณ์สำหรับเด็ก,,,https://punpunkun.com/wp-content/uploads/2021/09/00810018-40--rotated.jpg,,,,,,,,,0,,,,,,,,,,,,,,,,,,
16729,simple,810019,,810019,1,0,visible,,,,,taxable,,1,1,,0,0,,,,,0,,,40,สินค้าและอุปกรณ์สำหรับเด็ก,,,https://punpunkun.com/wp-content/uploads/2021/09/00810019-40--rotated.jpg,,,,,,,,,0,,,,,,,,,,,,,,,,,,
16731,simple,810020,,810020,1,0,visible,,,,,taxable,,1,1,,0,0,,,,,0,,,40,สินค้าและอุปกรณ์สำหรับเด็ก,,,https://punpunkun.com/wp-content/uploads/2021/09/00810020-40--rotated.jpg,,,,,,,,,0,,,,,,,,,,,,,,,,,,
16733,simple,810021,,810021,1,0,visible,,,,,taxable,,1,1,,0,0,,,,,0,,,80,สินค้าและอุปกรณ์สำหรับเด็ก,,,https://punpunkun.com/wp-content/uploads/2021/09/00810021-80--rotated.jpg,,,,,,,,,0,,,,,,,,,,,,,,,,,,
16735,simple,810022,,810022,1,0,visible,,,,,taxable,,1,1,,0,0,,,,,0,,,100,สินค้าและอุปกรณ์สำหรับเด็ก,,,https://punpunkun.com/wp-content/uploads/2021/09/00810022-100--rotated.jpg,,,,,,,,,0,,,,,,,,,,,,,,,,,,
16737,simple,810023,,810023,1,0,visible,,,,,taxable,,1,1,,0,0,,,,,0,,,100,สินค้าและอุปกรณ์สำหรับเด็ก,,,https://punpunkun.com/wp-content/uploads/2021/09/00810023-100--rotated.jpg,,,,,,,,,0,,,,,,,,,,,,,,,,,,
16739,simple,810024,,810024,1,0,visible,,,,,taxable,,1,1,,0,0,,,,,0,,,120,สินค้าและอุปกรณ์สำหรับเด็ก,,,https://punpunkun.com/wp-content/uploads/2021/09/00810024-120--rotated.jpg,,,,,,,,,0,,,,,,,,,,,,,,,,,,
16741,simple,910001,,910001,1,0,visible,,,,,taxable,,1,1,,0,0,,,,,0,,,80,สินค้าและอุปกรณ์สำหรับเด็ก,,,https://punpunkun.com/wp-content/uploads/2021/09/00910001-80--rotated.jpg,,,,,,,,,0,,,,,,,,,,,,,,,,,,
16743,simple,910002,,910002,1,0,visible,,,,,taxable,,1,1,,0,0,,,,,0,,,60,สินค้าและอุปกรณ์สำหรับเด็ก,,,https://punpunkun.com/wp-content/uploads/2021/09/00910002-60--rotated.jpg,,,,,,,,,0,,,,,,,,,,,,,,,,,,
16745,simple,910003,,910003,1,0,visible,,,,,taxable,,1,1,,0,0,,,,,0,,,80,สินค้าและอุปกรณ์สำหรับเด็ก,,,https://punpunkun.com/wp-content/uploads/2021/09/00910003-80--rotated.jpg,,,,,,,,,0,,,,,,,,,,,,,,,,,,
16747,simple,910004,,910004,1,0,visible,,,,,taxable,,1,1,,0,0,,,,,0,,,100,สินค้าและอุปกรณ์สำหรับเด็ก,,,https://punpunkun.com/wp-content/uploads/2021/09/00910004-100--rotated.jpg,,,,,,,,,0,,,,,,,,,,,,,,,,,,
16749,simple,910005,,910005,1,0,visible,,,,,taxable,,0,,,0,0,,,,,0,,,60,เสื้อผ้าและเครื่องประดับ,,,https://punpunkun.com/wp-content/uploads/2021/09/00910005-60--rotated.jpg,,,,,,,,,0,,,,,,,,,,,,,,,,,,New
16751,simple,910006,,910006,1,0,visible,,,,,taxable,,1,1,,0,0,,,,,0,,,100,สินค้าและอุปกรณ์สำหรับเด็ก,,,https://punpunkun.com/wp-content/uploads/2021/09/00910006-100--rotated.jpg,,,,,,,,,0,,,,,,,,,,,,,,,,,,
16753,simple,910007,,910007,1,0,visible,,,,,taxable,,1,1,,0,0,,,,,0,,,40,สินค้าและอุปกรณ์สำหรับเด็ก,,,https://punpunkun.com/wp-content/uploads/2021/09/00910007-40-1-1.jpg,,,,,,,,,0,,,,,,,,,,,,,,,,,,
16755,simple,910008,,910008,1,0,visible,,,,,taxable,,1,1,,0,0,,,,,0,,,40,สินค้าและอุปกรณ์สำหรับเด็ก,,,https://punpunkun.com/wp-content/uploads/2021/09/00910008-40-1-1.jpg,,,,,,,,,0,,,,,,,,,,,,,,,,,,
16757,simple,910009,,910009,1,0,visible,,,,,taxable,,0,0,,0,0,,,,,0,,,60,สินค้าและอุปกรณ์สำหรับเด็ก,,,https://punpunkun.com/wp-content/uploads/2021/09/00910009-60--rotated.jpg,,,,,,,,,0,,,,,,,,,,,,,,,,,,
16759,simple,910010,,910010,1,0,visible,,,,,taxable,,1,1,,0,0,,,,,0,,,40,สินค้าและอุปกรณ์สำหรับเด็ก,,,https://punpunkun.com/wp-content/uploads/2021/09/00910010-40-1-1.jpg,,,,,,,,,0,,,,,,,,,,,,,,,,,,
16761,simple,910011,,910011,1,0,visible,,,,,taxable,,1,1,,0,0,,,,,0,,,40,สินค้าและอุปกรณ์สำหรับเด็ก,,,https://punpunkun.com/wp-content/uploads/2021/09/00910011-40--rotated-e1632801998341.jpg,,,,,,,,,0,,,,,,,,,,,,,,,,,,
16764,simple,910012,,910012,1,0,visible,,,,,taxable,,1,1,,0,0,,,,,0,,,60,สินค้าและอุปกรณ์สำหรับเด็ก,,,https://punpunkun.com/wp-content/uploads/2021/09/00910012-60--rotated.jpg,,,,,,,,,0,,,,,,,,,,,,,,,,,,
16766,simple,910014,,910014,1,0,visible,,,,,taxable,,1,1,,0,0,,,,,0,,,40,สินค้าและอุปกรณ์สำหรับเด็ก,,,https://punpunkun.com/wp-content/uploads/2021/09/00910014-40--rotated.jpg,,,,,,,,,0,,,,,,,,,,,,,,,,,,
16767,simple,910013,,910013,1,0,visible,,,,,taxable,,1,1,,0,0,,,,,0,,,60,สินค้าและอุปกรณ์สำหรับเด็ก,,,https://punpunkun.com/wp-content/uploads/2021/09/00910013-60--e1632802100117.jpg,,,,,,,,,0,,,,,,,,,,,,,,,,,,
16770,simple,910016,,910016,1,0,visible,,,,,taxable,,1,1,,0,0,,,,,0,,,40,สินค้าและอุปกรณ์สำหรับเด็ก,,,https://punpunkun.com/wp-content/uploads/2021/09/00910016-40--rotated.jpg,,,,,,,,,0,,,,,,,,,,,,,,,,,,
16773,simple,910019,,910019,1,0,visible,,,,,taxable,,1,1,,0,0,,,,,0,,,40,สินค้าและอุปกรณ์สำหรับเด็ก,,,https://punpunkun.com/wp-content/uploads/2021/09/00910019-40--rotated.jpg,,,,,,,,,0,,,,,,,,,,,,,,,,,,
16775,simple,910021,,910021,1,0,visible,,,,,taxable,,1,1,,0,0,,,,,0,,,40,สินค้าและอุปกรณ์สำหรับเด็ก,,,https://punpunkun.com/wp-content/uploads/2021/09/00910021-40--rotated.jpg,,,,,,,,,0,,,,,,,,,,,,,,,,,,
16776,simple,910020,,910020,1,0,visible,,,,,taxable,,1,1,,0,0,,,,,0,,,60,สินค้าและอุปกรณ์สำหรับเด็ก,,,https://punpunkun.com/wp-content/uploads/2021/09/00910020-60--rotated.jpg,,,,,,,,,0,,,,,,,,,,,,,,,,,,
16778,simple,910022,,910022,1,0,visible,,,,,taxable,,1,1,,0,0,,,,,0,,,40,สินค้าและอุปกรณ์สำหรับเด็ก,,,https://punpunkun.com/wp-content/uploads/2021/09/00910022-40--rotated.jpg,,,,,,,,,0,,,,,,,,,,,,,,,,,,
16780,simple,910023,,910023,1,0,visible,,,,,taxable,,1,1,,0,0,,,,,0,,,60,สินค้าและอุปกรณ์สำหรับเด็ก,,,https://punpunkun.com/wp-content/uploads/2021/09/00910023-60--rotated.jpg,,,,,,,,,0,,,,,,,,,,,,,,,,,,
16783,simple,910024,,910024,1,0,visible,,,,,taxable,,1,1,,0,0,,,,,0,,,40,สินค้าและอุปกรณ์สำหรับเด็ก,,,https://punpunkun.com/wp-content/uploads/2021/09/00910024-40--rotated.jpg,,,,,,,,,0,,,,,,,,,,,,,,,,,,
16784,simple,910025,,910025,1,0,visible,,,,,taxable,,1,1,,0,0,,,,,0,,,40,สินค้าและอุปกรณ์สำหรับเด็ก,,,https://punpunkun.com/wp-content/uploads/2021/09/00910025-40-.jpg,,,,,,,,,0,,,,,,,,,,,,,,,,,,
16786,simple,910026,,910026,1,0,visible,,,,,taxable,,1,1,,0,0,,,,,0,,,40,สินค้าและอุปกรณ์สำหรับเด็ก,,,https://punpunkun.com/wp-content/uploads/2021/09/00910026-40--rotated.jpg,,,,,,,,,0,,,,,,,,,,,,,,,,,,
16788,simple,910028,,910028,1,0,visible,,,,,taxable,,1,1,,0,0,,,,,0,,,40,สินค้าและอุปกรณ์สำหรับเด็ก,,,https://punpunkun.com/wp-content/uploads/2021/09/00910028-40--rotated.jpg,,,,,,,,,0,,,,,,,,,,,,,,,,,,
16790,simple,910029,,910029,1,0,visible,,,,,taxable,,1,1,,0,0,,,,,0,,,40,สินค้าและอุปกรณ์สำหรับเด็ก,,,https://punpunkun.com/wp-content/uploads/2021/09/00910029-40--rotated.jpg,,,,,,,,,0,,,,,,,,,,,,,,,,,,
16792,simple,910030,,910030,1,0,visible,,,,,taxable,,1,1,,0,0,,,,,0,,,40,หนังสือและดนตรี,,,https://punpunkun.com/wp-content/uploads/2021/09/00910030-40--e1632802976708.jpg,,,,,,,,,0,,,,,,,,,,,,,,,,,,
16794,simple,910031,,910031,1,0,visible,,,,,taxable,,1,1,,0,0,,,,,0,,,40,หนังสือและดนตรี,,,https://punpunkun.com/wp-content/uploads/2021/09/00910031-40--rotated.jpg,,,,,,,,,0,,,,,,,,,,,,,,,,,,
16796,simple,910032,,910032,1,0,visible,,,,,taxable,,1,1,,0,0,,,,,0,,,40,หนังสือและดนตรี,,,https://punpunkun.com/wp-content/uploads/2021/09/00910032-40--rotated.jpg,,,,,,,,,0,,,,,,,,,,,,,,,,,,
16798,simple,910040,,910040,1,0,visible,,,,,taxable,,1,1,,0,0,,,,,0,,,40,สินค้าและอุปกรณ์สำหรับเด็ก,,,https://punpunkun.com/wp-content/uploads/2021/09/00910040-40--rotated.jpg,,,,,,,,,0,,,,,,,,,,,,,,,,,,
16800,simple,910041,,910041,1,0,visible,,,,,taxable,,1,1,,0,0,,,,,0,,,100,สินค้าและอุปกรณ์สำหรับเด็ก,,,https://punpunkun.com/wp-content/uploads/2021/09/00910041-100--rotated.jpg,,,,,,,,,0,,,,,,,,,,,,,,,,,,
16802,simple,1010001,,1010001,1,0,visible,,,,,taxable,,1,1,,0,0,,,,,0,,,60,สินค้าและอุปกรณ์สำหรับเด็ก,,,https://punpunkun.com/wp-content/uploads/2021/09/01010001-60-.jpg,,,,,,,,,0,,,,,,,,,,,,,,,,,,
16804,simple,1010002,,1010002,1,0,visible,,,,,taxable,,1,1,,0,0,,,,,0,,,40,สินค้าและอุปกรณ์สำหรับเด็ก,,,https://punpunkun.com/wp-content/uploads/2021/09/01010002-40-.jpg,,,,,,,,,0,,,,,,,,,,,,,,,,,,
16806,simple,1010003,,1010003,1,0,visible,,,,,taxable,,1,1,,0,0,,,,,0,,,40,สินค้าและอุปกรณ์สำหรับเด็ก,,,https://punpunkun.com/wp-content/uploads/2021/09/01010003-40--rotated.jpg,,,,,,,,,0,,,,,,,,,,,,,,,,,,
16809,simple,1010005,,1010005,1,0,visible,,,,,taxable,,1,1,,0,0,,,,,0,,,60,สินค้าและอุปกรณ์สำหรับเด็ก,,,https://punpunkun.com/wp-content/uploads/2021/09/01010005-60-.jpg,,,,,,,,,0,,,,,,,,,,,,,,,,,,
16810,simple,1010004,,1010004,1,0,visible,,,,,taxable,,0,0,,0,0,,,,,0,,,60,สินค้าและอุปกรณ์สำหรับเด็ก,,,https://punpunkun.com/wp-content/uploads/2021/09/01010004-60-.jpg,,,,,,,,,0,,,,,,,,,,,,,,,,,,
16814,simple,1010007,,1010007,1,0,visible,,,,,taxable,,1,1,,0,0,,,,,0,,,60,สินค้าและอุปกรณ์สำหรับเด็ก,,,https://punpunkun.com/wp-content/uploads/2021/09/01010007-60--rotated.jpg,,,,,,,,,0,,,,,,,,,,,,,,,,,,
16815,simple,1010006,,1010006,1,0,visible,,,,,taxable,,0,0,,0,0,,,,,0,,,60,สินค้าและอุปกรณ์สำหรับเด็ก,,,https://punpunkun.com/wp-content/uploads/2021/09/01010006-60-1-1.jpg,,,,,,,,,0,,,,,,,,,,,,,,,,,,
16817,simple,1010009,,1010009,1,0,visible,,,,,taxable,,1,1,,0,0,,,,,0,,,60,สินค้าและอุปกรณ์สำหรับเด็ก,,,https://punpunkun.com/wp-content/uploads/2021/09/01010009-60--rotated.jpg,,,,,,,,,0,,,,,,,,,,,,,,,,,,
16819,simple,1010011,,1010011,1,0,visible,,,,,taxable,,1,1,,0,0,,,,,0,,,60,สินค้าและอุปกรณ์สำหรับเด็ก,,,https://punpunkun.com/wp-content/uploads/2021/09/01010011-60-1-1.jpg,,,,,,,,,0,,,,,,,,,,,,,,,,,,
16822,simple,1010013,,1010013,1,0,visible,,,,,taxable,,1,1,,0,0,,,,,0,,,60,สินค้าและอุปกรณ์สำหรับเด็ก,,,https://punpunkun.com/wp-content/uploads/2021/09/01010013-60-1-1.jpg,,,,,,,,,0,,,,,,,,,,,,,,,,,,
16823,simple,1010014,,1010014,1,0,visible,,,,,taxable,,1,1,,0,0,,,,,0,,,60,สินค้าและอุปกรณ์สำหรับเด็ก,,,https://punpunkun.com/wp-content/uploads/2021/09/01010014-60-1-1.jpg,,,,,,,,,0,,,,,,,,,,,,,,,,,,
16825,simple,1010016,,1010016,1,0,visible,,,,,taxable,,1,1,,0,0,,,,,0,,,80,สินค้าและอุปกรณ์สำหรับเด็ก,,,https://punpunkun.com/wp-content/uploads/2021/09/01010016-80--rotated.jpg,,,,,,,,,0,,,,,,,,,,,,,,,,,,
16827,simple,1010017,,1010017,1,0,visible,,,,,taxable,,1,1,,0,0,,,,,0,,,80,สินค้าและอุปกรณ์สำหรับเด็ก,,,https://punpunkun.com/wp-content/uploads/2021/09/01010017-80-1-1.jpg,,,,,,,,,0,,,,,,,,,,,,,,,,,,
16829,simple,1010018,,1010018,1,0,visible,,,,,taxable,,1,1,,0,0,,,,,0,,,80,สินค้าและอุปกรณ์สำหรับเด็ก,,,https://punpunkun.com/wp-content/uploads/2021/09/01010018-80--rotated.jpg,,,,,,,,,0,,,,,,,,,,,,,,,,,,
16831,simple,1010020,,1010020,1,0,visible,,,,,taxable,,0,0,,0,0,,,,,0,,,80,สินค้าและอุปกรณ์สำหรับเด็ก,,,https://punpunkun.com/wp-content/uploads/2021/09/01010020-80-1-1.jpg,,,,,,,,,0,,,,,,,,,,,,,,,,,,
16833,simple,1010021,,1010021,1,0,visible,,,,,taxable,,1,1,,0,0,,,,,0,,,80,สินค้าและอุปกรณ์สำหรับเด็ก,,,https://punpunkun.com/wp-content/uploads/2021/09/01010021-80--rotated.jpg,,,,,,,,,0,,,,,,,,,,,,,,,,,,
16835,simple,1010023,,1010023,1,0,visible,,,,,taxable,,1,1,,0,0,,,,,0,,,80,สินค้าและอุปกรณ์สำหรับเด็ก,,,https://punpunkun.com/wp-content/uploads/2021/09/01010023-80--rotated.jpg,,,,,,,,,0,,,,,,,,,,,,,,,,,,
16837,simple,1010024,,1010024,1,0,visible,,,,,taxable,,1,1,,0,0,,,,,0,,,80,สินค้าและอุปกรณ์สำหรับเด็ก,,,https://punpunkun.com/wp-content/uploads/2021/09/01010024-80-.jpg,,,,,,,,,0,,,,,,,,,,,,,,,,,,
16839,simple,1010025,,1010025,1,0,visible,,,,,taxable,,1,1,,0,0,,,,,0,,,80,สินค้าและอุปกรณ์สำหรับเด็ก,,,https://punpunkun.com/wp-content/uploads/2021/09/01010025-80--rotated.jpg,,,,,,,,,0,,,,,,,,,,,,,,,,,,
16857,simple,1100005,,Zara baby footwear collection รองเท้าบูทผ้าใบแฟชั่นสำหรับเด็กผู้ชาย,1,0,visible,รองเท้าบูทแฟชั่นสำหรับเด็กผู้ชาย zara baby สีน้ำตาล EU24 CN150/62,,,,taxable,,1,1,,0,0,1,,,,0,,1870,2490,สินค้าและอุปกรณ์สำหรับเด็ก,,,"https://punpunkun.com/wp-content/uploads/2021/09/743DCF32-1F1C-4B44-A999-F07421AB70EA.jpeg, https://punpunkun.com/wp-content/uploads/2021/09/F0F45B35-E484-4236-B3FF-FBD4DF538744-rotated.jpeg, https://punpunkun.com/wp-content/uploads/2021/09/109241C2-791D-4569-9D88-255D5A45280A-rotated.jpeg, https://punpunkun.com/wp-content/uploads/2021/09/84420F03-8A35-4A1D-B858-05E32C48CB81-rotated.jpeg",,,,,,,,,0,,สี,"สีกรม, สีขาว, สีครีม, สีชมพู, สีดำ, สีน้ำตาล, สีน้ำเงิน, สีฟ้า, สีม่วง, สีส้ม, สีเขียว, สีเทา, สีเหลือง, สีแดง",1,1,เพศ,ชาย,1,1,,,,,,,,,New
16912,simple,1100002,,Mikihouse Baby Shoes ผ้าใบสำหรับเด็ก มิกิเฮาส์ เจ้ากระต่าย,1,0,visible,รองเท้าผ้าใบแฟชั่นสำหรับเด็กผู้หญิง Miki house Baby Shoes สีชมพู ขนาด 12 CM พร้อมกล่อง,,,,taxable,,1,1,,0,0,1,,,,0,,520,3890,สินค้าและอุปกรณ์สำหรับเด็ก,,,"https://punpunkun.com/wp-content/uploads/2021/09/D0E1EDAA-D527-4CD4-B94B-D42F3406B7B6-rotated.jpeg, https://punpunkun.com/wp-content/uploads/2021/10/DBBE5C32-B6AA-4874-A35A-F96631B7A55A.jpeg, https://punpunkun.com/wp-content/uploads/2021/10/22938797-ECB5-4BC3-B15B-F7EA1724D62E.jpeg",,,,,,,,,0,,สี,"สีขาว, สีชมพู, สีแดง",1,1,เพศ,ชาย,1,1,อายุ,1ปี,1,1,,,,,Fair
16926,simple,210008,,210008,-1,0,hidden,,,,,taxable,,1,1,,0,0,,,,,0,,,60,เสื้อผ้าและเครื่องประดับ,,,https://punpunkun.com/wp-content/uploads/2021/06/logo-ล่าสุด.-e1636353198473.jpg,,,,,,,,,0,,,,,,,,,,,,,,,,,,Fair
17068,simple,900112,,Music For mothers and babies ดนตรีฟังสบายๆสำหรับคุณแม่และลูกน้อย,1,0,visible,The Mozart Effect คนตรีโมสาร์ต สำหรับคุณแม่และลูกน้อย เหมาะสำหรับเด็กในครรภ์ เด็กแรกเกิด และคุณแม่ ความยาวของเพลงประมาณ 1ชั่วโมง,,,,taxable,,1,1,,0,0,1,,,,0,,240,600,หนังสือและดนตรี,,,"https://punpunkun.com/wp-content/uploads/2021/10/E6486FBF-7262-4685-A6A6-99EB8AB6FB9F-rotated.jpeg, https://punpunkun.com/wp-content/uploads/2021/10/9FD6C6A9-C7A7-4D61-881C-40DDAAC35360-rotated.jpeg",,,,,,,,,0,,,,,,,,,,,,,,,,,,Good
17085,simple,900116,,Kids Flying safe with kids made easy สายขาดรัดเพื่อความปลอดภัยของเด็กๆบนเครื่องบิน,1,0,visible,สายคาดรัดเพื่อความปลอดภัยของเด็กบนเครื่องบิน สีดำ CARES kids fly safe ขนาด 22-44 lbs,,,,taxable,,1,1,,0,0,1,,,,0,,1920,2400,สินค้าและอุปกรณ์สำหรับเด็ก,,,"https://punpunkun.com/wp-content/uploads/2021/10/7DF124A4-F690-4F65-AEE5-F23A7F00CB97-rotated.jpeg, https://punpunkun.com/wp-content/uploads/2021/10/E9A10B0D-2F8F-4B3C-99A8-2CD363FC4970-rotated.jpeg, https://punpunkun.com/wp-content/uploads/2021/10/2294411E-0BBC-47A8-A6DF-B8D167439457-rotated.jpeg",,,,,,,,,0,,เพศ,"ชาย, หญิง",1,1,,,,,,,,,,,,,New
17088,simple,900119,,DVD learning materials (Burney) สื่อการเรียนรู้คุณภาพพัฒนา IQ และ EQ แพค3,1,0,visible,DVD รายการสำหรับเด็ก สื่อการเรียนรู้คุณภาพ ช่วยพัฒนา IQ and EQ เสริมสร้างจิตนาการ แพค3ตอน,,,,taxable,,1,1,,0,0,1,,,,0,,225,750,หนังสือและดนตรี,,,"https://punpunkun.com/wp-content/uploads/2021/10/3E03C3BE-A089-4F91-BF77-E4BA2B324FE2-rotated.jpeg, https://punpunkun.com/wp-content/uploads/2021/10/4A2EF7EF-9B80-4D94-B3DE-E3067505EA06-rotated.jpeg",,,,,,,,,0,,อายุ,3ปี,1,1,เพศ,"ชาย, หญิง",1,1,,,,,,,,,Fair
17091,simple,900105,,DVD Songs increase learning skills รวมเพลงเรียนรู้จักเพื่อนสัตว์น่ารักใกล้ตัว,1,0,visible,DVD รวมเพลงเรียนรู้จักเพื่อนสัตว์น่ารักใกล้ตัว มีเพลงรวมถึง 21 เพลง,,,,taxable,,0,0,,0,0,1,,,,0,,95,190,หนังสือและดนตรี,,,"https://punpunkun.com/wp-content/uploads/2021/10/1B2A86BA-013F-4A34-B8CA-571A4AF56822-rotated.jpeg, https://punpunkun.com/wp-content/uploads/2021/10/DAD312EF-B563-4796-B49B-6B55FADAA585-rotated.jpeg",,,,,,,,,0,,อายุ,2ปี,1,1,เพศ,"ชาย, หญิง",1,1,,,,,,,,,Good
17094,simple,900110,,DVD Bob the Builder ภาพยนต์การ์ตูนสอดแทรกความรู้ Bob ตอน สมบัติของสแครชและเรื่องราวต่างๆ,1,0,visible,ภาพยนต์การ์ตูนสอดแทรกความรู้ Bob ตอน สมบัติของสแครชและเรื่องราวต่างๆ มีให้ชม5ตอน,,,,taxable,,1,1,,0,0,1,,,,0,,95,230,หนังสือและดนตรี,,,"https://punpunkun.com/wp-content/uploads/2021/10/C39D0AF9-90EB-4DAD-A0F6-F78AEA227FA0-rotated.jpeg, https://punpunkun.com/wp-content/uploads/2021/10/4A1331C7-D2AC-4766-8CDB-4F2E646E6C63-rotated.jpeg",,,,,,,,,0,,อายุ,"0เดือน, 4ปี",1,1,เพศ,"ชาย, หญิง",1,1,,,,,,,,,Mint
17098,simple,900104,,The happiest baby on the block เคล็ดลับจากผู้เชี่ยวชาญ เพื่อเพิ่มความสุขให้ลูกน้อย,1,0,visible,เรียนเคล็ดลับจากผู้เชี่ยวชาญเพื่อเพิ่มความสุขให้ลูกของท่าน the happiest baby on the block,,,,taxable,,1,1,,0,0,1,,,,0,,180,470,หนังสือและดนตรี,,,"https://punpunkun.com/wp-content/uploads/2021/10/4454AB7F-9936-4797-8A27-554A927ECB45-rotated.jpeg, https://punpunkun.com/wp-content/uploads/2021/10/F41BB625-C039-4FA2-844E-6C2E6A95A0A7-rotated.jpeg",,,,,,,,,0,,,,,,,,,,,,,,,,,,Good
17100,simple,900107,,VCD Animation increase english skills วีซีดีเรียนคำศัพท์ภาษาอังกฤษ,1,0,visible,VCD อนิเมชั่น เพิ่มทักษะภาษาอังกฤษ แพคคู่,,,,taxable,,1,1,,0,0,1,,,,0,,40,98,หนังสือและดนตรี,,,"https://punpunkun.com/wp-content/uploads/2021/10/19412834-8B3D-4E22-93E1-68DC3EAE04D8-rotated.jpeg, https://punpunkun.com/wp-content/uploads/2021/10/C2F5513C-8B2A-4995-954F-3FAA77DF5E4C-rotated.jpeg",,,,,,,,,0,,อายุ,2ปี,1,1,เพศ,"ชาย, หญิง",1,1,,,,,,,,,Good
17102,simple,900118,,DVD learning materials (Burney) สื่อการเรียนรู้คุณภาพพัฒนา IQ และ EQ แพค5,1,0,visible,DVD รายการสำหรับเด็ก สื่อการเรียนรู้คุณภาพ ช่วยพัฒนา IQ and EQ เสริมสร้างจิตนาการ แพค5ตอน,,,,taxable,,1,1,,0,0,1,,,,0,,500,1250,หนังสือและดนตรี,,,"https://punpunkun.com/wp-content/uploads/2021/10/7F4C81A2-6CF4-4C9F-964B-1C9EE8223222-rotated.jpeg, https://punpunkun.com/wp-content/uploads/2021/10/63E6A1A3-E977-4C35-8CDB-21B8FF58FEC1-rotated.jpeg",,,,,,,,,0,,อายุ,3ปี,1,1,เพศ,"ชาย, หญิง",1,1,,,,,,,,,Good
17104,simple,900108,,DVD Halloween Spooktacular การ์ตูนเพิ่มทักษะการเรียนรู้ภาษาอังกฤษสำหรับเด็ก,1,0,visible,DVD Halloween Spooktacular การ์ตูนเพิ่มทักษะการเรียนรู้สำหรับเด็ก Language English 57 นาที,,,,taxable,,1,1,,0,0,1,,,,0,,120,300,หนังสือและดนตรี,,,"https://punpunkun.com/wp-content/uploads/2021/10/BD1B6320-7768-4301-9E46-A984435850D3-rotated.jpeg, https://punpunkun.com/wp-content/uploads/2021/10/56213BE9-EB76-4AAF-87FB-C806EB1AC783-rotated.jpeg",,,,,,,,,0,,อายุ,2ปี,1,1,,,,,,,,,,,,,Good
17106,simple,900109,,DVD Mid Road Gang มะหมา4ขาครับ,1,0,visible,ภาพยนต์ฟอร์มยักษ์ มะหมา4ขาครับ เรื่องราวที่ทรอดแทรกชีวิตชาวแก๊งมะหมา สุข เศร้า และ Comedy ความยาวของภาพยนต์ 93 นาที,,,,taxable,,1,1,,0,0,1,,,,0,,155,379,หนังสือและดนตรี,,,"https://punpunkun.com/wp-content/uploads/2021/10/E7160607-967E-4ACC-A9D9-72E59F33D810-rotated.jpeg, https://punpunkun.com/wp-content/uploads/2021/10/65F2834B-4DC8-4A10-BE59-3FCF01E5CE65-rotated.jpeg",,,,,,,,,0,,,,,,,,,,,,,,,,,,Good
17108,simple,900111,,VCD English Fun With Hello Kango รวมเพลงภาษาอังกฤษสำหรับเด็กเล็ก,1,0,visible,รวมเพลงหัดพูดภาษาอังกฤษ Hello Kango มีมากถึง12เพลง,,,,taxable,,1,1,,0,0,1,,,,0,,80,190,หนังสือและดนตรี,,,"https://punpunkun.com/wp-content/uploads/2021/10/BADB6C31-E96F-4A31-B8F1-066F33374AF3-rotated.jpeg, https://punpunkun.com/wp-content/uploads/2021/10/D579513B-5736-4734-8C27-34FF8708E148-rotated.jpeg",,,,,,,,,0,,ภาษา,อังกฤษ,1,1,,,,,,,,,,,,,Good
17110,simple,900106,,DVD learning materials สื่อการเรียนรู้ เรื่องThomas &amp; Friends แพค2ตอน,1,0,visible,DVD สื่อการเรียนรู้ เพิ่มทักษะและพัฒนา IQ และ EQ เรื่อง Thomas &amp; Friends แพค2ตอน,,,,taxable,,0,0,,0,0,1,,,,0,,185,460,หนังสือและดนตรี,,,"https://punpunkun.com/wp-content/uploads/2021/10/53EBB514-18C9-4FA5-A74C-6E9FF23034A9-rotated.jpeg, https://punpunkun.com/wp-content/uploads/2021/10/E178BC12-DD74-44A5-89A5-AAF17E7D3BF6-rotated.jpeg",,,,,,,,,0,,เพศ,"ชาย, หญิง",1,1,,,,,,,,,,,,,Good
17112,simple,900117,,Wonderworld Counting Ball ของเล่นไม่ลูกบอลนับเลขเสริมพัฒนาการ,1,0,visible,,Wonderworld Counting Ball ของเล่นไม้เสริมสร้างพัฒนาการสำหรับเด็ก ขนาด 80x30x16 cm.,,,taxable,,1,1,,0,0,2,,,,0,,360,890,สินค้าและอุปกรณ์สำหรับเด็ก,,,"https://punpunkun.com/wp-content/uploads/2021/10/1079E095-144C-49E2-B23C-4945BCCF6095-rotated.jpeg, https://punpunkun.com/wp-content/uploads/2021/10/BA4CFEB6-60C5-454F-B36C-BB8FD7E184AB-rotated.jpeg, https://punpunkun.com/wp-content/uploads/2021/10/F87203FB-97D2-4C66-9228-83288EAF8FFE-rotated.jpeg",,,,,,,,,0,,สี,สีเหลือง,1,1,อายุ,2ปี,1,1,เพศ,"ชาย, หญิง",1,1,,,,,Fair
17114,simple,900113,,ฺBlack Sport Carrier เป้อุ้มเด็กและลูกน้อย,1,0,visible,เป้อุ้มเด็กยี่ห้อ Ergobaby สีดำ ผ้าสบายไม่ร้อน อุ้มลูกน้อยได้สบายทั้งวัน,,,,taxable,,1,1,,0,0,2,,,,0,,2175,2900,สินค้าและอุปกรณ์สำหรับเด็ก,,,"https://punpunkun.com/wp-content/uploads/2021/10/7FEEB514-5D89-4BD2-BC0B-F836389675C1-rotated.jpeg, https://punpunkun.com/wp-content/uploads/2021/10/5ED5D8FD-C6D7-4C15-891E-99834444507E-rotated.jpeg, https://punpunkun.com/wp-content/uploads/2021/10/725338C9-09FB-42C0-9752-C107CA91D7B7-rotated.jpeg",,,,,,,,,0,,เพศ,"ชาย, หญิง",1,1,,,,,,,,,,,,,Mint
17116,simple,900115,,BABY(TODDLER) เลกกิ้ง HEATTECH,1,0,visible,เลกกิ้ง HEATTECH จากแบรนด์ Uniqlo ขนาด สูง 100 CM ohesoyd 16 ดำ/ม่วง,,,,taxable,,1,1,,0,0,1,,,100,0,,90,290,สินค้าและอุปกรณ์สำหรับเด็ก,,,"https://punpunkun.com/wp-content/uploads/2021/10/E2170C9C-9496-465A-B051-49C28293087E-rotated.jpeg, https://punpunkun.com/wp-content/uploads/2021/10/6070243B-5462-4F47-8924-E83D575FB539-rotated.jpeg",,,,,,,,,0,,สี,"สีดำ, สีม่วง",1,1,Size (กางเกง),"5Y, 6Y",1,1,เพศ,หญิง,1,1,,,,,Good
17118,simple,900120,,Crib bedding ผ้ารองนอนกันเปื้อนสำหรับเด็ก,1,0,visible,ผ้าปูนอนสำหรับเด็ก สีขาว จากแบรนด์ babybeddingdesign,,,,taxable,,1,1,,0,0,1,,,,0,,180,300,สินค้าและอุปกรณ์สำหรับเด็ก,,,"https://punpunkun.com/wp-content/uploads/2021/10/72A34442-ADE0-47B9-9507-10AF17FCDC98-rotated.jpeg, https://punpunkun.com/wp-content/uploads/2021/10/FE275F94-9FEE-4873-A03C-18871E0AC741-rotated.jpeg",,,,,,,,,0,,สี,"สีขาว, สีครีม",1,1,,,,,,,,,,,,,Good
17120,simple,900128,,Stroller CHICCO CT0.6 Snappy รถเข็นเด็กชิคโค่สีน้ำเงินโลหะ,1,0,visible,"รถเข็นเด็ก CHICCO CT.06 กระทัดรัด ใช้งานง่ายพกพาสดวก จากแบรนด์ CHICCO สีกรม ขนาดสำหรับเด็กทารกขึ้นไป\n\n&nbsp;",,,,taxable,,1,1,,0,0,3,,,,0,,3600,5995,สินค้าและอุปกรณ์สำหรับเด็ก,,,"https://punpunkun.com/wp-content/uploads/2021/10/ECDAEB8F-93A5-49F0-A10E-8602A00603D4-rotated.jpeg, https://punpunkun.com/wp-content/uploads/2021/10/7CA0D8F6-F6F7-4F07-87E8-DE6970BB0B6F-rotated.jpeg, https://punpunkun.com/wp-content/uploads/2021/10/A38A4C0F-C0DD-4636-98C6-4CCCB255F278-rotated.jpeg, https://punpunkun.com/wp-content/uploads/2021/10/5D16104A-E1F5-469F-AC30-EA14B098AEEA-rotated.jpeg, https://punpunkun.com/wp-content/uploads/2021/10/F05DDE28-ED95-4279-998C-BE54D433DE0A-rotated.jpeg, https://punpunkun.com/wp-content/uploads/2021/10/9F611346-FDB9-47AE-8261-06883BB9B3DB-rotated.jpeg, https://punpunkun.com/wp-content/uploads/2021/10/2719F70C-B0D9-4197-AAE4-6AF6793D21E3-rotated.jpeg",,,,,,,,,0,,สี,สีกรม,1,1,อายุ,"0เดือน, 6เดือน",1,1,เพศ,"ชาย, หญิง",1,1,,,,,Good
17122,simple,1100023,,Car Seat Britax คาร์ซีท Britax รุ่น KIDFIX² S สีเทา,1,0,visible,คาร์ซีท britex รุ่น Kidfix  สีเทา เบาะนุ่มกว้างนั่งสบาย ถอดทำความสะอาดได้ รับน้ำหนักได้ 15-36 kg. เหมาะสำหรับเด็กอายุ 3-12 ปี,,,,taxable,,1,1,,0,0,8,,,,0,,10000,23900,สินค้าและอุปกรณ์สำหรับเด็ก,,,"https://punpunkun.com/wp-content/uploads/2021/10/FE74BCD6-7DBD-4A82-97B3-950A42CE5E63-rotated.jpeg, https://punpunkun.com/wp-content/uploads/2021/10/1FD933D4-41F1-4AE8-812D-FE8282D3A908-rotated.jpeg, https://punpunkun.com/wp-content/uploads/2021/10/BD211CE0-8E1E-45B8-9797-B6CFFD61A4FA-rotated.jpeg, https://punpunkun.com/wp-content/uploads/2021/10/4F8B4A7E-1AA5-430D-885F-536A1939BF95-rotated.jpeg, https://punpunkun.com/wp-content/uploads/2021/10/1A376010-3632-4D34-8F92-8DA197B91D60-rotated.jpeg, https://punpunkun.com/wp-content/uploads/2021/10/6033BB2B-1A52-48A6-AFF2-F69006C5BB85-rotated.jpeg, https://punpunkun.com/wp-content/uploads/2021/10/C0B3B4FA-1CE2-4039-82E5-D4FFA7312992-rotated.jpeg",,,,,,,,,0,,สี,"สีเทา, สีแดง",1,1,อายุ,"0เดือน, 12ปี",1,1,,,,,,,,,Fair
17124,simple,1100021,,Stroller bugaboo bee รถเข็นเด็ก bugaboo รุ่นbee สีชมพูแข็งแรงพกพาสะดวก,1,0,visible,รถเข็นเด็ก bugaboo รุ่น bee สีชมพู ขนย้ายสดวก เหมาะสำหรับเด็กแรกเกิด-4ปี รับน้ำหนักได้ 25kg.,,,,taxable,,1,1,,0,0,7,,,,0,,14100,23500,สินค้าและอุปกรณ์สำหรับเด็ก,,,"https://punpunkun.com/wp-content/uploads/2021/10/C8DC0E6C-EFF2-44E5-9A54-F5CBE90F76DA-rotated.jpeg, https://punpunkun.com/wp-content/uploads/2021/10/C0D9F739-AAF4-426E-B794-19F914AC8065-rotated.jpeg, https://punpunkun.com/wp-content/uploads/2021/10/7B451840-03CD-4E71-B509-017C927420B4-rotated.jpeg, https://punpunkun.com/wp-content/uploads/2021/10/EE15E5F4-811A-425D-ABBD-B8CB58D64E5C-rotated.jpeg, https://punpunkun.com/wp-content/uploads/2021/10/EBBDC134-538A-425C-B706-F3A292E08EBC-rotated.jpeg, https://punpunkun.com/wp-content/uploads/2021/10/0F0AF691-792A-497D-887B-8F07B29B9A47-rotated.jpeg, https://punpunkun.com/wp-content/uploads/2021/10/A915FCF1-7F45-4768-B431-10D57D5FBC26-rotated.jpeg",,,,,,,,,0,,สี,"สีชมพู, สีดำ",1,1,,,,,,,,,,,,,Good
17126,simple,1100022,,Stroller Combi F2 รถเข็นเด็ก Combi รุ่นF2 น้ำหนักเบา,1,0,visible,รถเข็นเด็ก Combi รุ่นF2 น้ำเบามาก สำหรับเด็กอายุ 6เดือนถึง 3 ปี (18-20 กก.) สีดำ น้ำหนัก 5 kg,,,,taxable,,1,1,,0,0,5,,,,0,,10000,16900,สินค้าและอุปกรณ์สำหรับเด็ก,,,"https://punpunkun.com/wp-content/uploads/2021/10/298F24EE-1CFB-46C9-9BFB-9FA41EED2DA3-rotated.jpeg, https://punpunkun.com/wp-content/uploads/2021/10/CDA70E40-F98E-4A24-A6D0-C3336265A7A3-rotated.jpeg, https://punpunkun.com/wp-content/uploads/2021/10/6DBFB125-0D32-4BDD-AD3F-40400024F8A0-rotated.jpeg, https://punpunkun.com/wp-content/uploads/2021/10/27D0DF7D-1C57-4024-B42E-EAE7AF752934-rotated.jpeg, https://punpunkun.com/wp-content/uploads/2021/10/B161F2D0-2BE7-409B-849F-04C24C94B77F-rotated.jpeg, https://punpunkun.com/wp-content/uploads/2021/10/4D111C9B-FA06-4F3A-A5A0-BD04D943940A-rotated.jpeg, https://punpunkun.com/wp-content/uploads/2021/10/924003E3-EFD8-4E5F-A1B8-90F6C5603570-rotated.jpeg, https://punpunkun.com/wp-content/uploads/2021/10/608C3008-8882-4D77-B607-78DF30F89121-rotated.jpeg, https://punpunkun.com/wp-content/uploads/2021/10/85938746-4CAC-407E-AB16-63E41676E573-rotated.jpeg, https://punpunkun.com/wp-content/uploads/2021/10/21A2695E-B6F7-4255-9F43-1CCA918EC73C-rotated.jpeg",,,,,,,,,0,,อายุ,"0เดือน, 10ปี, 11ปี, 12ปี, 12เดือน, 13ปี, 14ปี, 15ปี, 16ปี, 18เดือน, 1ปี, 1เดือน, 24เดือน, 2ปี, 3ปี, 3เดือน, 4ปี, 4เดือน, 5ปี, 6ปี, 6เดือน, 7ปี, 8ปี, 9ปี, 9เดือน",1,1,สี,สีดำ,1,1,,,,,,,,,Good
17129,simple,1100001,,Mikihouse Baby Shoes ผ้าใบสำหรับเด็ก รูปหมีสีแดง,1,0,visible,รองเท้าผ้าใบสำหรับเด็ก Miki house สีแดงรูปหมี Size 13 CM พร้อมกล่อง,,,,taxable,,1,1,,0,0,1,,,,0,,490,4390,สินค้าและอุปกรณ์สำหรับเด็ก,,,"https://punpunkun.com/wp-content/uploads/2021/10/82CB0414-54B0-4063-ACAE-DA4EAD06B91E.jpeg, https://punpunkun.com/wp-content/uploads/2021/10/A1CD4A47-6E28-4845-AEDE-413A0C2DB020.jpeg, https://punpunkun.com/wp-content/uploads/2021/10/B0DD385D-ADD5-45B0-B497-30834E6B438A-rotated.jpeg, https://punpunkun.com/wp-content/uploads/2021/10/5CB690E1-E0BE-426D-BC6E-5B169C4571B7.jpeg",,,,,,,,,0,,สี,"สีกรม, สีแดง",1,1,เพศ,"ชาย, หญิง",1,1,อายุ,"1ปี, 2ปี",1,1,,,,,Fair
17131,simple,1100003,,Mini Melisa Furadinha รองเท้าแฟชั่นสำหรับเด็กผู้หญิงน่ารักๆ,1,0,visible,Mini Melisa Furadinha รองเท้าแฟชั่น สีขาวมุก ขนาด EU27 16.5CM BR25 พร้อมกล่อง,,,,taxable,,1,1,,0,0,1,,,,0,,895,1790,สินค้าและอุปกรณ์สำหรับเด็ก,,,"https://punpunkun.com/wp-content/uploads/2021/10/CA727FAB-CC4C-4640-BCFC-E17F8536357D.jpeg, https://punpunkun.com/wp-content/uploads/2021/10/DBF940B5-D740-4953-A56F-AC92F250C2B6-rotated.jpeg, https://punpunkun.com/wp-content/uploads/2021/10/5DBDEF81-6087-4ABE-A77C-C3995143AD75-rotated.jpeg, https://punpunkun.com/wp-content/uploads/2021/10/704BDA77-6119-4AA3-9ED1-F8522E182E2C.jpeg",,,,,,,,,0,,สี,สีขาว,1,1,เพศ,ชาย,1,1,,,,,,,,,Good
17134,simple,1100017,,Disney Princess Water Bottle กระบอกน้ำเจ้าหญิงดิสนีย์แบบพกพาสำหรับเด็ก,1,0,visible,กระบอกน้ำเจ้าหญิงดิสนีย์แบบพกพาสำหรับเด็ก สีชมพู รูปเจ้าหญิงดิสนีย์ ของแท้ 480ml,,,,taxable,,1,1,,0,0,1,,,,0,,825,1100,สินค้าและอุปกรณ์สำหรับเด็ก,,,"https://punpunkun.com/wp-content/uploads/2021/10/42C462BC-8B47-45D1-9F88-2EEA45613D05-rotated.jpeg, https://punpunkun.com/wp-content/uploads/2021/10/4FF67FAB-5030-4BCB-8F14-7A83C8057774-rotated.jpeg, https://punpunkun.com/wp-content/uploads/2021/10/E82C7BD9-1AC3-4F74-835A-F89C23A337A1-rotated.jpeg",,,,,,,,,0,,สี,สีชมพู,1,1,เพศ,หญิง,1,1,,,,,,,,,Mint
17136,simple,1100012,,Philips Avent Insulated Straw Cup กระบอกน้ำเก็บความเย็น-ร้อนแบบพกพา,1,0,visible,กระบอกน้ำเก็บความเย็นและร้อน Philips Avent สีชมพู 9oz 260 ml,,,,taxable,,1,1,,0,0,1,,,,0,,775,965,สินค้าและอุปกรณ์สำหรับเด็ก,,,"https://punpunkun.com/wp-content/uploads/2021/10/BBC03C20-B7D6-4447-A829-AF5815449E74-rotated.jpeg, https://punpunkun.com/wp-content/uploads/2021/10/3B091E5A-0C1E-48E2-AE4C-E6DC5420084B-rotated.jpeg",,,,,,,,,0,,สี,สีชมพู,1,1,เพศ,หญิง,1,1,,,,,,,,,New
17138,simple,1100015,,Imagination is the Real magic Princess Water Bottle ขวดน้ำพกพาเจ้าหญิงเวทมนต์สำหรับเด็กผู้หญิง,1,0,visible,ขวดน้ำพกพา เจ้าหญิงเวทมนต์ สีม่วง Imagination is the Real magic 480ml,,,,taxable,,0,0,,0,0,1,,,,0,,300,590,เครื่องมือการเลี้ยงดูเด็ก,,,"https://punpunkun.com/wp-content/uploads/2021/10/FC05072B-9261-4B3B-9A45-F45989D03FF7-rotated.jpeg, https://punpunkun.com/wp-content/uploads/2021/10/F6379592-CAF2-40E9-BA95-6A4754E5B7D5-rotated.jpeg, https://punpunkun.com/wp-content/uploads/2021/10/7BD987AD-EAAD-4D67-856B-EA042469DFC2-rotated.jpeg",,,,,,,,,0,,สี,สีม่วง,1,1,เพศ,หญิง,1,1,,,,,,,,,Mint
17140,simple,1100020,,1100020,1,0,visible,,,,,taxable,,1,1,,0,0,1,,,,0,,,,สินค้าและอุปกรณ์สำหรับเด็ก,,,"https://punpunkun.com/wp-content/uploads/2021/10/89B748E1-DD68-483A-AE14-245981F63B27-rotated.jpeg, https://punpunkun.com/wp-content/uploads/2021/10/C55C5B35-FF82-4D0F-BF20-DF9D8A164D69-rotated.jpeg",,,,,,,,,0,,สี,"สีกรม, สีชมพู",1,1,,,,,,,,,,,,,
17142,simple,1100016,,Disney Princess Glass แก้วน้ำเจ้าหญิงดิสนีย์ สุดน่ารัก,1,0,visible,แก้วน้ำเจ้าหญิงดิสนีย์ สุดน่ารัก Disney แท้ 296ml จำวน3ชิ้น,,,,taxable,,1,1,,0,0,1,,,,0,,790,1050,สินค้าและอุปกรณ์สำหรับเด็ก,,,"https://punpunkun.com/wp-content/uploads/2021/10/86148478-33FF-4F8A-9FC8-1418099D4A54-rotated.jpeg, https://punpunkun.com/wp-content/uploads/2021/10/C8DEABB2-A29C-4221-93C5-4800B80FE0B7-rotated.jpeg",,,,,,,,,0,,สี,"สีฟ้า, สีม่วง, สีเขียว",1,1,เพศ,หญิง,1,1,,,,,,,,,Mint
17144,simple,1100014,,Minnie Mouse Meal Time Magic Collection ช้อน-ซ้อม สำหรับเด็กผู้หญิง มินนี่เม้าส์สุดน่่ารักของแท้จาก Disney,1,0,visible,ช้อน-ซ่อม Minnie Mouse Meal Time Magic Collection ของแท้จากDisney ลายมินนี่เม้าส์,,,,taxable,,1,1,,0,0,1,,,,0,,280,350,สินค้าและอุปกรณ์สำหรับเด็ก,,,"https://punpunkun.com/wp-content/uploads/2021/10/90058D5A-D207-44EB-9625-3860DB059CA6-rotated.jpeg, https://punpunkun.com/wp-content/uploads/2021/10/C033A25F-2DDD-4237-817A-7C051CDA3608-rotated.jpeg",,,,,,,,,0,,สี,สีชมพู,1,1,อายุ,3ปี,1,1,,,,,,,,,Mint
17146,simple,1100018,,Box for candy Anpanman กล่อง(Anpanman)อเนกประสงค์สหรับใส่ขนม,1,0,visible,กล่องอเนกประสงค์ จากแบรนด์ Anpanman สำหรับใส่ขนมของเด็กๆ สีเหลือง/สีส้มCM ขนาดสินค้า 14 x 5 x 5.4 CM ความจุ 200 ml.,,,,taxable,,1,1,,0,0,1,,,,0,,360,450,สินค้าและอุปกรณ์สำหรับเด็ก,,,"https://punpunkun.com/wp-content/uploads/2021/10/54543F67-7714-43E9-B68A-4D8C4EC3586B-rotated.jpeg, https://punpunkun.com/wp-content/uploads/2021/10/209EC34B-8C14-4607-9AE0-67BB163E867B-rotated.jpeg",,,,,,,,,0,,สี,"สีส้ม, สีเหลือง",1,1,,,,,,,,,,,,,New
17148,simple,1100011,,12 Volt Vehicle Car Lighter Adaptor อะแดปเตอร์ไฟฟ้า ปั๊มนมแบบฟรีสไตล์สำหรับใช้บนรถยนต์ 12 โวลต์,1,0,visible,อะแดปเตอร์ไฟฟ้าปั๊มน้ำนม สำหรับใช้บนรถยนต์ ใช้ไฟฟ้าขนาด 12 โวลต์ ความยาว 8 ฟุต,,,,taxable,,1,1,,0,0,1,,,,0,,485,645,สินค้าและอุปกรณ์สำหรับเด็ก,,,"https://punpunkun.com/wp-content/uploads/2021/10/6DF7BD2F-B85D-4E9C-98B5-E77A407FC2B8-rotated.jpeg, https://punpunkun.com/wp-content/uploads/2021/10/C51E568A-47C6-43DE-ACB3-1821DE4F4C80-rotated.jpeg",,,,,,,,,0,,สี,สีดำ,1,1,,,,,,,,,,,,,Mint
17150,simple,1100019,,Freestyle Spare parts kit ชิ้นส่วนอะไหล่สำหรับเครื่องปั๊มนมคุณแม่,1,0,visible,ชิ้นส่วนอะไหล่สำหรับเครื่องปั๊มนม Medela Freestyle Spare parts kit  ขนาดหน่วย/บรรจุภรรฑ์ 5 x 37/8 x 21/4,,,,taxable,,1,1,,0,0,1,,,,0,,1040,1300,สินค้าและอุปกรณ์สำหรับเด็ก,,,"https://punpunkun.com/wp-content/uploads/2021/10/19F9310C-5F70-4BA4-B562-1B193B19DF08.jpeg, https://punpunkun.com/wp-content/uploads/2021/10/343B3C6A-AC12-416B-A719-69988A4DE125.jpeg, https://punpunkun.com/wp-content/uploads/2021/10/C9DA5C9C-91BF-4ADB-8C88-FE6AF697FFF8.jpeg",,,,,,,,,0,,เพศ,หญิง,1,1,,,,,,,,,,,,,Mint
17152,simple,1100009,,Geo Beads 5343 ชุดลูกปัดเลขาคณิตร้อยเชือกหลากสี,1,0,visible,"ชุดลูกปัดเลขาคณิตร้อยเชือกหลากสี Geo Beads 5343 จากแบรนด์ Plantoys ขนาดสินค้า <span style=""color: #58585b;font-family: 'DB Adman RoundedX';font-size: 20px"">3.5 x 3.5 x 3.5 cm </span>",,,,taxable,,1,1,,0,0,1,,,,0,,620,1550,สินค้าและอุปกรณ์สำหรับเด็ก,,,"https://punpunkun.com/wp-content/uploads/2021/10/E1AE46C9-9124-4246-9B6C-1F639CBC65AF.jpeg, https://punpunkun.com/wp-content/uploads/2021/10/C2D18915-BB82-437F-A14F-B071AE29CC07.jpeg, https://punpunkun.com/wp-content/uploads/2021/10/F53FB530-0EC0-4ACF-BFAC-BE5954164316-rotated.jpeg, https://punpunkun.com/wp-content/uploads/2021/10/C2361244-10C4-473C-81A1-57A541242E7F-rotated.jpeg",,,,,,,,,0,,สี,"สีน้ำเงิน, สีเขียว, สีแดง",1,1,อายุ,2ปี,1,1,เพศ,"ชาย, หญิง",1,1,,,,,Fair
17154,simple,1100008,,Leaf Magnifier 4346 แว่นขยายของเล่นไม้สำหรับเด็กเสริมทักษะการเรียนรู้ ชั่งสังเกตุ,1,0,visible,"ของเล่นไม้ แว่นขยาย สีเขียว Plan Toys ขนาดสินค้า <span style=""color: #58585b;font-family: 'DB Adman RoundedX';font-size: 20px"">8 x 16.5 x 2 cm</span>",,,,taxable,,1,1,,0,0,1,,,,0,,315,450,สินค้าและอุปกรณ์สำหรับเด็ก,,,"https://punpunkun.com/wp-content/uploads/2021/10/C4D13FB1-BF8E-4A7A-BD8F-84CCDC1A8293.jpeg, https://punpunkun.com/wp-content/uploads/2021/10/1EF2499B-3924-41DB-B65F-0BFB23736E19.jpeg, https://punpunkun.com/wp-content/uploads/2021/10/9E4A3FEE-5195-46D8-82C9-A6E487482DCA-rotated.jpeg",,,,,,,,,0,,สี,สีเขียว,1,1,,,,,,,,,,,,,Mint
17156,simple,1100004,,Vans x Disney Minnie Mouse Shoes รองเท้าสำหรับเด้กผู้หญิง Vans X Disney แท้มินนี่,1,0,visible,Vans x Disney Minnie Mouse  รองเท้าเด็กผู้หญิง มินนี่เม้าส์ จาก Vans ของแท้ สีเทา/สีชมพู ขนาด EUR29 12US 18CM พร้อมกล่อง,,,,taxable,,1,1,,0,0,1,,,,0,,520,1300,สินค้าและอุปกรณ์สำหรับเด็ก,,,"https://punpunkun.com/wp-content/uploads/2021/10/620962A7-D284-4A66-8840-E1F4E8923324-rotated.jpeg, https://punpunkun.com/wp-content/uploads/2021/10/593716C4-978C-4F61-9366-E2D9667C8842-rotated.jpeg, https://punpunkun.com/wp-content/uploads/2021/10/7C31AD60-56C4-4F34-8EE5-906AEE1DD1C6-rotated.jpeg",,,,,,,,,0,,สี,"สีชมพู, สีเทา",1,1,เพศ,หญิง,1,1,อายุ,"10ปี, 12ปี",1,1,,,,,Fair
17158,simple,1100013,,Edison Disney Minnie Fork &amp; Spoon for Kids ช้อน-ซ่อมมินนี่ของแท้,1,0,visible,ช้อนซ่อมสำหรับเด็กผู้หญิง Edison Disney Minnie Fork &amp; Spoon for Kids สีชมพู,,,,taxable,,1,1,,0,0,,,,,0,,1040,1300,สินค้าและอุปกรณ์สำหรับเด็ก,,,"https://punpunkun.com/wp-content/uploads/2021/10/6DC03333-AE67-40AE-935B-B4615C2FF684-rotated.jpeg, https://punpunkun.com/wp-content/uploads/2021/10/0FB731BE-EF33-4521-B5E2-A97CF35EEA43-rotated.jpeg, https://punpunkun.com/wp-content/uploads/2021/10/F3793895-C249-474A-B281-3DC81093E2B6-rotated.jpeg",,,,,,,,,0,,สี,"สีขาว, สีชมพู",1,1,เพศ,หญิง,1,1,อายุ,"1ปี, 2ปี",1,1,,,,,New
17163,simple,1100010,,Bugaboo cup holder อุปกรณ์เสริมที่วางแก้วน้ำบนรถเข็นเด็ก,1,0,visible,bugaboo cup holder อุปกรณ์เสริมสำหรับใส่แก้วน้ำขวดน้ำติดตั้งได้บนรถเข็นเด็ก สีดำ,,,,taxable,,0,0,,0,0,1,,,,0,,510,1200,เครื่องมือการเลี้ยงดูเด็ก,,,"https://punpunkun.com/wp-content/uploads/2021/10/51BFB34F-B4E4-4DA1-AD18-28069F581974-rotated.jpeg, https://punpunkun.com/wp-content/uploads/2021/10/3AA26458-D867-46A3-A4A5-A478F2499129.jpeg",,,,,,,,,0,,สี,สีดำ,1,1,,,,,,,,,,,,,Mint
17165,simple,1100007,,Mifold Portable car seat คาร์ซีทพับได้ พกพาสะดวก,1,0,visible,"<span style=""color: #383838;font-family: Open Sans""><span style=""font-size: 18px"">mifold คาร์ซีท สีชมพู </span></span><span style=""color: #383838;font-family: 'Open Sans';font-size: 18px;background-color: #f7f7f7"">พกพาสะดวก นำไปใช้กับรถคันไหนก็ได้ </span><span style=""font-size: 18px;background-color: #f7f7f7;color: #383838;font-family: 'Open Sans'"">เหมาะสำหรับเด็กตั้งแต่อายุ 4-12 ปี หรือเด็กสูง 100 ซม.ขึ้นไป </span>\n\n<span style=""font-size: 18px;background-color: #f7f7f7;color: #383838;font-family: 'Open Sans'""> </span>\n<div class=""icon-box icon-box-5be2e77de367a icon-box-style1 tal wpb_animate_when_almost_visible wpb_fadeInLeft fadeInLeft wpb_start_animation animated"" style=""margin-bottom: 60px;color: #383838;font-family: 'Open Sans';font-size: 17px;background-color: #f7f7f7""></div>",,,,taxable,,1,1,,0,0,2,,,,0,,2395,2990,สินค้าและอุปกรณ์สำหรับเด็ก,,,"https://punpunkun.com/wp-content/uploads/2021/10/F76AE6C1-D3E6-4734-8304-EA4095F5E9B0-rotated.jpeg, https://punpunkun.com/wp-content/uploads/2021/10/27AD36D8-A9D3-472F-BCF3-BF9861EB46B0-rotated.jpeg",,,,,,,,,0,,สี,สีชมพู,1,1,อายุ,"12ปี, 4ปี",1,1,,,,,,,,,New
17167,simple,1100006,,Bugaboo Bee breezy sun canopy ที่กันแดดสำหรับรถเข็นเด็ก,1,0,visible,ที่กันแดดสำหรับรถเข็นเด็ก สีส้ม UPF 50+ Protection rate,,,,taxable,,1,1,,0,0,1,,,,0,,1500,2500,สินค้าและอุปกรณ์สำหรับเด็ก,,,"https://punpunkun.com/wp-content/uploads/2021/10/725295FA-A1C5-477A-BAFD-A0F6C76C7FEC-rotated.jpeg, https://punpunkun.com/wp-content/uploads/2021/10/825837DF-ABD4-44E0-A30A-8DF454A78ACE-rotated.jpeg, https://punpunkun.com/wp-content/uploads/2021/10/D90925DB-052D-44AF-887A-0AF44D5E20D8-rotated.jpeg, https://punpunkun.com/wp-content/uploads/2021/10/DE915B3A-3BDC-4694-B9F9-47713D06AAC3-rotated.jpeg, https://punpunkun.com/wp-content/uploads/2021/10/A8C21402-EE9C-456F-A635-FE5AB5B3AF1C-rotated.jpeg",,,,,,,,,0,,สี,"สีดำ, สีส้ม",1,1,,,,,,,,,,,,,Good
17213,simple,00300057-1,,Kenzo Kids Shirt เสื้อยืดเคนโซ่ (Copy),1,0,visible,"เสื้อยืด แบรนด์ Kenzo kids\n\n&nbsp;\n\nสีน้ำเงิน   สุดเทห์ ไซส์ 6เดือน (6M/68)",,,,taxable,,1,,,0,0,0.1,,,,0,,810,2700,สินค้าและอุปกรณ์สำหรับเด็ก,,,"https://punpunkun.com/wp-content/uploads/2021/03/D595AEFA-4BFC-43FF-BBC1-FEEB9E4E82F4-scaled.jpeg, https://punpunkun.com/wp-content/uploads/2021/03/FFF0FA1E-A528-41A6-BAAE-353BB01B99E0-scaled.jpeg, https://punpunkun.com/wp-content/uploads/2021/03/AED5B486-2F62-4B72-BC68-C1C3D89F55E5-scaled.jpeg, https://punpunkun.com/wp-content/uploads/2021/03/70C111AE-2FC2-4AEB-B869-93FE71B4DD7D-scaled.jpeg",,,,,,,,,182,,สี,สีน้ำเงิน,1,1,Size (เสื้อ),6M,1,1,เพศ,ชาย,1,1,อายุ,6เดือน,1,1,Good
17215,simple,00300056-1,,Baby Body suit ชุดบอดี้สูทแขนกุด (Copy),1,0,visible,"ชุดบอดี้สูทแขนกุด แบรนด์ Burberry สีขาว\n\n&nbsp;\n\nจะใส่อยู่บ้านหรือพาออกไปเที่ยวข้างนอกก็ดูน่ารัก ไซส์ 3เดือน (3M/62)",,,,taxable,,1,,,0,0,0.1,,,,0,,400,1990,สินค้าและอุปกรณ์สำหรับเด็ก,,,"https://punpunkun.com/wp-content/uploads/2021/03/862A85AE-01B4-45BC-82BB-9992D1A30F6F-scaled.jpeg, https://punpunkun.com/wp-content/uploads/2021/03/8FBE16E0-4C1A-4CFB-BD45-8F964C436C88-scaled.jpeg, https://punpunkun.com/wp-content/uploads/2021/03/5EAE389D-46DE-4E58-9755-19F2752B77ED-scaled.jpeg, https://punpunkun.com/wp-content/uploads/2021/03/554691B5-6FD8-4A37-A501-70E1A6C6B9E6-scaled.jpeg",,,,,,,,,26,,สี,สีขาว,1,1,Size (เสื้อ),3M,1,1,เพศ,"ชาย, หญิง",1,1,อายุ,3เดือน,1,1,Good
17265,simple,11000020,,Skip Hop Zoo Straw Bottle กระบอกน้ำลายผีเสื้อแบบพกพา,1,0,visible,,"Skip Hop Zoo Straw Bottle กระบอกน้ำลายผีเสื้อ ออกแบบโดยใช้คาเรคเตอร์เฉพาะของทางแบรนด์ Skip Hop เหมาะสำหรับเด็กผุ้หญิง\nความจุ 12 oz. (35 mL) ขนาด 2.75l x 7h นิ้ว 7l x 18h เซนติเมตร",,,taxable,,1,1,,0,0,1,,,,0,,320,399,สินค้าและอุปกรณ์สำหรับเด็ก,,,"https://punpunkun.com/wp-content/uploads/2021/10/89B748E1-DD68-483A-AE14-245981F63B27-rotated.jpeg, https://punpunkun.com/wp-content/uploads/2021/10/C55C5B35-FF82-4D0F-BF20-DF9D8A164D69-rotated.jpeg",,,,,,,,,0,,อายุ,"1ปี, 2ปี",1,1,สี,"สีชมพู, สีน้ำเงิน",1,1,เพศ,หญิง,1,1,,,,,New
17278,simple,900114,,Star Kids Snack & Play โต๊ะเขียนหนังสือยึดติดกับคาร์ซีทสำหรับเด็ก,1,0,visible,Star Kids Snack &amp; Play โต๊ะเขียนหนังสือยึดติดกับคาร์ซีทสำหรับเด็ก สีดำ สำหรับเด็กอายุ1-2ปี ขนาดสินค้า 14x9.5x2,,,,taxable,,1,1,,0,0,1,,,,0,,880,1100,สินค้าและอุปกรณ์สำหรับเด็ก,,,"https://punpunkun.com/wp-content/uploads/2021/10/9A9FD445-3DBE-457E-8D7F-EA9E333CC8E3-rotated.jpeg, https://punpunkun.com/wp-content/uploads/2021/10/561844AE-C852-4CC6-BF77-B748AD969D8F-rotated.jpeg",,,,,,,,,0,,สี,สีดำ,1,1,อายุ,"1ปี, 2ปี",1,1,เพศ,"ชาย, หญิง",1,1,,,,,New
17331,simple,600238,,Adidas Isolation2 รองเท้าผ้าใบแฟชั่นสุดเท่ห์,1,0,visible,รองเท้า เด็กผู้ชาย Adidas Isolation2 สีดำ US5 1/2,,,,taxable,,0,0,,0,0,1,,,,0,,520,1300,อุปกรณ์อิเล็คทรอนิกส์และเครื่องใช้ไฟฟ้า,,,"https://punpunkun.com/wp-content/uploads/2021/10/90A99643-6CC8-48D3-8E53-C7D5AE2991ED-scaled.jpeg, https://punpunkun.com/wp-content/uploads/2021/10/FFD9DBC7-D235-4982-98BD-48C03CE37E96-scaled.jpeg, https://punpunkun.com/wp-content/uploads/2021/10/AD823ED2-DD53-4505-8AAB-3FE48C1C83B9-scaled.jpeg, https://punpunkun.com/wp-content/uploads/2021/10/5D2F9079-CD74-4B0A-B561-6166E971D65B-scaled.jpeg, https://punpunkun.com/wp-content/uploads/2021/10/7277B3CF-0FFC-4D38-8C46-615215ED14E3-scaled.jpeg",,,,,,,,,0,,สี,สีดำ,1,1,เพศ,ชาย,1,1,อายุ,12ปี,1,1,,,,,Fair
18848,simple,310009,,เสื้อฮาวายและกางเกงวินเทจสำหรับเด็กผู้ชาย,1,0,visible,เสื้อฮาวายลายดอก ไซส์14 กางเกงสีครีม ไซส์S สำหรับเด็กผู้ชายอายุ 1-2 ปี,,,,taxable,,0,,,0,0,1,,,,0,,60,220,เสื้อผ้าและเครื่องประดับ,,,https://punpunkun.com/wp-content/uploads/2021/12/284E4BD3-730C-484E-926C-19FD9ADBBB56-scaled-e1638324037568.jpeg,,,,,,,,,0,,สี,"สีครีม, สีเขียว",1,1,อายุ,"1ปี, 2ปี",1,1,Size (เสื้อ),2Y,1,1,Size (กางเกง),2Y,1,1,Fair
18850,simple,310010,,Kids Academy ชุดเซ็ตเสื้อเชิ้ตแขนสั้นลายตารางและกางเกงขาสั้นสีกรม,1,0,visible,เสื้อลายตาราง ปักKids Academy ไซส์S กางเกงขาสั้นสีกรม ไซส์S สำหรับเด็กผู้ชาย1-2ปี,,,,taxable,,1,,,0,0,1,,,,0,,80,330,สินค้าและอุปกรณ์สำหรับเด็ก,,,https://punpunkun.com/wp-content/uploads/2021/12/2EDE480A-23FC-4690-94C4-A4E14FC48CF5-scaled-e1638324074338.jpeg,,,,,,,,,0,,สี,สีกรม,1,1,Size (กางเกง),1Y,1,1,Size (เสื้อ),1Y,1,1,เพศ,ชาย,1,1,Fair
18864,simple,300078,,long-sleeved shirt SANRIO Kerokerokerop เสื้อแขนยาวเด็กผู้ชายลายเคโรโร๊ะ,1,0,visible,SANRIO เสื้อแขนยาวเด็กผู้ชาย รุ่น 1108BABE สีขาว ไซส์ 4 ปี ลาย Kerokerokeroppi,,,,taxable,,1,1,,0,0,1,,,,0,,60,299,สินค้าและอุปกรณ์สำหรับเด็ก,,,"https://punpunkun.com/wp-content/uploads/2021/12/BE70A1D6-B206-4043-9DB8-8BF9F6F006CD-scaled.jpeg, https://punpunkun.com/wp-content/uploads/2021/12/1E2331C5-3A0B-487A-86AA-A3E5B934F3EE-scaled.jpeg, https://punpunkun.com/wp-content/uploads/2021/12/4B02238C-3D1B-4ABF-9927-62CCA9E29D55-scaled.jpeg, https://punpunkun.com/wp-content/uploads/2021/12/CF2AF3C0-8E89-4E23-8FCD-C471D81691F7-scaled.jpeg",,,,,,,,,0,,สี,สีเขียว,1,1,เพศ,ชาย,1,1,Size (เสื้อ),"3Y, 4Y",1,1,อายุ,"3ปี, 4ปี",1,1,Fair
18866,simple,300079,,leggings กางเกงเลคกิ้ง Uniqlo สำหรับเด็กผู้ชาย,1,0,visible,leggings กางเกงเลคกิ้ง Uniqlo สำหรับเด็กผู้ชาย สูง90cm หนัก13kg,,,,taxable,,1,1,,0,0,1,,,,0,,60,290,สินค้าและอุปกรณ์สำหรับเด็ก,,,"https://punpunkun.com/wp-content/uploads/2021/12/DB67246B-080A-498E-8DB4-843EBB79BB81-scaled.jpeg, https://punpunkun.com/wp-content/uploads/2021/12/BD9347D8-D946-41D9-A3AC-38C6A81251B3-scaled.jpeg, https://punpunkun.com/wp-content/uploads/2021/12/1BF14684-83B7-4581-9FA8-18BF1422CA66-scaled.jpeg",,,,,,,,,0,,สี,สีกรม,1,1,Size (กางเกง),"2Y, 3Y",1,1,อายุ,"2ปี, 3ปี",1,1,เพศ,ชาย,1,1,Fair
18868,simple,300080,,Long Pants SANRIO กางเกงยาวขาจั๊ม เด็กผู้ชาย,1,0,visible,กางเกงยาวขาจั๊ม รุ่น BABF NA 60 แบรนด์ SANRIO สำหรับเด็กผู้ชาย 3-4 ปี สีกรม สกีนลายที่ขาซ้าย,,,,taxable,,1,1,,0,0,1,,,,0,,85,270,สินค้าและอุปกรณ์สำหรับเด็ก,,,"https://punpunkun.com/wp-content/uploads/2021/12/5B558199-4088-467A-BCE8-8F3D2EC60C9E-scaled.jpeg, https://punpunkun.com/wp-content/uploads/2021/12/2880C103-D978-42F7-87A9-CCF00BD49F5F-scaled.jpeg, https://punpunkun.com/wp-content/uploads/2021/12/E890A579-0D1C-44FF-8B4D-12F4FBFDD21C-scaled.jpeg",,,,,,,,,0,,สี,สีกรม,1,1,Size (กางเกง),"3Y, 4Y",1,1,อายุ,"3ปี, 4ปี",1,1,เพศ,ชาย,1,1,Good
18880,simple,300081,,Winter Wear H&M ชุดเซ็ตกันหนาวลายหมาป่าสีกรมสําหรับเด็ก 2 ชิ้น,1,0,visible,H&amp;M ชุดเซ็ตกันหนาวลายหมาป่าสีกรมสําหรับเด็กผู้ชาย 3-4ปี ผ้าCoton ขนาดเสื้อและกางเกง US 18 M ปักแน่นสกีนไม่แตก,,,,taxable,,1,1,,0,0,1,,,,0,,240,799,สินค้าและอุปกรณ์สำหรับเด็ก,,,"https://punpunkun.com/wp-content/uploads/2021/12/FC950C53-FE0F-4DF6-BB7B-370D14F6046A-scaled.jpeg, https://punpunkun.com/wp-content/uploads/2021/12/48C859F4-8E24-4876-8DD6-23B271C63C3B-scaled.jpeg, https://punpunkun.com/wp-content/uploads/2021/12/622CD100-CFB1-4A31-844E-4EFAD62406BE-scaled.jpeg, https://punpunkun.com/wp-content/uploads/2021/12/3FB02149-698C-4BD1-B4BB-419E5B56F793-scaled.jpeg",,,,,,,,,0,,สี,สีกรม,1,1,Size (กางเกง),"3Y, 4Y",1,1,Size (เสื้อ),"3Y, 4Y",1,1,อายุ,"3ปี, 4ปี",1,1,Good
18882,simple,300082,,BABY (NEWBORN) Uniqlo ชุดบอดี้สูทแขนสั้น ลายทางเขียวฟ้า,1,0,visible,ชุดบอดี้สูทแขนสั้น สำหรับเด็กแรกเกิด ส่วนสูง 90 cm. หนัก 13 kg. ผ้าCoton  แบรนด์ Uniqlo ลายทางสีเขียวฟ้า,,,,taxable,,1,1,,0,0,1,,,,0,,65,190,สินค้าและอุปกรณ์สำหรับเด็ก,,,"https://punpunkun.com/wp-content/uploads/2021/12/ED82BD5D-A8EC-4436-A74F-6AC3B08E57A7-scaled.jpeg, https://punpunkun.com/wp-content/uploads/2021/12/CD511059-E0FE-432C-B1EB-8F6DE010BD90-scaled.jpeg, https://punpunkun.com/wp-content/uploads/2021/12/A23AD81E-2293-4E84-B560-90DC9B1F773F-scaled.jpeg, https://punpunkun.com/wp-content/uploads/2021/12/0F073DF2-8535-409F-BD0B-1B031B7C2497-scaled.jpeg",,,,,,,,,0,,สี,"สีฟ้า, สีเขียว",1,1,Size (เสื้อ),18M,1,1,อายุ,18เดือน,1,1,เพศ,"ชาย, หญิง",1,1,Mint
18884,simple,300083,,BABY (NEWBORN) Uniqlo ชุดบอดี้สูทแขนสั้น ลายคลื่นสีฟ้า,1,0,visible,ชุดบอดี้สูทแขนสั้น สำหรับเด็กแรกเกิด ส่วนสูง 90 cm. หนัก 13 kg. ผ้าCoton  แบรนด์ Uniqlo ลายคลื่นสีฟ้า,,,,taxable,,1,1,,0,0,1,,,,0,,65,190,สินค้าและอุปกรณ์สำหรับเด็ก,,,"https://punpunkun.com/wp-content/uploads/2021/12/A8DBF48B-1353-48C8-AA82-71F3F48A3DF7-scaled.jpeg, https://punpunkun.com/wp-content/uploads/2021/12/D1DE1C91-1D10-4E8A-865A-6A9FC768C38D-scaled.jpeg, https://punpunkun.com/wp-content/uploads/2021/12/618B68C3-213F-4AC1-B8CA-D53CF27AF4FC-scaled.jpeg, https://punpunkun.com/wp-content/uploads/2021/12/7ADC63C1-5A77-4482-8078-922107EC2F98-scaled.jpeg",,,,,,,,,0,,สี,"สีน้ำเงิน, สีฟ้า",1,1,Size (เสื้อ),12-18M,1,1,อายุ,18เดือน,1,1,เพศ,"ชาย, หญิง",1,1,Mint
19448,simple,100217,,เสื้อยืดสีม่วงพลาสเทลลายปักแก้วน้ำเก๋ๆ pastel purple t-shirt,1,0,visible,เสื้อยืดสีม่วงพลาสเทลลายปักแก้วน้ำเก๋ๆ แบรนด์ uniqlo  ไซส์ สูง90 cm น้ำหนัก 13kg cotton แท้ 100%,,,,taxable,,1,1,,0,0,1,,,,0,,60,290,สินค้าและอุปกรณ์สำหรับเด็ก,,,"https://punpunkun.com/wp-content/uploads/2022/01/1B6FB64F-7FF9-41A5-8801-98A2E59BE9F9-scaled.jpeg, https://punpunkun.com/wp-content/uploads/2022/01/8E36E619-4B01-4D93-9839-6D09E44E0532-scaled.jpeg, https://punpunkun.com/wp-content/uploads/2022/01/685B451D-68C3-4938-AFA4-4278A30E0BCC-scaled.jpeg",,,,,,,,,0,,สี,สีม่วง,1,1,Size (เสื้อ),12-18M,1,1,อายุ,"1ปี, 2ปี",1,1,เพศ,"ชาย, หญิง",1,1,Fair
19462,simple,100216,,Chiefs t-shirtsเสื้อยืดสุดเท่ห์สกรีนลายรถบรรทุก,1,0,visible,เสื้อยึดสีแดงสุดเท่ห์สกรีนลายรถบรรทุก CHIEF แบรนด์ carter' s สีแดง ไซส์ 3t สำหรับเด็กผู้ชาย cotton แท้ 100%,,,,taxable,,1,1,,0,0,1,,,,0,,140,450,สินค้าและอุปกรณ์สำหรับเด็ก,,,"https://punpunkun.com/wp-content/uploads/2022/01/9A7279C1-756C-4585-BA85-C4377D91BD35-scaled.jpeg, https://punpunkun.com/wp-content/uploads/2022/01/CA1D358E-9537-4EFC-B244-54B779B62998-scaled.jpeg, https://punpunkun.com/wp-content/uploads/2022/01/FCFF63BD-25D8-40A4-8094-953BD9877481-scaled.jpeg, https://punpunkun.com/wp-content/uploads/2022/01/FA85D406-08AD-4066-B31A-EBD942C02282-scaled.jpeg",,,,,,,,,0,,สี,สีแดง,1,1,Size (เสื้อ),3T,1,1,อายุ,3ปี,1,1,เพศ,ชาย,1,1,Fair
19464,simple,100214,,T-shirt monster MIKE & SULLEYเสื้อยืดสีกรมสัตว์ประหลาด,1,0,visible,เสื้อยืดสีกรม monster ลาย MIKE &amp; SULLEY  แบรนด์ uniqlo ไซส์ 3-4 ปี cotton แท้100%,,,,taxable,,0,0,,0,0,1,,,,0,,120,390,สินค้าและอุปกรณ์สำหรับเด็ก,,,https://punpunkun.com/wp-content/uploads/2022/01/B42B113F-9530-4FCC-98AF-4CE90D03E21F-scaled.jpeg,,,,,,,,,0,,สี,สีกรม,1,1,Size (เสื้อ),3Y,1,1,อายุ,"3ปี, 4ปี",1,1,เพศ,ชาย,1,1,Fair
19466,simple,100213,,Toy car set t-shirts เสื้อยืดสกรีนลายชุดรถของเล่น สุดเท่ห์,1,0,visible,เสื้อยืดสีส้ม ลายชุดรถของเล่น เท่ๆ แบรนด์ Baby gap ไซส์ 3 ปี ผ้าcotton แท้ 100 %,,,,taxable,,1,1,,0,0,1,,,,0,,135,450,สินค้าและอุปกรณ์สำหรับเด็ก,,,"https://punpunkun.com/wp-content/uploads/2022/01/D1FB4E86-EF64-4D6A-9F30-46FFAFFFBBA8-scaled.jpeg, https://punpunkun.com/wp-content/uploads/2022/01/C2A1B016-15F4-4F77-8BF9-13B327A1F924-scaled.jpeg, https://punpunkun.com/wp-content/uploads/2022/01/0BBA8AA1-6BB5-423A-9F40-932DD390A77F-scaled.jpeg, https://punpunkun.com/wp-content/uploads/2022/01/7585EE1C-A44A-414E-852F-E8AB8B9E6F38-scaled.jpeg",,,,,,,,,0,,สี,สีส้ม,1,1,Size (เสื้อ),3Y,1,1,อายุ,3ปี,1,1,เพศ,ชาย,1,1,Good
19469,simple,100211,,Round Neck White T-shirtเสื้อยืดลายรถกู้ภัย,1,0,visible,เสื้อยืดคอกลมสีขาว GAP รวมลายรถกู้ภัย ชิคๆ แบรนด์ Baby Gap ไซส์ 12-18 เดือน ผ้าcotton แท้ 100 %,,,,taxable,,1,1,,0,0,1,,,,0,,120,335,สินค้าและอุปกรณ์สำหรับเด็ก,,,"https://punpunkun.com/wp-content/uploads/2022/01/4F83F153-DEC7-4E85-9BC0-0C438D2C1FB0.jpeg, https://punpunkun.com/wp-content/uploads/2022/01/AD5E053E-0E20-4260-BD76-6C2B950E7101-scaled.jpeg, https://punpunkun.com/wp-content/uploads/2022/01/4D63D89C-924D-45C2-A72C-141A3B633362-scaled.jpeg",,,,,,,,,0,,สี,สีขาว,1,1,Size (เสื้อ),12-18M,1,1,อายุ,"12เดือน, 18เดือน",1,1,เพศ,ชาย,1,1,Fair
19476,simple,100208,,Round Neck White T-shirt เสื้อยืดคอกลมเด็กลายรถกู้ภัย,1,0,visible,เสื้อยืดคอกลมเด็ก Gap รวมลายรถกู้ภัย เท่ๆ ชิคๆ แบรนด์ Baby Gap ไซส์ 3 years เนื้อผ้า cotton แท้ 100 %,,,,taxable,,1,1,,0,0,1,,,,0,,60,120,สินค้าและอุปกรณ์สำหรับเด็ก,,,"https://punpunkun.com/wp-content/uploads/2022/01/9158C0E0-5F1C-472F-9418-1B263DAE1597-scaled.jpeg, https://punpunkun.com/wp-content/uploads/2022/01/B0F0AF7F-0620-4D65-AF01-73901BE763AD-scaled.jpeg, https://punpunkun.com/wp-content/uploads/2022/01/999E41BC-5FA2-4C18-B505-49EA8CBF252E-scaled.jpeg",,,,,,,,,0,,สี,สีขาว,1,1,Size (เสื้อ),3Y,1,1,อายุ,3ปี,1,1,เพศ,ชาย,1,1,Fair
19478,simple,100212,,Summer stretcherเสื้อยืดแขนสั้นเด็กผู้ชายสำหรับฤดูร้อน,1,0,visible,Mother care เสื้อยืดแขนสั้นผู้ชายสำหรับฤดูร้อน แบรนด์  Mother care ไซส์  3-4 ปี,,,,taxable,,1,1,,0,0,1,,,,0,,80,390,สินค้าและอุปกรณ์สำหรับเด็ก,,,"https://punpunkun.com/wp-content/uploads/2022/01/18A22842-37E5-47AE-8E19-404A64A3E5A1-scaled.jpeg, https://punpunkun.com/wp-content/uploads/2022/01/1B45592F-0E2B-4DF6-9E13-BEAF74114426-scaled.jpeg, https://punpunkun.com/wp-content/uploads/2022/01/4BE24A0F-E2D9-471D-BF86-D67FFE4641E7-scaled.jpeg, https://punpunkun.com/wp-content/uploads/2022/01/3FA1E7DD-4EE7-4534-9B63-EA5F9302A964-scaled.jpeg",,,,,,,,,0,,สี,สีเทา,1,1,Size (เสื้อ),"3Y, 4Y",1,1,อายุ,"3ปี, 4ปี",1,1,เพศ,ชาย,1,1,Fair
19480,simple,100210,,Ice cream embroidered T-shirt เสื้อยือคอกลมลายปักไอศครีม,1,0,visible,เสื้อยืดคอกลมสีขาวปักลายไอศครีม แบรนด์ uniqlo ไซส์ 1-3 ปี ผ้าcotton แท้ 100 %,,,,taxable,,1,1,,0,0,1,,,,0,,80,390,สินค้าและอุปกรณ์สำหรับเด็ก,,,"https://punpunkun.com/wp-content/uploads/2022/01/79E15894-56B2-437A-9C16-CDFEEB3A3537.jpeg, https://punpunkun.com/wp-content/uploads/2022/01/FECCF240-6979-4677-8E43-7024B6EBF50B-scaled.jpeg, https://punpunkun.com/wp-content/uploads/2022/01/734DDBF3-51EC-4261-A2F8-0703570007BE-scaled.jpeg",,,,,,,,,0,,สี,สีขาว,1,1,Size (เสื้อ),"1Y, 2Y, 3Y",1,1,อายุ,"1ปี, 2ปี, 3ปี",1,1,เพศ,ชาย,1,1,Fair
19483,simple,100222,,Cotton round neck short sleeve striped t-shirtเสื้อยืดลายทางม่วงขาว,1,0,visible,เสื้อยืด uniqlo คอตตอน คอกลม แขนสั้น ลายทาง สีม่วง-ขาว แบรนด์ uniqlo ไซส์ 1-2 ปี ผ้า cotton แท้ 100%,,,,taxable,,1,1,,0,0,1,,,,0,,120,390,สินค้าและอุปกรณ์สำหรับเด็ก,,,"https://punpunkun.com/wp-content/uploads/2022/01/F98F7553-2A44-47F2-B1E0-4F6BB1D8C265-scaled.jpeg, https://punpunkun.com/wp-content/uploads/2022/01/6D78ABA3-D86D-4A62-B2E0-B67C44BB104F-scaled.jpeg, https://punpunkun.com/wp-content/uploads/2022/01/9B32D5D0-3B5B-40A2-9B6E-8D29E8F7ABC6-scaled.jpeg, https://punpunkun.com/wp-content/uploads/2022/01/6D469C1F-AB60-4CA6-A98F-496FFCD52347-scaled.jpeg",,,,,,,,,0,,สี,"สีขาว, สีม่วง",1,1,Size (เสื้อ),"1Y, 2Y",1,1,อายุ,"1ปี, 2ปี",0,1,เพศ,ชาย,1,1,Fair
19485,simple,100218,,Cotton round neck short sleeve striped t-shirtเสื้อยืดคอกลมลายขวาง,1,0,visible,เสื้อยืด uniqlo คอตตอน คอกลม แขนสั้นลายทาง สีม่วง-ขาว แบรนด์ uniqlo  ไซส์ 1-2 ปี  ผ้า cotton แท้ 100 %,,,,taxable,,1,1,,0,0,1,,,,0,,80,390,สินค้าและอุปกรณ์สำหรับเด็ก,,,"https://punpunkun.com/wp-content/uploads/2022/01/F98F7553-2A44-47F2-B1E0-4F6BB1D8C265-scaled.jpeg, https://punpunkun.com/wp-content/uploads/2022/01/6D78ABA3-D86D-4A62-B2E0-B67C44BB104F-scaled.jpeg, https://punpunkun.com/wp-content/uploads/2022/01/9B32D5D0-3B5B-40A2-9B6E-8D29E8F7ABC6-scaled.jpeg, https://punpunkun.com/wp-content/uploads/2022/01/6D469C1F-AB60-4CA6-A98F-496FFCD52347-scaled.jpeg, https://punpunkun.com/wp-content/uploads/2022/01/ECA33CD6-CD96-4E32-B1FF-88E3021FD78E-scaled.jpeg",,,,,,,,,0,,สี,"สีขาว, สีม่วง",1,1,Size (เสื้อ),"1Y, 2Y",1,1,อายุ,"1ปี, 2ปี",1,1,เพศ,ชาย,1,1,Fair
19488,simple,100219,,Round Neck Kids T-shirt striped short sleeveเสื้อยืดเด็กคอกลม แขนสั้นลายทาง,1,0,visible,เสื้อยืดเด็กคอกลม แขนสั้นลายทาง   แบรนด์ Baby Gap  ไซส์ 12-18 เดือน ผ้า cotton cmh 100 %,,,,taxable,,1,1,,0,0,1,,,,0,,120,390,สินค้าและอุปกรณ์สำหรับเด็ก,,,"https://punpunkun.com/wp-content/uploads/2022/01/287F3D18-1B92-4A04-B18E-7C91EB70BE82-scaled.jpeg, https://punpunkun.com/wp-content/uploads/2022/01/984412F9-3570-435D-80DF-910D8EA3702E-scaled.jpeg, https://punpunkun.com/wp-content/uploads/2022/01/750A36CE-A79F-4F5F-AFAE-A1106A4D2E80-scaled.jpeg, https://punpunkun.com/wp-content/uploads/2022/01/D8F28D1F-73AE-4C99-9AFA-348CE73515E9-scaled.jpeg",,,,,,,,,0,,สี,สีฟ้า,1,1,Size (เสื้อ),12-18M,1,1,อายุ,"1ปี, 2ปี",1,1,เพศ,ชาย,1,1,Good
19490,simple,100220,,Cotton round neck short sleeve striped t-shirtเสื้อยืดลายทางแขนสั้น,1,0,visible,เสื้อยืด zara คอตตอน คอกลม แขนสั้น ลายทาง สีขาว-ส้ม แบรนด์ zara ไซส์ 18-24 เดือน ผ้า cotton แท้ 100 %,,,,taxable,,0,0,,0,0,1,,,,0,,70,350,เสื้อผ้าและเครื่องประดับ,,,"https://punpunkun.com/wp-content/uploads/2022/01/CA746FCA-9E5D-4C5E-A072-9574B01A5644-scaled.jpeg, https://punpunkun.com/wp-content/uploads/2022/01/FE21A8EA-3612-4A5C-995E-5CB1C5BEBF8A-scaled.jpeg, https://punpunkun.com/wp-content/uploads/2022/01/6032C790-7219-48FD-AE7A-B563B5179620-scaled.jpeg, https://punpunkun.com/wp-content/uploads/2022/01/78769D4A-ECA0-4F3E-BDB6-CFE8C1E41E97-scaled.jpeg",,,,,,,,,0,,สี,"สีขาว, สีส้ม",1,1,Size (เสื้อ),12-18M,1,1,อายุ,"18เดือน, 24เดือน",1,1,เพศ,ชาย,1,1,Fair
19492,simple,100221,,Zara Button-down Collar T-shirt เสื้อยืด Zara คอติดกระดุมแขนสั้น,1,0,visible,เสื้อยืด Zara คอติดกระดุมแขนสั้น สีเหลืองแบบเรียบๆ แบรนด์ Zara  ไซส์ 18-24 เดือน ผ้า cotton แท้ 100 %,,,,taxable,,1,1,,0,0,1,,,,0,,105,350,สินค้าและอุปกรณ์สำหรับเด็ก,,,"https://punpunkun.com/wp-content/uploads/2022/01/EDAAE2F5-C9B6-40B8-B893-EA4CCD06721D-scaled.jpeg, https://punpunkun.com/wp-content/uploads/2022/01/161098F9-D06C-4479-B59E-1C191FAFCE8D-scaled.jpeg, https://punpunkun.com/wp-content/uploads/2022/01/C07972F2-C64A-44D2-AB26-2F59D61C5C1D-scaled.jpeg, https://punpunkun.com/wp-content/uploads/2022/01/3907E7E7-1756-4FE4-A589-5877D306CEBE-scaled.jpeg",,,,,,,,,0,,สี,สีเหลือง,1,1,Size (เสื้อ),"18M, 24M",1,1,อายุ,"18เดือน, 24เดือน",1,1,เพศ,ชาย,1,1,Good
19496,simple,100209,,Polo shirt cotton on gradient color blue and whiteเสื้อคอปกลายสีฟ้าขาว,1,0,visible,เสื้อ โปโล cotton on ลายสีไล่ระดับ ฟ้าขาว แบรนด์ cotton on ไซส์ สำหรับเด็ก 3ปี ขึ้นไป ผ้า cotton แท้ 100%,,,,taxable,,1,1,,0,0,1,,,,0,,135,660,สินค้าและอุปกรณ์สำหรับเด็ก,,,"https://punpunkun.com/wp-content/uploads/2022/01/46516D62-3F4D-4D8D-A3C9-457362ED9E8F.jpeg, https://punpunkun.com/wp-content/uploads/2022/01/256873EE-196C-4F1D-9E81-6516E189F0E4-scaled.jpeg, https://punpunkun.com/wp-content/uploads/2022/01/4883AB25-C0F4-4A0A-AE29-7ADEC92D3F29-scaled.jpeg, https://punpunkun.com/wp-content/uploads/2022/01/56A56BE3-073F-4C39-AC3C-FB249875065E-scaled.jpeg",,,,,,,,,0,,สี,"สีขาว, สีฟ้า",1,1,Size (เสื้อ),3Y,1,1,อายุ,3ปี,1,1,เพศ,ชาย,1,1,Fair
19498,simple,100207,,"Polo T-shirt, Bear print เสื้อยืดโปโลลายน้องหมีน่ารักๆ",1,0,visible,เสื้อยืด โปโล แบร ลายน้องหมีน่ารักมากๆ ต้องสะสมด่วนค่ะ แบรนด์ Ralph Lauren ไซส์ 1-2 ปี ผ้า cotton แท้ 100 %,,,,taxable,,1,1,,0,0,1,,,,0,,200,990,สินค้าและอุปกรณ์สำหรับเด็ก,,,"https://punpunkun.com/wp-content/uploads/2022/01/46A3315F-BB78-4F12-BD18-C2A64CC56217-scaled.jpeg, https://punpunkun.com/wp-content/uploads/2022/01/6EE4AEED-219A-4CAF-9000-828FC6E45D60-scaled.jpeg, https://punpunkun.com/wp-content/uploads/2022/01/20D7EE80-B5F6-42C9-A328-6228A9EAA3D8-scaled.jpeg",,,,,,,,,0,,สี,สีขาว,1,1,Size (เสื้อ),"1Y, 2Y",1,1,อายุ,"1ปี, 2ปี",1,1,เพศ,ชาย,1,1,Fair
19503,simple,100215,,Toddler Boys Cartoon Crab Striped Swimsuitชุดว่ายน้ำเด็กผู้ชายลายการ์ตูนปู,1,0,visible,ชุดว่ายน้ำเด็กผู้ชายลายการ์ตูนปู  แบรนด์  Little Me ไซส์ 18 เดือน ผ้า cotton แท้ 100 %,,,,taxable,,1,1,,0,0,1,,,,0,,430,2125,สินค้าและอุปกรณ์สำหรับเด็ก,,,"https://punpunkun.com/wp-content/uploads/2022/01/FF19175F-03AB-48AB-BABE-105DD331428A-scaled.jpeg, https://punpunkun.com/wp-content/uploads/2022/01/67A56E49-B249-4721-8916-86953F14DC78-scaled.jpeg, https://punpunkun.com/wp-content/uploads/2022/01/4D11E220-6E8B-49E8-885A-2E842447AB88-scaled.jpeg, https://punpunkun.com/wp-content/uploads/2022/01/A67C9F35-6636-4F8F-8C0E-46A51D5C0989-scaled.jpeg, https://punpunkun.com/wp-content/uploads/2022/01/9DA32E57-10B2-4FBD-93B7-FC2A4007C5E1-scaled.jpeg, https://punpunkun.com/wp-content/uploads/2022/01/023BC9C0-25CC-4E91-BA2A-747AC85433CE-scaled.jpeg",,,,,,,,,0,,สี,"สีขาว, สีน้ำเงิน",1,1,Size (เสื้อ),18M,1,1,อายุ,18เดือน,1,1,เพศ,ชาย,1,1,Fair
19507,simple,100223,,Kids Captain America Swimwear Bodysuitชุดว่ายน้ำเด็ก,1,0,visible,"ชุดว่ายน้ำเด็ก Captain America ชุดบอดี้สูท สกรีนลายชุด Captain America สุดเท่ห์ แบรนด์ Disney ไซส์\n<h1 class=""headerText"" style=""margin: 0px; padding: 0px; line-height: 36px; font-family: TPTankhun; color: #707070; font-size: 36px;""></h1>",,,,taxable,,1,1,,0,0,1,,,,0,,290,1450,สินค้าและอุปกรณ์สำหรับเด็ก,,,"https://punpunkun.com/wp-content/uploads/2022/01/46F2C450-3B5B-4589-920E-DFB831DEAAF8-scaled.jpeg, https://punpunkun.com/wp-content/uploads/2022/01/36429CDE-8891-4884-BB02-9E5884F86A98-scaled.jpeg, https://punpunkun.com/wp-content/uploads/2022/01/455661D1-2545-4617-BD9A-116BD0AC68E1-scaled.jpeg, https://punpunkun.com/wp-content/uploads/2022/01/5DAB81EF-78A5-4F15-A238-46EDFE8AEFAF-scaled.jpeg, https://punpunkun.com/wp-content/uploads/2022/01/8F84807B-D14D-4542-9E55-A5B41DEA6025-scaled.jpeg, https://punpunkun.com/wp-content/uploads/2022/01/BFC7BF99-19A4-41EC-83EE-11F8D6C07432-scaled.jpeg, https://punpunkun.com/wp-content/uploads/2022/01/3DEB1CC7-11E5-4C36-AF7D-B605268079D0-scaled.jpeg, https://punpunkun.com/wp-content/uploads/2022/01/B1B6D744-D213-4B6F-B3B8-36BD86914B84-scaled.jpeg",,,,,,,,,0,,สี,สีน้ำเงิน,1,1,Size (เสื้อ),12-18M,1,1,อายุ,"12เดือน, 18เดือน",1,1,เพศ,ชาย,1,1,Fair
19509,simple,100224,,Kids Captain America Swimwear Bodysuitชุดว่ายน้ำเด็ก Captain America ชุดบอดี้สูท,1,0,visible,ชุดว่ายน้ำเด็ก Captain America ชุดบอดี้สูท สกรีนลาย Captain America สุดเท่ห์ แบรนด์ Disney ไซส์ 4 ปี,,,,taxable,,1,1,,0,0,1,,,,0,,290,1450,สินค้าและอุปกรณ์สำหรับเด็ก,,,"https://punpunkun.com/wp-content/uploads/2022/01/A274CD78-1B2F-4D42-85C3-B1CE67A6A389-scaled.jpeg, https://punpunkun.com/wp-content/uploads/2022/01/C9294A0D-7142-41B7-8031-AF63D8D2C47B-scaled.jpeg, https://punpunkun.com/wp-content/uploads/2022/01/8159DED9-C85A-47BA-B942-AE81B46E5A09-scaled.jpeg, https://punpunkun.com/wp-content/uploads/2022/01/52A14425-0FAB-411D-8278-DCF42526BB8A-scaled.jpeg, https://punpunkun.com/wp-content/uploads/2022/01/D1A78018-2744-4F3B-BB34-9AAA9F5D64CC-scaled.jpeg, https://punpunkun.com/wp-content/uploads/2022/01/F4787226-AFAE-479A-8453-EC8620E74D8A-scaled.jpeg",,,,,,,,,0,,สี,สีน้ำเงิน,1,1,Size (เสื้อ),4Y,1,1,อายุ,4ปี,1,1,เพศ,ชาย,1,1,Fair
19650,simple,10092,,110092,1,0,visible,,,,,taxable,,1,1,,0,0,1,,,,0,,,60,สินค้าและอุปกรณ์สำหรับเด็ก,,,https://punpunkun.com/wp-content/uploads/2022/01/F45B37EE-98B6-420F-BA3E-11C4C83011AD-scaled.jpeg,,,,,,,,,0,,,,,,,,,,,,,,,,,,New
19658,simple,110091,,110091,1,0,visible,,,,,taxable,,0,,,0,0,1,,,,0,,,60,เสื้อผ้าและเครื่องประดับ,,,"https://punpunkun.com/wp-content/uploads/2022/01/EA9708BC-C85F-465B-96F2-879326B70FB8-scaled.jpeg, https://punpunkun.com/wp-content/uploads/2022/01/CDDD9766-DC19-483B-B141-B790A68E4425-scaled.jpeg",,,,,,,,,0,,,,,,,,,,,,,,,,,,New
19660,simple,110088,,110088,1,0,visible,,,,,taxable,,1,1,,0,0,1,,,,0,,,80,สินค้าและอุปกรณ์สำหรับเด็ก,,,https://punpunkun.com/wp-content/uploads/2022/01/8DFC05E4-E70E-495A-88D1-385EAB085439-scaled.jpeg,,,,,,,,,0,,,,,,,,,,,,,,,,,,New
19662,simple,110090,,110090,1,0,visible,,,,,taxable,,1,1,,0,0,1,,,,0,,,80,สินค้าและอุปกรณ์สำหรับเด็ก,,,https://punpunkun.com/wp-content/uploads/2022/01/520CC257-5FB5-424E-8802-DDD06E91B198-scaled.jpeg,,,,,,,,,0,,,,,,,,,,,,,,,,,,New
19664,simple,110089,,110089,1,0,visible,,,,,taxable,,1,1,,0,0,1,,,,0,,,60,สินค้าและอุปกรณ์สำหรับเด็ก,,,https://punpunkun.com/wp-content/uploads/2022/01/CC7AE9CC-0E72-43F9-B0DC-B83FB8221709-scaled.jpeg,,,,,,,,,0,,,,,,,,,,,,,,,,,,New
19666,simple,110085,,110085,1,0,visible,,,,,taxable,,1,1,,0,0,,,,,0,,,120,สินค้าและอุปกรณ์สำหรับเด็ก,,,https://punpunkun.com/wp-content/uploads/2022/01/7F550F8B-7781-4749-B569-847EC5E64342-scaled.jpeg,,,,,,,,,0,,,,,,,,,,,,,,,,,,New
19668,simple,110086,,110086,1,0,visible,,,,,taxable,,1,1,,0,0,1,,,,0,,,120,สินค้าและอุปกรณ์สำหรับเด็ก,,,https://punpunkun.com/wp-content/uploads/2022/01/3E19CF0B-BC21-4720-A475-1D4E9CA5321C-scaled.jpeg,,,,,,,,,0,,,,,,,,,,,,,,,,,,New
19670,simple,110087,,110087,1,0,visible,,,,,taxable,,1,1,,0,0,1,,,,0,,,120,สินค้าและอุปกรณ์สำหรับเด็ก,,,https://punpunkun.com/wp-content/uploads/2022/01/AA391937-7BE9-4026-9380-2644075DB21B-scaled.jpeg,,,,,,,,,0,,,,,,,,,,,,,,,,,,New
19743,simple,110097,,110097,1,0,visible,,,,,taxable,,1,1,,0,0,1,,,,0,,,120,สินค้าและอุปกรณ์สำหรับเด็ก,,,https://punpunkun.com/wp-content/uploads/2022/01/Image-from-iOS-6-scaled.jpg,,,,,,,,,0,,,,,,,,,,,,,,,,,,
19745,simple,110104,,110104,1,0,visible,,,,,taxable,,1,1,,0,0,1,,,,0,,,180,สินค้าและอุปกรณ์สำหรับเด็ก,,,https://punpunkun.com/wp-content/uploads/2022/01/Image-from-iOS-15-scaled.jpg,,,,,,,,,0,,,,,,,,,,,,,,,,,,
19747,simple,110095,,110095,1,0,visible,,,,,taxable,,1,1,,0,0,1,,,,0,,,180,สินค้าและอุปกรณ์สำหรับเด็ก,,,https://punpunkun.com/wp-content/uploads/2022/01/Image-from-iOS-8-scaled.jpg,,,,,,,,,0,,,,,,,,,,,,,,,,,,
19749,simple,110094,,110094,1,0,visible,,,,,taxable,,1,1,,0,0,1,,,,0,,,120,สินค้าและอุปกรณ์สำหรับเด็ก,,,https://punpunkun.com/wp-content/uploads/2022/01/Image-from-iOS-9-scaled.jpg,,,,,,,,,0,,,,,,,,,,,,,,,,,,
19751,simple,110093,,110093,1,0,visible,,,,,taxable,,1,1,,0,0,1,,,,0,,,120,สินค้าและอุปกรณ์สำหรับเด็ก,,,https://punpunkun.com/wp-content/uploads/2022/01/Image-from-iOS-10-scaled.jpg,,,,,,,,,0,,,,,,,,,,,,,,,,,,
19752,simple,110100,,110100,1,0,visible,,,,,taxable,,1,1,,0,0,1,,,,0,,,180,สินค้าและอุปกรณ์สำหรับเด็ก,,,https://punpunkun.com/wp-content/uploads/2022/01/Image-from-iOS-5-scaled.jpg,,,,,,,,,0,,,,,,,,,,,,,,,,,,
19753,simple,110099,,110099,1,0,visible,,,,,taxable,,1,1,,0,0,1,,,,0,,,120,สินค้าและอุปกรณ์สำหรับเด็ก,,,https://punpunkun.com/wp-content/uploads/2022/01/Image-from-iOS-12-scaled.jpg,,,,,,,,,0,,,,,,,,,,,,,,,,,,
19756,simple,110101,,110101,1,0,visible,,,,,taxable,,1,1,,0,0,1,,,,0,,,180,สินค้าและอุปกรณ์สำหรับเด็ก,,,https://punpunkun.com/wp-content/uploads/2022/01/Image-from-iOS-7-scaled.jpg,,,,,,,,,0,,,,,,,,,,,,,,,,,,
19758,simple,110098,,110098,1,0,visible,,,,,taxable,,1,1,,0,0,1,,,,0,,,180,สินค้าและอุปกรณ์สำหรับเด็ก,,,https://punpunkun.com/wp-content/uploads/2022/01/Image-from-iOS-11-scaled.jpg,,,,,,,,,0,,,,,,,,,,,,,,,,,,
19760,simple,110103,,110103,1,0,visible,,,,,taxable,,1,1,,0,0,1,,,,0,,,180,สินค้าและอุปกรณ์สำหรับเด็ก,,,https://punpunkun.com/wp-content/uploads/2022/01/Image-from-iOS-13-scaled.jpg,,,,,,,,,0,,,,,,,,,,,,,,,,,,
19761,simple,110102,,110102,1,0,visible,,,,,taxable,,1,1,,0,0,1,,,,0,,,180,สินค้าและอุปกรณ์สำหรับเด็ก,,,https://punpunkun.com/wp-content/uploads/2022/01/Image-from-iOS-14-scaled.jpg,,,,,,,,,0,,,,,,,,,,,,,,,,,,
19871,simple,01100023-1,,Car Seat Britax คาร์ซีท Britax รุ่น KIDFIX² S สีเทา (Copy),1,0,visible,คาร์ซีท britex รุ่น Kidfix  สีเทา เบาะนุ่มกว้างนั่งสบาย ถอดทำความสะอาดได้ รับน้ำหนักได้ 15-36 kg. เหมาะสำหรับเด็กอายุ 3-12 ปี,,,,taxable,,1,1,,0,0,8,,,,0,,10000,23900,สินค้าและอุปกรณ์สำหรับเด็ก,,,"https://punpunkun.com/wp-content/uploads/2021/10/FE74BCD6-7DBD-4A82-97B3-950A42CE5E63-rotated.jpeg, https://punpunkun.com/wp-content/uploads/2021/10/1FD933D4-41F1-4AE8-812D-FE8282D3A908-rotated.jpeg, https://punpunkun.com/wp-content/uploads/2021/10/BD211CE0-8E1E-45B8-9797-B6CFFD61A4FA-rotated.jpeg, https://punpunkun.com/wp-content/uploads/2021/10/4F8B4A7E-1AA5-430D-885F-536A1939BF95-rotated.jpeg, https://punpunkun.com/wp-content/uploads/2021/10/1A376010-3632-4D34-8F92-8DA197B91D60-rotated.jpeg, https://punpunkun.com/wp-content/uploads/2021/10/6033BB2B-1A52-48A6-AFF2-F69006C5BB85-rotated.jpeg, https://punpunkun.com/wp-content/uploads/2021/10/C0B3B4FA-1CE2-4039-82E5-D4FFA7312992-rotated.jpeg",,,,,,,,,0,,สี,"สีเทา, สีแดง",1,1,อายุ,"0เดือน, 12ปี",1,1,,,,,,,,,Fair
20067,simple,100226,,Mickey Shoes รองเท้าผ้าใบลายมิกกี้,1,0,visible,รองเท้าพิมพ์ลายรูปทรง Mickey Mouse เปิดปิดด้วยเชือกปรับได้ มีซิปด้านข้างรองเท้า ขนาด ไซส์ 15.5 CM,,,,taxable,,1,1,,0,0,1,,,,0,,680,1690,สินค้าและอุปกรณ์สำหรับเด็ก,,,"https://punpunkun.com/wp-content/uploads/2022/02/4A1FBFAF-EA69-4F7A-8897-83C7A1F04B78-scaled.jpeg, https://punpunkun.com/wp-content/uploads/2022/02/5F302486-5CEE-4ECA-903B-B0E50234D2C7-scaled.jpeg, https://punpunkun.com/wp-content/uploads/2022/02/CB931DCF-0EA0-410D-91ED-C54FBDBB893D-scaled.jpeg, https://punpunkun.com/wp-content/uploads/2022/02/79EDDAAD-131C-4AE1-A27C-CAB96FE8EAED-scaled.jpeg, https://punpunkun.com/wp-content/uploads/2022/02/B892F6BD-3CDC-483E-83CD-0525BABDCB4C-scaled.jpeg",,,,,,,,,0,,สี,"สีกรม, สีขาว, สีดำ, สีเขียว, สีเหลือง",1,1,เพศ,ชาย,1,1,,,,,,,,,Fair
20076,simple,100231,,Kids Casual Shoes รองเท้าลำลองเด็ก,1,0,visible,วัสดุรองเท้าง่ายต่อการทำความสะอาด แห้งเร็ว ไม่เกิดกลิ่นอับชื้น ช่วงบริเวณนิ้วเท้ามีรู ช่วยระบายอากาศได้อย่างดีเยี่ยม สายรัดด้านหลัง เพิ่มความกระชับเมื่อสวมใส่ ขนาดไซส์ C5 อายุ 6 เดือน ถึง 1 ขวบครึ่ง,,,,taxable,,1,1,,0,0,1,,,,0,,645,1290,สินค้าและอุปกรณ์สำหรับเด็ก,,,"https://punpunkun.com/wp-content/uploads/2022/02/C663252C-0886-4C94-9BBD-9FDC2FB2D054-scaled.jpeg, https://punpunkun.com/wp-content/uploads/2022/02/FA3742A6-651E-403B-9C76-4362DBBA7F2D-scaled.jpeg, https://punpunkun.com/wp-content/uploads/2022/02/47660A08-C23A-4279-BCA7-2809B884071E-scaled.jpeg, https://punpunkun.com/wp-content/uploads/2022/02/F3C6F1D7-8391-40DA-A600-1A31CE05792A-scaled.jpeg, https://punpunkun.com/wp-content/uploads/2022/02/81801909-4CCA-428A-B63F-086130F45744-scaled.jpeg, https://punpunkun.com/wp-content/uploads/2022/02/809AEBBB-5B70-4F5F-87E7-DC74EB992FF2-scaled.jpeg",,,,,,,,,0,,สี,สีกรม,1,1,อายุ,"18เดือน, 1ปี, 6เดือน",1,1,เพศ,ชาย,1,1,,,,,Good
20079,simple,100232,,Kids Casual Shoes Mickey Mouse Pattern รองเท้าลำลองเด็ก ลายมิกกี้เม้าส์,1,0,visible,อัปเปอร์น้ำหนักเบาใส่สบายพร้อมดีไซน์ช่องรูเสริมการระบายน้ำและอากาศภายในรองเท้าได้ดียิ่งขึ้น สายรัดส้นเท้าเพิ่มความกระชับอย่างมั่นใจ,,,,taxable,,1,1,,0,0,1,,,,0,,945,1890,สินค้าและอุปกรณ์สำหรับเด็ก,,,"https://punpunkun.com/wp-content/uploads/2022/02/5EBE1620-3E4F-4E28-9920-FD59CAF3469E-scaled.jpeg, https://punpunkun.com/wp-content/uploads/2022/02/D4E92E98-92C7-4B7E-B7F6-79FEBB90216C-scaled.jpeg, https://punpunkun.com/wp-content/uploads/2022/02/D19137C8-C599-4097-BBB1-96B9A4521B5A-scaled.jpeg, https://punpunkun.com/wp-content/uploads/2022/02/D3AA363E-17B6-47E1-B273-E950EEA8F022-scaled.jpeg",,,,,,,,,0,,สี,สีน้ำเงิน,1,1,อายุ,"18เดือน, 1ปี, 6เดือน",1,1,เพศ,ชาย,1,1,,,,,Fair
20082,simple,100229,,Toddler Sandals รองเท้าแตะรัดส้นเด็กเล็ก,1,0,visible,พื้นรองเท้าด้านบนทำจากผ้าตาข่ายระบายอากาศช่วยให้เท้าของคุณเย็นสบายและนุ่มสบายพื้นรองเท้าด้านใน ไซส์ 1-2 ขวบครึ่ง,,,,taxable,,0,0,,0,0,1,,,,0,,400,990,สินค้าและอุปกรณ์สำหรับเด็ก,,,"https://punpunkun.com/wp-content/uploads/2022/02/5203AD47-A23C-4F54-B75A-9CAF5A554264-scaled.jpeg, https://punpunkun.com/wp-content/uploads/2022/02/D1606D24-FEFF-46E4-944B-ADABB1C42F35-scaled.jpeg, https://punpunkun.com/wp-content/uploads/2022/02/EC8A6BC1-1B7A-4159-A941-0B7164407B31-scaled.jpeg, https://punpunkun.com/wp-content/uploads/2022/02/4D277C4A-3812-4849-9018-B82D93EB0575-scaled.jpeg, https://punpunkun.com/wp-content/uploads/2022/02/243665E2-3B21-447F-B837-20580E24547E-scaled.jpeg, https://punpunkun.com/wp-content/uploads/2022/02/F3258DED-EDCC-4B48-8537-B8C770274D69-scaled.jpeg",,,,,,,,,0,,สี,"สีกรม, สีเขียว",1,1,อายุ,"2ปี, 3ปี",1,1,เพศ,ชาย,1,1,,,,,Fair
20087,simple,100228,,Toddler Sandals รองเท้าแตะรัดส้นเด็กเล็ก,1,0,visible,พื้นรองเท้าด้านบนทำจากผ้าตาข่ายระบายอากาศช่วยให้เท้าของคุณเย็นสบายและนุ่มสบาย เป็นรองเท้าเด็ก สวมใส่สบาย นุ่ม สามารถใส่ได้ทุกกิจกรรม ไซส์ เด็ก 6 เดือน ถึง 1 ปี,,,,taxable,,0,0,,0,0,1,,,,0,,400,990,สินค้าและอุปกรณ์สำหรับเด็ก,,,"https://punpunkun.com/wp-content/uploads/2022/02/AE0CDFC9-F9AA-4A04-85E4-0D6AAF89F796-scaled.jpeg, https://punpunkun.com/wp-content/uploads/2022/02/E1A25A50-B57C-4FB0-8568-BD1EF84A1003-scaled.jpeg, https://punpunkun.com/wp-content/uploads/2022/02/90A53F15-A761-4C65-B4B9-6427F8B8E4F7-scaled.jpeg, https://punpunkun.com/wp-content/uploads/2022/02/69D9FD9F-398C-415A-8EAC-DF7B43CB6ACD-scaled.jpeg, https://punpunkun.com/wp-content/uploads/2022/02/05797336-6E05-43C3-A9F5-1F26C95B87C2-scaled.jpeg",,,,,,,,,0,,สี,"สีกรม, สีเขียว",1,1,อายุ,"1ปี, 6เดือน",1,1,เพศ,ชาย,1,1,,,,,Fair
20099,simple,100227,,Boys Sneakers รองเท้าผ้าใบเด็กผู้ชาย เท่ๆ คลูๆ,1,0,visible,โดดเด่นด้วยลายโปโลโพนี่ซิกเนเจอร์ โลโก้ที่ลิ้นรองเท้า หัวรองเท้ามน สายรัดแบบสัมผัส และพื้นรองเท้าแบบเรียบ สีดำ ไซส์ 15.5 CM,,,,taxable,,0,0,,0,0,1,,,,0,,1120,2800,อุปกรณ์อิเล็คทรอนิกส์และเครื่องใช้ไฟฟ้า,,,"https://punpunkun.com/wp-content/uploads/2022/02/C264BF53-54BD-41D6-BB54-C2C89E114405-scaled.jpeg, https://punpunkun.com/wp-content/uploads/2022/02/DF6FD100-ABD4-4FA6-A159-CFB3197E02C5-scaled.jpeg, https://punpunkun.com/wp-content/uploads/2022/02/8F427C5E-CC12-4E40-A9CB-12428D261C6A-scaled.jpeg, https://punpunkun.com/wp-content/uploads/2022/02/AD57F8D9-AAB0-46BC-B6BC-83EF6355D78B-scaled.jpeg, https://punpunkun.com/wp-content/uploads/2022/02/8A0BDA83-9B80-4D13-A72B-F7D344592BCF-scaled.jpeg, https://punpunkun.com/wp-content/uploads/2022/02/112828BA-B6CF-4578-B104-216A126CD3DD-scaled.jpeg, https://punpunkun.com/wp-content/uploads/2022/02/57FCFE03-C27C-45CE-876C-DD74537FADD8-scaled.jpeg",,,,,,,,,0,,สี,"สีดำ, สีแดง",1,1,เพศ,ชาย,1,1,,,,,,,,,Fair
20144,simple,100233,,Children's Sneakers For Toddlers รองเท้าผ้าใบเด็กไวหัดเดิน,1,0,visible,Nike Pico 5 ให้ความแน่นกระชับพร้อมการยึดเกาะที่ยอดเยี่ยมคู่นี้ผลิตด้วยวัสดุทนทาน มีระบบลดแรงกระแทกที่ใส่สบาย พร้อมสายรัดปรับได้ที่ทำให้ใส่และถอดได้ง่าย ไซส์ 14 Cm สีน้ำเงิน/ขาว,,,,taxable,,1,1,,0,0,1,,,,0,,520,1300,สินค้าและอุปกรณ์สำหรับเด็ก,,,"https://punpunkun.com/wp-content/uploads/2022/02/A9BEE866-B6DC-4A31-A5D7-AAE3F6578B11-scaled.jpeg, https://punpunkun.com/wp-content/uploads/2022/02/32826357-2866-4942-8C57-DFD4E39CCD0E-scaled.jpeg, https://punpunkun.com/wp-content/uploads/2022/02/5029B0CC-C2D3-49D1-871D-961523087581-scaled.jpeg, https://punpunkun.com/wp-content/uploads/2022/02/7F5D05A1-7DA8-403D-9176-4E2B79045E01-scaled.jpeg, https://punpunkun.com/wp-content/uploads/2022/02/C8E5F425-829E-4B1A-9E2F-9F1252250360-scaled.jpeg, https://punpunkun.com/wp-content/uploads/2022/02/DA8D245A-F2C9-4E41-9C5F-EB931BDDF295-scaled.jpeg, https://punpunkun.com/wp-content/uploads/2022/02/EDC32A86-2DA7-45AE-97DF-5A2D83ABE9D4-scaled.jpeg",,,,,,,,,0,,สี,"สีขาว, สีน้ำเงิน",1,1,เพศ,ชาย,1,1,,,,,,,,,Fair
20187,simple,100230,,Mickey Mouse Boys Shoes รองเท้าเด็กผู้ชายลายมิกกี้เมาส์,1,0,visible,ทำจากผ้าสัมผัสนุ่ม มีแถบหนามเตยขนาดใหญ่ในดีไซน์รูปศีรษะของ Mickey น้ำหนักเบา มอบความยืดหยุ่นและรองรับแรงกระแทกให้กับเท้าของเจ้าตัวเล็กขณะเคลื่อนไหว  ไซส์ 14 CM,,,,taxable,,1,1,,0,0,1,,,,0,,925,1850,สินค้าและอุปกรณ์สำหรับเด็ก,,,"https://punpunkun.com/wp-content/uploads/2022/02/88582C05-06F0-4DDA-8A15-95DF81E8F1EE-scaled.jpeg, https://punpunkun.com/wp-content/uploads/2022/02/77E1F234-9571-4AA1-8577-52C01B241CFB-scaled.jpeg, https://punpunkun.com/wp-content/uploads/2022/02/FB9530CA-BA53-493F-BEF8-37E77C372AE9-scaled.jpeg, https://punpunkun.com/wp-content/uploads/2022/02/E3A63226-180E-4DF9-BC1C-D4A1EAEA4E0B-scaled.jpeg, https://punpunkun.com/wp-content/uploads/2022/02/C4444269-4D8D-423F-AA69-5B458AFBBBF8-scaled.jpeg, https://punpunkun.com/wp-content/uploads/2022/02/C27CD718-0BEB-47E5-B1A7-B33CB14A017E-scaled.jpeg",,,,,,,,,0,,สี,"สีขาว, สีดำ, สีแดง",1,1,เพศ,ชาย,1,1,,,,,,,,,Good
20230,simple,100225,,Boys Sneakers รองเท้าผ้าใบเด็กผู้ชาย เท่ๆ คลูๆ,1,0,visible,ความสบายที่ใส่และถอดออกได้อย่างง่ายดายNike Pico 5 ให้ความแน่นกระชับพร้อมการยึดเกาะที่ยอดเยี่ยม คู่นี้ผลิตด้วยวัสดุทนทาน มีระบบลดแรงกระแทกที่ใส่สบาย ไซส์ 15 Cm,,,,taxable,,1,1,,0,0,1,,,,0,,520,1300,สินค้าและอุปกรณ์สำหรับเด็ก,,,"https://punpunkun.com/wp-content/uploads/2022/02/EFA27964-F3A0-473B-AEE5-5C37B8DE4D9C-scaled.jpeg, https://punpunkun.com/wp-content/uploads/2022/02/A32A99C4-0572-460E-98BC-23147D04F274-scaled.jpeg, https://punpunkun.com/wp-content/uploads/2022/02/E53F468C-92E6-4952-A7B5-D124F4E04EF4-scaled.jpeg, https://punpunkun.com/wp-content/uploads/2022/02/FE847DDD-FE5C-48C8-B366-F91B3666678D-scaled.jpeg, https://punpunkun.com/wp-content/uploads/2022/02/AE732D23-A039-4BC3-B5A4-4EA3C358586C-scaled.jpeg, https://punpunkun.com/wp-content/uploads/2022/02/DD9A52D5-9102-46B2-82B4-73CA241B5602-scaled.jpeg, https://punpunkun.com/wp-content/uploads/2022/02/B4DED23A-B0B6-487A-BB19-7E7EDD4BE858-scaled.jpeg",,,,,,,,,0,,สี,"สีเขียว, สีเทา",1,1,เพศ,ชาย,1,1,,,,,,,,,Fair
21910,simple,600256,,Padded Vest เสื้อกั๊กบุนวม,1,0,visible,ทำจากผ้าสัมผัสที่หนานุ่ม ตกแต่งด้วยลายดาวสีขาวทั้งตัว ข้างในเสื้อเป็นสีแดงที่ให้ความอบอุ่นใส่แล้วสบาย บางเบา,<!--more-->,,,taxable,,1,,,0,0,1,,,,0,,250,999,เสื้อผ้าและเครื่องประดับ,,,"https://punpunkun.com/wp-content/uploads/2023/01/807B09E3-E126-48FD-A5FA-30BB8DF9F1B2-scaled.jpeg, https://punpunkun.com/wp-content/uploads/2023/01/06A96EB2-8CF6-44A9-ABDC-0AB50CD33A79-scaled.jpeg, https://punpunkun.com/wp-content/uploads/2023/01/3E4C8E6E-F747-4083-AB9A-4E4B5381CCAD-scaled.jpeg, https://punpunkun.com/wp-content/uploads/2023/01/807B09E3-E126-48FD-A5FA-30BB8DF9F1B2-scaled.jpeg",,,,,,,,,0,,สี,สีกรม,1,1,Size (เสื้อ),4-6Y,1,1,อายุ,6ปี,1,1,,,,,Good
21915,simple,600257,,Timberland Boys Sweater เสื้อกันหนาวเด็กผู้ชาย,1,0,visible,ทำจากผ้าสัมผัสที่หนานุ่ม ผ้าไนลอน เป็นลายสีแดงตัดกับสีดำ ข้างในเสื้อเป็นสีดำที่ให้ความอบอุ่นใส่แล้วสบาย บางเบา,,,,taxable,,1,,,0,0,1,,,,0,,150,2450,เสื้อผ้าและเครื่องประดับ,,,"https://punpunkun.com/wp-content/uploads/2023/01/5B076302-AE72-4D28-9DD3-9D46A77E4FAF-scaled.jpeg, https://punpunkun.com/wp-content/uploads/2023/01/E6A32CE6-8F6F-47E1-AB3A-30EE4C6EC7E4-scaled.jpeg, https://punpunkun.com/wp-content/uploads/2023/01/4A02B28C-44DC-40AC-BF14-5D3F2B4BB6FD-scaled.jpeg, https://punpunkun.com/wp-content/uploads/2023/01/44AD8571-67B0-46CE-A91B-74500F2B3CFC-scaled.jpeg, https://punpunkun.com/wp-content/uploads/2023/01/63F2AB2B-88FF-4C38-A7A1-CACCC6066BC1-scaled.jpeg",,,,,,,,,0,,Size (เสื้อ),4-6Y,1,1,สี,สีแดง,0,1,อายุ,4ปี,1,1,เพศ,ชาย,1,1,Good
21936,simple,600258,,Gap Kids Boys Hoodie Sweater เสื้อกันหนาวเด็กผู้ชายมีฮู้ด,1,0,visible,ทำจากผ้าที่มีความสัมผัสนุ่ม ภายนอกเป็นฮู้ด มีกระดุมและซิปผ้ามีสีแดง ข้างในเป็นเนื้อผ้าที่ทำให้อบอุ่นคล้ายขนสัตว์,,,,taxable,,1,,,0,0,1,,,,0,,400,1475,เสื้อผ้าและเครื่องประดับ,,,"https://punpunkun.com/wp-content/uploads/2023/01/2FD65C64-297D-44AD-87BA-A0E37D37AF12-scaled.jpeg, https://punpunkun.com/wp-content/uploads/2023/01/D76AC1F1-4BD4-45B3-A686-0A0D12DFBA0D-scaled.jpeg, https://punpunkun.com/wp-content/uploads/2023/01/2BA78C0C-37E3-4004-B61D-CD4048D702D4-scaled.jpeg, https://punpunkun.com/wp-content/uploads/2023/01/CC9CA08D-01B2-4098-8557-EE6615E78204-scaled.jpeg, https://punpunkun.com/wp-content/uploads/2023/01/8DA81E71-51B9-433B-B4EB-C6298ABEC82B-scaled.jpeg",,,,,,,,,0,,สี,สีแดง,1,1,Size (เสื้อ),8-10Y,1,1,อายุ,8ปี,1,1,,,,,Good
21947,simple,600259,,Gap Kids Boys Hoodie Sweater เสื้อกันหนาวเด็กผู้ชายมีฮู้ด,1,0,visible,ทำจากผ้าที่มีความสัมผัสนุ่ม ภายนอกเป็นฮู้ด มีกระดุมและซิปผ้ามีสีแดง ข้างในเป็นเนื้อผ้าที่ทำให้อบอุ่นคล้ายขนสัตว์,,,,taxable,,1,,,0,0,1,,,,0,,550,1475,เสื้อผ้าและเครื่องประดับ,,,"https://punpunkun.com/wp-content/uploads/2023/01/C2C328D8-6C60-45E7-8012-65A04FDFF065-scaled.jpeg, https://punpunkun.com/wp-content/uploads/2023/01/074483DF-1D70-46D1-A09A-F1F5BADDC641-scaled.jpeg, https://punpunkun.com/wp-content/uploads/2023/01/A7F24488-1363-4D7C-95C9-5D48A9A45ACA-scaled.jpeg, https://punpunkun.com/wp-content/uploads/2023/01/A29A7CCA-646B-451A-A4FF-92807D86A594-scaled.jpeg",,,,,,,,,0,,สี,สีแดง,1,1,Size (เสื้อ),4-6Y,1,1,อายุ,4ปี,1,1,,,,,
21949,simple,600260,,Gap Kids Boys Hoodie Sweater เสื้อกันหนาวเด็กผู้ชายมีฮู้ด,1,0,visible,ทำจากผ้าที่มีความสัมผัสนุ่ม ภายนอกเป็นฮู้ด มีกระดุม ผ้ามีสีกรม ข้างในเป็นเนื้อผ้าที่ทำให้อบอุ่น ผ้าไนลอน,,,,taxable,,1,,,0,0,1,,,,0,,400,1990,เสื้อผ้าและเครื่องประดับ,,,"https://punpunkun.com/wp-content/uploads/2023/01/2752DA65-D8E8-4512-A784-946078A382A8-scaled.jpeg, https://punpunkun.com/wp-content/uploads/2023/01/AF41E8AA-B1F5-4C0D-9A6C-2F89D3EB053C-scaled.jpeg, https://punpunkun.com/wp-content/uploads/2023/01/BE72F738-C25D-467E-8EF0-F877B41C51E6-scaled.jpeg, https://punpunkun.com/wp-content/uploads/2023/01/CE47773B-92B0-4BB7-8DED-2BDF0F5E0C6E-scaled.jpeg",,,,,,,,,0,,สี,สีกรม,1,1,Size (เสื้อ),6-8 Y,1,1,อายุ,6ปี,1,1,,,,,Fair
21959,simple,600261,,Zara Kids Boys Padded Jacket เสื้อแจ็คเก็ตบุนวมเด็กผู้ชาย,1,0,visible,ทำจากผ้าที่หนานุ่ม ภายนอกมีรูปร่างคล้ายขนมปังนุ่มๆมีซิป ข้างในคล้ายขนสัตว์ทำเกิดความอบอุ่น ใส่สบาย,,,,taxable,,1,,,0,0,1,,,,0,,300,2390,เสื้อผ้าและเครื่องประดับ,,,"https://punpunkun.com/wp-content/uploads/2023/01/8EA0B5EF-4E93-4108-9BCF-ACD26F0635AD-scaled.jpeg, https://punpunkun.com/wp-content/uploads/2023/01/EFAE5C3A-5053-4A06-A1B1-02A847453CBE-scaled.jpeg, https://punpunkun.com/wp-content/uploads/2023/01/67F4789A-B14E-4DF8-A905-D5F2C9406542-scaled.jpeg, https://punpunkun.com/wp-content/uploads/2023/01/A605E07A-57CA-4CCB-9650-890389466251-scaled.jpeg",,,,,,,,,0,,สี,สีเทา,1,1,Size (เสื้อ),4-6Y,1,1,อายุ,4ปี,1,1,,,,,Good
21978,simple,600262,,Military Padded Vest เสื้อกั๊กบุนวมลายทหาร,1,0,visible,ทำจากผ้าสัมผัสนุ่ม ภายนอกมีลายทหารทั้งตัว มีหมวก  สวมใส่แล้วสบายและอบอุ่น,,,,taxable,,1,,,0,0,1,,,,0,,150,1090,เสื้อผ้าและเครื่องประดับ,,,"https://punpunkun.com/wp-content/uploads/2023/01/6044B4D7-52C2-49C2-ACB8-BB78E821AB66-scaled.jpeg, https://punpunkun.com/wp-content/uploads/2023/01/42EEE64E-A33D-42DB-B997-EEA095A0E6FC-scaled.jpeg, https://punpunkun.com/wp-content/uploads/2023/01/F3BAF206-C4F1-4D2F-99D4-33953B33907E-scaled.jpeg, https://punpunkun.com/wp-content/uploads/2023/01/91CF0ED8-7D9E-40B3-B753-525A889F51B2-scaled.jpeg, https://punpunkun.com/wp-content/uploads/2023/01/A9D3A905-CBCC-4DB7-99A8-5C412B9DF9BC-scaled.jpeg",,,,,,,,,0,,สี,สีเขียว,1,1,Size (เสื้อ),8-10Y,1,1,อายุ,8ปี,1,1,,,,,Fair
21981,simple,600263,,Space Military Padded Jacket เสื้อแจ็คเก็ตบุนวมลายทหารสเปซ,1,0,visible,ทำจากผ้าสัมผัสนุ่ม ภายนอกลายทหารทั้งตัวเขียนตัวหนังสือว่า Space ข้างในคล้ายขนสัตว์สีขาวให้ความอบอุ่น,,,,taxable,,1,,,0,0,1,,,,0,,250,1990,เสื้อผ้าและเครื่องประดับ,,,"https://punpunkun.com/wp-content/uploads/2023/01/4FEA40BF-BFC1-4160-A87B-3DF8626DB85D-scaled.jpeg, https://punpunkun.com/wp-content/uploads/2023/01/7240180E-1F45-43A5-9AD7-731D03E536CD-scaled.jpeg, https://punpunkun.com/wp-content/uploads/2023/01/E70EC4D3-56DE-4F64-8429-51045E0C8983-scaled.jpeg, https://punpunkun.com/wp-content/uploads/2023/01/895F16D9-7EA6-412B-B5D7-D3DE122C509D-scaled.jpeg",,,,,,,,,0,,สี,สีเขียว,1,1,Size (เสื้อ),8-10Y,1,1,อายุ,10ปี,1,1,,,,,Fair
21985,simple,600264,,Trespass Kids Jacket In Military เสื้อแจ็คเก็ตลายทหาร เทรสเพส,1,0,visible,<!--more-->ทำจากผ้าสัมผัสนุ่ม ภายนอกลายตารางทหาร มีหมวกขนสัตว์ ข้างในมีสีดำคล้ายขนสัตว์เทียมให้ความอบอุ่นในขณะสวมใส่,,,,taxable,,1,,,0,0,1,,,,0,,300,2460,เสื้อผ้าและเครื่องประดับ,,,"https://punpunkun.com/wp-content/uploads/2023/01/FFBE89EB-33ED-46FD-AC9A-17F9F53358F7-scaled.jpeg, https://punpunkun.com/wp-content/uploads/2023/01/345490A4-C187-415E-BA2A-8BB95B7A54EF-scaled.jpeg, https://punpunkun.com/wp-content/uploads/2023/01/65DF5CED-587A-46B3-A931-5F0906375119-scaled.jpeg, https://punpunkun.com/wp-content/uploads/2023/01/154E3B3D-3810-4999-81A1-113A2F5F1A88-scaled.jpeg, https://punpunkun.com/wp-content/uploads/2023/01/7D9C16BC-C4CB-41DB-84DA-2355CC162EB3-scaled.jpeg, https://punpunkun.com/wp-content/uploads/2023/01/4DC5528D-12E6-4B19-A10E-943FE3823FDF-scaled.jpeg",,,,,,,,,0,,Size (เสื้อ),3Y,1,1,สี,สีเขียว,1,1,อายุ,3ปี,1,1,,,,,Good
21997,simple,600265,,Bossini Boys Padded Vest เสื้อกั๊กบุนวมเด็กผู้ชาย,1,0,visible,ทำจากผ้าสัมผัสนุ่ม เป็นเสื้อกั๊กบุนวมสีน้ำเงินทั้งข้างในและข้างนอกใส่สบาย บางเบา อบอุ่น แถมถุงใส่เสื้อพกพาง่าย,,,,taxable,,1,,,0,0,1,,,,0,,200,1090,เสื้อผ้าและเครื่องประดับ,,,"https://punpunkun.com/wp-content/uploads/2023/01/92BC763F-5462-4953-A8FE-7EF48E6861FC-scaled.jpeg, https://punpunkun.com/wp-content/uploads/2023/01/F5A731C5-5382-4B42-A987-9D6A39B53FB4-scaled.jpeg, https://punpunkun.com/wp-content/uploads/2023/01/3EDDC3A6-5436-443E-A2F4-D405E3562BDC-scaled.jpeg, https://punpunkun.com/wp-content/uploads/2023/01/B3FE8256-FAC7-43A3-8534-5714C8A5E369-scaled.jpeg",,,,,,,,,0,,สี,สีน้ำเงิน,1,1,Size (เสื้อ),8-10Y,1,1,อายุ,10ปี,1,1,,,,,Good
22007,simple,600266,,Bossini Boys Padded Vest เสื้อกั๊กบุนวมเด็กผู้ชาย,1,0,visible,ทำจากผ้าสัมผัสนุ่ม เป็นเสื้อกั๊กบุนวมสีน้ำเงินทั้งข้างในและข้างนอกใส่สบาย บางเบา อบอุ่น แถมถุงใส่เสื้อพกพาง่าย,,,,taxable,,1,,,0,0,1,,,,0,,200,1090,เสื้อผ้าและเครื่องประดับ,,,"https://punpunkun.com/wp-content/uploads/2023/01/3C793C59-8356-464D-9298-EE64281CEA7E-scaled.jpeg, https://punpunkun.com/wp-content/uploads/2023/01/250C6949-D2DD-4A56-8926-1CDDECECBFAA-scaled.jpeg, https://punpunkun.com/wp-content/uploads/2023/01/358BA9F1-12A0-495B-A257-812AE58C372B-scaled.jpeg, https://punpunkun.com/wp-content/uploads/2023/01/82A518C6-BB7A-4960-B9B3-B05C9ADB3F80-scaled.jpeg",,,,,,,,,0,,สี,สีน้ำเงิน,1,1,Size (เสื้อ),6-8 Y,1,1,อายุ,8ปี,1,1,,,,,Good
22010,simple,600267,,Bossini Cotton Jacket เสื้อแจ็คเก็ตผ้าฝ้าย,1,0,visible,ทำจากผ้าสัมผัสนุ่ม ผ้าฝ้ายมีสีเทาเข้มข้างในตกแต่งด้วยลายตารางและข้างนอกใส่สบาย บางเบา อบอุ่น ตำหนิที่กระดุม,,,,taxable,,1,,,0,0,1,,,,0,,400,2149,เสื้อผ้าและเครื่องประดับ,,,"https://punpunkun.com/wp-content/uploads/2023/01/39AA606E-B72C-4C46-9B48-83A95C8A7EF0-scaled.jpeg, https://punpunkun.com/wp-content/uploads/2023/01/C15D3D77-0870-41E8-9373-0838D9095323-scaled.jpeg, https://punpunkun.com/wp-content/uploads/2023/01/267F4718-E979-4533-84BD-AE4F44CD2A2D-scaled.jpeg, https://punpunkun.com/wp-content/uploads/2023/01/85F86E18-80C9-40F7-8253-1C49B3137741-scaled.jpeg, https://punpunkun.com/wp-content/uploads/2023/01/1649052E-22B0-4493-AA66-1D4AEF096550-scaled.jpeg, https://punpunkun.com/wp-content/uploads/2023/01/3BA0138F-4FB0-4DE5-867C-232C600E91D1-scaled.jpeg",,,,,,,,,0,,สี,สีเทา,1,1,Size (เสื้อ),6-8 Y,1,1,อายุ,7ปี,1,1,,,,,Fair
22022,simple,600268,,Bossini Cotton Jacket เสื้อแจ็คเก็ตผ้าฝ้าย,1,0,visible,ทำจากผ้าสัมผัสนุ่ม ผ้าฝ้ายมีสีเทาเข้มข้างในตกแต่งด้วยลายตารางและข้างนอกใส่สบาย บางเบา อบอุ่น,,,,taxable,,1,,,0,0,1,,,,0,,400,2149,เสื้อผ้าและเครื่องประดับ,,,"https://punpunkun.com/wp-content/uploads/2023/01/03195145-D475-407E-BF89-2192FCA6F197-scaled.jpeg, https://punpunkun.com/wp-content/uploads/2023/01/40B1BF67-EAA9-4470-8D25-B73F37B9FA8E-scaled.jpeg, https://punpunkun.com/wp-content/uploads/2023/01/7AEA2904-92E9-4AFA-AB14-B91D0F1915F9-scaled.jpeg, https://punpunkun.com/wp-content/uploads/2023/01/F0438C1C-F8E8-49CE-BC2B-6DDF2A6573DE-scaled.jpeg",,,,,,,,,0,,สี,สีเทา,1,1,Size (เสื้อ),8-10Y,1,1,อายุ,9ปี,1,1,,,,,Good
22024,simple,600269,,Kids Expedition Down Waterproof Winter Parka Lands’End เสื้อพาร์กากันน้ำกันหนาว,1,0,visible,ทำจากเนื้อผ้าฝ้ายกันน้ำกันหนาว ที่หมวกตกแต่งด้วยขนสัตว์เทียม ภายในผ้าขนสัตว์เทียมใส่แล้วอุ่น ภายนอกเป็นสีเขียวขี้ม้าตัดกับซิปสีส้ม,,,,taxable,,1,,,0,0,1,,,,0,,350,3800,เสื้อผ้าและเครื่องประดับ,,,"https://punpunkun.com/wp-content/uploads/2023/01/9FD37573-F4B7-4FA4-B06F-AE8EEC430105-scaled.jpeg, https://punpunkun.com/wp-content/uploads/2023/01/0BD50C53-CE9E-4EE5-8757-56B9C0A39CDE-scaled.jpeg, https://punpunkun.com/wp-content/uploads/2023/01/35304EF2-BB5E-445D-9D9A-60075D228CCC-scaled.jpeg, https://punpunkun.com/wp-content/uploads/2023/01/E8859C97-7415-4F5D-8941-A6CDDFF4FF64-scaled.jpeg, https://punpunkun.com/wp-content/uploads/2023/01/637741B1-14CB-40FF-81A4-0E6082F71C92-scaled.jpeg",,,,,,,,,0,,สี,สีเขียว,1,1,Size (เสื้อ),5Y,1,1,อายุ,5ปี,1,1,,,,,Good
22037,simple,600270,,Kids Expedition Down Waterproof Winter Parka Lands’End เสื้อพาร์กากันน้ำกันหนาว,1,0,visible,ทำจากเนื้อผ้าฝ้ายกันน้ำกันหนาว ที่หมวกตกแต่งด้วยขนสัตว์เทียม ภายในผ้าขนสัตว์เทียมใส่แล้วอุ่น ภายนอกเป็นสีเขียวขี้ม้าตัดกับซิปสีส้ม,,,,taxable,,1,,,0,0,1,,,,0,,350,3800,เสื้อผ้าและเครื่องประดับ,,,"https://punpunkun.com/wp-content/uploads/2023/01/D0B72C43-C3D5-4781-8DD1-FA08114E67AF-scaled.jpeg, https://punpunkun.com/wp-content/uploads/2023/01/EE74BF2B-4700-45D2-A013-2143B2B3B112-scaled.jpeg, https://punpunkun.com/wp-content/uploads/2023/01/861FAA5D-C5AB-4100-884B-76794B6A6F07-scaled.jpeg, https://punpunkun.com/wp-content/uploads/2023/01/726BF8F6-3F64-4A4B-B97F-53DE77A221E5-scaled.jpeg, https://punpunkun.com/wp-content/uploads/2023/01/E611CF8C-24BD-4EF9-8DB6-7AA68943DED8-scaled.jpeg",,,,,,,,,0,,สี,สีเขียว,1,1,Size (เสื้อ),7Y,1,1,อายุ,7ปี,1,1,,,,,Fair
22040,simple,600271,,Bossini Boys Jacket เสื้อแจ็คเก็ตเด็กผู้ชาย,1,0,visible,ทำจากผ้าสัมผัสนุ่ม ภายนอกและภายในตกแต่งด้วยสีกรม มีกระเป๋า 2 ข้างใช้ได้จริง มีหมวก ใส่แล้วอบอุ่น สบาย,,,,taxable,,1,,,0,0,1,,,,0,,200,2990,เสื้อผ้าและเครื่องประดับ,,,"https://punpunkun.com/wp-content/uploads/2023/01/7FF4AA35-4375-40E3-BE73-70608BC51401-scaled.jpeg, https://punpunkun.com/wp-content/uploads/2023/01/BCC2A5BA-F086-469F-A0B1-7846DA145929-scaled.jpeg, https://punpunkun.com/wp-content/uploads/2023/01/24E90574-B450-4C8F-A81B-6252BEEF7260-scaled.jpeg, https://punpunkun.com/wp-content/uploads/2023/01/DAFF9066-66DA-4098-9E92-2491DF996AE2-scaled.jpeg",,,,,,,,,0,,สี,สีกรม,1,1,Size (เสื้อ),4-6Y,1,1,อายุ,4ปี,1,1,,,,,Good
22050,simple,600272,,Snudfrn 1981 Italy black sweater เสื้อสเวตเตอร์สีดำอิตาลี,1,0,visible,ทำจากวัสดุที่หนานุ่ม สวมใส่แล้ว เบาสบาย อบอุ่น ข้างในตกแต่งด้วยผ้าฝ้ายสีส้ม,,,,taxable,,1,,,0,0,1,,,,0,,250,1990,เสื้อผ้าและเครื่องประดับ,,,"https://punpunkun.com/wp-content/uploads/2023/01/8BA4C44D-8D1E-46AC-B487-489AA4F9B156-scaled.jpeg, https://punpunkun.com/wp-content/uploads/2023/01/AC559F60-2AAF-4C26-BF37-719336A21FF4-scaled.jpeg, https://punpunkun.com/wp-content/uploads/2023/01/E5901365-D912-404C-9C7B-932AAC2A965E-scaled.jpeg, https://punpunkun.com/wp-content/uploads/2023/01/2969E699-05E0-474E-8C75-2A532D5AD892-scaled.jpeg",,,,,,,,,0,,สี,สีดำ,1,1,Size (เสื้อ),14Y,1,1,อายุ,14ปี,1,1,,,,,Good
22052,simple,600273,,Orange Hoodie Jacket เสื้อแจ็คเก็ตมีฮู้ดสีส้ม,1,0,visible,ทำจากวัสดุที่หนานุ่มใส่สบาย ตกแต่งขนสัตว์เทียมที่หมวก สีเสื้อตัดกันด้วยสีส้มและสีน้ำเงิน ใส่แล้วอบอุ่น,,,,taxable,,1,,,0,0,1,,,,0,,200,1990,เสื้อผ้าและเครื่องประดับ,,,"https://punpunkun.com/wp-content/uploads/2023/01/4A6915CB-DA75-4CE2-8284-FAC46BA1F613-scaled.jpeg, https://punpunkun.com/wp-content/uploads/2023/01/E3104182-23B0-43FC-B247-489AB720D148-scaled.jpeg, https://punpunkun.com/wp-content/uploads/2023/01/4CB5AF5F-F3C5-4FB8-AEE8-0892641CD30B-scaled.jpeg, https://punpunkun.com/wp-content/uploads/2023/01/39767C78-9D8E-43A8-B774-F024A46F3670-scaled.jpeg",,,,,,,,,0,,สี,สีส้ม,1,1,Size (เสื้อ),10Y,1,1,อายุ,10ปี,1,1,,,,,Good
22058,simple,600274,,Pants กางเกงขายาวสีกรม,1,0,visible,กางเกงขายาว สีกรม ไซต์ 4 ปี มีเข็มขัดผ้าลายสก๊อต,,,,taxable,,1,,,0,0,1,,,,0,,200,2040,เสื้อผ้าและเครื่องประดับ,,,"https://punpunkun.com/wp-content/uploads/2023/01/A6ECD7F4-C939-4D42-B832-43FF685A98E0-scaled.jpeg, https://punpunkun.com/wp-content/uploads/2023/01/658BCFF1-0F04-43CE-A837-591AB6F97ACD-scaled.jpeg, https://punpunkun.com/wp-content/uploads/2023/01/5D80FAE5-A5DD-49FB-8D9D-BB2A92F9BF66-scaled.jpeg, https://punpunkun.com/wp-content/uploads/2023/01/B2BBE860-7F24-40BB-850F-27543BDEC241-scaled.jpeg, https://punpunkun.com/wp-content/uploads/2023/01/E0B90BEA-1EA6-45DD-9BAD-930124248D39-scaled.jpeg, https://punpunkun.com/wp-content/uploads/2023/01/AE2FD7A5-75A5-4169-B72C-4D6C155BEA0D-scaled.jpeg, https://punpunkun.com/wp-content/uploads/2023/01/AD12CDFC-F093-4324-B0D2-46BA137F2DA7-scaled.jpeg",,,,,,,,,0,,สี,สีกรม,1,1,Size (กางเกง),4Y,1,1,อายุ,4ปี,1,1,,,,,Good
22067,simple,600275,,Pants กางเกงขายาวสีดำ,1,0,visible,กางเกงขายาวสีดำ ไซต์ 5 ปี,,,,taxable,,1,,,0,0,1,,,,0,,200,1590,เสื้อผ้าและเครื่องประดับ,,,"https://punpunkun.com/wp-content/uploads/2023/01/6DBE3CC7-22EB-4F52-98E2-AC6B2B973F39-scaled.jpeg, https://punpunkun.com/wp-content/uploads/2023/01/5E20ADDE-A388-4519-BE5F-486D946A50CD-scaled.jpeg, https://punpunkun.com/wp-content/uploads/2023/01/941FDFBC-60CB-43F3-B874-9A3BDB7811B5-scaled.jpeg, https://punpunkun.com/wp-content/uploads/2023/01/33986893-33D1-4CEC-BDCD-116EA9BF5CE4-scaled.jpeg",,,,,,,,,0,,สี,สีดำ,1,1,Size (กางเกง),5Y,1,1,อายุ,5ปี,1,1,เพศ,ชาย,1,1,Fair
22074,simple,600276,,Pants กางเกงขายาวสีครีม,1,0,visible,กางเกงขายาวสีครีม ไซต์ 4 ปี,,,,taxable,,1,,,0,0,1,,,,0,,200,1390,เสื้อผ้าและเครื่องประดับ,,,"https://punpunkun.com/wp-content/uploads/2023/01/72DE373A-B1B5-45D6-8BEB-2281D8177A88-scaled.jpeg, https://punpunkun.com/wp-content/uploads/2023/01/68484F88-B05A-4790-B0CF-FF36E4BFF15A-scaled.jpeg, https://punpunkun.com/wp-content/uploads/2023/01/84FFB349-858D-49E9-9FA4-0E9B0D848F67-scaled.jpeg, https://punpunkun.com/wp-content/uploads/2023/01/867A59AB-B0F3-4C76-AC36-14EF2712B2A1-scaled.jpeg, https://punpunkun.com/wp-content/uploads/2023/01/774F6E74-E8FD-44EA-AB4E-37C23370B24C-scaled.jpeg, https://punpunkun.com/wp-content/uploads/2023/01/6D63DCFC-E866-4838-9DE8-8A7E4A2AC64E-scaled.jpeg",,,,,,,,,0,,สี,สีครีม,1,1,Size (กางเกง),4Y,1,1,อายุ,4ปี,1,1,,,,,Fair
22084,simple,600277,,Pants กางเกงขายาวลายเส้นสีดำ,1,0,visible,กางเกงขายาวลายเส้นสีดำ ไซต์ 5 ปี,,,,taxable,,1,,,0,0,1,,,,0,,200,1390,เสื้อผ้าและเครื่องประดับ,,,"https://punpunkun.com/wp-content/uploads/2023/01/61A8F7DA-072F-4430-B44F-2548A27C149E-scaled.jpeg, https://punpunkun.com/wp-content/uploads/2023/01/8DD17D84-8D12-41CF-BB6C-3969FD84D121-scaled.jpeg, https://punpunkun.com/wp-content/uploads/2023/01/B31C392F-16B6-477B-AF85-5B08ABCB26F2-scaled.jpeg, https://punpunkun.com/wp-content/uploads/2023/01/33581D34-BB6E-43F7-9C4C-0D32C4E1B9D1-scaled.jpeg, https://punpunkun.com/wp-content/uploads/2023/01/ACB186EC-240F-41A5-B3BF-CF5BB8D52115-scaled.jpeg",,,,,,,,,0,,สี,สีดำ,1,1,Size (กางเกง),5Y,1,1,อายุ,5ปี,1,1,,,,,Fair
22091,simple,600278,,Pants กางเกงขายาวสีดำ,1,0,visible,กางเกงขายาวสีดำ ไซต์ 8 ปี,,,,taxable,,1,,,0,0,1,,,,0,,200,1390,เสื้อผ้าและเครื่องประดับ,,,"https://punpunkun.com/wp-content/uploads/2023/01/31E49C38-33C3-49DB-9FAD-6BE9D403B34D-scaled.jpeg, https://punpunkun.com/wp-content/uploads/2023/01/6DBC50FF-20D9-4DD5-8FF6-FD485ABE3A16-scaled.jpeg, https://punpunkun.com/wp-content/uploads/2023/01/7781BCE9-0812-482A-8E2B-717FBDCEE084-scaled.jpeg, https://punpunkun.com/wp-content/uploads/2023/01/A706CAC2-06F8-4F2C-9E4F-40DCCC13A765-scaled.jpeg",,,,,,,,,0,,สี,สีดำ,1,1,Size (กางเกง),8Y,1,1,อายุ,8ปี,1,1,,,,,Fair
22097,simple,600279,,Long Jeans กางเกงยีนส์ขายาว,1,0,visible,กางเกงยีนส์ขายาวสีน้ำเงิน ไซต์ 8 ปี,,,,taxable,,1,,,0,0,1,,,,0,,300,2390,เสื้อผ้าและเครื่องประดับ,,,"https://punpunkun.com/wp-content/uploads/2023/01/4E513383-133F-4B30-B96E-272D17621D8D-scaled.jpeg, https://punpunkun.com/wp-content/uploads/2023/01/62F8F1CF-98A2-4701-9EED-6779A2AE54FB-scaled.jpeg, https://punpunkun.com/wp-content/uploads/2023/01/6B73022F-5ACF-482B-9EEF-3D2E3B24D072-scaled.jpeg, https://punpunkun.com/wp-content/uploads/2023/01/5E26A729-7A13-4DE4-8E27-B5EF5FE09C87-scaled.jpeg, https://punpunkun.com/wp-content/uploads/2023/01/07BB83EB-7841-4D65-A1B3-1FA2EFFE49A6-scaled.jpeg, https://punpunkun.com/wp-content/uploads/2023/01/2F0093A2-6EE3-4679-B927-11FAB2C57A6B-scaled.jpeg",,,,,,,,,0,,สี,สีน้ำเงิน,1,1,Size (กางเกง),8Y,1,1,อายุ,8ปี,1,1,,,,,Good
22107,simple,600280,,Pants กางเกงขายาวผ้าฝ้าย,1,0,visible,กางเกงขายาวผ้าฝ้าย ไซต์  7 ปี,,,,taxable,,1,,,0,0,1,,,,0,,300,5000,เสื้อผ้าและเครื่องประดับ,,,"https://punpunkun.com/wp-content/uploads/2023/01/C192BF49-341B-4E28-B891-E9342D0E325C-scaled.jpeg, https://punpunkun.com/wp-content/uploads/2023/01/D11EF5C5-DDA6-4428-B8A5-CA6C8BA52140-scaled.jpeg, https://punpunkun.com/wp-content/uploads/2023/01/510CCCA5-C16D-479B-81EA-A5EB23E6E459-scaled.jpeg, https://punpunkun.com/wp-content/uploads/2023/01/B87C0020-768C-40C7-BF92-79E4B3911F48-scaled.jpeg",,,,,,,,,0,,สี,สีกรม,1,1,Size (กางเกง),8Y,1,1,อายุ,7ปี,1,1,,,,,Fair
22113,simple,600281,,Ralph Lauren Polo Shirt เสื้อเชิ้ตคอปกโปโลสีน้ำเงิน,1,0,visible,เสื้อโปโล แบรนด์ Ralph Lauren แขนสั้น สีส้ม ไซต์ M (10-12),,,,taxable,,1,,,0,0,1,,,,0,,300,1190,เสื้อผ้าและเครื่องประดับ,,,"https://punpunkun.com/wp-content/uploads/2023/01/7A4A2160-83FD-4F6A-A082-A29EFB2A3A9D-scaled.jpeg, https://punpunkun.com/wp-content/uploads/2023/01/15C97D8F-F66A-47CE-9B0B-FB403D09D3D4-scaled.jpeg, https://punpunkun.com/wp-content/uploads/2023/01/E0FA2F3C-2B47-458A-8A9F-B4341EC26F6E-scaled.jpeg, https://punpunkun.com/wp-content/uploads/2023/01/A0DE8D60-6256-4DAB-AE7C-DBA14920A399-scaled.jpeg",,,,,,,,,0,,สี,สีส้ม,1,1,Size (เสื้อ),10Y,1,1,,,,,,,,,Fair
22120,simple,600282,,Boys Body Suit บอดี้สูทเด็กผู้ชาย,1,0,visible,ชุดบอดี้สูทเด็กผู้ชาย ไซต์  5 ปี,,,,taxable,,1,,,0,0,1,,,,0,,300,2390,เสื้อผ้าและเครื่องประดับ,,,"https://punpunkun.com/wp-content/uploads/2023/01/5433FDD0-C230-4E56-AC2C-B1AE663271B7-scaled.jpeg, https://punpunkun.com/wp-content/uploads/2023/01/C35C55AB-7066-4629-99B5-50E3493E2726-scaled.jpeg, https://punpunkun.com/wp-content/uploads/2023/01/BF1E6BAC-A5B1-40F5-BCFC-CE08FF85156A-scaled.jpeg, https://punpunkun.com/wp-content/uploads/2023/01/0FBA551D-5AF9-41A5-8920-C9ED91896B90-scaled.jpeg, https://punpunkun.com/wp-content/uploads/2023/01/6BAA262E-D006-4661-B5D8-FC0981FC83AD-scaled.jpeg, https://punpunkun.com/wp-content/uploads/2023/01/96A58DE1-2034-4C77-9CD7-F283DC2FDA9C-scaled.jpeg",,,,,,,,,0,,สี,สีชมพู,1,1,อายุ,5ปี,1,1,,,,,,,,,Fair
22128,simple,600283,,Boys Body Suit บอดี้สูทเด็กผู้ชาย,1,0,visible,ชุดบอดี้สูทเด็กผู้ชาย ไซต์ 5 ปี,,,,taxable,,1,,,0,0,1,,,,0,,300,2390,เสื้อผ้าและเครื่องประดับ,,,"https://punpunkun.com/wp-content/uploads/2023/01/EB9BED09-970F-4B20-890A-B792AE8F1CEA-scaled.jpeg, https://punpunkun.com/wp-content/uploads/2023/01/D7C7DF42-9E71-4F37-9646-6583DBBAF5A8-scaled.jpeg, https://punpunkun.com/wp-content/uploads/2023/01/4045EB2F-BF3B-44D5-A567-F164D07A96CB-scaled.jpeg, https://punpunkun.com/wp-content/uploads/2023/01/DC25CB16-7E0C-4DE3-8726-1B9F79DA461A-scaled.jpeg, https://punpunkun.com/wp-content/uploads/2023/01/F981866D-4AF6-4AFB-97AC-0FBAB285BCB9-scaled.jpeg, https://punpunkun.com/wp-content/uploads/2023/01/CF88F7A8-2BB0-4830-A408-9928B9C3B130-scaled.jpeg, https://punpunkun.com/wp-content/uploads/2023/01/D6B22018-80FF-4D69-88B0-673B0133741A-scaled.jpeg",,,,,,,,,0,,สี,สีฟ้า,1,1,อายุ,5ปี,1,1,,,,,,,,,Fair
22138,simple,600255,,600255,1,0,visible,,,,,taxable,,1,,,0,0,1,,,,0,,,300,เสื้อผ้าและเครื่องประดับ,,,https://punpunkun.com/wp-content/uploads/2023/01/0CB70481-4D68-44D5-B350-9AE22DD67CF6-scaled.jpeg,,,,,,,,,0,,,,,,,,,,,,,,,,,,
22141,simple,600254,,600254,1,0,visible,,,,,taxable,,1,,,0,0,1,,,,0,,,300,เสื้อผ้าและเครื่องประดับ,,,https://punpunkun.com/wp-content/uploads/2023/01/7883BA6E-6409-4F54-A6FF-4A4D0976ADFE-scaled.jpeg,,,,,,,,,0,,,,,,,,,,,,,,,,,,
22145,simple,610077,,610077,1,0,visible,,,,,taxable,,1,,,0,0,1,,,,0,,,70,เสื้อผ้าและเครื่องประดับ,,,https://punpunkun.com/wp-content/uploads/2023/01/7E257B03-BE70-4192-AEBF-CB246FCEB9E9-scaled.jpeg,,,,,,,,,0,,,,,,,,,,,,,,,,,,
22148,simple,610078,,610078,1,0,visible,,,,,taxable,,1,,,0,0,1,,,,0,,,70,เสื้อผ้าและเครื่องประดับ,,,https://punpunkun.com/wp-content/uploads/2023/01/C0BCF05A-8081-4D0A-AD32-FCB095ACECD5-scaled.jpeg,,,,,,,,,0,,,,,,,,,,,,,,,,,,
22151,simple,610079,,610079,1,0,visible,,,,,taxable,,1,,,0,0,1,,,,0,,,70,เสื้อผ้าและเครื่องประดับ,,,https://punpunkun.com/wp-content/uploads/2023/01/9CCF9753-6FB9-420E-B474-3320FF9EA623-scaled.jpeg,,,,,,,,,0,,,,,,,,,,,,,,,,,,
22162,simple,110131,,110131,1,0,visible,,,,,taxable,,1,1,,0,0,1,,,,0,,,90,สินค้าและอุปกรณ์สำหรับเด็ก,,,https://punpunkun.com/wp-content/uploads/2023/01/2A158186-9DAD-41C1-8A12-0E0D38FED198-scaled.jpeg,,,,,,,,,0,,,,,,,,,,,,,,,,,,
22164,simple,110133,,110133,1,0,visible,,,,,taxable,,0,0,,0,0,1,,,,0,,,90,สินค้าและอุปกรณ์สำหรับเด็ก,,,https://punpunkun.com/wp-content/uploads/2023/01/92AE4930-0051-4631-8124-82E304ABE3AC-scaled.jpeg,,,,,,,,,0,,,,,,,,,,,,,,,,,,
22166,simple,110128,,110128,1,0,visible,,,,,taxable,,1,1,,0,0,1,,,,0,,,90,สินค้าและอุปกรณ์สำหรับเด็ก,,,https://punpunkun.com/wp-content/uploads/2023/01/E51D4313-A8EF-4970-A4D1-4309D76E5B1E-scaled.jpeg,,,,,,,,,0,,,,,,,,,,,,,,,,,,
22168,simple,110129,,110129,1,0,visible,,,,,taxable,,1,1,,0,0,,,,,0,,,90,สินค้าและอุปกรณ์สำหรับเด็ก,,,https://punpunkun.com/wp-content/uploads/2023/01/600626CD-3FF1-4BCD-AEDA-FAA45FE6DA0C-scaled.jpeg,,,,,,,,,0,,,,,,,,,,,,,,,,,,
22170,simple,110135,,110135,1,0,visible,,,,,taxable,,1,1,,0,0,1,,,,0,,,90,สินค้าและอุปกรณ์สำหรับเด็ก,,,https://punpunkun.com/wp-content/uploads/2023/01/028BFE64-9F85-4931-BE55-6A35E9420AD3-scaled.jpeg,,,,,,,,,0,,,,,,,,,,,,,,,,,,
22172,simple,110134,,110134,1,0,visible,,,,,taxable,,1,1,,0,0,1,,,,0,,,90,สินค้าและอุปกรณ์สำหรับเด็ก,,,https://punpunkun.com/wp-content/uploads/2023/01/C85E7112-994D-4DFE-B4BD-2AD2FC0445EE-scaled.jpeg,,,,,,,,,0,,,,,,,,,,,,,,,,,,
22174,simple,110132,,110132,1,0,visible,,,,,taxable,,1,1,,0,0,1,,,,0,,,90,สินค้าและอุปกรณ์สำหรับเด็ก,,,https://punpunkun.com/wp-content/uploads/2023/01/57F982B3-2340-4011-91B9-9BE3151A121A-scaled.jpeg,,,,,,,,,0,,,,,,,,,,,,,,,,,,
22176,simple,110130,,110130,1,0,visible,,,,,taxable,,1,1,,0,0,1,,,,0,,,90,สินค้าและอุปกรณ์สำหรับเด็ก,,,https://punpunkun.com/wp-content/uploads/2023/01/33112886-6E79-4653-8F72-28FD8CF2AF72-scaled.jpeg,,,,,,,,,0,,,,,,,,,,,,,,,,,,
22178,simple,110140,,110140,1,0,visible,,,,,taxable,,1,1,,0,0,1,,,,0,,,50,สินค้าและอุปกรณ์สำหรับเด็ก,,,https://punpunkun.com/wp-content/uploads/2023/01/99CF76CA-F7FA-4294-9B64-B43B6F1A4124-scaled.jpeg,,,,,,,,,0,,,,,,,,,,,,,,,,,,
22190,simple,110136,,110136,1,0,visible,,,,,taxable,,1,1,,0,0,1,,,,0,,,70,สินค้าและอุปกรณ์สำหรับเด็ก,,,https://punpunkun.com/wp-content/uploads/2023/01/378749F6-2C37-4199-82C7-9434075635BA-scaled.jpeg,,,,,,,,,0,,,,,,,,,,,,,,,,,,
22192,simple,110141,,110141,1,0,visible,,,,,taxable,,1,1,,0,0,1,,,,0,,,50,สินค้าและอุปกรณ์สำหรับเด็ก,,,https://punpunkun.com/wp-content/uploads/2023/01/2157EA44-4913-400D-98F1-551B6D298846-scaled.jpeg,,,,,,,,,0,,,,,,,,,,,,,,,,,,
22194,simple,110143,,110143,1,0,visible,,,,,taxable,,1,1,,0,0,1,,,,0,,,50,สินค้าและอุปกรณ์สำหรับเด็ก,,,https://punpunkun.com/wp-content/uploads/2023/01/8B5A8BA8-A046-4E3E-BA2A-DA23C4EDC229-scaled.jpeg,,,,,,,,,0,,,,,,,,,,,,,,,,,,
22196,simple,110139,,110139,1,0,visible,,,,,taxable,,1,1,,0,0,1,,,,0,,,70,สินค้าและอุปกรณ์สำหรับเด็ก,,,https://punpunkun.com/wp-content/uploads/2023/01/8B58A2F9-B251-4AD3-BB26-DAA118D4A33D-scaled.jpeg,,,,,,,,,0,,,,,,,,,,,,,,,,,,
22198,simple,110137,,110137,1,0,visible,,,,,taxable,,1,1,,0,0,1,,,,0,,,70,สินค้าและอุปกรณ์สำหรับเด็ก,,,https://punpunkun.com/wp-content/uploads/2023/01/8513AA07-5006-4704-984E-7B60C0C0D2A0-scaled.jpeg,,,,,,,,,0,,,,,,,,,,,,,,,,,,
22200,simple,110138,,110138,1,0,visible,,,,,taxable,,1,1,,0,0,1,,,,0,,,70,สินค้าและอุปกรณ์สำหรับเด็ก,,,https://punpunkun.com/wp-content/uploads/2023/01/608513A1-78C0-4042-B77E-FF5E4DB379D5-scaled.jpeg,,,,,,,,,0,,,,,,,,,,,,,,,,,,
22202,simple,110142,,110142,1,0,visible,,,,,taxable,,1,1,,0,0,1,,,,0,,,50,สินค้าและอุปกรณ์สำหรับเด็ก,,,https://punpunkun.com/wp-content/uploads/2023/01/F4805A5C-BB9B-4AFB-90D0-9B6C2AC531E8-scaled.jpeg,,,,,,,,,0,,,,,,,,,,,,,,,,,,
22204,simple,110144,,110144,1,0,visible,,,,,taxable,,1,1,,0,0,1,,,,0,,,40,สินค้าและอุปกรณ์สำหรับเด็ก,,,https://punpunkun.com/wp-content/uploads/2023/01/9985F541-FDC8-4A61-8F10-A2A491BFE20A-scaled.jpeg,,,,,,,,,0,,,,,,,,,,,,,,,,,,
22206,simple,110145,,110145,1,0,visible,,,,,taxable,,1,1,,0,0,1,,,,0,,,50,สินค้าและอุปกรณ์สำหรับเด็ก,,,https://punpunkun.com/wp-content/uploads/2023/01/969FC58E-B280-432E-B6E5-63F25FD8B697-scaled.jpeg,,,,,,,,,0,,,,,,,,,,,,,,,,,,
22208,simple,110105,,110105,1,0,visible,,,,,taxable,,1,1,,0,0,1,,,,0,,,40,สินค้าและอุปกรณ์สำหรับเด็ก,,,https://punpunkun.com/wp-content/uploads/2023/01/50ACE94F-FC41-4CB4-B943-D7D65E0A51E1-scaled.jpeg,,,,,,,,,0,,,,,,,,,,,,,,,,,,
22222,simple,110106,,110106,1,0,visible,,,,,taxable,,1,1,,0,0,1,,,,0,,,100,สินค้าและอุปกรณ์สำหรับเด็ก,,,https://punpunkun.com/wp-content/uploads/2023/01/89E03018-ED5F-4A50-A9A7-439D419C63C3-scaled.jpeg,,,,,,,,,0,,,,,,,,,,,,,,,,,,
22224,simple,110107,,110107,1,0,visible,,,,,taxable,,1,1,,0,0,1,,,,0,,,100,สินค้าและอุปกรณ์สำหรับเด็ก,,,https://punpunkun.com/wp-content/uploads/2023/01/96920D0C-62C0-4DA0-B93D-A12045FEA1F9-scaled.jpeg,,,,,,,,,0,,,,,,,,,,,,,,,,,,
22226,simple,110108,,110108,1,0,visible,,,,,taxable,,1,1,,0,0,1,,,,0,,,100,สินค้าและอุปกรณ์สำหรับเด็ก,,,https://punpunkun.com/wp-content/uploads/2023/01/2531989F-EE9A-4EC8-B889-99C048F8D20C-scaled.jpeg,,,,,,,,,0,,,,,,,,,,,,,,,,,,
22228,simple,110109,,110109,1,0,visible,,,,,taxable,,1,1,,0,0,1,,,,0,,,100,สินค้าและอุปกรณ์สำหรับเด็ก,,,https://punpunkun.com/wp-content/uploads/2023/01/573BE008-5FB6-476B-97D7-18A489818A5D-scaled.jpeg,,,,,,,,,0,,,,,,,,,,,,,,,,,,
22230,simple,110110,,110110,1,0,visible,,,,,taxable,,1,1,,0,0,1,,,,0,,,100,สินค้าและอุปกรณ์สำหรับเด็ก,,,https://punpunkun.com/wp-content/uploads/2023/01/89939E37-477C-487B-B904-6A6F27279394-scaled.jpeg,,,,,,,,,0,,,,,,,,,,,,,,,,,,
22232,simple,110111,,110111,1,0,visible,,,,,taxable,,1,1,,0,0,1,,,,0,,,100,สินค้าและอุปกรณ์สำหรับเด็ก,,,https://punpunkun.com/wp-content/uploads/2023/01/46050981-C096-4A38-B74F-35035851D4DE-scaled.jpeg,,,,,,,,,0,,,,,,,,,,,,,,,,,,
22234,simple,110112,,110112,1,0,visible,,,,,taxable,,1,1,,0,0,1,,,,0,,,100,สินค้าและอุปกรณ์สำหรับเด็ก,,,https://punpunkun.com/wp-content/uploads/2023/01/4949ED3C-92D6-42CD-8128-2B552DA59DB5-scaled.jpeg,,,,,,,,,0,,,,,,,,,,,,,,,,,,
22236,simple,110113,,110113,1,0,visible,,,,,taxable,,1,1,,0,0,1,,,,0,,,100,สินค้าและอุปกรณ์สำหรับเด็ก,,,https://punpunkun.com/wp-content/uploads/2023/01/F747486B-81F9-4850-83AF-45801AF7F0B3-scaled.jpeg,,,,,,,,,0,,,,,,,,,,,,,,,,,,
22238,simple,110114,,110114,1,0,visible,,,,,taxable,,1,1,,0,0,1,,,,0,,,100,สินค้าและอุปกรณ์สำหรับเด็ก,,,https://punpunkun.com/wp-content/uploads/2023/01/FEB822F8-1E28-4EE8-91DD-BA8AE67EBA3F-scaled.jpeg,,,,,,,,,0,,,,,,,,,,,,,,,,,,
22240,simple,110115,,110115,1,0,visible,,,,,taxable,,1,1,,0,0,1,,,,0,,,100,สินค้าและอุปกรณ์สำหรับเด็ก,,,https://punpunkun.com/wp-content/uploads/2023/01/0BFC8578-F1E3-45AB-88F4-41080A693A6A-scaled.jpeg,,,,,,,,,0,,,,,,,,,,,,,,,,,,
22242,simple,110116,,110116,1,0,visible,,,,,taxable,,1,1,,0,0,1,,,,0,,,100,สินค้าและอุปกรณ์สำหรับเด็ก,,,https://punpunkun.com/wp-content/uploads/2023/01/D080B127-E849-41D5-93D3-7C58706BDAB3-scaled.jpeg,,,,,,,,,0,,,,,,,,,,,,,,,,,,
22244,simple,110117,,110117,1,0,visible,,,,,taxable,,1,1,,0,0,1,,,,0,,,100,สินค้าและอุปกรณ์สำหรับเด็ก,,,https://punpunkun.com/wp-content/uploads/2023/01/0843C033-2EB8-416C-9FE7-0EF6C3625EA3-scaled.jpeg,,,,,,,,,0,,,,,,,,,,,,,,,,,,
22256,simple,110118,,110118,1,0,visible,,,,,taxable,,1,1,,0,0,1,,,,0,,,100,สินค้าและอุปกรณ์สำหรับเด็ก,,,https://punpunkun.com/wp-content/uploads/2023/01/90C00D99-0A96-4A57-8211-6DFFEBD3319F-scaled.jpeg,,,,,,,,,0,,,,,,,,,,,,,,,,,,
22258,simple,110119,,110119,1,0,visible,,,,,taxable,,1,1,,0,0,1,,,,0,,,100,สินค้าและอุปกรณ์สำหรับเด็ก,,,https://punpunkun.com/wp-content/uploads/2023/01/2C494447-2BA5-4EF7-947D-18386740BEF7-scaled.jpeg,,,,,,,,,0,,,,,,,,,,,,,,,,,,
22260,simple,110120,,110120,1,0,visible,,,,,taxable,,1,1,,0,0,1,,,,0,,,100,สินค้าและอุปกรณ์สำหรับเด็ก,,,https://punpunkun.com/wp-content/uploads/2023/01/90C42470-7C76-4CCC-B366-E7C472A454DD-scaled.jpeg,,,,,,,,,0,,,,,,,,,,,,,,,,,,
22262,simple,110121,,110121,1,0,visible,,,,,taxable,,1,1,,0,0,1,,,,0,,,100,สินค้าและอุปกรณ์สำหรับเด็ก,,,https://punpunkun.com/wp-content/uploads/2023/01/6F2B36AA-8582-4972-B82A-1C9578DDA2A9-scaled.jpeg,,,,,,,,,0,,,,,,,,,,,,,,,,,,
22264,simple,110122,,110122,1,0,visible,,,,,taxable,,1,1,,0,0,1,,,,0,,,100,สินค้าและอุปกรณ์สำหรับเด็ก,,,https://punpunkun.com/wp-content/uploads/2023/01/058E5E8A-7EF7-47A7-8020-780355C85F9D-scaled.jpeg,,,,,,,,,0,,,,,,,,,,,,,,,,,,
22266,simple,110123,,110123,1,0,visible,,,,,taxable,,1,1,,0,0,1,,,,0,,,100,สินค้าและอุปกรณ์สำหรับเด็ก,,,https://punpunkun.com/wp-content/uploads/2023/01/52D3FBE4-EF8A-4B6C-96CD-41ED70EB06BF-scaled.jpeg,,,,,,,,,0,,,,,,,,,,,,,,,,,,
22268,simple,110124,,110124,1,0,visible,,,,,taxable,,1,1,,0,0,1,,,,0,,,100,สินค้าและอุปกรณ์สำหรับเด็ก,,,https://punpunkun.com/wp-content/uploads/2023/01/7B952330-7B6E-4C92-956C-7E39750F60FE-scaled.jpeg,,,,,,,,,0,,,,,,,,,,,,,,,,,,
22270,simple,110125,,110125,1,0,visible,,,,,taxable,,1,1,,0,0,1,,,,0,,,60,สินค้าและอุปกรณ์สำหรับเด็ก,,,https://punpunkun.com/wp-content/uploads/2023/01/C8BADD50-17D6-46A6-A0AE-E7102CD1D5EC-scaled.jpeg,,,,,,,,,0,,,,,,,,,,,,,,,,,,
22272,simple,100239,,Crocs Fun Lab Lightning McQueen Lights Clog รองเท้าลำลองเด็กผู้ชาย ลายแม็คควีน,1,0,visible,รองเท้าที่คุณหนูๆชื่นชอบ McQueen จะต้องชอบมาพร้อมกับนวัตกรรม Iconic Crocs Comfort มีน้ำหนักเบาและส่วมใส่สบาย มีไฟ LED ที่ตาด้วย,,,,taxable,,1,,,0,0,1,,,,0,,990,2190,สินค้าและอุปกรณ์สำหรับเด็ก,,,"https://punpunkun.com/wp-content/uploads/2023/01/FA5B74CC-088D-418F-A65D-51AFAD809E78-scaled.jpeg, https://punpunkun.com/wp-content/uploads/2023/01/45C1BF7D-8499-4467-80E2-2B53E7FE353F-scaled.jpeg, https://punpunkun.com/wp-content/uploads/2023/01/5BB3023A-C5D2-4AED-B770-730B6AECA0CA-scaled.jpeg, https://punpunkun.com/wp-content/uploads/2023/01/D86BE9FA-AEA2-49BA-AF7E-6895095D7991-scaled.jpeg",,,,,,,,,0,,สี,สีดำ,1,1,เพศ,ชาย,1,1,อายุ,2ปี,1,1,,,,,Good
22278,simple,100241,,Adidas Superstar Black รองเท้าลำลองเด็ก,1,0,visible,รองเท้าลำลองเด็ก Adidas สีดำ-ขาว ทำจากผ้าตาข่ายทอสองชั้นที่มีความยืดหยุ่นกระดับรูปเท้า สวมใส่ง่าย มีแถบ Adifit บนแผ่นรองฝ่าเท้าช่วยวัดความพอดีของขนาดเท้า แผ่นรองพื้นรองเท้า OrthoLite ให้ความนุ่มสบายและลดกลิ่นอับชื้น,,,,taxable,,1,,,0,0,1,,,,0,,1375,2750,สินค้าและอุปกรณ์สำหรับเด็ก,,,"https://punpunkun.com/wp-content/uploads/2023/01/9CFE7346-59CF-4A1A-A12D-F02684CFF8BF-scaled.jpeg, https://punpunkun.com/wp-content/uploads/2023/01/E09033BA-EDC2-4564-AFD2-C5AFC16C03BF-scaled.jpeg, https://punpunkun.com/wp-content/uploads/2023/01/6DEBA174-EC61-40B6-9C94-009A96923045-scaled.jpeg, https://punpunkun.com/wp-content/uploads/2023/01/130ECC28-67C6-49C4-984A-189E558CB753-scaled.jpeg, https://punpunkun.com/wp-content/uploads/2023/01/FE3C9896-826F-46D1-BEC5-A9943EA175C2-scaled.jpeg",,,,,,,,,0,,สี,สีดำ,1,1,,,,,,,,,,,,,Good
22285,simple,100240,,Crocs Fun Lab Spider-Man Lights Clog รองเท้าลำลองเด็กผู้ชาย,1,0,visible,รองเท้าที่คุณหนูๆชื่นชอบ Spider-Man จะต้องชอบมาพร้อมกับนวัตกรรม Iconic Crocs Comfort มีน้ำหนักเบาและสวมใส่สบาย,,,,taxable,,1,,,0,0,1,,,,0,,1095,2190,สินค้าและอุปกรณ์สำหรับเด็ก,,,"https://punpunkun.com/wp-content/uploads/2023/01/29BED6C7-FA67-410F-9A91-008D20F08BC7-scaled.jpeg, https://punpunkun.com/wp-content/uploads/2023/01/986D7710-F91E-4D65-8E25-22DB5C733DB9-scaled.jpeg, https://punpunkun.com/wp-content/uploads/2023/01/BE8AFD86-23E8-4DCF-BC46-DDD0521DC6A2-scaled.jpeg, https://punpunkun.com/wp-content/uploads/2023/01/6CFE2010-EEE7-427D-80A7-8149CFC2C796-scaled.jpeg",,,,,,,,,0,,สี,สีแดง,1,1,อายุ,2ปี,1,1,,,,,,,,,Fair
22292,simple,100235,,Adidas Active Play Mickey Shoes รองเท้ามิกกี้แอคทีฟเพลย์,1,0,visible,รองเท้าวิ่งเล่นพร้อมกราฟิกลายการ์ตูน มีสัมผัสนุ่มและรองรับเท้า อัปเปอร์ทำจากตาข่าย สีดำ-แดง มีแถบหนามเตยด้านบนแต่งกราฟิก Mickey Mouse จาก Disney,,,,taxable,,1,,,0,0,1,,,,0,,800,1600,สินค้าและอุปกรณ์สำหรับเด็ก,,,"https://punpunkun.com/wp-content/uploads/2023/01/89845869-7DD4-4654-9DC9-C3281304AEB8-scaled.jpeg, https://punpunkun.com/wp-content/uploads/2023/01/F03FE9ED-4242-4805-A2F9-EFABAA1D9EFC-scaled.jpeg, https://punpunkun.com/wp-content/uploads/2023/01/CF2F2D96-0AC3-424C-A751-4364775EBA76-scaled.jpeg, https://punpunkun.com/wp-content/uploads/2023/01/D932CF38-86D6-463D-BFCC-042CD3F7E376-scaled.jpeg, https://punpunkun.com/wp-content/uploads/2023/01/7F985C89-F1BE-4F4A-BAF7-AF8B3DBD709E-scaled.jpeg, https://punpunkun.com/wp-content/uploads/2023/01/EA11577B-DD7A-4F38-9E19-103F89463E91-scaled.jpeg",,,,,,,,,0,,สี,สีดำ,1,1,,,,,,,,,,,,,Mint
22300,simple,100234,,Adidas Altaventure รองเท้าแตะ,1,0,visible,รองเท้าแตะที่กระชับราวสวมถุงเท้า มีสายรัดหนามเตย อัปเปอร์ทำจากผ้าแห้งไว ด้านในรองเท้าซับด้วยผ้า พื้นรองเท้านุ่มพิเศษทำจากโพลียูรีเทน พื้นชั้นล่างกันลื่น สีดำ-เทา,,,,taxable,,1,,,0,0,1,,,,0,,550,1100,สินค้าและอุปกรณ์สำหรับเด็ก,,,"https://punpunkun.com/wp-content/uploads/2023/01/94432E5B-BAAB-4E97-8388-E4E7CFFEA19D-scaled.jpeg, https://punpunkun.com/wp-content/uploads/2023/01/6BE61487-7107-48CF-841F-CC8987E0E9B1-scaled.jpeg, https://punpunkun.com/wp-content/uploads/2023/01/8CB8EF4C-0F7D-4D94-AD41-298D67E66042-scaled.jpeg, https://punpunkun.com/wp-content/uploads/2023/01/7775B7E3-D86B-408A-BDF1-FE2B8E2B95B4-scaled.jpeg, https://punpunkun.com/wp-content/uploads/2023/01/74421CC0-68EE-4DE4-B763-6A1511CD45D7-scaled.jpeg",,,,,,,,,0,,สี,สีดำ,1,1,,,,,,,,,,,,,Mint
22307,simple,100238,,Crocs Fun Lab Disney And Pixar Cars Band Clog รองเท้าลำลองเด็ก,1,0,visible,อัปเปอร์น้ำหนักเบาใส่สบายพร้อมดีไซน์ช่องรูเสริมการระบายน้ำและอากาศภายในรองเท้าได้ดียิ่งขึ้น สายรัดส้นเท้าเพิ่มความกระชับอย่างมั่นใจ,,,,taxable,,1,,,0,0,1,,,,0,,890,1890,สินค้าและอุปกรณ์สำหรับเด็ก,,,"https://punpunkun.com/wp-content/uploads/2023/01/7D53B6E7-FBFE-42D3-921B-1B1E996FEDDE-scaled.jpeg, https://punpunkun.com/wp-content/uploads/2023/01/82EB0801-8724-4AC9-86FA-265FCB97C9F6-scaled.jpeg, https://punpunkun.com/wp-content/uploads/2023/01/5AD4EDD4-B57F-4E22-B8B5-457769CA4CCB-scaled.jpeg, https://punpunkun.com/wp-content/uploads/2023/01/FC2CEF20-670C-4CD8-B5F3-A2837748A606-scaled.jpeg, https://punpunkun.com/wp-content/uploads/2023/01/ED9CF45B-322D-45E6-BC4A-BADC3167781B-scaled.jpeg",,,,,,,,,0,,สี,สีดำ,1,1,อายุ,2ปี,1,1,,,,,,,,,Fair
22315,simple,100237,,Kids Casual Shoes Mickey Mouse Pattern รองเท้าลำลองเด็ก ลายมิกกี้เม้าส์,1,0,visible,อัปเปอร์น้ำหนักเบาใส่สบายพร้อมดีไซน์ช่องรูเสริมการระบายน้ำและอากาศภายในรองเท้าได้ดียิ่งขึ้น สายรัดส้นเท้าเพิ่มความกระชับอย่างมั่นใจ,,,,taxable,,1,,,0,0,1,,,,0,,890,1890,สินค้าและอุปกรณ์สำหรับเด็ก,,,"https://punpunkun.com/wp-content/uploads/2023/01/E7EACFE4-B25B-494F-9B5E-FA530A7F116F-scaled.jpeg, https://punpunkun.com/wp-content/uploads/2023/01/88AD21A8-A798-44B8-AB9A-5FA28094CB3C-scaled.jpeg, https://punpunkun.com/wp-content/uploads/2023/01/3074F074-0437-492D-8C64-1BE7E6289E62-scaled.jpeg, https://punpunkun.com/wp-content/uploads/2023/01/BED625BE-6FBF-4072-8AA9-4518E841C52F-scaled.jpeg, https://punpunkun.com/wp-content/uploads/2023/01/ED9287D2-C7C2-4766-9CFB-C7BE53C2DF0A-scaled.jpeg",,,,,,,,,0,,สี,สีน้ำเงิน,1,1,เพศ,ชาย,1,1,อายุ,2ปี,1,1,,,,,Fair
22322,simple,100242,,Toddler Sandals รองเท้าแตะรัดส้นเด็ก,1,0,visible,พื้นรองเท้าด้านบนทำจากผ้าตาข่ายระบายอากาศช่วยให้เท้าของคุณเย็นสบายและนุ่มสบาย สามารถใส่ได้ทุกกิจกรรม ไซส์ เด็ก 2 ปี ถึง 3 ปี,,,,taxable,,1,,,0,0,1,,,,0,,400,990,สินค้าและอุปกรณ์สำหรับเด็ก,,,"https://punpunkun.com/wp-content/uploads/2023/01/196685BE-353D-4D2A-8104-76A8B242459D-scaled.jpeg, https://punpunkun.com/wp-content/uploads/2023/01/A866B68A-241A-4510-8675-2806230A8519-scaled.jpeg, https://punpunkun.com/wp-content/uploads/2023/01/5C4431FD-DE9C-4BA7-A271-F6D9DBB8802D-scaled.jpeg, https://punpunkun.com/wp-content/uploads/2023/01/F4A6BF68-9C9B-4178-9CE6-694741CE91D9-scaled.jpeg",,,,,,,,,0,,อายุ,"2ปี, 3ปี",1,1,สี,"สีกรม, สีเขียว",1,1,เพศ,ชาย,1,1,,,,,Fair
22328,simple,100243,,Toddler Sandals รองเท้าแตะรัดส้นเด็ก,1,0,visible,พื้นรองเท้าด้านบนทำจากผ้าตาข่ายระบายอากาศช่วยให้เท้าของคุณเย็นสบายและนุ่มสบาย สามารถใส่ได้ทุกกิจกรรม ไซส์ เด็ก 4 ปี ถึง 5 ปี,,,,taxable,,1,,,0,0,1,,,,0,,400,990,สินค้าและอุปกรณ์สำหรับเด็ก,,,"https://punpunkun.com/wp-content/uploads/2023/01/4C866514-1F2D-4ECB-AEDB-3E1DF849BEFF-scaled.jpeg, https://punpunkun.com/wp-content/uploads/2023/01/D55B3FB1-EE09-460E-8313-290F378FC6F2-scaled.jpeg, https://punpunkun.com/wp-content/uploads/2023/01/8E412227-2A91-4F43-BAFF-E0182EFD3E38-scaled.jpeg, https://punpunkun.com/wp-content/uploads/2023/01/80D6B42C-FAD3-4317-ACD9-311BB2118383-scaled.jpeg",,,,,,,,,0,,สี,"สีน้ำเงิน, สีเขียว",1,1,อายุ,4ปี,1,1,เพศ,ชาย,1,1,,,,,Fair
22334,simple,100236,,Adidas Altaventure รองเท้าแตะ,1,0,visible,รองเท้าแตะที่กระชับราวกับสวมถุงเท้า มีส่ยรัดหนามเตย อัปเปอร์ทำจากผ้าแห้งไว ด้านในรองเท้าซับด้วยผ้า พื้นรองเท้านุ่มพิเศษทำจากโพลียูรีเทน พื้นชั้นล่างกันลื่น สีดำ-เทา,,,,taxable,,1,,,0,0,1,,,,0,,600,1100,สินค้าและอุปกรณ์สำหรับเด็ก,,,"https://punpunkun.com/wp-content/uploads/2023/01/ED1F6291-F872-4E0E-B14E-2C8411AA3048-scaled.jpeg, https://punpunkun.com/wp-content/uploads/2023/01/96AD34BC-58AA-4005-BC07-4A498B56231A-scaled.jpeg, https://punpunkun.com/wp-content/uploads/2023/01/FF13D0EE-B1CD-4A93-951F-A74E505CDD9D-scaled.jpeg, https://punpunkun.com/wp-content/uploads/2023/01/B5F3900E-121A-4DB5-8CFA-62AA9F81078E-scaled.jpeg, https://punpunkun.com/wp-content/uploads/2023/01/B83C6F17-4A8E-4193-BE16-7FAD9022BDEC-scaled.jpeg",,,,,,,,,0,,สี,"สีดำ, สีเทา",1,1,,,,,,,,,,,,,Mint
22342,simple,100244,,Ralph Lauren Polo Shirt เสื้อเชิ้ตคอปกโปโลสีชมพู,1,0,visible,เสื้อโปโล แบรนด์ Ralph Lauren แขนสั้น สีชมพูเข้ม ไซส์ 4 ปี (4Y),,,,taxable,,1,,,0,0,1,,,,0,,360,1190,สินค้าและอุปกรณ์สำหรับเด็ก,,,"https://punpunkun.com/wp-content/uploads/2023/01/5CDAFA5D-A76E-4676-89C6-5A8FB93E7850-scaled.jpeg, https://punpunkun.com/wp-content/uploads/2023/01/BA5EDF9D-9EDA-400B-93BB-71166C5D5B5A-scaled.jpeg, https://punpunkun.com/wp-content/uploads/2023/01/60A04C53-23F4-4592-B7BC-1F777B63B190-scaled.jpeg",,,,,,,,,0,,สี,สีชมพู,1,1,Size (เสื้อ),4Y,1,1,อายุ,4ปี,1,1,,,,,Fair
22347,simple,100245,,Ralph Lauren Polo Shirt เสื้อเชิ้ตคอปกโปโลสีส้ม,1,0,visible,เสื้อโปโล แบรนด์ Ralph Lauren แขนสั้น สีส้ม ไซส์ 3 ปี (3Y),,,,taxable,,1,,,0,0,1,,,,0,,360,1190,สินค้าและอุปกรณ์สำหรับเด็ก,,,"https://punpunkun.com/wp-content/uploads/2023/01/3241F285-16D7-4D88-9717-BED80F315960-scaled.jpeg, https://punpunkun.com/wp-content/uploads/2023/01/A3600C65-8908-4EE2-A97F-E782BFDB1BE0-scaled.jpeg, https://punpunkun.com/wp-content/uploads/2023/01/8A530633-343E-4EF9-94CE-BA212A221E82-scaled.jpeg, https://punpunkun.com/wp-content/uploads/2023/01/17EDBADC-1406-4D80-96E3-4050F259FA4C-scaled.jpeg",,,,,,,,,0,,สี,สีส้ม,1,1,Size (เสื้อ),3Y,1,1,อายุ,3ปี,1,1,,,,,Fair
22353,simple,100246,,Ralph Lauren Polo Shirt เสื้อเชิ้ตคอปกโปโลสีชมพู,1,0,visible,เสื้อโปโล แบรนด์ Ralph Lauren แขนสั้น สีชมพูอ่อน ไซส์ 3 ปี (3Y),,,,taxable,,1,,,0,0,1,,,,0,,360,1190,สินค้าและอุปกรณ์สำหรับเด็ก,,,"https://punpunkun.com/wp-content/uploads/2023/01/39D47575-8CFA-47E9-AEE6-DE9829862443-scaled.jpeg, https://punpunkun.com/wp-content/uploads/2023/01/029D6D6F-D129-4DB2-8759-E0433A05C139-scaled.jpeg, https://punpunkun.com/wp-content/uploads/2023/01/9385E869-FC76-45FB-AF74-1D11877F7C01-scaled.jpeg",,,,,,,,,0,,สี,สีชมพู,1,1,Size (เสื้อ),3Y,1,1,อายุ,3ปี,1,1,,,,,Mint
22358,simple,100247,,Ralph Lauren Polo Shirt เสื้อเชิ้ตคอปกโปโลสีกรม,1,0,visible,เสื้อโปโล แบรนด์ Ralph Lauren แขนสั้น สีกรม ไซส์ 3 ปี (3Y),,,,taxable,,1,,,0,0,1,,,,0,,360,1190,สินค้าและอุปกรณ์สำหรับเด็ก,,,"https://punpunkun.com/wp-content/uploads/2023/01/30C5E2DD-3DD0-4FD6-AE21-0CBC5703CD0F-scaled.jpeg, https://punpunkun.com/wp-content/uploads/2023/01/6B04C552-9981-4189-8E73-9BB2ED065326-scaled.jpeg, https://punpunkun.com/wp-content/uploads/2023/01/CD9AD3E8-BB59-432D-BD49-AFAE2D80DBDE-scaled.jpeg",,,,,,,,,0,,สี,สีกรม,1,1,Size (เสื้อ),3Y,1,1,อายุ,3ปี,1,1,,,,,Good
22363,simple,100248,,Ralph Lauren Polo Shirt เสื้อเชิ้ตคอปกโปโลสีฟ้า,1,0,visible,เสื้อโปโล แบรนด์ Ralph Lauren แขนสั้น สีฟ้า ไซส์ 12 เดือน (1ปี),,,,taxable,,1,,,0,0,1,,,,0,,360,1190,สินค้าและอุปกรณ์สำหรับเด็ก,,,"https://punpunkun.com/wp-content/uploads/2023/01/D5D62E70-E093-4571-B49B-11B83258F329-scaled.jpeg, https://punpunkun.com/wp-content/uploads/2023/01/9E9B5BAB-BE23-41BB-9253-AF272E50A5A8-scaled.jpeg, https://punpunkun.com/wp-content/uploads/2023/01/71F868EB-D9EA-4FA9-BA56-0ED10E42F5D5-scaled.jpeg, https://punpunkun.com/wp-content/uploads/2023/01/05E90D84-B46C-4CF3-AB62-6DFC0168F020-scaled.jpeg",,,,,,,,,0,,สี,สีฟ้า,1,1,Size (เสื้อ),12M,1,1,อายุ,1ปี,1,1,,,,,Good
22369,simple,100249,,Ralph Lauren Polo Shirt เสื้อเชิ้ตคอปกโปโลสีน้ำเงิน,1,0,visible,เสื้อโปโล แบรนด์ Ralph Lauren แขนสั้น สีน้ำเงิน ไซส์ 12 เดือน (1ปี),,,,taxable,,1,,,0,0,1,,,,0,,360,1190,สินค้าและอุปกรณ์สำหรับเด็ก,,,"https://punpunkun.com/wp-content/uploads/2023/01/77BA453E-78B5-4691-8E87-1BBD1C3FF909-scaled.jpeg, https://punpunkun.com/wp-content/uploads/2023/01/63A9FEA8-373D-41BE-90ED-6C07E0335755-scaled.jpeg, https://punpunkun.com/wp-content/uploads/2023/01/9778637F-ED64-4899-9004-3F75C177289E-scaled.jpeg, https://punpunkun.com/wp-content/uploads/2023/01/7EB7F3EC-1A22-4A7E-95F8-C0C21B461871-scaled.jpeg",,,,,,,,,0,,สี,สีน้ำเงิน,1,1,Size (เสื้อ),12M,1,1,อายุ,1ปี,1,1,,,,,Good
22375,simple,100250,,Ralph Lauren Polo Shirt เสื้อเชิ้ตคอปกโปโลสีกรม,1,0,visible,เสื้อโปโล แบรนด์ Ralph Lauren แขนสั้น สีกรม ไซส์ 12 เดือน (1ปี),,,,taxable,,1,,,0,0,1,,,,0,,360,1190,สินค้าและอุปกรณ์สำหรับเด็ก,,,"https://punpunkun.com/wp-content/uploads/2023/01/1CE85E0D-2B1D-4D53-9E1A-838DC50961E5-scaled.jpeg, https://punpunkun.com/wp-content/uploads/2023/01/BA55E209-E280-4B17-AE1F-BA034F773613-scaled.jpeg, https://punpunkun.com/wp-content/uploads/2023/01/38B45D92-DE9E-4F39-B868-3FE9617857EB-scaled.jpeg, https://punpunkun.com/wp-content/uploads/2023/01/859D13C0-561B-4682-9041-495A064E8DB8-scaled.jpeg, https://punpunkun.com/wp-content/uploads/2023/01/DDC73804-BDBD-45F6-B486-74B1FB8F670D-scaled.jpeg",,,,,,,,,0,,สี,สีกรม,1,1,Size (เสื้อ),12M,1,1,อายุ,1ปี,1,1,,,,,Good
22382,simple,100251,,Ralph Lauren Polo Shirt เสื้อเชิ้ตคอปกโปโลสีชมพู,1,0,visible,เสื้อโปโล แบรนด์ Ralph Lauren แขนสั้น สีชมพูเข้ม ไซส์ 12เดือน (1ปี),,,,taxable,,1,,,0,0,1,,,,0,,360,1190,สินค้าและอุปกรณ์สำหรับเด็ก,,,"https://punpunkun.com/wp-content/uploads/2023/01/4F426CB0-0306-4CE0-B882-86C9252FE4D2-scaled.jpeg, https://punpunkun.com/wp-content/uploads/2023/01/59A8C125-0165-451C-B24B-53F847F8B5F7-scaled.jpeg, https://punpunkun.com/wp-content/uploads/2023/01/35C3FCD1-D371-42A0-8B86-433228C7B955-scaled.jpeg, https://punpunkun.com/wp-content/uploads/2023/01/D37ECEE6-F87F-4C36-82CD-1517A233E975-scaled.jpeg",,,,,,,,,0,,สี,สีชมพู,1,1,Size (เสื้อ),12M,1,1,อายุ,1ปี,1,1,,,,,Good
22392,simple,100252,,Ralph Lauren Polo Shirt เสื้อเชิ้ตคอปกโปโลสีเหลือง,1,0,visible,เสื้อโปโล แบรนด์ Ralph Lauren แขนสั้น สีเหลือง ไซส์ 12เดือน (1ปี),,,,taxable,,1,,,0,0,1,,,,0,,360,1190,สินค้าและอุปกรณ์สำหรับเด็ก,,,"https://punpunkun.com/wp-content/uploads/2023/01/5C17E63E-540B-47BE-9481-BC0AB024391A-scaled.jpeg, https://punpunkun.com/wp-content/uploads/2023/01/BE0F8582-20F8-4BA8-9E22-FCC29341C4BA-scaled.jpeg, https://punpunkun.com/wp-content/uploads/2023/01/EE2D30EF-ADE6-4FDC-B49A-0AE3FD8E3A56-scaled.jpeg, https://punpunkun.com/wp-content/uploads/2023/01/8606F03F-DC95-4515-8A6A-EEE852D64EDF-scaled.jpeg",,,,,,,,,0,,Size (เสื้อ),12M,1,1,สี,สีเหลือง,1,1,อายุ,1ปี,1,1,,,,,Good
22394,simple,100253,,Ralph Lauren Polo Shirt เสื้อเชิ้ตคอปกโปโลสีน้ำเงิน,1,0,visible,เสื้อโปโล แบรนด์ Ralph Lauren แขนสั้น สีน้ำเงิน ไซส์ 12เดือน (1ปี),,,,taxable,,1,,,0,0,1,,,,0,,360,1190,สินค้าและอุปกรณ์สำหรับเด็ก,,,"https://punpunkun.com/wp-content/uploads/2023/01/6DAA4487-B8EB-44BD-8455-DA1049FDF0E8-scaled.jpeg, https://punpunkun.com/wp-content/uploads/2023/01/711FB284-D5A5-40AD-BE2E-92FB4BAD57A5-scaled.jpeg, https://punpunkun.com/wp-content/uploads/2023/01/63B86DEB-F06B-45A9-9D2A-8B9FE6CAC38D-scaled.jpeg, https://punpunkun.com/wp-content/uploads/2023/01/C4B9B15A-5CFF-4EE2-9748-C95B66EBAE8C-scaled.jpeg, https://punpunkun.com/wp-content/uploads/2023/01/E8A53414-D33C-4601-B920-CE35E169EE97-scaled.jpeg",,,,,,,,,0,,สี,สีน้ำเงิน,1,1,Size (เสื้อ),12M,1,1,อายุ,1ปี,1,1,,,,,Good
22405,simple,100254,,Ralph Lauren Polo Shirt เสื้อเชิ้ตคอปกโปโลสีแดง,1,0,visible,เสื้อโปโล แบรนด์ Ralph Lauren แขนสั้น สีแดง ไซส์ 12เดือน (1ปี),,,,taxable,,1,,,0,0,1,,,,0,,360,1190,สินค้าและอุปกรณ์สำหรับเด็ก,,,"https://punpunkun.com/wp-content/uploads/2023/01/411A51D0-5F37-4558-806F-E3525FC6B264-scaled.jpeg, https://punpunkun.com/wp-content/uploads/2023/01/1342A7F3-6D41-49E3-9D56-7D1A48E75E8F-scaled.jpeg, https://punpunkun.com/wp-content/uploads/2023/01/D9BFFD54-EE4F-4148-B776-E516F9233093-scaled.jpeg, https://punpunkun.com/wp-content/uploads/2023/01/E30E0A90-5F61-4F1C-A090-AB61D664F1F2-scaled.jpeg",,,,,,,,,0,,สี,สีแดง,1,1,Size (เสื้อ),12M,1,1,อายุ,1ปี,1,1,,,,,Good
22408,simple,100261,,Disney Mickey Mouse Scary Cute เสื้อแขนสั้นลายมิกกี้เมาส์,1,0,visible,เสื้อแขนสั้น แบรนด์ Disney ลายมิกกี้เมาส์วันฮาโลวีน สกรีนตัวหนังสือ Scary Cute ไซส์ 4ปี (4Y),,,,taxable,,1,,,0,0,1,,,,0,,120,590,สินค้าและอุปกรณ์สำหรับเด็ก,,,"https://punpunkun.com/wp-content/uploads/2023/01/7CC032A9-0368-4C5A-A245-D240028F92F1-scaled.jpeg, https://punpunkun.com/wp-content/uploads/2023/01/9C07B706-C43F-40B0-8328-D012F11F704D-scaled.jpeg, https://punpunkun.com/wp-content/uploads/2023/01/E9E6720A-7ECA-428B-9ECD-172A60E5683C-scaled.jpeg, https://punpunkun.com/wp-content/uploads/2023/01/2A8A19C0-3BBC-4605-9A34-0B42F10B970C-scaled.jpeg",,,,,,,,,0,,สี,สีส้ม,1,1,Size (เสื้อ),4Y,1,1,อายุ,4ปี,1,1,,,,,Fair
22418,simple,100262,,Disney Mickey Mouse Scary Cute เสื้อแขนสั้นลายมิกกี้เมาส์,1,0,visible,เสื้อแขนสั้น แบรนด์ Disney ลายมิกกี้เมาส์วันฮาโลวีน สกรีนตัวหนังสือ Scary Cute ไซส์ 18เดือน (18M),,,,taxable,,1,,,0,0,1,,,,0,,120,590,สินค้าและอุปกรณ์สำหรับเด็ก,,,"https://punpunkun.com/wp-content/uploads/2023/01/65A93A07-2847-453F-A826-6919F8900D5C-scaled.jpeg, https://punpunkun.com/wp-content/uploads/2023/01/3FB370D3-4683-4970-9D23-8670F889F8D9-scaled.jpeg, https://punpunkun.com/wp-content/uploads/2023/01/A2EF8354-05B5-4B22-9888-5FF2106082E1-scaled.jpeg, https://punpunkun.com/wp-content/uploads/2023/01/65796223-3ACA-496A-BA26-DD63770FA270-scaled.jpeg",,,,,,,,,0,,สี,สีส้ม,1,1,Size (เสื้อ),18M,1,1,อายุ,18เดือน,1,1,,,,,Fair
22420,simple,100263,,T-Shirt Respect The Ocean Dude เสื้อยืดแขนสั้น,1,0,visible,เสื้อแขนสั้น แบรนด์ M&amp;S สกรีนตัวหนังสือ Respect The Ocean Dude เสื้อสีขาว ไซส์ 3ปี-4ปี,,,,taxable,,1,,,0,0,1,,,,0,,190,490,สินค้าและอุปกรณ์สำหรับเด็ก,,,"https://punpunkun.com/wp-content/uploads/2023/01/3B9650C4-6305-496A-9ED1-381C6532512F-scaled.jpeg, https://punpunkun.com/wp-content/uploads/2023/01/6F64B670-837E-4767-AECB-AD761C31D88A-scaled.jpeg, https://punpunkun.com/wp-content/uploads/2023/01/86424FAC-1F43-4353-AC77-AC12846AC59C-scaled.jpeg, https://punpunkun.com/wp-content/uploads/2023/01/62853CBA-16AF-4FD9-91E4-DF5C6F523294-scaled.jpeg",,,,,,,,,0,,สี,สีขาว,1,1,Size (เสื้อ),"3Y, 4Y",1,1,อายุ,"3ปี, 4ปี",1,1,,,,,Fair
22431,simple,100264,,T-Shirt 3 Dinosaurs เสื้อยืดลายไดโนเสาร์3ตัว,1,0,visible,เสื้อแขนสั้น แบรนด์ M&amp;S สกรีนลายไดโนเสาร์ 3 ตัว เสื้อสีเขียว ไซส์ 3ปี-4ปี,,,,taxable,,1,,,0,0,1,,,,0,,190,490,สินค้าและอุปกรณ์สำหรับเด็ก,,,"https://punpunkun.com/wp-content/uploads/2023/01/33CAE4FD-EB3A-4DED-9A79-FE5E6AD22692-scaled.jpeg, https://punpunkun.com/wp-content/uploads/2023/01/CB00DA54-9C31-4640-AC6E-2F7443880348-scaled.jpeg, https://punpunkun.com/wp-content/uploads/2023/01/9496053C-8759-4EAE-A003-B4B9FDA16802-scaled.jpeg, https://punpunkun.com/wp-content/uploads/2023/01/9618B8F0-758C-495A-A886-8B9B5D1F2F11-scaled.jpeg",,,,,,,,,0,,สี,สีเขียว,1,1,Size (เสื้อ),"3Y, 4Y",1,1,อายุ,"3ปี, 4ปี",1,1,,,,,Fair
22433,simple,100265,,T-Shirt Dinosaur Playing In Water เสื้อยืดลายไดโนเสาร์เล่นน้ำ,1,0,visible,เสื้อแขนสั้น แบรนด์ M&amp;S ปักลายไดโนเสาร์เล่นน้ำทะเล เสื้อสีเขียวสีน้ำเงิน ไซส์ 3ปี-4ปี,,,,taxable,,1,,,0,0,1,,,,0,,190,490,สินค้าและอุปกรณ์สำหรับเด็ก,,,"https://punpunkun.com/wp-content/uploads/2023/01/4809264C-3923-477E-AF33-D3A042104BC0-scaled.jpeg, https://punpunkun.com/wp-content/uploads/2023/01/8A07ADF0-2C6F-4B45-A838-38BE760E6EE6-scaled.jpeg, https://punpunkun.com/wp-content/uploads/2023/01/D284F47A-83ED-4923-8CDC-39EB45CDA754-scaled.jpeg, https://punpunkun.com/wp-content/uploads/2023/01/674EC074-F6EC-4937-B9B1-95DE0291C6C4-scaled.jpeg",,,,,,,,,0,,สี,"สีน้ำเงิน, สีเขียว",1,1,Size (เสื้อ),"3Y, 4Y",1,1,อายุ,"3ปี, 4ปี",1,1,,,,,Fair
22443,simple,100266,,T-Shirt Dinosaur Play Skateboard เสื้อยืดลายไดโนเสาร์เล่นสเก็ตบอร์ด,1,0,visible,เสื้อแขนสั้น แบรนด์ M&amp;S ปักลายไดโนเสาร์เล่นสเก็ตบอร์ด เสื้อสีน้ำเงิน ไซส์ 3ปี-4ปี,,,,taxable,,1,,,0,0,1,,,,0,,190,490,สินค้าและอุปกรณ์สำหรับเด็ก,,,"https://punpunkun.com/wp-content/uploads/2023/01/79FA0ABA-7807-41D9-8B4D-B093B5B8A033-scaled.jpeg, https://punpunkun.com/wp-content/uploads/2023/01/DB08A4E5-FA6B-4881-B355-1A2DB41DE454-scaled.jpeg, https://punpunkun.com/wp-content/uploads/2023/01/FC6B024A-DD4B-4108-BCEF-457D8C44DD33-scaled.jpeg, https://punpunkun.com/wp-content/uploads/2023/01/D7D471F1-F9D4-45C1-A1D1-307FCD2BCDDB-scaled.jpeg",,,,,,,,,0,,สี,สีน้ำเงิน,1,1,อายุ,"3ปี, 4ปี",1,1,Size (เสื้อ),"3Y, 4Y",1,1,,,,,Fair
22446,simple,100267,,T-Shirt Blue White เสื้อยืดแขนสั้น,1,0,visible,เสื้อยืด แบรนด์ M&amp;S ลายทางสีฟ้าตัดด้วยสีขาว ไซส์ 2ปี-3ปี,,,,taxable,,1,,,0,0,1,,,,0,,190,490,สินค้าและอุปกรณ์สำหรับเด็ก,,,"https://punpunkun.com/wp-content/uploads/2023/01/F465FFF5-9530-4088-923B-0A33A9CC7960-scaled.jpeg, https://punpunkun.com/wp-content/uploads/2023/01/41B818DD-A9C2-4182-8D87-240455E08AAE-scaled.jpeg, https://punpunkun.com/wp-content/uploads/2023/01/3FE047CE-CC6B-40A6-86FF-EBDE3621F895-scaled.jpeg, https://punpunkun.com/wp-content/uploads/2023/01/64FBF2A0-968F-4147-BC06-75DCBDF3BDB2-scaled.jpeg, https://punpunkun.com/wp-content/uploads/2023/01/0BC55EEF-4D89-4B6D-BC39-BE8FB3C90E47-scaled.jpeg",,,,,,,,,0,,สี,"สีขาว, สีฟ้า",1,1,Size (เสื้อ),"2Y, 3Y",1,1,อายุ,"2ปี, 3ปี",1,1,,,,,Fair
22454,simple,100268,,T-Shirt Blue White เสื้อยืดแขนสั้น,1,0,visible,เสื้อยืด แบรนด์ M&amp;S ลายทางสีฟ้าตัดด้วยสีขาว ไซส์ 3ปี-4ปี,,,,taxable,,1,,,0,0,1,,,,0,,190,490,สินค้าและอุปกรณ์สำหรับเด็ก,,,"https://punpunkun.com/wp-content/uploads/2023/01/BE0F3682-5393-421E-B899-1795B4D0AA97-scaled.jpeg, https://punpunkun.com/wp-content/uploads/2023/01/C1D734A4-201B-4618-A9BA-D15829E22F17-scaled.jpeg, https://punpunkun.com/wp-content/uploads/2023/01/E3BA18A9-EC12-4330-8C44-50DB33F0621A-scaled.jpeg, https://punpunkun.com/wp-content/uploads/2023/01/82831C4E-5358-47A8-9AE3-8B5784728B0B-scaled.jpeg",,,,,,,,,0,,สี,"สีขาว, สีฟ้า",1,1,Size (เสื้อ),"3Y, 4Y",1,1,อายุ,"3ปี, 4ปี",1,1,,,,,Fair
22464,simple,100269,,T-Shirt Yellow Grey เสื้อยืดแขนสั้น,1,0,visible,เสื้อยืด แบรนด์ M&amp;S ลายทางสีฟ้า เหลืองและเทา ไซส์ 3ปี-4ปี,,,,taxable,,1,,,0,0,1,,,,0,,190,490,สินค้าและอุปกรณ์สำหรับเด็ก,,,"https://punpunkun.com/wp-content/uploads/2023/01/E0864233-E7D7-434A-8706-279D39DEB36E-scaled.jpeg, https://punpunkun.com/wp-content/uploads/2023/01/1C9C9F8B-9D2D-4823-8E3A-3092B78024F0-scaled.jpeg, https://punpunkun.com/wp-content/uploads/2023/01/EFD1CD00-41E8-4212-910D-CEDCE2F082BC-scaled.jpeg, https://punpunkun.com/wp-content/uploads/2023/01/36826F26-F8EF-4F20-988A-0DBBA7A2DEB7-scaled.jpeg",,,,,,,,,0,,สี,"สีฟ้า, สีเทา, สีเหลือง",1,1,Size (เสื้อ),"3Y, 4Y",1,1,อายุ,"3ปี, 4ปี",1,1,,,,,Fair
22466,simple,100270,,T-Shirt Respect The Ocean Dude เสื้อยืดแขนสั้น,1,0,visible,เสื้อยืด แบรนด์ M&amp;S สกรีนตัวหนังสือ Respect The Ocean Dude เสื้อสีขาว ไซส์ 2ปี-3ปี,,,,taxable,,1,,,0,0,1,,,,0,,190,490,สินค้าและอุปกรณ์สำหรับเด็ก,,,"https://punpunkun.com/wp-content/uploads/2023/01/1D9B1830-B50F-4478-8032-FB1BE792A058-scaled.jpeg, https://punpunkun.com/wp-content/uploads/2023/01/BA956BC5-D911-4B8F-99C7-2441F958BF6D-scaled.jpeg, https://punpunkun.com/wp-content/uploads/2023/01/2655A453-9565-410A-BEDE-5C2C1EB37BC8-scaled.jpeg, https://punpunkun.com/wp-content/uploads/2023/01/9DD8FC1A-4FBB-474D-96B9-93EF6866F916-scaled.jpeg",,,,,,,,,0,,สี,สีขาว,1,1,Size (เสื้อ),"2Y, 3Y",1,1,อายุ,"2ปี, 3ปี",1,1,,,,,Fair
22476,simple,100257,,Boys Swimming Trunks กางเกงว่ายน้ำเด็กผู้ชาย,1,0,visible,กางเกงว่ายน้ำขาสั้น แบรนด์ Zara สีน้ำเงินลายปลาฉลาม ไซส์ 3ปี-4ปี,,,,taxable,,1,,,0,0,1,,,,0,,295,590,สินค้าและอุปกรณ์สำหรับเด็ก,,,"https://punpunkun.com/wp-content/uploads/2023/01/1C2DD85B-8D7A-400C-9655-55FF0335D53A-scaled.jpeg, https://punpunkun.com/wp-content/uploads/2023/01/6A2D39A7-E13D-4978-B656-1EAC3BC8E254-scaled.jpeg, https://punpunkun.com/wp-content/uploads/2023/01/4C878500-26D3-4434-BC8D-DF6A3539A7CB-scaled.jpeg, https://punpunkun.com/wp-content/uploads/2023/01/146A0DBE-6081-4F99-A4A5-E15C0988BA25-scaled.jpeg, https://punpunkun.com/wp-content/uploads/2023/01/846BE2E6-7CCE-4D92-89C1-76BDAEE3F764-scaled.jpeg",,,,,,,,,0,,สี,สีน้ำเงิน,1,1,Size (กางเกง),"3Y, 4Y",1,1,อายุ,"3ปี, 4ปี",1,1,เพศ,ชาย,1,1,Good
22483,simple,100258,,Boys Swimming Trunks กางเกงว่ายน้ำเด็กผู้ชาย,1,0,visible,กางเกงว่ายน้ำขาสั้น แบรนด์ Zara สีน้ำเงินลายปลาฉลาม ไซส์  1ปี,,,,taxable,,1,,,0,0,1,,,,0,,295,590,สินค้าและอุปกรณ์สำหรับเด็ก,,,"https://punpunkun.com/wp-content/uploads/2023/01/91AC8293-4774-443E-8B5D-DB15B3BBD522-scaled.jpeg, https://punpunkun.com/wp-content/uploads/2023/01/CDAD8196-8303-4124-88AE-4D2A288EB8F3-scaled.jpeg, https://punpunkun.com/wp-content/uploads/2023/01/E17D9CB2-500E-48DE-A9C6-218D3E43DC33-scaled.jpeg, https://punpunkun.com/wp-content/uploads/2023/01/30D98E69-793E-445C-BFF7-210713AA7B5C-scaled.jpeg, https://punpunkun.com/wp-content/uploads/2023/01/0653D8AA-D814-432B-A688-096E63C69E13-scaled.jpeg",,,,,,,,,0,,สี,สีน้ำเงิน,1,1,Size (กางเกง),12M,1,1,เพศ,ชาย,1,1,อายุ,1ปี,1,1,Good
22490,simple,100259,,Boys Swimming Trunks กางเกงว่ายน้ำเด็กผู้ชาย,1,0,visible,กางเกงว่ายน้ำเด็กขาสั้น แบรนด์ Zara สีกรมลายปลา ไซส์ 2ปี-3ปี,,,,taxable,,1,,,0,0,1,,,,0,,295,590,สินค้าและอุปกรณ์สำหรับเด็ก,,,"https://punpunkun.com/wp-content/uploads/2023/01/C7D16469-9BC6-4089-8001-4B814EBDBCED-scaled.jpeg, https://punpunkun.com/wp-content/uploads/2023/01/AF78D94F-0359-4E31-BB05-9E00E6F410A8-scaled.jpeg, https://punpunkun.com/wp-content/uploads/2023/01/582AC193-8635-4B3C-A784-DA29856FF8E1-scaled.jpeg, https://punpunkun.com/wp-content/uploads/2023/01/1185FE17-32EE-453E-B126-01B438B8E5C6-scaled.jpeg, https://punpunkun.com/wp-content/uploads/2023/01/2C4C6416-4FF7-4069-B47F-AFB141570351-scaled.jpeg",,,,,,,,,0,,Size (กางเกง),"2Y, 3Y",1,1,สี,สีกรม,1,1,อายุ,"2ปี, 3ปี",1,1,เพศ,ชาย,1,1,Fair
22497,simple,100260,,Boys Swimming Trunks กางเกงว่ายน้ำเด็กผู้ชาย,1,0,visible,กางเกงว่ายน้ำเด็กขาสั้น แบรนด์ Zara สีกรมลายปลา ไซส์ 3ปี-4ปี,,,,taxable,,1,,,0,0,1,,,,0,,295,590,สินค้าและอุปกรณ์สำหรับเด็ก,,,"https://punpunkun.com/wp-content/uploads/2023/01/AC6E909D-D859-4AA3-8F0D-61DB53FFAEBF-scaled.jpeg, https://punpunkun.com/wp-content/uploads/2023/01/92ADD58F-F371-4CFF-8E0E-9EC02D96442A-scaled.jpeg, https://punpunkun.com/wp-content/uploads/2023/01/94D08CDF-C085-4511-91DD-89A581F6AF83-scaled.jpeg, https://punpunkun.com/wp-content/uploads/2023/01/C3A684F4-1007-492D-B10F-178AE420DCB8-scaled.jpeg, https://punpunkun.com/wp-content/uploads/2023/01/4470E7DA-7990-491A-87D0-33FBB7EB592A-scaled.jpeg",,,,,,,,,0,,สี,สีกรม,1,1,Size (กางเกง),"3Y, 4Y",1,1,อายุ,"3ปี, 4ปี",1,1,เพศ,ชาย,1,1,Good
22504,simple,100256,,Halloween Pumpkin T-Shirt เสื้อยืดลายฟักทองฮัลโลวีน,1,0,visible,เสื้อแขนยาว แบรนด์ H&amp;M ลายฟักทองฮัลโลวีน ไซส์ 2ปี-3ปี,,,,taxable,,1,,,0,0,1,,,,0,,,190,สินค้าและอุปกรณ์สำหรับเด็ก,,,"https://punpunkun.com/wp-content/uploads/2023/01/1FC8A7FA-2B64-44C9-8063-E93B085247B9-scaled.jpeg, https://punpunkun.com/wp-content/uploads/2023/01/3AC95408-EB1A-4921-B388-7A50B298FF3E-scaled.jpeg, https://punpunkun.com/wp-content/uploads/2023/01/AD01E7D8-519A-4494-9131-F425D7AAE02C-scaled.jpeg, https://punpunkun.com/wp-content/uploads/2023/01/0C032CD4-9260-448C-8FFF-B62C579C7EFB-scaled.jpeg",,,,,,,,,0,,สี,สีส้ม,1,1,Size (เสื้อ),"2Y, 3Y",1,1,อายุ,"2ปี, 3ปี",1,1,,,,,Good
22514,simple,100255,,Halloween Pumpkin T-Shirt เสื้อยืดลายฟักทองฮัลโลวีน,1,0,visible,เสื้อแขนยาว แบรนด์ H&amp;M ลายฟักทองฮัลโลวีน ไซส์ 1ปี-2ปี,,,,taxable,,1,,,0,0,1,,,,0,,,190,สินค้าและอุปกรณ์สำหรับเด็ก,,,"https://punpunkun.com/wp-content/uploads/2023/01/E3BA9375-A922-4CBE-9180-EC89EA0E9328-scaled.jpeg, https://punpunkun.com/wp-content/uploads/2023/01/6340BB56-CE2E-4AD4-9889-EA1CA598B887-scaled.jpeg, https://punpunkun.com/wp-content/uploads/2023/01/0563F40F-1C38-4103-AA98-CFB27614E871-scaled.jpeg, https://punpunkun.com/wp-content/uploads/2023/01/06D56168-63F4-46BA-BBE4-280B960BD010-scaled.jpeg",,,,,,,,,0,,สี,สีส้ม,1,1,Size (เสื้อ),"12M, 2Y",1,1,อายุ,"1ปี, 2ปี",1,1,,,,,Good
22516,simple,100281,,T-Shirt เสื้อยืดลายทาง,1,0,visible,เสื้อยืดแขนสั้น แบรนด์ Uniqlo ลายทางสีส้มตัดด้วยสีขาว ไซส์ 1ปี,,,,taxable,,1,,,0,0,1,,,,0,,,120,สินค้าและอุปกรณ์สำหรับเด็ก,,,"https://punpunkun.com/wp-content/uploads/2023/01/A5A5AAED-7607-4B11-B72F-B6F46E10CF02-scaled.jpeg, https://punpunkun.com/wp-content/uploads/2023/01/B90AEF56-ECF6-431E-83EF-9C03B7D1CAFE-scaled.jpeg, https://punpunkun.com/wp-content/uploads/2023/01/84E5366D-BB65-42FF-ABDE-35DD345F12D0-scaled.jpeg, https://punpunkun.com/wp-content/uploads/2023/01/5BBE33D0-2776-4990-BBD8-79B8919D14EA-scaled.jpeg, https://punpunkun.com/wp-content/uploads/2023/01/B36C4779-9373-4DCA-9C2A-DDCDCB08CEC8-scaled.jpeg, https://punpunkun.com/wp-content/uploads/2023/01/2FC41177-C886-4B61-B3F1-9A2BD094F9C0-scaled.jpeg",,,,,,,,,0,,สี,"สีขาว, สีส้ม",1,1,Size (เสื้อ),12M,1,1,อายุ,1ปี,1,1,,,,,Fair
22524,simple,100280,,T-Shirt เสื้อยืดสีกรมลายแว่นตาที่กระเป๋า,1,0,visible,เสื้อยืดแขนสั้น แบรนด์ Uniqlo มีลายแว่นตาที่กระเป๋า ไซส์ 1ปี,,,,taxable,,1,,,0,0,1,,,,0,,,120,สินค้าและอุปกรณ์สำหรับเด็ก,,,"https://punpunkun.com/wp-content/uploads/2023/01/5B7FF4DA-D131-42F7-BA37-881B719C9EA1-scaled.jpeg, https://punpunkun.com/wp-content/uploads/2023/01/601182B9-3D9C-4401-A7F9-E6714CEE3919-scaled.jpeg, https://punpunkun.com/wp-content/uploads/2023/01/9DA40363-44B0-4AF5-9424-31C1DC3DB1EA-scaled.jpeg, https://punpunkun.com/wp-content/uploads/2023/01/8433CD04-A229-4903-BF6A-D333DC26F2E9-scaled.jpeg, https://punpunkun.com/wp-content/uploads/2023/01/D817C63F-F6E6-4194-B037-D6B0345AAAA4-scaled.jpeg, https://punpunkun.com/wp-content/uploads/2023/01/AA59C3F9-A93E-4479-B32F-F9BC86C12807-scaled.jpeg",,,,,,,,,0,,สี,สีกรม,1,1,Size (เสื้อ),12M,1,1,อายุ,1ปี,1,1,,,,,Fair
22532,simple,100279,,T-Shirt เสื้อยืดสีกรมลายแว่นตาที่กระเป๋า,1,0,visible,เสื้อยืดแขนสั้น แบรนด์ Uniqlo มีลายแว่นตาที่กระเป๋า ไซส์ 18 เดือน,,,,taxable,,1,,,0,0,1,,,,0,,,120,สินค้าและอุปกรณ์สำหรับเด็ก,,,"https://punpunkun.com/wp-content/uploads/2023/01/8AC57115-5786-4471-A4FA-75F5C3344710-scaled.jpeg, https://punpunkun.com/wp-content/uploads/2023/01/512E77F9-A790-46D5-B1FD-30E13FAF18B7-scaled.jpeg, https://punpunkun.com/wp-content/uploads/2023/01/02BC9477-B637-4687-A330-BFFAF6C5FB4B-scaled.jpeg, https://punpunkun.com/wp-content/uploads/2023/01/3F1DA5F3-C7FB-49AD-8E4E-F8C6E76CDD89-scaled.jpeg, https://punpunkun.com/wp-content/uploads/2023/01/C220B0D1-35D3-4EF3-958F-FF17ADFA6C1F-scaled.jpeg, https://punpunkun.com/wp-content/uploads/2023/01/1C6D61F5-2299-4AC2-A3BB-47AC259F9FF8-scaled.jpeg",,,,,,,,,0,,สี,สีกรม,1,1,Size (เสื้อ),12-18M,1,1,อายุ,18เดือน,1,1,,,,,Fair
22540,simple,100278,,T-Shirt เสื้อยืดสีดำลายมิกกี้เมาส์ที่กระเป๋า,1,0,visible,เสื้อยืดแขนสั้น แบรนด์ Uniqlo มีลายมิกกี้เมาส์ที่กระเป๋า ไซส์ 1ปี,,,,taxable,,1,,,0,0,1,,,,0,,,120,สินค้าและอุปกรณ์สำหรับเด็ก,,,"https://punpunkun.com/wp-content/uploads/2023/01/3EE787BB-3E1C-4E7E-97AA-B17A4C9F497A-scaled.jpeg, https://punpunkun.com/wp-content/uploads/2023/01/FD2189E7-23C7-4825-AB23-D2A423DA9526-scaled.jpeg, https://punpunkun.com/wp-content/uploads/2023/01/34745A4A-8DCB-4F1A-940B-63363F51EDBC-scaled.jpeg, https://punpunkun.com/wp-content/uploads/2023/01/AB428529-B813-44C3-8EF3-3C9CEEA05378-scaled.jpeg, https://punpunkun.com/wp-content/uploads/2023/01/092337DA-F351-4E2F-B85B-4A5A4A20B5DC-scaled.jpeg",,,,,,,,,0,,สี,สีดำ,1,1,Size (เสื้อ),12M,1,1,อายุ,1ปี,1,1,,,,,Fair
22549,simple,100277,,Ticking Stipe Shorts กางเกงขาสั้นลายทาง,1,0,visible,เท่และน่ารักได้กลิ่นอายทะเลด้วยกางเกงขาสั้นลายทางตัวนี้ ใส่สบายตลอดทั้งวันด้วยขอบเอวยางยืด ไซส์ 9เดือน-12เดือน,,,,taxable,,1,,,0,0,1,,,,0,,200,790,สินค้าและอุปกรณ์สำหรับเด็ก,,,"https://punpunkun.com/wp-content/uploads/2023/02/14CD940A-87A0-4FEC-A5CD-BA4A3E6727E9-scaled.jpeg, https://punpunkun.com/wp-content/uploads/2023/02/57FFCC6E-2E4A-49D2-971F-CF3A91C1564F-scaled.jpeg, https://punpunkun.com/wp-content/uploads/2023/02/49BF13F6-C031-44CB-8933-A987EC2B0294-scaled.jpeg, https://punpunkun.com/wp-content/uploads/2023/02/396BB97B-D522-439B-A792-645781C670BF-scaled.jpeg, https://punpunkun.com/wp-content/uploads/2023/02/54B6ED75-2068-49C9-A62B-69CA48D39D35-scaled.jpeg, https://punpunkun.com/wp-content/uploads/2023/02/914C0364-CAD8-42A0-A5B1-C38BD16B2850-scaled.jpeg",,,,,,,,,0,,สี,"สีขาว, สีฟ้า",1,1,Size (กางเกง),"12M, 9M",1,1,อายุ,"1ปี, 9เดือน",1,1,,,,,Good
22557,simple,100276,,Tricking Stipe Shorts กางเกงขาสั้นลายทาง,1,0,visible,เท่และน่ารักได้กลิ่นอายทะเลด้วยกางเกงขาสั้นลายทางตัวนี้ ใส่สบายตลอดทั้งวันด้วยขอบเอวยางยืด ไซส์ 9เดือน-12เดือน,"&nbsp;\n\n&nbsp;",,,taxable,,1,,,0,0,1,,,,0,,200,790,สินค้าและอุปกรณ์สำหรับเด็ก,,,"https://punpunkun.com/wp-content/uploads/2023/02/19165C0A-642A-439E-892A-BB2A80C1F999-scaled.jpeg, https://punpunkun.com/wp-content/uploads/2023/02/4B3EA8AB-57B5-45DF-9E60-96ECFCDD1E0D-scaled.jpeg, https://punpunkun.com/wp-content/uploads/2023/02/72858A43-B16A-48DA-869C-97B75DF64CF1-scaled.jpeg, https://punpunkun.com/wp-content/uploads/2023/02/3DEE8E01-51AC-44A3-A935-733D356C4C62-scaled.jpeg, https://punpunkun.com/wp-content/uploads/2023/02/2020E0E2-403C-4B8B-9FAF-0B5A8C026EDB-scaled.jpeg, https://punpunkun.com/wp-content/uploads/2023/02/C938EE2B-77B6-4896-80CF-3FD8DC2E6787-scaled.jpeg",,,,,,,,,0,,สี,"สีขาว, สีฟ้า",1,1,Size (กางเกง),"12M, 9M",1,1,อายุ,"12เดือน, 9เดือน",1,1,,,,,Fair
22565,simple,100275,,Toddler Pull-On Shorts กางเกงขาสั้นเด็ก,1,0,visible,กางเกงขาสั้นสวมใส่สบายง่าย มาพร้อมกระเป๋าสารพัดประโยชน์และเชือกผูกเหมาะสำหรับใส่ในทุกๆวัน,,,,taxable,,1,,,0,0,1,,,,0,,190,590,สินค้าและอุปกรณ์สำหรับเด็ก,,,"https://punpunkun.com/wp-content/uploads/2023/02/52D5B5EC-9D0E-4372-B41A-C4B581015F0F-scaled.jpeg, https://punpunkun.com/wp-content/uploads/2023/02/4B5CB22C-16EF-48DA-AB18-607EBB1C0F74-scaled.jpeg, https://punpunkun.com/wp-content/uploads/2023/02/A0D4DE20-94BA-4B20-A864-A19A8D865DF0-scaled.jpeg, https://punpunkun.com/wp-content/uploads/2023/02/EDAD9887-09F3-4A9C-863B-118443BF47A0-scaled.jpeg, https://punpunkun.com/wp-content/uploads/2023/02/92273440-86D9-4965-A68F-D5C98FBD2464-scaled.jpeg",,,,,,,,,0,,สี,สีเทา,1,1,Size (กางเกง),2T,1,1,อายุ,2ปี,1,1,,,,,Fair
22572,simple,100274,,Toddler Pull-On Short กางเกงขาสั้นเด็ก,1,0,visible,กางเกงขาสั้นสวมใส่สบายง่าย มาพร้อมกระเป๋าสารพัดประโยชน์และเชือกผูกเหมาะสำหรับใส่ในทุกๆวัน,,,,taxable,,1,,,0,0,1,,,,0,,200,590,สินค้าและอุปกรณ์สำหรับเด็ก,,,"https://punpunkun.com/wp-content/uploads/2023/02/749AE1F3-DE1A-468A-B9C2-B8F1921E089F-scaled.jpeg, https://punpunkun.com/wp-content/uploads/2023/02/A8225998-FF00-4414-8658-9C2B8843C813-scaled.jpeg, https://punpunkun.com/wp-content/uploads/2023/02/661B7349-3253-44EC-AC59-B7B65BA3B41A-scaled.jpeg, https://punpunkun.com/wp-content/uploads/2023/02/CAC53AE3-450F-4DAC-ACD7-9B6B7D58E0EB-scaled.jpeg, https://punpunkun.com/wp-content/uploads/2023/02/DBD751FA-B88C-4521-9C68-F2C39EC5B1C2-scaled.jpeg",,,,,,,,,0,,สี,สีกรม,1,1,Size (กางเกง),2T,1,1,อายุ,2ปี,1,1,,,,,Fair
22579,simple,100273,,Boys Short Trousers กางเกงขาสั้นเด็กผู้ชาย,1,0,visible,กางเกงขาสั้นสวมใส่สบาย มาพร้อมกระเป๋าทั้งสองข้างตกแต่งด้วยกระดุมและซิป เอวสม็อต เหมาะกับการใส่ในทุกๆวัน,,,,taxable,,1,,,0,0,1,,,,0,,200,590,สินค้าและอุปกรณ์สำหรับเด็ก,,,"https://punpunkun.com/wp-content/uploads/2023/02/1697C74B-8337-4494-8691-C0D984364A21-scaled.jpeg, https://punpunkun.com/wp-content/uploads/2023/02/B264813A-38B2-434F-AAA5-2AFDC567CE10-scaled.jpeg, https://punpunkun.com/wp-content/uploads/2023/02/CF709298-693F-49E0-9F98-F184A28149C4-scaled.jpeg, https://punpunkun.com/wp-content/uploads/2023/02/2EAE5431-B78F-4928-8B64-BFA881E8B547-scaled.jpeg, https://punpunkun.com/wp-content/uploads/2023/02/F0141FA6-1583-4852-BB37-5F01CB3409C8-scaled.jpeg, https://punpunkun.com/wp-content/uploads/2023/02/5EDEB20F-1011-4664-88D0-EFE0698EDD9F-scaled.jpeg",,,,,,,,,0,,สี,สีกรม,1,1,Size (กางเกง),3T,1,1,อายุ,3ปี,1,1,,,,,Fair
22587,simple,100272,,Baby Knit Denim Pants กางเกงยีนส์เด็กถัก,1,0,visible,ด้วยดีไซน์ที่สวมใส่ง่ายกางเกงผ้าฝ้ายเนื้อนุ่มตัวนี้ช่วยให้การแต่งตัวได้อย่างรวดเร็ว,,,,taxable,,1,,,0,0,1,,,,0,,200,460,สินค้าและอุปกรณ์สำหรับเด็ก,,,"https://punpunkun.com/wp-content/uploads/2023/02/E070B60A-9F87-463F-99A1-7AB49E251E2F-scaled.jpeg, https://punpunkun.com/wp-content/uploads/2023/02/81BE9711-6AF9-49EB-85A1-5EDA0A24E1A7-scaled.jpeg, https://punpunkun.com/wp-content/uploads/2023/02/F8B0E441-5B15-4072-B5CE-8D0E8ACB2B5B-scaled.jpeg, https://punpunkun.com/wp-content/uploads/2023/02/B4EABF62-1A03-427B-8863-D5D77F2CC9C0-scaled.jpeg, https://punpunkun.com/wp-content/uploads/2023/02/B3572F65-BD74-4C5B-8832-7E35AEA0C217-scaled.jpeg",,,,,,,,,0,,สี,สีกรม,1,1,Size (กางเกง),18M,1,1,อายุ,18เดือน,1,1,,,,,Fair
22596,simple,100271,,Baby Organic Cotton Rib Pants กางเกงผ้าฝ้ายออร์แกนิคเด็ก,1,0,visible,ผลิตจากผ้าฝ้ายออร์แกนิค 100% ฝ้ายออร์แกนิคดีต่อผู้คนและสิ่งแวดล้อมเพราะปลูกโดยไม่ใช้สารกำจัดศัตรูพืชและปุ๋ยสังเคราะห์ที่เป็นอันตราย,,,,taxable,,1,,,0,0,1,,,,0,,120,560,สินค้าและอุปกรณ์สำหรับเด็ก,,,"https://punpunkun.com/wp-content/uploads/2023/02/24CA71D5-58BF-4B10-97DC-75602E237AC8-scaled.jpeg, https://punpunkun.com/wp-content/uploads/2023/02/406E2552-FA6A-488B-94E1-E11A6D61FACD-scaled.jpeg, https://punpunkun.com/wp-content/uploads/2023/02/90DFAEA5-F0D3-4F06-B299-555AC4455D49-scaled.jpeg, https://punpunkun.com/wp-content/uploads/2023/02/4B1D41F3-263B-42FF-A059-AAF734E13CDB-scaled.jpeg, https://punpunkun.com/wp-content/uploads/2023/02/8C37E351-D7BD-4245-99CF-861394372442-scaled.jpeg",,,,,,,,,0,,สี,สีเขียว,1,1,Size (กางเกง),"12M, 6M",1,1,อายุ,"12เดือน, 6เดือน",1,1,,,,,Fair
22603,simple,100286,,Baby Cotton Pants กางเกงผ้าฝ้ายเด็ก,1,0,visible,ตัดเย็บด้วยผ้าฝ้ายเนื้อนุ่ม สวมใส่ง่าย สบาย เหมาะสำหรับลูกน้อย,ตัดเย็บด้วยผ้าฝ้ายเนื้อนุ่ม สวมใส่ง่าย สบาย เหมาะสำหรับลูกน้อย,,,taxable,,1,,,0,0,1,,,,0,,120,390,สินค้าและอุปกรณ์สำหรับเด็ก,,,"https://punpunkun.com/wp-content/uploads/2023/02/368BBC82-B390-4346-A660-DFA496FF8D10-scaled.jpeg, https://punpunkun.com/wp-content/uploads/2023/02/7B71CA4E-4836-46BD-A3B9-1221D2D96FD0-scaled.jpeg, https://punpunkun.com/wp-content/uploads/2023/02/CED52F9E-7819-4EAA-8A24-6C191B25733B-scaled.jpeg, https://punpunkun.com/wp-content/uploads/2023/02/E5634C16-4426-408A-B6BE-7A3650C1CC0A-scaled.jpeg, https://punpunkun.com/wp-content/uploads/2023/02/A3E1B321-51A3-4637-A6FF-F276F0BBA248-scaled.jpeg, https://punpunkun.com/wp-content/uploads/2023/02/1AE4BDE9-F871-4119-8571-CF2CCA32AD69-scaled.jpeg",,,,,,,,,0,,สี,สีเทา,1,1,Size (กางเกง),12M,1,1,อายุ,12เดือน,1,1,,,,,Good
22612,simple,100285,,Baby Organic Cotton Jeans กางเกงยีนส์เด็กผ้าฝ้ายออร์แกนิค,1,0,visible,ผลิตจากผ้าฝ้ายออร์แกนิค 100% ดีต่อผู้คนและสิ่งแวดล้อมเพราะปลูกโดยไม่ใช้สารกำจัดศัตรูพืชและปุ๋ยสังเคราะห์ที่เป็นอันตราย ดีสำหรับเด็ก ดีสำหรับโลก,,,,taxable,,1,,,0,0,1,,,,0,,290,750,สินค้าและอุปกรณ์สำหรับเด็ก,,,"https://punpunkun.com/wp-content/uploads/2023/02/B094F5FD-6054-4C04-8F8F-ECD2B16FEA82-scaled.jpeg, https://punpunkun.com/wp-content/uploads/2023/02/54B9BCD2-FA10-4FAC-BF23-BA7B351EF911-scaled.jpeg, https://punpunkun.com/wp-content/uploads/2023/02/3E0EF38F-2592-4F27-8AE4-4230D65D7E8C-scaled.jpeg, https://punpunkun.com/wp-content/uploads/2023/02/B2222850-C9D7-4071-8852-9160941E1FA7-scaled.jpeg, https://punpunkun.com/wp-content/uploads/2023/02/FE2EFB9C-1795-46AF-B2C3-02435F4A3075-scaled.jpeg",,,,,,,,,0,,สี,สีน้ำเงิน,1,1,Size (กางเกง),"12M, 6M",1,1,อายุ,"12เดือน, 6เดือน",1,1,,,,,Fair
22619,simple,100284,,Denim Joggers กางเกงจ๊อกเกอร์ยีนส์,1,0,visible,ด้วยกางเกงที่สวมได้ง่ายและกางเกงจ็อกเกอร์ลุคเท่ กางเกงจ็อกเกอร์เดนิมที่ใส่สบายเป็นพิเศษพร้อมความยืดหยุ่นที่เพิ่มขึ้นนี้จึงจำเป็นสำหรับฤดูหนาว,,,,taxable,,1,,,0,0,1,,,,0,,390,1100,สินค้าและอุปกรณ์สำหรับเด็ก,,,"https://punpunkun.com/wp-content/uploads/2023/02/8E931ADD-C8DF-485E-9A4D-5AF138D3F9DF-scaled.jpeg, https://punpunkun.com/wp-content/uploads/2023/02/001C6AA0-2C7E-4B30-B60E-7AD5BAC711F9-scaled.jpeg, https://punpunkun.com/wp-content/uploads/2023/02/B4F1678F-9EA3-4A6A-BBF6-3A7983A9D97C-scaled.jpeg, https://punpunkun.com/wp-content/uploads/2023/02/7D063A67-AB12-4840-B013-B9CC0776CBFD-scaled.jpeg, https://punpunkun.com/wp-content/uploads/2023/02/E66D77E7-02F5-4895-B821-D61DDAB8717A-scaled.jpeg, https://punpunkun.com/wp-content/uploads/2023/02/36178BAB-01F4-4446-A1B9-75592E7F58E9-scaled.jpeg",,,,,,,,,0,,สี,สีกรม,1,1,Size (กางเกง),12M,1,1,อายุ,12เดือน,1,1,,,,,Mint
22628,simple,100283,,Relaxed Fit Jeans กางเกงยีนส์ทรงรีแลกซ์,1,0,visible,กางเกงยีนส์ผ้าฝ้ายเดนิมเนื้อนุ่ม การตัดเย็บที่ดูลุคเท่ เอวสม็อค กระเป๋าใช้งานได้จริง,,,,taxable,,1,,,0,0,1,,,,0,,290,699,สินค้าและอุปกรณ์สำหรับเด็ก,,,"https://punpunkun.com/wp-content/uploads/2023/02/A2C3806F-F346-4914-8202-D9CB8363BAB6-scaled.jpeg, https://punpunkun.com/wp-content/uploads/2023/02/5E9FE2E6-A174-42EA-8910-C3869F3977F9-scaled.jpeg, https://punpunkun.com/wp-content/uploads/2023/02/B7D0756F-FEE4-48E4-A8C3-BBA7986A1234-scaled.jpeg, https://punpunkun.com/wp-content/uploads/2023/02/5A733449-CB83-41DE-A4D0-E37A73FBF944-scaled.jpeg, https://punpunkun.com/wp-content/uploads/2023/02/636BDF0B-1FAD-40E7-8279-413CA4B1E4D9-scaled.jpeg, https://punpunkun.com/wp-content/uploads/2023/02/4797C3AF-3030-47AB-BBAF-0965648CADF9-scaled.jpeg",,,,,,,,,0,,สี,สีน้ำเงิน,1,1,Size (กางเกง),6M,1,1,อายุ,"6เดือน, 7เดือน",1,1,,,,,Good
22636,simple,100282,,Baby Balloon Denim Jean กางเกงยีนส์ทรงบอลลูนเด็ก,1,0,visible,กางเกงยีนส์ทารกเป็นสิ่งที่ต้องมีมาพร้อมกับทรงพอดีตัวที่ใส่สบาย คุณจะต้องชอบและใส่รายละเอียดที่ไม่น่าสนใจสำหรับลุคที่กำลังมาแรงที่คุณจะหลงรัก,,,,taxable,,1,,,0,0,1,,,,0,,300,1100,สินค้าและอุปกรณ์สำหรับเด็ก,,,"https://punpunkun.com/wp-content/uploads/2023/02/0391AC4C-11F3-474A-8B63-3F5CD4920F2F-scaled.jpeg, https://punpunkun.com/wp-content/uploads/2023/02/8681113A-CAF7-4A6F-86C9-CF3F0D1C4643-scaled.jpeg, https://punpunkun.com/wp-content/uploads/2023/02/C50CFB60-A9D3-47DA-AE0F-ED9CBB50B995-scaled.jpeg, https://punpunkun.com/wp-content/uploads/2023/02/F620329A-4DA0-4AB4-AA38-4A433839D8B8-scaled.jpeg, https://punpunkun.com/wp-content/uploads/2023/02/846920DF-E82C-4B6E-AB7E-BB5A02133BB2-scaled.jpeg, https://punpunkun.com/wp-content/uploads/2023/02/1CF19290-F90B-4562-98FA-80B6C1AD06B7-scaled.jpeg, https://punpunkun.com/wp-content/uploads/2023/02/8742AD48-457D-4C0A-A765-BC1553C35766-scaled.jpeg",,,,,,,,,0,,สี,สีฟ้า,1,1,Size (กางเกง),"12M, 18M",1,1,อายุ,"12เดือน, 18เดือน",1,1,,,,,Good
22653,simple,100292,,Boys Swim Shirt เสื้อว่ายน้ำเด็กผู้ชาย,1,0,visible,เสื้อว่ายน้ำ แบรนด์ Mother Care สีส้ม ไซส์ 18เดือน - 24เดือน,,,,taxable,,1,1,,0,0,1,,,,0,,100,790,สินค้าและอุปกรณ์สำหรับเด็ก,,,"https://punpunkun.com/wp-content/uploads/2023/02/443D3C09-2979-4378-9F9B-0D93AD7D6149-scaled.jpeg, https://punpunkun.com/wp-content/uploads/2023/02/C3A90EC2-EADA-4020-936B-98BAB5D8DC2D-scaled.jpeg, https://punpunkun.com/wp-content/uploads/2023/02/EB100217-357A-4190-A282-400F29065F4B-scaled.jpeg, https://punpunkun.com/wp-content/uploads/2023/02/913C83DE-0304-4C30-95A7-9D5319FB780F-scaled.jpeg, https://punpunkun.com/wp-content/uploads/2023/02/FA184A79-AC36-4AF8-B8C1-29A7DF41E0DA-scaled.jpeg, https://punpunkun.com/wp-content/uploads/2023/02/FFCE5BBB-DC11-41CE-91B7-9D8827BE2B59-scaled.jpeg",,,,,,,,,0,,สี,สีส้ม,1,1,Size (เสื้อ),"18M, 24M",1,1,อายุ,"18เดือน, 24เดือน",1,1,เพศ,ชาย,1,1,
22655,simple,100291,,Boys Swim Shirt เสื้อว่ายน้ำเด็กผู้ชาย,1,0,visible,เสื้อว่ายน้ำเด็ก แบรนด์ Mother Care สีส้ม ไซส์ 2ปี,,,,taxable,,1,1,,0,0,1,,,,0,,120,790,สินค้าและอุปกรณ์สำหรับเด็ก,,,"https://punpunkun.com/wp-content/uploads/2023/02/555F356A-0B6B-4BFD-84E1-BC16F0CB83D0-scaled.jpeg, https://punpunkun.com/wp-content/uploads/2023/02/478D0606-7596-4E28-86EA-5347B2614100-scaled.jpeg, https://punpunkun.com/wp-content/uploads/2023/02/D12E57B6-54B1-4F11-A614-CA16ABB5EC42-scaled.jpeg, https://punpunkun.com/wp-content/uploads/2023/02/B43A9212-A8E4-4907-9C89-0EEC3F403615-scaled.jpeg",,,,,,,,,0,,สี,สีส้ม,1,1,Size (เสื้อ),2Y,1,1,อายุ,2ปี,1,1,เพศ,ชาย,1,1,
22661,simple,100290,,Boys Swim Shirt เสื้อว่ายน้ำเด็กผู้ชาย,1,0,visible,เสื้อว่ายน้ำเด็ก แบรนด์ Mother Care สีเขียว-น้ำเงิน ไซส์ 3ปี-4ปี,,,,taxable,,1,1,,0,0,1,,,,0,,120,790,สินค้าและอุปกรณ์สำหรับเด็ก,,,"https://punpunkun.com/wp-content/uploads/2023/02/7F16AD6A-402F-478F-A3C0-79616119CBD8-scaled.jpeg, https://punpunkun.com/wp-content/uploads/2023/02/58B9E309-87B6-465B-B68A-308F71A26259-scaled.jpeg, https://punpunkun.com/wp-content/uploads/2023/02/796FD11E-68F4-494A-A715-6F453A413ECF-scaled.jpeg, https://punpunkun.com/wp-content/uploads/2023/02/69512609-50AF-4D96-9EAB-F6F17A147143-scaled.jpeg, https://punpunkun.com/wp-content/uploads/2023/02/490E1D50-F491-4627-9403-9C1996B7236D-scaled.jpeg, https://punpunkun.com/wp-content/uploads/2023/02/C67A3397-183C-42F3-9B87-63B92F181749-scaled.jpeg",,,,,,,,,0,,สี,"สีน้ำเงิน, สีเขียว",1,1,อายุ,"3ปี, 4ปี",1,1,Size (เสื้อ),"3Y, 4Y",1,1,เพศ,ชาย,1,1,
22669,simple,100289,,Boys Swim Shirt เสื้อว่ายน้ำเด็กผู้ชาย,1,0,visible,เสื้อว่ายน้ำเด็กผู้ชาย แบรนด์ Mother Care สีเขียว-น้ำเงิน ไซส์ 8เดือน-12เดือน,,,,taxable,,1,1,,0,0,1,,,,0,,120,790,สินค้าและอุปกรณ์สำหรับเด็ก,,,"https://punpunkun.com/wp-content/uploads/2023/02/63A1E0EE-A7E0-404E-9C8C-C873955B5287-scaled.jpeg, https://punpunkun.com/wp-content/uploads/2023/02/61E9F39C-D3B2-468D-A9EB-C953A23FAA6C-scaled.jpeg, https://punpunkun.com/wp-content/uploads/2023/02/0B5FAD58-50F8-470D-84D9-0A08CC17C928-scaled.jpeg, https://punpunkun.com/wp-content/uploads/2023/02/F4E77756-BCFC-4AD3-AD2D-8F90C3DD4F70-scaled.jpeg, https://punpunkun.com/wp-content/uploads/2023/02/5F4E3EA3-1D3D-4CC7-B66C-731BBD84BEFE-scaled.jpeg",,,,,,,,,0,,Size (เสื้อ),12-18M,1,1,สี,"สีน้ำเงิน, สีเขียว",1,1,อายุ,8เดือน,1,1,เพศ,ชาย,1,1,
22676,simple,100288,,Shark Boys Swimwear ชุดว่ายน้ำเด็กผู้ชายปลาฉลาม,1,0,visible,ชุดว่ายน้ำเด็กผู้ชาย แบรนด์ Xiashilian สีเทา สีฟ้า ลายปลาฉลาม ไซส์ 2ปี,,,,taxable,,0,0,,0,0,1,,,,0,,300,1790,สินค้าและอุปกรณ์สำหรับเด็ก,,,"https://punpunkun.com/wp-content/uploads/2023/02/44D4D67B-196D-4C94-BE37-2F0F25A4258D-scaled.jpeg, https://punpunkun.com/wp-content/uploads/2023/02/9E4A7766-EE5C-45A8-8C5E-0C110FF8CF5E-scaled.jpeg, https://punpunkun.com/wp-content/uploads/2023/02/1C5F4F08-DF89-4965-BEA9-63F5D3718C66-scaled.jpeg, https://punpunkun.com/wp-content/uploads/2023/02/6E9B2DB5-9B48-400C-A679-E1175DD4558A-scaled.jpeg, https://punpunkun.com/wp-content/uploads/2023/02/40DC2752-A7EC-4630-917F-7926D725623F-scaled.jpeg, https://punpunkun.com/wp-content/uploads/2023/02/F3F84265-7CD1-481C-B5FA-E15AF0AE4D78-scaled.jpeg, https://punpunkun.com/wp-content/uploads/2023/02/DE359061-C9A8-45A9-B73F-2EDF543140F7-scaled.jpeg, https://punpunkun.com/wp-content/uploads/2023/02/60225EBF-DBDD-42F2-8053-C9566DC8FCF0-scaled.jpeg",,,,,,,,,0,,สี,"สีฟ้า, สีเทา",1,1,อายุ,2ปี,1,1,เพศ,ชาย,1,1,,,,,
22686,simple,100287,,Shark Boys Swimwear ชุดว่ายน้ำเด็กผู้ชายปลาฉลาม,1,0,visible,ชุดว่ายน้ำเด็กผู้ชาย แบรนด์ Xiashilian สีเทา สีฟ้า ลายปลาฉลาม ไซส์ 12เดือน-18เดือน,,,,taxable,,1,1,,0,0,1,,,,0,,300,1790,สินค้าและอุปกรณ์สำหรับเด็ก,,,"https://punpunkun.com/wp-content/uploads/2023/02/FFF58D90-C1EF-4D03-A098-D972F1B1F0D7-scaled.jpeg, https://punpunkun.com/wp-content/uploads/2023/02/D936C7F9-F80D-479A-BF13-37E80DDD32FA-scaled.jpeg, https://punpunkun.com/wp-content/uploads/2023/02/61D91C49-66D3-41DA-A3A6-056E699803BA-scaled.jpeg, https://punpunkun.com/wp-content/uploads/2023/02/4EF86F3C-D21F-407F-8939-D4104378EE39-scaled.jpeg, https://punpunkun.com/wp-content/uploads/2023/02/0AB68502-295F-47ED-B9F4-06CD1884143A-scaled.jpeg, https://punpunkun.com/wp-content/uploads/2023/02/12781C09-BC50-46AF-A459-2D756D71A013-scaled.jpeg, https://punpunkun.com/wp-content/uploads/2023/02/3B28A3E2-D9EA-4A36-BD58-3F9FF6377B4B-scaled.jpeg, https://punpunkun.com/wp-content/uploads/2023/02/1BD3F9B9-03FC-4711-9151-98A0E48CC126-scaled.jpeg",,,,,,,,,0,,สี,"สีฟ้า, สีเทา",1,1,อายุ,"12เดือน, 18เดือน",1,1,เพศ,ชาย,1,1,,,,,
22696,simple,100293,,Nike Air Jordan XXXVI PF รองเท้าบาสเกตบอลผู้ชาย,1,0,visible,รองเท้าบาสเกตบอลผู้ชาย Nike Air Jordan XXXVI PF เป็นหนึ่งในรองเท้าแข่งที่เบาที่สุดในปัจจุบัน อัปเปอร์สไตล์มินิมอบทำจากผ้าJacquard ทนทานที่ทอแบบ Leno และจับคู่กับลิ้นรองเท้าที่ยืดหยุ่นแบบไดนามิกเพื่อให้ทรงที่เบาและนุ่มสบาย,,,,taxable,,1,1,,0,0,1,,,,0,,4200,6400,สินค้าและอุปกรณ์สำหรับเด็ก,,,"https://punpunkun.com/wp-content/uploads/2023/02/9125058C-C303-4843-B24E-C1E97AA58C35-scaled.jpeg, https://punpunkun.com/wp-content/uploads/2023/02/7AFF5BF3-8622-4B29-B3E9-7D26EF36B065-scaled.jpeg, https://punpunkun.com/wp-content/uploads/2023/02/CE2E5AD1-2515-46E9-AF82-F6ED5990753C-scaled.jpeg, https://punpunkun.com/wp-content/uploads/2023/02/B5489ECE-1360-44F4-93BF-17BF739F5B41-scaled.jpeg, https://punpunkun.com/wp-content/uploads/2023/02/3ECEC7C6-4536-4C53-B0A5-E12C27D9D46C-scaled.jpeg, https://punpunkun.com/wp-content/uploads/2023/02/24CD7F14-5D12-4793-A306-0396819BC273-scaled.jpeg, https://punpunkun.com/wp-content/uploads/2023/02/51EF1AE3-6DA9-41CB-8A0E-D9A084FECCB7-scaled.jpeg, https://punpunkun.com/wp-content/uploads/2023/02/2AA0A8CD-D940-4E39-81B2-A226BB0F73F5-scaled.jpeg",,,,,,,,,0,,สี,"สีดำ, สีแดง",1,1,,,,,,,,,,,,,
22709,simple,,,Primary English 2  หนังสือไวยากรณ์2,1,0,visible,เป็นหนังสือใช้ในโรงเรียนประถมศึกษาโดยเป็นหนังสืออ้างอิงไวยากรณ์พื้นฐานที่ออกมาให้ใช้งานง่ายสำหรับทั้งผู้เรียนผู้สอน,,,,taxable,,1,,,0,0,1,,,,0,,200,280,หนังสือและการเรียนรู้,,,"https://punpunkun.com/wp-content/uploads/2023/02/AA237190-2771-4ACD-BEC1-AF5A8F7C0D6A-scaled.jpeg, https://punpunkun.com/wp-content/uploads/2023/02/883D12AE-22A6-439B-BA23-1F941EA18DC6-scaled.jpeg",,,,,,,,,0,,สี,สีเขียว,1,1,ภาษา,อังกฤษ,1,1,,,,,,,,,
22714,simple,,,Primary English 1 หนังสือไวยากรณ์ 1,1,0,visible,เป็นหนังสือใช้ในโรงเรียนประถมศึกษาโดยเป็นหนังสืออ้างอิงไวยากรณ์พื้นฐานที่ออกมาให้ใช้งานง่ายสำหรับทั้งผู้เรียนผู้สอน,,,,taxable,,1,,,0,0,1,,,,0,,200,280,หนังสือและการเรียนรู้,,,"https://punpunkun.com/wp-content/uploads/2023/02/5C2077B5-D4F3-43A5-8A38-8459882D4061-scaled.jpeg, https://punpunkun.com/wp-content/uploads/2023/02/3A610140-08CA-40FD-904A-2689E5AD9E97-scaled.jpeg",,,,,,,,,0,,สี,สีเหลือง,1,1,ภาษา,อังกฤษ,1,1,,,,,,,,,
22719,simple,,,Revised Primary English หนังสือไวยากรณ์ฉบับแก้ไข,1,0,visible,เป็นสินค้าที่ขายดีที่สุด หลักสูตรไวยากรณ์โดยละเอียดรวมถึงรูปแบบการสอบ PSLE ล่าสุด,,,,taxable,,1,,,0,0,1,,,,0,,200,420,หนังสือและการเรียนรู้,,,"https://punpunkun.com/wp-content/uploads/2023/02/9B2C1613-EFB9-440B-8511-8F4B178CB3AB-scaled.jpeg, https://punpunkun.com/wp-content/uploads/2023/02/89E948D5-FFE8-4FF6-90A6-C6E8773DDB9F-scaled.jpeg",,,,,,,,,0,,สี,สีเขียว,1,1,ภาษา,อังกฤษ,1,1,,,,,,,,,
24271,simple,,,Grand Court I Adidas รองเท้าลำลองเด็ก,1,0,visible,หนังแท้คุณภาพดี มีแถบสายรัดเพิ่มความกระชับรูปเท้า ระบายกลิ่นอับได้ดี พื้นรองเท้ายางชั้นนอกยึดเกาะพื้นได้ดี ไซส์ US 9K UK 81/2K FR 26 JP 155 CHN 150,,,,taxable,,1,,,0,1,1,,,,0,,980,1400,สินค้าและอุปกรณ์สำหรับเด็ก,,,"https://punpunkun.com/wp-content/uploads/2024/10/Untitled-design.png, https://punpunkun.com/wp-content/uploads/2024/10/Untitled-design-1.png, https://punpunkun.com/wp-content/uploads/2024/10/Untitled-design-2.png, https://punpunkun.com/wp-content/uploads/2024/10/Untitled-design-3.png, https://punpunkun.com/wp-content/uploads/2024/10/Untitled-design-4.png, https://punpunkun.com/wp-content/uploads/2024/10/Untitled-design-5.png, https://punpunkun.com/wp-content/uploads/2024/10/Untitled-design-6.png, https://punpunkun.com/wp-content/uploads/2024/10/S__15179793_0.jpg",,,,,,,,,0,,สี,สีขาว,1,1,,,,,,,,,,,,,Mint
24281,simple,,,Converse Chuck Taylor All Star รองเท้าสำรองเด็ก,1,0,visible,รองเท้าหนังมีสายรัดกระชับ พื้นยางเกาะแน่น ระบายอากาศไม่อับชื้น ไซต์ US8 UK8 EUR24 CM15,,,,taxable,,1,,,0,1,,17,7,8,0,,745,1490,สินค้าและอุปกรณ์สำหรับเด็ก,,,"https://punpunkun.com/wp-content/uploads/2024/10/Untitled-design-1-1.png, https://punpunkun.com/wp-content/uploads/2024/10/Untitled-design-7.png, https://punpunkun.com/wp-content/uploads/2024/10/S__15179800_0.jpg, https://punpunkun.com/wp-content/uploads/2024/10/S__15179799_0.jpg, https://punpunkun.com/wp-content/uploads/2024/10/S__15179798_0.jpg, https://punpunkun.com/wp-content/uploads/2024/10/S__15179795_0.jpg, https://punpunkun.com/wp-content/uploads/2024/10/S__15179802_0.jpg, https://punpunkun.com/wp-content/uploads/2024/10/Untitled-design-2-1.png, https://punpunkun.com/wp-content/uploads/2024/10/S__15179801_0.jpg",,,,,,,,,0,,สี,สีขาว,1,1,,,,,,,,,,,,,สภาพดี
24293,simple,,,Nike Revolution 6 Pre-School Sport in White รองเท้าสำหรับเด็ก,1,0,visible,"<pre id=""tw-target-text"" class=""tw-data-text tw-text-large tw-ta"" dir=""ltr"" data-placeholder=""Translation"" data-ved=""2ahUKEwikienlv56JAxX0S2cHHeSqDnwQ3ewLegQIChAW"" aria-label=""Translated text: คุณสมบัติ:\n\nส่วนหุ้มข้อบุนวมเพื่อความสบายเป็นพิเศษและพอดีส้นเท้า\nสายรัดแบบยึดตัวเองเพื่อให้สวมใส่ได้ง่ายและปรับได้\nซับในระบายอากาศและยืดหยุ่น\nพื้นรองเท้ายางชั้นนอกทนทาน""><span class=""Y2IQFc"" lang=""th"">ส่วนหุ้มข้อเพื่อความสบายเป็นพิเศษและพอดีส้นเท้า\nสายรัดแบบยึดตัวเองเพื่อให้สวมใส่ได้ง่ายและปรับได้\nซับในระบายอากาศและยืดหยุ่น\nพื้นรองเท้ายางชั้นนอกทนทาน\nไซต์ US13C UK12.5 EUR31 CM19 BR30 CN190(2.5)</span></pre>",,,,taxable,,1,,,0,1,,19,8.5,10,0,,912,1824,สินค้าและอุปกรณ์สำหรับเด็ก,,,"https://punpunkun.com/wp-content/uploads/2024/10/Untitled-design-8.png, https://punpunkun.com/wp-content/uploads/2024/10/Untitled-design-3-1.png, https://punpunkun.com/wp-content/uploads/2024/10/Untitled-design-2-2.png, https://punpunkun.com/wp-content/uploads/2024/10/Untitled-design-1-2.png, https://punpunkun.com/wp-content/uploads/2024/10/Untitled-design-5-1.png, https://punpunkun.com/wp-content/uploads/2024/10/Untitled-design-4-1.png, https://punpunkun.com/wp-content/uploads/2024/10/Untitled-design-6-1.png, https://punpunkun.com/wp-content/uploads/2024/10/S__15179813_0.jpg, https://punpunkun.com/wp-content/uploads/2024/10/S__15179810_0.jpg",,,,,,,,,0,,สี,สีขาว,1,1,,,,,,,,,,,,,สภาพดี
24304,simple,,,Adidas Mickey Shoes รองเท้าสำหรับเด็ก,1,0,visible,"รองเท้าดีไซน์แสนสนุกลาย Mickey พื้นนุ่มใส่สบาย ไม่อับชื้น\n\nไซต์ US 9K  UK 81/2K FR 26 JP 155 CHN 150",,,,taxable,,1,,,0,1,,18.5,7.5,9.5,0,,995,1990,สินค้าและอุปกรณ์สำหรับเด็ก,,,"https://punpunkun.com/wp-content/uploads/2024/10/Untitled-design-9.png, https://punpunkun.com/wp-content/uploads/2024/10/Untitled-design-3-2.png, https://punpunkun.com/wp-content/uploads/2024/10/Untitled-design-5-2.png, https://punpunkun.com/wp-content/uploads/2024/10/Untitled-design-2-3.png, https://punpunkun.com/wp-content/uploads/2024/10/S__15179821_0.jpg, https://punpunkun.com/wp-content/uploads/2024/10/S__15179818_0.jpg, https://punpunkun.com/wp-content/uploads/2024/10/Untitled-design-6-2.png, https://punpunkun.com/wp-content/uploads/2024/10/S__15179824_0.jpg",,,,,,,,,0,,สี,สีดำ,1,1,,,,,,,,,,,,,Mint
24433,simple,,,SPERRY TOP-SIDER Washable,1,0,visible,,Sperry รุ่น Top-Sider มีดีไซน์ที่เรียบง่ายและดูคลาสสิก สามารถสวมใส่ได้กับเสื้อผ้าหลายสไตล์ น้ำหนักเบาช่วยให้เคลื่อนไหวได้อย่างอิสระและสบาย มาพร้อมกับวัสดุยางที่มีคุณสมบัติกันลื่น,,,taxable,,1,,,0,0,,,,,0,,,714,สินค้าและอุปกรณ์สำหรับเด็ก,,,"https://punpunkun.com/wp-content/uploads/2024/10/S__15179784_0.jpg, https://punpunkun.com/wp-content/uploads/2024/10/S__15179785_0.jpg",,,,,,,,,0,,,,,,,,,,,,,,,,,,สภาพดี
24467,simple,,,Native Shoes,1,0,visible,,"รองเท้าทำจากวัสดุยางหรือโฟมที่เบา สวมใส่สบาย และกันน้ำได้ เหมาะสำหรับใส่ในชีวิตประจำวันหรือกิจกรรมกลางแจ้ง\n\nไซต์ : C9",,,taxable,,1,,,0,0,,,,,0,,,490,สินค้าและอุปกรณ์สำหรับเด็ก,,,"https://punpunkun.com/wp-content/uploads/2024/11/รองเท้าฟ้า-2.jpg, https://punpunkun.com/wp-content/uploads/2024/11/รองเท้าฟ้า-1.jpg, https://punpunkun.com/wp-content/uploads/2024/11/รองเท้าฟ้า-4.jpg, https://punpunkun.com/wp-content/uploads/2024/11/รองเท้าฟ้า-3.jpg, https://punpunkun.com/wp-content/uploads/2024/11/รองเท้าฟ้า-5.jpg, https://punpunkun.com/wp-content/uploads/2024/11/รองเท้าฟ้า-6.jpg",,,,,,,,,0,,,,,,,,,,,,,,,,,,สภาพดี
26202,simple,,,Adidas TR IB Shoe Fortarun Mickey,1,0,visible,,"ตัวรองเท้าทำจากผ้าและวัสดุสังเคราะห์ที่แข็งแรง มีการออกแบบเป็นสายรัดหรือยางยืดทำให้สวมใส่ง่าย พื้นรองเท้ามีดอกยางและใช้วัสดุที่ยึดเกาะได้ดี ส่วนบนของรองเท้าเป็นผ้าตาข่ายที่มีรูระบายอากาศ\n\nไซต์ : US8K  UK71/2  FR25  Jp145  CHN145",,,taxable,,0,0,,0,0,,,,,0,,,750,สินค้าและอุปกรณ์สำหรับเด็ก,,,"https://punpunkun.com/wp-content/uploads/2024/11/มิกกี้แดง-2.jpg, https://punpunkun.com/wp-content/uploads/2024/11/มิกกี้แดง-1.jpg, https://punpunkun.com/wp-content/uploads/2024/11/มิกกี้แดง-3.jpg, https://punpunkun.com/wp-content/uploads/2024/11/มิกกี้แดง-4.jpg, https://punpunkun.com/wp-content/uploads/2024/11/มิกกี้แดง-5.jpg, https://punpunkun.com/wp-content/uploads/2024/11/มิกกี้แดง-6.jpg, https://punpunkun.com/wp-content/uploads/2024/11/มิกกี้แดง-7.jpg",,,,,,,,,0,,,,,,,,,,,,,,,,,,สภาพดี
26210,simple,,,Crocs Fun Lab Mickey Mouse clogs,1,0,visible,,"<pre id=""tw-target-text"" class=""tw-data-text tw-text-large tw-ta"" dir=""ltr"" data-placeholder=""คำแปล"" data-ved=""2ahUKEwjwoPOh892JAxVkSWwGHTCdBqMQ3ewLegQICRAU"" aria-label=""ข้อความที่แปล: ลูกน้อยของคุณจะชื่นชอบรองเท้าอุดตัน Fun Lab จาก Crocs โดดเด่นด้วยพื้นรองเท้าโฟม Croslite™ เพื่อการยึดเกาะ การรองรับ และความสบายที่ดีขึ้น พร้อมด้วยกราฟิกมิกกี้เมาส์ สายรัดส้นแบบหมุนได้เพื่อความกระชับที่แน่นหนายิ่งขึ้น และการออกแบบที่มีน้ำหนักเบาและยืดหยุ่น""><span class=""Y2IQFc"" lang=""th"">โดดเด่นด้วยพื้นรองเท้าโฟม Croslite™ เพื่อการยึดเกาะ การรองรับ และความสบายที่ดีขึ้น พร้อมด้วยกราฟิกมิกกี้เมาส์ \nสายรัดส้นแบบหมุนได้เพื่อความกระชับที่แน่นหนายิ่งขึ้น และการออกแบบที่มีน้ำหนักเบาและยืดหยุ่น\nไซต์ : C10</span></pre>",,,taxable,,0,0,,0,0,,,,,0,,,395,สินค้าและอุปกรณ์สำหรับเด็ก,,,"https://punpunkun.com/wp-content/uploads/2024/11/มิกกี้น้ำเงิน-3.jpg, https://punpunkun.com/wp-content/uploads/2024/11/มิกกี้น้ำเงิน-4.jpg, https://punpunkun.com/wp-content/uploads/2024/11/มิกกี้น้ำเงิน-1.jpg, https://punpunkun.com/wp-content/uploads/2024/11/มิกกี้น้ำเงิน-5.jpg, https://punpunkun.com/wp-content/uploads/2024/11/มิกกี้น้ำเงิน-6.jpg, https://punpunkun.com/wp-content/uploads/2024/11/มิกกี้น้ำเงิน-7.jpg, https://punpunkun.com/wp-content/uploads/2024/11/มิกกี้น้ำเงิน-8.jpg",,,,,,,,,0,,,,,,,,,,,,,,,,,,สภาพดี
26253,simple,,,Native Jefferson Star Wars Print,1,0,visible,,มีการออกแบบด้วยลวดลายตัวการ์ตูนที่น่ารักและเป็นเอกลักษณ์ พร้อมสีสันสดใส ทำจากวัสดุที่มีน้ำหนักเบาและทนทาน มีรูระบายอากาศบนตัวรองเท้า ช่วยให้ไม่อับชื้น ออกแบบให้มีพื้นรองเท้ายางที่กันลื่น เพิ่มความมั่นคงในทุกย่างก้าว,,,taxable,,1,1,,0,0,,,,,1,,,583,สินค้าและอุปกรณ์สำหรับเด็ก,,,"https://punpunkun.com/wp-content/uploads/2024/11/อวกาศ-2.jpg, https://punpunkun.com/wp-content/uploads/2024/11/อวกาศ-1.jpg, https://punpunkun.com/wp-content/uploads/2024/11/อวกาศ-3.jpg, https://punpunkun.com/wp-content/uploads/2024/11/อวกาศ-4.png, https://punpunkun.com/wp-content/uploads/2024/11/อวกาศ-6.jpg, https://punpunkun.com/wp-content/uploads/2024/11/อวกาศ-5.jpg",,,,,,,,,0,,,,,,,,,,,,,,,,,,สภาพดี
27497,"simple, virtual",,,Reverse Withdrawal Payment,1,0,visible,,"This is Dokan reverse withdrawal payment product, do not delete.",,,none,,1,1,,0,1,,,,,0,,,0,Uncategorized,,,,,,,,,,,,0,,,,,,,,,,,,,,,,,,
28141,simple,210181,,210181,1,0,visible,,,,,taxable,,1,1,,0,0,,,,,0,,,60,สินค้าและอุปกรณ์สำหรับเด็ก,,,,,,,,,,,,0,,,,,,,,,,,,,,,,,,
29454,simple,26300001,,เสื้อ - real boss,1,0,visible,,,,,taxable,,0,0,,0,0,,,,,1,,,600,สินค้าและอุปกรณ์สำหรับเด็ก,,,,,,,,,,,,0,,สี,สีขาว,1,1,Size (รองเท้า),32,1,1,,,,,,,,,
29455,simple,26300002,,เสื้อ - real boss,1,0,visible,,,,,taxable,,1,1,,0,0,,,,,1,,,450,สินค้าและอุปกรณ์สำหรับเด็ก,,,,,,,,,,,,0,,สี,สีน้ำเงิน,1,1,Size (รองเท้า),29,1,1,,,,,,,,,
29456,simple,26300003,,เสื้อ - real boss,1,0,visible,,,,,taxable,,1,1,,0,0,,,,,1,,,600,สินค้าและอุปกรณ์สำหรับเด็ก,,,,,,,,,,,,0,,สี,สีดำ,1,1,Size (รองเท้า),28,1,1,,,,,,,,,
29457,simple,26300004,,เสื้อ - real boss,1,0,visible,,,,,taxable,,0,0,,0,0,,,,,1,,,600,สินค้าและอุปกรณ์สำหรับเด็ก,,,,,,,,,,,,0,,สี,สีเทา,1,1,Size (รองเท้า),31,1,1,,,,,,,,,
29458,simple,26300005,,กางเกง - Tiny Whale,1,0,visible,,,,,taxable,,1,1,,0,0,,,,,1,,,600,สินค้าและอุปกรณ์สำหรับเด็ก,,,,,,,,,,,,0,,สี,สีขาว,1,1,Size (รองเท้า),31,1,1,,,,,,,,,
29459,simple,26300006,,กางเกง - Tiny Whale,1,0,visible,,,,,taxable,,1,1,,0,0,,,,,1,,,600,สินค้าและอุปกรณ์สำหรับเด็ก,,,,,,,,,,,,0,,สี,สีขาว,1,1,Size (รองเท้า),26.5,1,1,,,,,,,,,
29460,simple,26300007,,กางเกง - BabenistA,1,0,visible,,,,,taxable,,1,1,,0,0,,,,,1,,,1600,สินค้าและอุปกรณ์สำหรับเด็ก,,,,,,,,,,,,0,,สี,สีขาว,1,1,Size (รองเท้า),26.5,1,1,,,,,,,,,
29461,simple,26300008,,กางเกง - BabenistA,1,0,visible,,,,,taxable,,1,1,,0,0,,,,,1,,,600,สินค้าและอุปกรณ์สำหรับเด็ก,,,,,,,,,,,,0,,สี,สีเหลือง,1,1,Size (รองเท้า),26.5,1,1,,,,,,,,,
29462,simple,26300009,,เสื้อยืด - ZARA,1,0,visible,,,,,taxable,,0,0,,0,0,,,,,1,,,600,สินค้าและอุปกรณ์สำหรับเด็ก,,,,,,,,,,,,0,,สี,สีแดง,1,1,Size (รองเท้า),26.5,1,1,,,,,,,,,
29463,simple,26300010,,เสื้อยืด - ZARA,1,0,visible,,,,,taxable,,0,0,,0,0,,,,,1,,,450,สินค้าและอุปกรณ์สำหรับเด็ก,,,,,,,,,,,,0,,สี,สีน้ำตาล,1,1,Size (รองเท้า),26,1,1,,,,,,,,,
29464,simple,26300011,,กางเกง - real boss,1,0,visible,,,,,taxable,,1,1,,0,0,,,,,1,,,600,สินค้าและอุปกรณ์สำหรับเด็ก,,,,,,,,,,,,0,,สี,สีขาว,1,1,Size (รองเท้า),24,1,1,,,,,,,,,
29465,simple,26300012,,ชุด - ไม่มี,1,0,visible,,,,,taxable,,1,1,,0,0,,,,,1,,,600,สินค้าและอุปกรณ์สำหรับเด็ก,,,,,,,,,,,,0,,สี,สีขาว ลาย Hulk,1,1,Size (รองเท้า),24,1,1,,,,,,,,,
29466,simple,26300013,,เสื้อยืด - GAP,1,0,visible,,,,,taxable,,1,1,,0,0,,,,,1,,,450,สินค้าและอุปกรณ์สำหรับเด็ก,,,,,,,,,,,,0,,สี,สีดำ,1,1,Size (รองเท้า),21,1,1,,,,,,,,,
29467,simple,26300014,,เสื้อยืด - GAP,1,0,visible,,,,,taxable,,1,1,,0,0,,,,,1,,,450,สินค้าและอุปกรณ์สำหรับเด็ก,,,,,,,,,,,,0,,สี,สีดำ,1,1,Size (รองเท้า),20,1,1,,,,,,,,,
29468,simple,26300015,,กางเกง - UNIQLO,1,0,visible,,,,,taxable,,1,1,,0,0,,,,,1,,,450,สินค้าและอุปกรณ์สำหรับเด็ก,,,,,,,,,,,,0,,สี,สีน้ำเงิน,1,1,Size (รองเท้า),5,1,1,,,,,,,,,
29469,simple,26300016,,เสื้อยืด - ไม่มี,1,0,visible,,,,,taxable,,1,1,,0,0,,,,,1,,,450,สินค้าและอุปกรณ์สำหรับเด็ก,,,,,,,,,,,,0,,สี,สีขาว,1,1,Size (รองเท้า),20,1,1,,,,,,,,,
29470,simple,26300017,,เสื้อยืด - ไม่มี,1,0,visible,,,,,taxable,,0,0,,0,0,,,,,1,,,600,สินค้าและอุปกรณ์สำหรับเด็ก,,,,,,,,,,,,0,,สี,สีดำ,1,1,Size (รองเท้า),27,1,1,,,,,,,,,
29471,simple,26300018,,เสื้อยืด - ไม่มี,1,0,visible,,,,,taxable,,0,0,,0,0,,,,,1,,,600,สินค้าและอุปกรณ์สำหรับเด็ก,,,,,,,,,,,,0,,สี,สีดำ,1,1,Size (รองเท้า),23,1,1,,,,,,,,,
29472,simple,26300019,,เสื้อยืด - ไม่มี,1,0,visible,,,,,taxable,,0,0,,0,0,,,,,1,,,250,สินค้าและอุปกรณ์สำหรับเด็ก,,,,,,,,,,,,0,,สี,สีเทา,1,1,Size (รองเท้า),7,1,1,,,,,,,,,
29473,simple,26300020,,เสื้อยืด - ไม่มี,1,0,visible,,,,,taxable,,0,0,,0,0,,,,,1,,,600,สินค้าและอุปกรณ์สำหรับเด็ก,,,,,,,,,,,,0,,สี,สีดำ,1,1,Size (รองเท้า),22,1,1,,,,,,,,,
29474,simple,26300021,,เสื้อยืด - UNIQLO,1,0,visible,,,,,taxable,,0,0,,0,0,,,,,0,,,100,สินค้าและอุปกรณ์สำหรับเด็ก,,,,,,,,,,,,0,,สี,สีน้ำเงิน,1,1,Size (รองเท้า),7/8,1,1,,,,,,,,,
29475,simple,26300022,,เสื้อยืด - UNIQLO,1,0,visible,,,,,taxable,,0,0,,0,0,,,,,0,,,100,สินค้าและอุปกรณ์สำหรับเด็ก,,,,,,,,,,,,0,,สี,สีแดง,1,1,Size (รองเท้า),8,1,1,,,,,,,,,
29476,simple,26300023,,เสื้อยืด - UNIQLO,1,0,visible,,,,,taxable,,1,1,,0,0,,,,,1,,,250,สินค้าและอุปกรณ์สำหรับเด็ก,,,,,,,,,,,,0,,สี,สีน้ำเงิน,1,1,Size (รองเท้า),7,1,1,,,,,,,,,
29477,simple,26300024,,เสื้อยืด - UNIQLO,1,0,visible,,,,,taxable,,0,0,,0,0,,,,,0,,,100,สินค้าและอุปกรณ์สำหรับเด็ก,,,,,,,,,,,,0,,สี,สีเขียว,1,1,Size (รองเท้า),C9,1,1,,,,,,,,,
29478,simple,26300025,,เสื้อยืด - UNIQLO,1,0,visible,,,,,taxable,,0,0,,0,0,,,,,0,,,100,สินค้าและอุปกรณ์สำหรับเด็ก,,,,,,,,,,,,0,,สี,สีดำ,1,1,Size (รองเท้า),26,1,1,,,,,,,,,
29479,simple,26300026,,เสื้อยืด - SEVEN BRIDGE,1,0,visible,,,,,taxable,,1,1,,0,0,,,,,1,,,600,สินค้าและอุปกรณ์สำหรับเด็ก,,,,,,,,,,,,0,,สี,สีน้ำเงิน,1,1,Size (รองเท้า),26.5,1,1,,,,,,,,,
29480,simple,26300027,,เสื้อยืด - ZARA,1,0,visible,,,,,taxable,,1,1,,0,0,,,,,1,,,250,สินค้าและอุปกรณ์สำหรับเด็ก,,,,,,,,,,,,0,,สี,สีดำ,1,1,Size (รองเท้า),7,1,1,,,,,,,,,
29481,simple,26300028,,ชุด - BABY LOVETT,1,0,visible,,,,,taxable,,0,0,,0,0,,,,,1,,,250,สินค้าและอุปกรณ์สำหรับเด็ก,,,,,,,,,,,,0,,สี,สี่น้ำเงิน/แดง,1,1,Size (รองเท้า),22,1,1,,,,,,,,,
29482,simple,26300029,,กางเกง - ไม่มี,1,0,visible,,,,,taxable,,1,1,,0,0,,,,,1,,,450,สินค้าและอุปกรณ์สำหรับเด็ก,,,,,,,,,,,,0,,สี,สีน้ำเงิน,1,1,Size (รองเท้า),22.5,1,1,,,,,,,,,
29483,simple,26300030,,กางเกง - ไม่มี,1,0,visible,,,,,taxable,,1,1,,0,0,,,,,1,,,450,สินค้าและอุปกรณ์สำหรับเด็ก,,,,,,,,,,,,0,,สี,สีดำ/แดง,1,1,Size (รองเท้า),22,1,1,,,,,,,,,
29484,simple,26300031,,เสื้อยืด - Tiny Tale,1,0,visible,,,,,taxable,,0,0,,0,0,,,,,1,,,250,สินค้าและอุปกรณ์สำหรับเด็ก,,,,,,,,,,,,0,,สี,สีน้ำเงิน,1,1,Size (รองเท้า),7,1,1,,,,,,,,,
29485,simple,26300032,,เสื้อยืด - Tiny Tale,1,0,visible,,,,,taxable,,0,0,,0,0,,,,,1,,,80,สินค้าและอุปกรณ์สำหรับเด็ก,,,,,,,,,,,,0,,สี,เทา-ขาว,1,1,,,,,,,,,,,,,
29486,simple,26300033,,กางเกง - ไม่มี,1,0,visible,,,,,taxable,,1,1,,0,0,,,,,1,,,80,สินค้าและอุปกรณ์สำหรับเด็ก,,,,,,,,,,,,0,,สี,เขียว,1,1,,,,,,,,,,,,,
29487,simple,26300034,,ชุด - NICKELODEON,1,0,visible,,,,,taxable,,1,1,,0,0,,,,,1,,,80,สินค้าและอุปกรณ์สำหรับเด็ก,,,,,,,,,,,,0,,สี,ขาว,1,1,,,,,,,,,,,,,
29488,simple,26300035,,ชุด - NICKELODEON,1,0,visible,,,,,taxable,,1,1,,0,0,,,,,1,,,80,สินค้าและอุปกรณ์สำหรับเด็ก,,,,,,,,,,,,0,,สี,ขาว,1,1,,,,,,,,,,,,,
29489,simple,26300036,,เสื้อ - ZARA,1,0,visible,,,,,taxable,,1,1,,0,0,,,,,1,,,80,สินค้าและอุปกรณ์สำหรับเด็ก,,,,,,,,,,,,0,,สี,เทา-ขาว,1,1,,,,,,,,,,,,,
29490,simple,26300037,,เสื้อยืด - ZARA,1,0,visible,,,,,taxable,,1,1,,0,0,,,,,1,,,80,สินค้าและอุปกรณ์สำหรับเด็ก,,,,,,,,,,,,0,,สี,เทา-แดง,1,1,,,,,,,,,,,,,
29491,simple,26300038,,เสื้อยืด - TRUE RELIGION,1,0,visible,,,,,taxable,,0,0,,0,0,,,,,1,,,80,สินค้าและอุปกรณ์สำหรับเด็ก,,,,,,,,,,,,0,,สี,เหลือง,1,1,,,,,,,,,,,,,
29492,simple,26300039,,เสื้อยืด - ROAMING,1,0,visible,,,,,taxable,,1,1,,0,0,,,,,1,,,80,สินค้าและอุปกรณ์สำหรับเด็ก,,,,,,,,,,,,0,,สี,เขียว,1,1,,,,,,,,,,,,,
29493,simple,26300040,,เสื้อยืด - ROAMING,1,0,visible,,,,,taxable,,0,0,,0,0,,,,,1,,,80,สินค้าและอุปกรณ์สำหรับเด็ก,,,,,,,,,,,,0,,สี,ส้ม,1,1,,,,,,,,,,,,,
29494,simple,26300041,,กางเกง - UNIQLO,1,0,visible,,,,,taxable,,1,1,,0,0,,,,,1,,,80,สินค้าและอุปกรณ์สำหรับเด็ก,,,,,,,,,,,,0,,สี,น้ำตาล,1,1,,,,,,,,,,,,,
29495,simple,26300042,,กางเกง - UNIQLO,1,0,visible,,,,,taxable,,0,0,,0,0,,,,,1,,,80,สินค้าและอุปกรณ์สำหรับเด็ก,,,,,,,,,,,,0,,สี,เขียว,1,1,,,,,,,,,,,,,
29496,simple,26300043,,กางเกง - H&M,1,0,visible,,,,,taxable,,1,1,,0,0,,,,,1,,,80,สินค้าและอุปกรณ์สำหรับเด็ก,,,,,,,,,,,,0,,สี,ครีม,1,1,,,,,,,,,,,,,
29497,simple,26300044,,กางเกง - GAP,1,0,visible,,,,,taxable,,1,1,,0,0,,,,,1,,,80,สินค้าและอุปกรณ์สำหรับเด็ก,,,,,,,,,,,,0,,สี,ดำ,1,1,,,,,,,,,,,,,
29498,simple,26300045,,กางเกง - GAP,1,0,visible,,,,,taxable,,1,1,,0,0,,,,,1,,,80,สินค้าและอุปกรณ์สำหรับเด็ก,,,,,,,,,,,,0,,สี,ขาว-เทา,1,1,,,,,,,,,,,,,
29499,simple,26300046,,เสื้อยืด - ZARA,1,0,visible,,,,,taxable,,0,0,,0,0,,,,,1,,,80,สินค้าและอุปกรณ์สำหรับเด็ก,,,,,,,,,,,,0,,สี,น้ำตาล,1,1,,,,,,,,,,,,,
29500,simple,26300047,,เสื้อยืด - ZARA,1,0,visible,,,,,taxable,,1,1,,0,0,,,,,1,,,80,สินค้าและอุปกรณ์สำหรับเด็ก,,,,,,,,,,,,0,,สี,น้ำเงิน,1,1,,,,,,,,,,,,,
29501,simple,26300048,,เสื้อยืด - ZARA,1,0,visible,,,,,taxable,,1,1,,0,0,,,,,1,,,80,สินค้าและอุปกรณ์สำหรับเด็ก,,,,,,,,,,,,0,,สี,ดำ,1,1,,,,,,,,,,,,,
29502,simple,26300049,,เสื้อแจ็คเก็ต - Disney,1,0,visible,,,,,taxable,,1,1,,0,0,,,,,1,,,80,สินค้าและอุปกรณ์สำหรับเด็ก,,,,,,,,,,,,0,,สี,เทา,1,1,,,,,,,,,,,,,
29503,simple,26300050,,เสื้อแจ็คเก็ต - ZARA,1,0,visible,,,,,taxable,,1,1,,0,0,,,,,1,,,80,สินค้าและอุปกรณ์สำหรับเด็ก,,,,,,,,,,,,0,,สี,ส้ม,1,1,,,,,,,,,,,,,
29504,simple,26300051,,เสื้อยืด - ZARA,1,0,visible,,,,,taxable,,1,1,,0,0,,,,,1,,,80,สินค้าและอุปกรณ์สำหรับเด็ก,,,,,,,,,,,,0,,สี,กรม,1,1,,,,,,,,,,,,,
29505,simple,26300052,,กางเกง - H&M,1,0,visible,,,,,taxable,,1,1,,0,0,,,,,1,,,80,สินค้าและอุปกรณ์สำหรับเด็ก,,,,,,,,,,,,0,,สี,เขียว,1,1,,,,,,,,,,,,,
29506,simple,26300053,,เสื้อยืด - H&M,1,0,visible,,,,,taxable,,1,1,,0,0,,,,,1,,,80,สินค้าและอุปกรณ์สำหรับเด็ก,,,,,,,,,,,,0,,สี,ดำ,1,1,Size (กางเกง),12-18 เดือน,1,1,,,,,,,,,
29507,simple,26300054,,กางเกง - ZARA,1,0,visible,,,,,taxable,,1,1,,0,0,,,,,1,,,80,สินค้าและอุปกรณ์สำหรับเด็ก,,,,,,,,,,,,0,,สี,ยีนส์,1,1,,,,,,,,,,,,,
29508,simple,26300055,,เสื้อยืด - ZARA,1,0,visible,,,,,taxable,,1,1,,0,0,,,,,1,,,80,สินค้าและอุปกรณ์สำหรับเด็ก,,,,,,,,,,,,0,,สี,น้ำเงิน,1,1,,,,,,,,,,,,,
29509,simple,26300056,,เสื้อยืด - ZARA,1,0,visible,,,,,taxable,,0,0,,0,0,,,,,1,,,80,สินค้าและอุปกรณ์สำหรับเด็ก,,,,,,,,,,,,0,,สี,ดำ,1,1,,,,,,,,,,,,,
29510,simple,26300057,,เสื้อแจ็คเก็ต - ZARA,1,0,visible,,,,,taxable,,1,1,,0,0,,,,,1,,,80,สินค้าและอุปกรณ์สำหรับเด็ก,,,,,,,,,,,,0,,สี,น้ำเงิน,1,1,Size (กางเกง),3-4 ปี,1,1,,,,,,,,,
29511,simple,26300058,,ถุงมือ - ZARA,1,0,visible,,,,,taxable,,1,1,,0,0,,,,,1,,,80,สินค้าและอุปกรณ์สำหรับเด็ก,,,,,,,,,,,,0,,สี,ดำ,1,1,,,,,,,,,,,,,
29512,simple,26300059,,ถุงมือ - GAP,1,0,visible,,,,,taxable,,1,1,,0,0,,,,,1,,,80,สินค้าและอุปกรณ์สำหรับเด็ก,,,,,,,,,,,,0,,สี,ฟ้า,1,1,,,,,,,,,,,,,
29513,simple,26300060,,เสื้อแจ็คเก็ต - Columbia,1,0,visible,,,,,taxable,,1,1,,0,0,,,,,1,,,80,สินค้าและอุปกรณ์สำหรับเด็ก,,,,,,,,,,,,0,,สี,เขียว,1,1,,,,,,,,,,,,,
29514,simple,26300061,,เสื้อแจ็คเก็ต - ZARA,1,0,visible,,,,,taxable,,1,1,,0,0,,,,,1,,,80,สินค้าและอุปกรณ์สำหรับเด็ก,,,,,,,,,,,,0,,สี,ครีม,1,1,,,,,,,,,,,,,
29515,simple,26300062,,เสื้อแจ็คเก็ต - Crazy8,1,0,visible,,,,,taxable,,1,1,,0,0,,,,,1,,,80,สินค้าและอุปกรณ์สำหรับเด็ก,,,,,,,,,,,,0,,สี,ส้ม,1,1,,,,,,,,,,,,,
29516,simple,26300063,,เสื้อแจ็คเก็ต - baby Gap,1,0,visible,,,,,taxable,,1,1,,0,0,,,,,1,,,80,สินค้าและอุปกรณ์สำหรับเด็ก,,,,,,,,,,,,0,,สี,ขาว,1,1,,,,,,,,,,,,,
29517,simple,26300064,,เสื้อแจ็คเก็ต - ZARA,1,0,visible,,,,,taxable,,1,1,,0,0,,,,,1,,,80,สินค้าและอุปกรณ์สำหรับเด็ก,,,,,,,,,,,,0,,สี,น้ำเงิน,1,1,,,,,,,,,,,,,
29518,simple,26300065,,เสื้อแจ็คเก็ต - THE NORTH FACE,1,0,visible,,,,,taxable,,1,1,,0,0,,,,,1,,,80,สินค้าและอุปกรณ์สำหรับเด็ก,,,,,,,,,,,,0,,สี,ขาว-ส้ม,1,1,,,,,,,,,,,,,
29519,simple,26300066,,เสื้อแจ็คเก็ต - under armour,1,0,visible,,,,,taxable,,1,1,,0,0,,,,,1,,,80,สินค้าและอุปกรณ์สำหรับเด็ก,,,,,,,,,,,,0,,สี,ครีม,1,1,,,,,,,,,,,,,
29520,simple,26300067,,เสื้อแจ็คเก็ต - ZARA,1,0,visible,,,,,taxable,,1,1,,0,0,,,,,1,,,80,สินค้าและอุปกรณ์สำหรับเด็ก,,,,,,,,,,,,0,,สี,แดง,1,1,,,,,,,,,,,,,
29521,simple,26300068,,เสื้อแจ็คเก็ต - THE NORTH FACE,1,0,visible,,,,,taxable,,0,0,,0,0,,,,,1,,,80,สินค้าและอุปกรณ์สำหรับเด็ก,,,,,,,,,,,,0,,สี,ฟ้า,1,1,,,,,,,,,,,,,
29522,simple,26300069,,เสื้อแจ็คเก็ต - ZARA,1,0,visible,,,,,taxable,,1,1,,0,0,,,,,1,,,80,สินค้าและอุปกรณ์สำหรับเด็ก,,,,,,,,,,,,0,,สี,ส้ม,1,1,,,,,,,,,,,,,
29523,simple,26300070,,เสื้อแจ็คเก็ต - THE NORTH FACE,1,0,visible,,,,,taxable,,1,1,,0,0,,,,,1,,,80,สินค้าและอุปกรณ์สำหรับเด็ก,,,,,,,,,,,,0,,สี,ขาว,1,1,,,,,,,,,,,,,
29524,simple,26300071,,กางเกง - M&S,1,0,visible,,,,,taxable,,1,1,,0,0,,,,,1,,,80,สินค้าและอุปกรณ์สำหรับเด็ก,,,,,,,,,,,,0,,สี,เขียว,1,1,,,,,,,,,,,,,
29525,simple,26300072,,กางเกง - M&S,1,0,visible,,,,,taxable,,1,1,,0,0,,,,,1,,,450,สินค้าและอุปกรณ์สำหรับเด็ก,,,,,,,,,,,,0,,สี,สีดำ,1,1,Size (รองเท้า),29.5,1,1,,,,,,,,,
29526,simple,26300073,,กางเกง - ZARA,1,0,visible,,,,,taxable,,1,1,,0,0,,,,,1,,,100,สินค้าและอุปกรณ์สำหรับเด็ก,,,,,,,,,,,,0,,สี,ขาว,1,1,Size (เสื้อ),6,1,1,,,,,,,,,
29527,simple,26300074,,กางเกง - M&S,1,0,visible,,,,,taxable,,1,1,,0,0,,,,,1,,,500,สินค้าและอุปกรณ์สำหรับเด็ก,,,,,,,,,,,,0,,สี,ดำ,1,1,Size (เสื้อ),ไม่มี,1,1,,,,,,,,,
29528,simple,26300075,,กางเกง - M&S,1,0,visible,,,,,taxable,,1,1,,0,0,,,,,1,,,500,สินค้าและอุปกรณ์สำหรับเด็ก,,,,,,,,,,,,0,,สี,ดำ,1,1,Size (เสื้อ),ไม่มี,1,1,,,,,,,,,
29529,simple,26300076,,กางเกง - ZARA,1,0,visible,,,,,taxable,,1,1,,0,0,,,,,1,,,500,สินค้าและอุปกรณ์สำหรับเด็ก,,,,,,,,,,,,0,,สี,น้ำตาล,1,1,Size (เสื้อ),4,1,1,,,,,,,,,
29530,simple,26300077,,กางเกง - M&S,1,0,visible,,,,,taxable,,1,1,,0,0,,,,,1,,,500,สินค้าและอุปกรณ์สำหรับเด็ก,,,,,,,,,,,,0,,สี,น้ำเงิน,1,1,Size (เสื้อ),4,1,1,,,,,,,,,
29531,simple,26300078,,กางเกง - M&S,1,0,visible,,,,,taxable,,1,1,,0,0,,,,,1,,,100,สินค้าและอุปกรณ์สำหรับเด็ก,,,,,,,,,,,,0,,สี,เทา,1,1,Size (เสื้อ),5t,1,1,,,,,,,,,
29532,simple,26300079,,กางเกง - M&S,1,0,visible,,,,,taxable,,0,0,,0,0,,,,,1,,,100,สินค้าและอุปกรณ์สำหรับเด็ก,,,,,,,,,,,,0,,สี,แดง,1,1,Size (เสื้อ),2T,1,1,,,,,,,,,
29533,simple,26300080,,กางเกง - ZARA,1,0,visible,,,,,taxable,,1,1,,0,0,,,,,1,,,100,สินค้าและอุปกรณ์สำหรับเด็ก,,,,,,,,,,,,0,,สี,ดำ,1,1,Size (เสื้อ),4,1,1,,,,,,,,,
29534,simple,26300081,,กางเกง - real boss,1,0,visible,,,,,taxable,,1,1,,0,0,,,,,1,,,500,สินค้าและอุปกรณ์สำหรับเด็ก,,,,,,,,,,,,0,,สี,น้ำเงิน,1,1,Size (เสื้อ),4,1,1,,,,,,,,,
29535,simple,26300082,,กางเกง - real boss,1,0,visible,,,,,taxable,,1,1,,0,0,,,,,1,,,100,สินค้าและอุปกรณ์สำหรับเด็ก,,,,,,,,,,,,0,,สี,แดง,1,1,Size (เสื้อ),5t,1,1,,,,,,,,,
29536,simple,26300083,,กางเกง - real boss,1,0,visible,,,,,taxable,,1,1,,0,0,,,,,1,,,500,สินค้าและอุปกรณ์สำหรับเด็ก,,,,,,,,,,,,0,,สี,ขาว-ดำ,1,1,Size (เสื้อ),8,1,1,,,,,,,,,
29537,simple,26300084,,เสื้อยืด - SMALL BUT CHIC,1,0,visible,,,,,taxable,,1,1,,0,0,,,,,1,,,500,สินค้าและอุปกรณ์สำหรับเด็ก,,,,,,,,,,,,0,,สี,เขียว,1,1,Size (เสื้อ),2,1,1,,,,,,,,,
29538,simple,26300085,,เสื้อยืด - SMALL BUT CHIC,1,0,visible,,,,,taxable,,1,1,,0,0,,,,,1,,,500,สินค้าและอุปกรณ์สำหรับเด็ก,,,,,,,,,,,,0,,สี,เขียว,1,1,Size (เสื้อ),6,1,1,,,,,,,,,
29539,simple,26300086,,เสื้อยืด - LEMONADETM,1,0,visible,,,,,taxable,,1,1,,0,0,,,,,1,,,500,สินค้าและอุปกรณ์สำหรับเด็ก,,,,,,,,,,,,0,,สี,ขาว-ดำ,1,1,Size (เสื้อ),10,1,1,,,,,,,,,
29540,simple,26300087,,เสื้อยืด - LEMONADETM,1,0,visible,,,,,taxable,,1,1,,0,0,,,,,1,,,500,สินค้าและอุปกรณ์สำหรับเด็ก,,,,,,,,,,,,0,,สี,ดำ,1,1,Size (เสื้อ),6,1,1,,,,,,,,,
29541,simple,26300088,,เสื้อยืด - disney,1,0,visible,,,,,taxable,,1,1,,0,0,,,,,1,,,500,สินค้าและอุปกรณ์สำหรับเด็ก,,,,,,,,,,,,0,,สี,หลากสี,1,1,Size (เสื้อ),120,1,1,,,,,,,,,
29542,simple,26300089,,เสื้อยืด - disney,1,0,visible,,,,,taxable,,0,0,,0,0,,,,,1,,,400,สินค้าและอุปกรณ์สำหรับเด็ก,,,,,,,,,,,,0,,สี,น้ำเงิน,1,1,Size (เสื้อ),S,1,1,,,,,,,,,
29543,simple,26300090,,เสื้อ - Tiny Tale,1,0,visible,,,,,taxable,,0,0,,0,0,,,,,1,,,100,สินค้าและอุปกรณ์สำหรับเด็ก,,,,,,,,,,,,0,,สี,หลากสี,1,1,Size (เสื้อ),S,1,1,,,,,,,,,
29544,simple,26300091,,เสื้อ - Tiny Tale,1,0,visible,,,,,taxable,,1,1,,0,0,,,,,1,,,100,สินค้าและอุปกรณ์สำหรับเด็ก,,,,,,,,,,,,0,,สี,หลากสี,1,1,Size (เสื้อ),M,1,1,,,,,,,,,
29545,simple,26300092,,เสื้อ - Tiny Tale,1,0,visible,,,,,taxable,,0,0,,0,0,,,,,1,,,100,สินค้าและอุปกรณ์สำหรับเด็ก,,,,,,,,,,,,0,,สี,หลากสี,1,1,Size (เสื้อ),SS,1,1,,,,,,,,,
29546,simple,26300093,,เสื้อ - Tiny Tale,1,0,visible,,,,,taxable,,0,0,,0,0,,,,,1,,,100,สินค้าและอุปกรณ์สำหรับเด็ก,,,,,,,,,,,,0,,สี,น้ำเงิน,1,1,Size (เสื้อ),3T,1,1,,,,,,,,,
29547,simple,26300094,,เสื้อยืด - ZARA,1,0,visible,,,,,taxable,,1,1,,0,0,,,,,1,,,150,สินค้าและอุปกรณ์สำหรับเด็ก,,,,,,,,,,,,0,,สี,ขาว,1,1,Size (เสื้อ),M,1,1,,,,,,,,,
29548,simple,26300095,,เสื้อยืด - ZARA,1,0,visible,,,,,taxable,,0,0,,0,0,,,,,1,,,600,สินค้าและอุปกรณ์สำหรับเด็ก,,,,,,,,,,,,0,,สี,สีชมพู,1,1,Size (รองเท้า),19,1,1,,,,,,,,,
29549,simple,26300096,,เสื้อยืด - ZARA,1,0,visible,,,,,taxable,,0,0,,0,0,,,,,1,,,500,สินค้าและอุปกรณ์สำหรับเด็ก,,,,,,,,,,,,0,,สี,หลากสี,1,1,Size (เสื้อ),6,1,1,,,,,,,,,
29550,simple,26300097,,เสื้อยืด - ZARA,1,0,visible,,,,,taxable,,1,1,,0,0,,,,,1,,,600,สินค้าและอุปกรณ์สำหรับเด็ก,,,,,,,,,,,,0,,สี,สีขาว,1,1,Size (รองเท้า),23.5,1,1,,,,,,,,,
29551,simple,26300098,,เสื้อยืด - GAP,1,0,visible,,,,,taxable,,1,1,,0,0,,,,,1,,,150,สินค้าและอุปกรณ์สำหรับเด็ก,,,,,,,,,,,,0,,สี,หลากสี,1,1,Size (เสื้อ),SS,1,1,,,,,,,,,
29552,simple,26300099,,กางเกง - Crazy8,1,0,visible,,,,,taxable,,1,1,,0,0,,,,,1,,,100,สินค้าและอุปกรณ์สำหรับเด็ก,,,,,,,,,,,,0,,สี,น้ำเงิน,1,1,Size (เสื้อ),5,1,1,,,,,,,,,
29553,simple,26300100,,เสื้อยืด - ZARA,1,0,visible,,,,,taxable,,1,1,,0,0,,,,,1,,,100,สินค้าและอุปกรณ์สำหรับเด็ก,,,,,,,,,,,,0,,สี,ดำ,1,1,Size (เสื้อ),130,1,1,,,,,,,,,
29554,simple,26300101,,เสื้อยืด - ZARA,1,0,visible,,,,,taxable,,0,-1,,0,0,,,,,1,,,100,สินค้าและอุปกรณ์สำหรับเด็ก,,,,,,,,,,,,0,,สี,ดำ,1,1,Size (เสื้อ),110,1,1,,,,,,,,,
29555,simple,26300102,,เสื้อยืด - ZARA,1,0,visible,,,,,taxable,,0,0,,0,0,,,,,1,,,100,สินค้าและอุปกรณ์สำหรับเด็ก,,,,,,,,,,,,0,,สี,หลากสี,1,1,Size (เสื้อ),6,1,1,,,,,,,,,
29556,simple,26300103,,เสื้อยืด - ZARA,1,0,visible,,,,,taxable,,0,0,,0,0,,,,,1,,,100,สินค้าและอุปกรณ์สำหรับเด็ก,,,,,,,,,,,,0,,สี,หลากสี,1,1,Size (เสื้อ),4,1,1,,,,,,,,,
29557,simple,26300104,,เสื้อยืด - ZARA,1,0,visible,,,,,taxable,,0,0,,0,0,,,,,1,,,100,สินค้าและอุปกรณ์สำหรับเด็ก,,,,,,,,,,,,0,,สี,น้ำเงิน,1,1,Size (กางเกง),ไม่มี,1,1,,,,,,,,,
29558,simple,26300105,,เสื้อยืด - ZARA,1,0,visible,,,,,taxable,,1,1,,0,0,,,,,1,,,500,สินค้าและอุปกรณ์สำหรับเด็ก,,,,,,,,,,,,0,,สี,ดำ,1,1,Size (เสื้อ),2-4Y,1,1,,,,,,,,,
29559,simple,26300106,,เสื้อยืด - ZARA,1,0,visible,,,,,taxable,,1,1,,0,0,,,,,1,,,500,สินค้าและอุปกรณ์สำหรับเด็ก,,,,,,,,,,,,0,,สี,ดำ,1,1,Size (เสื้อ),ไม่มี,1,1,,,,,,,,,
29560,simple,26300107,,เสื้อยืด - ZARA,1,0,visible,,,,,taxable,,0,0,,0,0,,,,,1,,,100,สินค้าและอุปกรณ์สำหรับเด็ก,,,,,,,,,,,,0,,สี,หลากสี,1,1,Size (เสื้อ),M,1,1,,,,,,,,,
29561,simple,26300108,,เสื้อยืด - ZARA,1,0,visible,,,,,taxable,,1,1,,0,0,,,,,1,,,500,สินค้าและอุปกรณ์สำหรับเด็ก,,,,,,,,,,,,0,,สี,น้ำตาล,1,1,Size (เสื้อ),M,1,1,,,,,,,,,
29562,simple,26300109,,เสื้อยืด - ZARA,1,0,visible,,,,,taxable,,1,1,,0,0,,,,,1,,,100,สินค้าและอุปกรณ์สำหรับเด็ก,,,,,,,,,,,,0,,สี,หลากสี,1,1,Size (เสื้อ),L,1,1,,,,,,,,,
29563,simple,26300110,,เสื้อยืด - ZARA,1,0,visible,,,,,taxable,,1,1,,0,0,,,,,1,,,100,สินค้าและอุปกรณ์สำหรับเด็ก,,,,,,,,,,,,0,,สี,หลากสี,1,1,Size (เสื้อ),S,1,1,,,,,,,,,
29564,simple,26300111,,กางเกง - Crazy8,1,0,visible,,,,,taxable,,1,1,,0,0,,,,,1,,,100,สินค้าและอุปกรณ์สำหรับเด็ก,,,,,,,,,,,,0,,สี,หลากสี,1,1,Size (เสื้อ),L,1,1,,,,,,,,,
29565,simple,26300112,,กางเกง - UNIQLO,1,0,visible,,,,,taxable,,1,1,,0,0,,,,,1,,,100,สินค้าและอุปกรณ์สำหรับเด็ก,,,,,,,,,,,,0,,สี,แดง,1,1,Size (เสื้อ),5,1,1,,,,,,,,,
29566,simple,26300113,,กางเกง - UNIQLO,1,0,visible,,,,,taxable,,1,1,,0,0,,,,,1,,,250,สินค้าและอุปกรณ์สำหรับเด็ก,,,,,,,,,,,,0,,สี,ฟ้า,1,1,Size (กางเกง),C11,1,1,,,,,,,,,
29567,simple,26300114,,กางเกง - UNIQLO,1,0,visible,,,,,taxable,,1,1,,0,0,,,,,1,,,800,สินค้าและอุปกรณ์สำหรับเด็ก,,,,,,,,,,,,0,,สี,น้ำเงิน,1,1,Size (กางเกง),25.5,1,1,,,,,,,,,
29568,simple,26300115,,เสื้อยืด - SEVEN BRIDGE,1,0,visible,,,,,taxable,,1,1,,0,0,,,,,1,,,450,สินค้าและอุปกรณ์สำหรับเด็ก,,,,,,,,,,,,0,,สี,เขียว,1,1,Size (กางเกง),C11,1,1,,,,,,,,,
29569,simple,26300116,,เสื้อยืด - ZARA,1,0,visible,,,,,taxable,,1,1,,0,0,,,,,1,,,450,สินค้าและอุปกรณ์สำหรับเด็ก,,,,,,,,,,,,0,,สี,ฟ้า,1,1,Size (กางเกง),C13,1,1,,,,,,,,,
29570,simple,26300117,,เสื้อยืด - H&M,1,0,visible,,,,,taxable,,1,1,,0,0,,,,,1,,,450,สินค้าและอุปกรณ์สำหรับเด็ก,,,,,,,,,,,,0,,สี,ฟ้า,1,1,Size (กางเกง),C10,1,1,,,,,,,,,
29571,simple,26300118,,เสื้อยืด - H&M,1,0,visible,,,,,taxable,,1,1,,0,0,,,,,1,,,450,สินค้าและอุปกรณ์สำหรับเด็ก,,,,,,,,,,,,0,,สี,ฟ้า,1,1,Size (กางเกง),C11,1,1,,,,,,,,,
29572,simple,26300119,,เสื้อแจ็คเก็ต - Crazy8,1,0,visible,,,,,taxable,,1,1,,0,0,,,,,1,,,600,สินค้าและอุปกรณ์สำหรับเด็ก,,,,,,,,,,,,0,,สี,แดง,1,1,Size (กางเกง),29,1,1,,,,,,,,,
29573,simple,26300120,,กางเกง - UNIQLO,1,0,visible,,,,,taxable,,1,1,,0,0,,,,,1,,,20,สินค้าและอุปกรณ์สำหรับเด็ก,,,,,,,,,,,,0,,สี,น้ำเงิน,0,0,,,,,,,,,,,,,
29574,simple,26300121,,เสื้อแจ็คเก็ต - Cat&Jack,1,0,visible,,,,,taxable,,1,1,,0,0,,,,,1,,,20,สินค้าและอุปกรณ์สำหรับเด็ก,,,,,,,,,,,,0,,สี,เทา,0,0,,,,,,,,,,,,,
29575,simple,26300122,,ชุด - UNIQLO,1,0,visible,,,,,taxable,,1,1,,0,0,,,,,1,,,20,สินค้าและอุปกรณ์สำหรับเด็ก,,,,,,,,,,,,0,,สี,เทา,0,0,,,,,,,,,,,,,
29576,simple,26300123,,กางเกง - UNIQLO,1,0,visible,,,,,taxable,,1,1,,0,0,,,,,1,,,20,สินค้าและอุปกรณ์สำหรับเด็ก,,,,,,,,,,,,0,,สี,เทา,0,0,,,,,,,,,,,,,
29577,simple,26300124,,กางเกง - UNIQLO,1,0,visible,,,,,taxable,,1,1,,0,0,,,,,1,,,20,สินค้าและอุปกรณ์สำหรับเด็ก,,,,,,,,,,,,0,,สี,ขาว,0,0,,,,,,,,,,,,,
29578,simple,26300125,,เสื้อแจ็คเก็ต - adidas,1,0,visible,,,,,taxable,,1,1,,0,0,,,,,1,,,20,สินค้าและอุปกรณ์สำหรับเด็ก,,,,,,,,,,,,0,,สี,ขาว,0,0,,,,,,,,,,,,,
29579,simple,26300126,,เสื้อแจ็คเก็ต - Cat&Jack,1,0,visible,,,,,taxable,,1,1,,0,0,,,,,1,,,20,สินค้าและอุปกรณ์สำหรับเด็ก,,,,,,,,,,,,0,,สี,ดำ,0,0,,,,,,,,,,,,,
29580,simple,26300127,,ชุด - adidas,1,0,visible,,,,,taxable,,0,0,,0,0,,,,,1,,,20,สินค้าและอุปกรณ์สำหรับเด็ก,,,,,,,,,,,,0,,สี,เทา,0,0,,,,,,,,,,,,,
29581,simple,26300128,,เสื้อ - ไม่มี,1,0,visible,,,,,taxable,,1,1,,0,0,,,,,1,,,20,สินค้าและอุปกรณ์สำหรับเด็ก,,,,,,,,,,,,0,,สี,ฟ้า,0,0,,,,,,,,,,,,,
29582,simple,26300129,,เสื้อแจ็คเก็ต - Cat&Jack,1,0,visible,,,,,taxable,,1,1,,0,0,,,,,1,,,20,สินค้าและอุปกรณ์สำหรับเด็ก,,,,,,,,,,,,0,,สี,เทา,0,0,,,,,,,,,,,,,
29583,simple,26300130,,เสื้อแจ็คเก็ต - Cat&Jack,1,0,visible,,,,,taxable,,1,1,,0,0,,,,,1,,,20,สินค้าและอุปกรณ์สำหรับเด็ก,,,,,,,,,,,,0,,สี,เทา,0,0,,,,,,,,,,,,,
29584,simple,26300131,,ชุด - adidas,1,0,visible,,,,,taxable,,1,1,,0,0,,,,,1,,,20,สินค้าและอุปกรณ์สำหรับเด็ก,,,,,,,,,,,,0,,สี,ดำ,0,0,,,,,,,,,,,,,
29585,simple,26300132,,ชุด - adidas,1,0,visible,,,,,taxable,,1,1,,0,0,,,,,1,,,20,สินค้าและอุปกรณ์สำหรับเด็ก,,,,,,,,,,,,0,,สี,น้ำเงิน,0,0,,,,,,,,,,,,,
29586,simple,26300133,,เสื้อแจ็คเก็ต - ZARA,1,0,visible,,,,,taxable,,1,1,,0,0,,,,,1,,,20,สินค้าและอุปกรณ์สำหรับเด็ก,,,,,,,,,,,,0,,สี,แดง,0,0,,,,,,,,,,,,,
29587,simple,26300134,,ชุด - UNIQLO,1,0,visible,,,,,taxable,,1,1,,0,0,,,,,1,,,20,สินค้าและอุปกรณ์สำหรับเด็ก,,,,,,,,,,,,0,,สี,เทา,0,0,,,,,,,,,,,,,
29588,simple,26300135,,ชุด - UNIQLO,1,0,visible,,,,,taxable,,1,1,,0,0,,,,,1,,,20,สินค้าและอุปกรณ์สำหรับเด็ก,,,,,,,,,,,,0,,สี,ดำ,0,0,,,,,,,,,,,,,
29589,simple,26300136,,ชุด - UNIQLO,1,0,visible,,,,,taxable,,1,1,,0,0,,,,,1,,,20,สินค้าและอุปกรณ์สำหรับเด็ก,,,,,,,,,,,,0,,สี,ดำ,0,0,,,,,,,,,,,,,
29590,simple,26300137,,เสื้อแจ็คเก็ต - ZARA,1,0,visible,,,,,taxable,,1,1,,0,0,,,,,1,,,20,สินค้าและอุปกรณ์สำหรับเด็ก,,,,,,,,,,,,0,,สี,แดง,0,0,,,,,,,,,,,,,
29591,simple,26300138,,ชุด - adidas,1,0,visible,,,,,taxable,,1,1,,0,0,,,,,1,,,20,สินค้าและอุปกรณ์สำหรับเด็ก,,,,,,,,,,,,0,,สี,เทา,0,0,,,,,,,,,,,,,
29592,simple,26300139,,เสื้อแจ็คเก็ต - ZARA,1,0,visible,,,,,taxable,,1,1,,0,0,,,,,1,,,20,สินค้าและอุปกรณ์สำหรับเด็ก,,,,,,,,,,,,0,,สี,ดำ,0,0,,,,,,,,,,,,,
29593,simple,26300140,,ชุด - adidas,1,0,visible,,,,,taxable,,1,1,,0,0,,,,,1,,,20,สินค้าและอุปกรณ์สำหรับเด็ก,,,,,,,,,,,,0,,สี,ดำ,0,0,,,,,,,,,,,,,
29594,simple,26300141,,เสื้อแจ็คเก็ต - HANYIMIDOO,1,0,visible,,,,,taxable,,1,1,,0,0,,,,,1,,,20,สินค้าและอุปกรณ์สำหรับเด็ก,,,,,,,,,,,,0,,สี,แดง,0,0,,,,,,,,,,,,,
29595,simple,26300142,,ชุด - adidas,1,0,visible,,,,,taxable,,0,0,,0,0,,,,,1,,,20,สินค้าและอุปกรณ์สำหรับเด็ก,,,,,,,,,,,,0,,สี,น้ำเงิน,0,0,,,,,,,,,,,,,
29596,simple,26300143,,เสื้อแจ็คเก็ต - HANYIMIDOO,1,0,visible,,,,,taxable,,1,1,,0,0,,,,,1,,,20,สินค้าและอุปกรณ์สำหรับเด็ก,,,,,,,,,,,,0,,สี,เทา,0,0,,,,,,,,,,,,,
29597,simple,26300144,,ชุด - adidas,1,0,visible,,,,,taxable,,0,-1,,0,0,,,,,0,,,600,สินค้าและอุปกรณ์สำหรับเด็ก,,,,,,,,,,,,0,,สี,ดำ,0,0,,,,,,,,,,,,,
29598,simple,26300145,,เสื้อแจ็คเก็ต - Disney,1,0,visible,,,,,taxable,,1,1,,0,0,,,,,1,,,150,สินค้าและอุปกรณ์สำหรับเด็ก,,,,,,,,,,,,0,,สี,เทา,0,0,,,,,,,,,,,,,
29599,simple,26300146,,เสื้อแจ็คเก็ต - ZARA,1,0,visible,,,,,taxable,,1,1,,0,0,,,,,1,,,20,สินค้าและอุปกรณ์สำหรับเด็ก,,,,,,,,,,,,0,,สี,ดำ,0,0,,,,,,,,,,,,,
29600,simple,26300147,,เสื้อแจ็คเก็ต - ZARA,1,0,visible,,,,,taxable,,1,1,,0,0,,,,,1,,,150,สินค้าและอุปกรณ์สำหรับเด็ก,,,,,,,,,,,,0,,สี,เทา,0,0,,,,,,,,,,,,,
29601,simple,26300148,,เสื้อแจ็คเก็ต - ZARA,1,0,visible,,,,,taxable,,1,1,,0,0,,,,,1,,,20,สินค้าและอุปกรณ์สำหรับเด็ก,,,,,,,,,,,,0,,สี,เทา,0,0,,,,,,,,,,,,,
29602,simple,26300149,,เสื้อแจ็คเก็ต - ZARA,1,0,visible,,,,,taxable,,1,1,,0,0,,,,,1,,,450,สินค้าและอุปกรณ์สำหรับเด็ก,,,,,,,,,,,,0,,สี,ฟ้า,1,1,Size (กางเกง),C10,1,1,,,,,,,,,
29603,simple,26300150,,เสื้อแจ็คเก็ต - Disney,1,0,visible,,,,,taxable,,0,-1,,0,0,,,,,1,,,450,สินค้าและอุปกรณ์สำหรับเด็ก,,,,,,,,,,,,0,,สี,น้ำเงิน,1,1,Size (กางเกง),C12,1,1,,,,,,,,,
29604,simple,26300151,,เสื้อแจ็คเก็ต - H&M,1,0,visible,,,,,taxable,,1,1,,0,0,,,,,1,,,450,สินค้าและอุปกรณ์สำหรับเด็ก,,,,,,,,,,,,0,,สี,ขาว,1,1,Size (กางเกง),C10,1,1,,,,,,,,,
29605,simple,26300152,,เสื้อแจ็คเก็ต - H&M,1,0,visible,,,,,taxable,,1,1,,0,0,,,,,1,,,600,สินค้าและอุปกรณ์สำหรับเด็ก,,,,,,,,,,,,0,,สี,ดำ,1,1,Size (กางเกง),29,1,1,,,,,,,,,
29606,simple,26300153,,เสื้อแจ็คเก็ต - H&M,1,0,visible,,,,,taxable,,1,1,,0,0,,,,,1,,,600,สินค้าและอุปกรณ์สำหรับเด็ก,,,,,,,,,,,,0,,สี,ดำ,1,1,Size (กางเกง),28,1,1,,,,,,,,,
29607,simple,26300154,,เสื้อแจ็คเก็ต - ไม่มี,1,0,visible,,,,,taxable,,1,1,,0,0,,,,,1,,,600,สินค้าและอุปกรณ์สำหรับเด็ก,,,,,,,,,,,,0,,สี,ดำ,1,1,Size (กางเกง),32,1,1,,,,,,,,,
29608,simple,26300155,,เสื้อแจ็คเก็ต - ไม่มี,1,0,visible,,,,,taxable,,1,1,,0,0,,,,,1,,,600,สินค้าและอุปกรณ์สำหรับเด็ก,,,,,,,,,,,,0,,สี,เทา,1,1,Size (กางเกง),10,1,1,,,,,,,,,
29609,simple,26300156,,เสื้อแจ็คเก็ต - H&M,1,0,visible,,,,,taxable,,1,1,,0,0,,,,,1,,,600,สินค้าและอุปกรณ์สำหรับเด็ก,,,,,,,,,,,,0,,สี,ขาว,1,1,Size (กางเกง),27,1,1,,,,,,,,,
29610,simple,26300157,,เสื้อแจ็คเก็ต - ไม่มี,1,0,visible,,,,,taxable,,1,1,,0,0,,,,,1,,,600,สินค้าและอุปกรณ์สำหรับเด็ก,,,,,,,,,,,,0,,สี,ดำ,1,1,Size (กางเกง),31,1,1,,,,,,,,,
29611,simple,26300158,,เสื้อแจ็คเก็ต - Disney,1,0,visible,,,,,taxable,,1,1,,0,0,,,,,1,,,600,สินค้าและอุปกรณ์สำหรับเด็ก,,,,,,,,,,,,0,,สี,แดง,1,1,Size (กางเกง),33,1,1,,,,,,,,,
29612,simple,26300159,,เสื้อแจ็คเก็ต - H&M,1,0,visible,,,,,taxable,,1,1,,0,0,,,,,1,,,600,สินค้าและอุปกรณ์สำหรับเด็ก,,,,,,,,,,,,0,,สี,เทา,1,1,Size (กางเกง),0,1,1,,,,,,,,,
29613,simple,26300160,,เสื้อแจ็คเก็ต - H&M,1,0,visible,,,,,taxable,,1,1,,0,0,,,,,1,,,600,สินค้าและอุปกรณ์สำหรับเด็ก,,,,,,,,,,,,0,,สี,ดำ,1,1,Size (กางเกง),28,1,1,,,,,,,,,
29614,simple,26300161,,กางเกง - ZARA,1,0,visible,,,,,taxable,,1,1,,0,0,,,,,1,,,600,สินค้าและอุปกรณ์สำหรับเด็ก,,,,,,,,,,,,0,,สี,ดำ,1,1,Size (กางเกง),33,1,1,,,,,,,,,
29615,simple,26300162,,กางเกง - M&S,1,0,visible,,,,,taxable,,1,1,,0,0,,,,,1,,,600,สินค้าและอุปกรณ์สำหรับเด็ก,,,,,,,,,,,,0,,สี,ดำ,1,1,Size (กางเกง),33.5,1,1,,,,,,,,,
29616,simple,26300163,,กางเกง - M&S,1,0,visible,,,,,taxable,,1,1,,0,0,,,,,1,,,250,สินค้าและอุปกรณ์สำหรับเด็ก,,,,,,,,,,,,0,,สี,น้ำเงิน,1,1,Size (กางเกง),12,1,1,,,,,,,,,
29617,simple,26300164,,กางเกง - ZARA,1,0,visible,,,,,taxable,,1,1,,0,0,,,,,1,,,250,สินค้าและอุปกรณ์สำหรับเด็ก,,,,,,,,,,,,0,,สี,น้ำเงิน,1,1,Size (กางเกง),10,1,1,,,,,,,,,
29618,simple,26300165,,กางเกง - M&S,1,0,visible,,,,,taxable,,1,1,,0,0,,,,,1,,,450,สินค้าและอุปกรณ์สำหรับเด็ก,,,,,,,,,,,,0,,สี,ฟ้า,1,1,Size (กางเกง),C11,1,1,,,,,,,,,
29619,simple,26300166,,กางเกง - M&S,1,0,visible,,,,,taxable,,1,1,,0,0,,,,,1,,,600,สินค้าและอุปกรณ์สำหรับเด็ก,,,,,,,,,,,,0,,สี,น้ำตาล,1,1,Size (กางเกง),34,1,1,,,,,,,,,
29620,simple,26300167,,กางเกง - ZARA,1,0,visible,,,,,taxable,,1,1,,0,0,,,,,1,,,250,สินค้าและอุปกรณ์สำหรับเด็ก,,,,,,,,,,,,0,,สี,ดำ,1,1,Size (กางเกง),9K,1,1,,,,,,,,,
29621,simple,26300168,,กางเกง - M&S,1,0,visible,,,,,taxable,,1,1,,0,0,,,,,1,,,600,สินค้าและอุปกรณ์สำหรับเด็ก,,,,,,,,,,,,0,,สี,ขาว,1,1,Size (กางเกง),26,1,1,,,,,,,,,
29622,simple,26300169,,กางเกง - M&S,1,0,visible,,,,,taxable,,1,1,,0,0,,,,,1,,,600,สินค้าและอุปกรณ์สำหรับเด็ก,,,,,,,,,,,,0,,สี,ขาว,1,1,Size (กางเกง),26.5,1,1,,,,,,,,,
29623,simple,26300170,,กางเกง - ZARA,1,0,visible,,,,,taxable,,1,1,,0,0,,,,,1,,,600,สินค้าและอุปกรณ์สำหรับเด็ก,,,,,,,,,,,,0,,สี,เงิน,1,1,Size (กางเกง),28,1,1,,,,,,,,,
29624,simple,26300171,,กางเกง - CARTER'S,1,0,visible,,,,,taxable,,1,1,,0,0,,,,,1,,,600,สินค้าและอุปกรณ์สำหรับเด็ก,,,,,,,,,,,,0,,สี,ดำ,1,1,Size (กางเกง),31,1,1,,,,,,,,,
29625,simple,26300172,,กางเกง - ZARA,1,0,visible,,,,,taxable,,1,1,,0,0,,,,,1,,,600,สินค้าและอุปกรณ์สำหรับเด็ก,,,,,,,,,,,,0,,สี,น้ำตาล,1,1,Size (กางเกง),17.5,1,1,,,,,,,,,
29626,simple,26300173,,กางเกง - CARTER'S,1,0,visible,,,,,taxable,,1,1,,0,0,,,,,1,,,600,สินค้าและอุปกรณ์สำหรับเด็ก,,,,,,,,,,,,0,,สี,ขาว,1,1,Size (กางเกง),30,1,1,,,,,,,,,
29627,simple,26300174,,กางเกง - ZARA,1,0,visible,,,,,taxable,,1,1,,0,0,,,,,1,,,450,สินค้าและอุปกรณ์สำหรับเด็ก,,,,,,,,,,,,0,,สี,น้ำตาล,1,1,Size (กางเกง),31,1,1,,,,,,,,,
29628,simple,26300175,,กางเกง - GYMBOREE,1,0,visible,,,,,taxable,,1,1,,0,0,,,,,1,,,600,สินค้าและอุปกรณ์สำหรับเด็ก,,,,,,,,,,,,0,,สี,น้ำเงิน,1,1,Size (กางเกง),31,1,1,,,,,,,,,
29629,simple,26300176,,กางเกง - ZARA,1,0,visible,,,,,taxable,,0,0,,0,0,,,,,1,,,250,สินค้าและอุปกรณ์สำหรับเด็ก,,,,,,,,,,,,0,,สี,ฟ้า,1,1,Size (กางเกง),28,1,1,,,,,,,,,
29630,simple,26300178,,กางเกง - ZARA,1,0,visible,,,,,taxable,,1,1,,0,0,,,,,1,,,600,สินค้าและอุปกรณ์สำหรับเด็ก,,,,,,,,,,,,0,,สี,ดำ,1,1,Size (กางเกง),33,1,1,,,,,,,,,
29631,simple,26300179,,เสื้อยืด - RALPH LAUREN,1,0,visible,,,,,taxable,,1,1,,0,0,,,,,1,,,300,สินค้าและอุปกรณ์สำหรับเด็ก,,,,,,,,,,,,0,,สี,เขียว,1,1,Size (เสื้อ),M,1,1,,,,,,,,,
29632,simple,26300180,,เสื้อยืด - RALPH LAUREN,1,0,visible,,,,,taxable,,0,-1,,0,0,,,,,1,,,300,สินค้าและอุปกรณ์สำหรับเด็ก,,,,,,,,,,,,0,,สี,เขียว,1,1,Size (เสื้อ),L,1,1,,,,,,,,,
29633,simple,26300182,,เสื้อเชิ้ต - RALPH LAUREN,1,0,visible,,,,,taxable,,1,1,,0,0,,,,,1,,,250,สินค้าและอุปกรณ์สำหรับเด็ก,,,,,,,,,,,,0,,สี,เขียว,1,1,Size (เสื้อ),3T,1,1,,,,,,,,,
29634,simple,26300183,,เสื้อเชิ้ต - RALPH LAUREN,1,0,visible,,,,,taxable,,1,1,,0,0,,,,,1,,,250,สินค้าและอุปกรณ์สำหรับเด็ก,,,,,,,,,,,,0,,สี,เขียว,1,1,Size (เสื้อ),5t,1,1,,,,,,,,,
29635,simple,26300185,,เสื้อเชิ้ต - RALPH LAUREN,1,0,visible,,,,,taxable,,0,0,,0,0,,,,,1,,,300,สินค้าและอุปกรณ์สำหรับเด็ก,,,,,,,,,,,,0,,สี,น้ำตาล,1,1,Size (เสื้อ),3T,1,1,,,,,,,,,
29636,simple,26300187,,เสื้อยืด - POLO,1,0,visible,,,,,taxable,,1,1,,0,0,,,,,1,,,300,สินค้าและอุปกรณ์สำหรับเด็ก,,,,,,,,,,,,0,,สี,น้ำตาล,1,1,Size (เสื้อ),5t,1,1,,,,,,,,,
29637,simple,26300199,,เสื้อยืด - POLO,1,0,visible,,,,,taxable,,1,1,,0,0,,,,,1,,,300,สินค้าและอุปกรณ์สำหรับเด็ก,,,,,,,,,,,,0,,สี,ดำ,1,1,Size (เสื้อ),5t,1,1,,,,,,,,,
29638,simple,26300200,,เสื้อยืด - PLAY,1,0,visible,,,,,taxable,,0,0,,0,0,,,,,1,,,300,สินค้าและอุปกรณ์สำหรับเด็ก,,,,,,,,,,,,0,,สี,ดำ,1,1,Size (เสื้อ),3T,1,1,,,,,,,,,
29639,simple,26300201,,เสื้อ - POLO,1,0,visible,,,,,taxable,,0,0,,0,0,,,,,1,,,300,สินค้าและอุปกรณ์สำหรับเด็ก,,,,,,,,,,,,0,,สี,เขียว,1,1,Size (เสื้อ),4T,1,1,,,,,,,,,
29640,simple,26300202,,เสื้อ - POLO,1,0,visible,,,,,taxable,,0,0,,0,0,,,,,1,,,250,สินค้าและอุปกรณ์สำหรับเด็ก,,,,,,,,,,,,0,,สี,ฟ้า,1,1,Size (เสื้อ),4T,1,1,,,,,,,,,
29641,simple,26300203,,คอสเพลย์เจ้าหน้าที่ดับเพลิง - ไม่มี,1,0,visible,,,,,taxable,,1,1,,0,0,,,,,1,,,300,สินค้าและอุปกรณ์สำหรับเด็ก,,,,,,,,,,,,0,,สี,แดง,1,1,Size (เสื้อ),4T,1,1,,,,,,,,,
29642,simple,26300204,,คอสเพลย์นักบินอวกาศ - ไม่มี,1,0,visible,,,,,taxable,,1,1,,0,0,,,,,1,,,300,สินค้าและอุปกรณ์สำหรับเด็ก,,,,,,,,,,,,0,,สี,เขียว,1,1,Size (เสื้อ),4T,1,1,,,,,,,,,
29643,simple,26300206,,เสื้อยืด - Cat&Jack,1,0,visible,,,,,taxable,,1,1,,0,0,,,,,1,,,300,สินค้าและอุปกรณ์สำหรับเด็ก,,,,,,,,,,,,0,,สี,น้ำเงิน,1,1,Size (เสื้อ),4T,1,1,,,,,,,,,
29644,simple,26300207,,เสื้อยืด - Cat&Jack,1,0,visible,,,,,taxable,,1,1,,0,0,,,,,1,,,300,สินค้าและอุปกรณ์สำหรับเด็ก,,,,,,,,,,,,0,,สี,ชมพู,1,1,Size (เสื้อ),2T,1,1,,,,,,,,,
29645,simple,26300208,,เสื้อยืด - Sfera,1,0,visible,,,,,taxable,,0,0,,0,0,,,,,1,,,300,สินค้าและอุปกรณ์สำหรับเด็ก,,,,,,,,,,,,0,,สี,ชมพู,1,1,Size (เสื้อ),4T,1,1,,,,,,,,,
29646,simple,26300209,,เสื้อ - POLO,1,0,visible,,,,,taxable,,0,0,,0,0,,,,,1,,,300,สินค้าและอุปกรณ์สำหรับเด็ก,,,,,,,,,,,,0,,สี,น้ำเงิน,1,1,Size (เสื้อ),4T,1,1,,,,,,,,,
29647,simple,26300210,,กางเกง - ZARA,1,0,visible,,,,,taxable,,0,0,,0,0,,,,,1,,,300,สินค้าและอุปกรณ์สำหรับเด็ก,,,,,,,,,,,,0,,สี,ขาว,1,1,Size (เสื้อ),4T,1,1,,,,,,,,,
29648,simple,26300211,,เสื้อยืด - ไม่มี,1,0,visible,,,,,taxable,,1,1,,0,0,,,,,1,,,300,สินค้าและอุปกรณ์สำหรับเด็ก,,,,,,,,,,,,0,,สี,เขียว,1,1,Size (เสื้อ),ไม่มี,1,1,,,,,,,,,
29649,simple,26300212,,กางเกง - M&S,1,0,visible,,,,,taxable,,1,1,,0,0,,,,,1,,,300,สินค้าและอุปกรณ์สำหรับเด็ก,,,,,,,,,,,,0,,สี,เขียว,1,1,Size (เสื้อ),ไม่มี,1,1,,,,,,,,,
29650,simple,26300213,,กางเกงขาสั้น - H&M,1,0,visible,,,,,taxable,,0,0,,0,0,,,,,1,,,300,สินค้าและอุปกรณ์สำหรับเด็ก,,,,,,,,,,,,0,,สี,น้ำเงิน,1,1,Size (เสื้อ),3T,1,1,,,,,,,,,
29651,simple,26300214,,กางเกง - ZARA,1,0,visible,,,,,taxable,,1,1,,0,0,,,,,1,,,250,สินค้าและอุปกรณ์สำหรับเด็ก,,,,,,,,,,,,0,,สี,แดง,1,1,Size (เสื้อ),ไม่มี,1,1,,,,,,,,,
29652,simple,26300215,,กางเกง - ZARA,1,0,visible,,,,,taxable,,1,1,,0,0,,,,,1,,,300,สินค้าและอุปกรณ์สำหรับเด็ก,,,,,,,,,,,,0,,สี,แดง,1,1,Size (เสื้อ),ไม่มี,1,1,,,,,,,,,
29653,simple,26300216,,กางเกง - M&S,1,0,visible,,,,,taxable,,0,0,,0,0,,,,,1,,,250,สินค้าและอุปกรณ์สำหรับเด็ก,,,,,,,,,,,,0,,สี,เขียว,1,1,Size (เสื้อ),ไม่มี,1,1,,,,,,,,,
29654,simple,26300217,,เสื้อยืด - Disney,1,0,visible,,,,,taxable,,0,0,,0,0,,,,,1,,,250,สินค้าและอุปกรณ์สำหรับเด็ก,,,,,,,,,,,,0,,สี,เขียว,1,1,Size (เสื้อ),ไม่มี,1,1,,,,,,,,,
29655,simple,26300218,,กางเกง - M&S,1,0,visible,,,,,taxable,,1,1,,0,0,,,,,1,,,300,สินค้าและอุปกรณ์สำหรับเด็ก,,,,,,,,,,,,0,,สี,แดง,1,1,Size (เสื้อ),ไม่มี,1,1,,,,,,,,,
29656,simple,26300219,,เสื้อยืด - Disney,1,0,visible,,,,,taxable,,1,1,,0,0,,,,,1,,,300,สินค้าและอุปกรณ์สำหรับเด็ก,,,,,,,,,,,,0,,สี,เขียว,1,1,Size (เสื้อ),ไม่มี,1,1,,,,,,,,,
29657,simple,26300220,,เสื้อเชิ้ต - RALPH LAUREN,1,0,visible,,,,,taxable,,1,1,,0,0,,,,,1,,,300,สินค้าและอุปกรณ์สำหรับเด็ก,,,,,,,,,,,,0,,สี,แดง,1,1,Size (เสื้อ),M,1,1,,,,,,,,,
29658,simple,26300221,,เสื้อยืด - Disney,1,0,visible,,,,,taxable,,1,1,,0,0,,,,,1,,,300,สินค้าและอุปกรณ์สำหรับเด็ก,,,,,,,,,,,,0,,สี,แดง,1,1,Size (เสื้อ),XS,1,1,,,,,,,,,
29659,simple,26300222,,กางเกง - ZARA,1,0,visible,,,,,taxable,,1,1,,0,0,,,,,1,,,300,สินค้าและอุปกรณ์สำหรับเด็ก,,,,,,,,,,,,0,,สี,แดง,1,1,Size (เสื้อ),M,1,1,,,,,,,,,
29660,simple,26300223,,กางเกง - Kidsplanat,1,0,visible,,,,,taxable,,1,1,,0,0,,,,,1,,,300,สินค้าและอุปกรณ์สำหรับเด็ก,,,,,,,,,,,,0,,สี,แดง,1,1,Size (เสื้อ),L,1,1,,,,,,,,,
29661,simple,26300224,,ชุด - adidas,1,0,visible,,,,,taxable,,1,1,,0,0,,,,,1,,,300,สินค้าและอุปกรณ์สำหรับเด็ก,,,,,,,,,,,,0,,สี,ชมพู,1,1,Size (เสื้อ),3T,1,1,,,,,,,,,
29662,simple,26300225,,เสื้อเชิ้ต - RALPH LAUREN,1,0,visible,,,,,taxable,,1,1,,0,0,,,,,1,,,300,สินค้าและอุปกรณ์สำหรับเด็ก,,,,,,,,,,,,0,,สี,ฟ้า,1,1,Size (เสื้อ),3T,1,1,,,,,,,,,
29663,simple,26300226,,เสื้อ - POLO,1,0,visible,,,,,taxable,,1,1,,0,0,,,,,1,,,300,สินค้าและอุปกรณ์สำหรับเด็ก,,,,,,,,,,,,0,,สี,ฟ้า,1,1,Size (เสื้อ),3T,1,1,,,,,,,,,
29664,simple,26300227,,ชุด - adidas,1,0,visible,,,,,taxable,,1,1,,0,0,,,,,1,,,300,สินค้าและอุปกรณ์สำหรับเด็ก,,,,,,,,,,,,0,,สี,ครีม,1,1,Size (เสื้อ),L,1,1,,,,,,,,,
29665,simple,26300228,,กางเกง - M&S,1,0,visible,,,,,taxable,,1,1,,0,0,,,,,1,,,300,สินค้าและอุปกรณ์สำหรับเด็ก,,,,,,,,,,,,0,,สี,ครีม,1,1,Size (เสื้อ),XL,1,1,,,,,,,,,
29666,simple,26300229,,ชุด - adidas,1,0,visible,,,,,taxable,,1,1,,0,0,,,,,1,,,250,สินค้าและอุปกรณ์สำหรับเด็ก,,,,,,,,,,,,0,,สี,ครีม,1,1,Size (เสื้อ),M,1,1,,,,,,,,,
29667,simple,26300230,,กางเกง - ZARA,1,0,visible,,,,,taxable,,1,1,,0,0,,,,,1,,,300,สินค้าและอุปกรณ์สำหรับเด็ก,,,,,,,,,,,,0,,สี,เทา,1,1,Size (เสื้อ),L,1,1,,,,,,,,,
29668,simple,26300231,,กางเกง - GAP,1,0,visible,,,,,taxable,,1,1,,0,0,,,,,1,,,300,สินค้าและอุปกรณ์สำหรับเด็ก,,,,,,,,,,,,0,,สี,เทา,1,1,Size (เสื้อ),M,1,1,,,,,,,,,
29669,simple,26300232,,กางเกง - M&S,1,0,visible,,,,,taxable,,1,1,,0,0,,,,,1,,,300,สินค้าและอุปกรณ์สำหรับเด็ก,,,,,,,,,,,,0,,สี,เทา,1,1,Size (เสื้อ),M,1,1,,,,,,,,,
29670,simple,26300233,,กางเกง - M&S,1,0,visible,,,,,taxable,,0,0,,0,0,,,,,1,,,300,สินค้าและอุปกรณ์สำหรับเด็ก,,,,,,,,,,,,0,,สี,เทา,1,1,Size (เสื้อ),XL,1,1,,,,,,,,,
29671,simple,26300234,,กางเกง - ZARA,1,0,visible,,,,,taxable,,1,1,,0,0,,,,,1,,,300,สินค้าและอุปกรณ์สำหรับเด็ก,,,,,,,,,,,,0,,สี,ขาว,1,1,Size (เสื้อ),12M,1,1,,,,,,,,,
29672,simple,26300235,,เสื้อยืด - Disney,1,0,visible,,,,,taxable,,1,1,,0,0,,,,,1,,,300,สินค้าและอุปกรณ์สำหรับเด็ก,,,,,,,,,,,,0,,สี,เขียว,1,1,Size (เสื้อ),L,1,1,,,,,,,,,
29673,simple,26300236,,กางเกง - ZARA,1,0,visible,,,,,taxable,,1,1,,0,0,,,,,1,,,300,สินค้าและอุปกรณ์สำหรับเด็ก,,,,,,,,,,,,0,,สี,เขียว,1,1,Size (เสื้อ),M,1,1,,,,,,,,,
29674,simple,26300237,,กางเกง - M&S,1,0,visible,,,,,taxable,,1,1,,0,0,,,,,1,,,300,สินค้าและอุปกรณ์สำหรับเด็ก,,,,,,,,,,,,0,,สี,เขียว,1,1,Size (เสื้อ),XL,1,1,,,,,,,,,
29675,simple,26300238,,กางเกง - ZARA,1,0,visible,,,,,taxable,,1,1,,0,0,,,,,1,,,300,สินค้าและอุปกรณ์สำหรับเด็ก,,,,,,,,,,,,0,,สี,เขียว,1,1,Size (เสื้อ),M,1,1,,,,,,,,,
29676,simple,26300239,,กางเกง - M&S,1,0,visible,,,,,taxable,,1,1,,0,0,,,,,1,,,300,สินค้าและอุปกรณ์สำหรับเด็ก,,,,,,,,,,,,0,,สี,หลากสี,1,1,Size (เสื้อ),XL,1,1,,,,,,,,,
29677,simple,26300240,,เสื้อยืด - GAP,1,0,visible,,,,,taxable,,0,0,,0,0,,,,,1,,,300,สินค้าและอุปกรณ์สำหรับเด็ก,,,,,,,,,,,,0,,สี,หลากสี,1,1,Size (เสื้อ),M,1,1,,,,,,,,,
29678,simple,26300241,,เสื้อยืด - POLO,1,0,visible,,,,,taxable,,1,1,,0,0,,,,,1,,,300,สินค้าและอุปกรณ์สำหรับเด็ก,,,,,,,,,,,,0,,สี,หลากสี,1,1,Size (เสื้อ),XL,1,1,,,,,,,,,
29679,simple,26300242,,เสื้อยืด - POLO,1,0,visible,,,,,taxable,,0,0,,0,0,,,,,1,,,300,สินค้าและอุปกรณ์สำหรับเด็ก,,,,,,,,,,,,0,,สี,หลากสี,1,1,Size (เสื้อ),M,1,1,,,,,,,,,
29680,simple,26300243,,เสื้อยืด - POLO,1,0,visible,,,,,taxable,,1,1,,0,0,,,,,1,,,20,สินค้าและอุปกรณ์สำหรับเด็ก,,,,,,,,,,,,0,,สี,ฟ้า,0,0,,,,,,,,,,,,,
29681,simple,26300244,,เสื้อยืด - POLO,1,0,visible,,,,,taxable,,1,1,,0,0,,,,,1,,,20,สินค้าและอุปกรณ์สำหรับเด็ก,,,,,,,,,,,,0,,สี,เทา,0,0,,,,,,,,,,,,,
29682,simple,26300245,,เสื้อยืด - POLO,1,0,visible,,,,,taxable,,1,1,,0,0,,,,,1,,,250,สินค้าและอุปกรณ์สำหรับเด็ก,,,,,,,,,,,,0,,สี,ยีนส์,1,1,Size (กางเกง),5-6Y,1,1,,,,,,,,,
29683,simple,26300246,,เสื้อ - POLO,1,0,visible,,,,,taxable,,1,1,,0,0,,,,,1,,,250,สินค้าและอุปกรณ์สำหรับเด็ก,,,,,,,,,,,,0,,สี,ขาว,1,1,Size (กางเกง),4-5Y,1,1,,,,,,,,,
29684,simple,26300247,,เสื้อ - POLO,1,0,visible,,,,,taxable,,0,0,,0,0,,,,,1,,,300,สินค้าและอุปกรณ์สำหรับเด็ก,,,,,,,,,,,,0,,สี,น้ำตาล,1,1,Size (กางเกง),5-6Y,1,1,,,,,,,,,
29685,simple,26300248,,เสื้อยืด - RALPH LAUREN,1,0,visible,,,,,taxable,,1,1,,0,0,,,,,1,,,300,สินค้าและอุปกรณ์สำหรับเด็ก,,,,,,,,,,,,0,,สี,ขาว,1,1,Size (กางเกง),3-4Y,1,1,,,,,,,,,
29686,simple,26300249,,เสื้อเชิ้ต - RALPH LAUREN,1,0,visible,,,,,taxable,,1,1,,0,0,,,,,1,,,300,สินค้าและอุปกรณ์สำหรับเด็ก,,,,,,,,,,,,0,,สี,ขาว,1,1,Size (กางเกง),5-6Y,1,1,,,,,,,,,
29687,simple,26300250,,เสื้อยืด - PLAY,1,0,visible,,,,,taxable,,1,1,,0,0,,,,,1,,,300,สินค้าและอุปกรณ์สำหรับเด็ก,,,,,,,,,,,,0,,สี,ยีนส์,1,1,Size (กางเกง),3-4Y,1,1,,,,,,,,,
29688,simple,26300251,,กางเกง - M&S,1,0,visible,,,,,taxable,,1,1,,0,0,,,,,1,,,250,สินค้าและอุปกรณ์สำหรับเด็ก,,,,,,,,,,,,0,,สี,ฟ้า,1,1,Size (กางเกง),4-5Y,1,1,,,,,,,,,
29689,simple,26300252,,กางเกง - ZARA,1,0,visible,,,,,taxable,,1,1,,0,0,,,,,1,,,250,สินค้าและอุปกรณ์สำหรับเด็ก,,,,,,,,,,,,0,,สี,น้ำเงิน,1,1,Size (เสื้อ),3T,1,1,,,,,,,,,
29690,simple,26300253,,เสื้อ - POLO,1,0,visible,,,,,taxable,,1,1,,0,0,,,,,1,,,450,สินค้าและอุปกรณ์สำหรับเด็ก,,,,,,,,,,,,0,,สี,ขาว,1,1,Size (เสื้อ),5t,1,1,,,,,,,,,
29691,simple,26300254,,กางเกง - M&S,1,0,visible,,,,,taxable,,1,1,,0,0,,,,,1,,,230,สินค้าและอุปกรณ์สำหรับเด็ก,,,,,,,,,,,,0,,สี,ดำ,1,1,Size (เสื้อ),6-8Y,1,1,,,,,,,,,
29692,simple,26300255,,เสื้อ - POLO,1,0,visible,,,,,taxable,,1,1,,0,0,,,,,1,,,250,สินค้าและอุปกรณ์สำหรับเด็ก,,,,,,,,,,,,0,,สี,ขาว,1,1,Size (กางเกง),3-4Y,1,1,,,,,,,,,
29693,simple,26300256,,เสื้อเชิ้ต - RALPH LAUREN,1,0,visible,,,,,taxable,,1,1,,0,0,,,,,1,,,230,สินค้าและอุปกรณ์สำหรับเด็ก,,,,,,,,,,,,0,,สี,เทา,1,1,Size (เสื้อ),XS,1,1,,,,,,,,,
29694,simple,26300257,,กางเกง - M&S,1,0,visible,,,,,taxable,,1,1,,0,0,,,,,1,,,230,สินค้าและอุปกรณ์สำหรับเด็ก,,,,,,,,,,,,0,,สี,ดำ,1,1,Size (เสื้อ),S,1,1,,,,,,,,,
29695,simple,26300258,,กางเกง - M&S,1,0,visible,,,,,taxable,,1,1,,0,0,,,,,1,,,250,สินค้าและอุปกรณ์สำหรับเด็ก,,,,,,,,,,,,0,,สี,เทา,1,1,Size (กางเกง),2-3Y,1,1,,,,,,,,,
29696,simple,26300259,,เสื้อ - POLO,1,0,visible,,,,,taxable,,0,0,,0,0,,,,,1,,,250,สินค้าและอุปกรณ์สำหรับเด็ก,,,,,,,,,,,,0,,สี,เขียว,1,1,Size (กางเกง),3-4Y,1,1,,,,,,,,,
29697,simple,26300260,,กางเกง - M&S,1,0,visible,,,,,taxable,,1,1,,0,0,,,,,1,,,300,สินค้าและอุปกรณ์สำหรับเด็ก,,,,,,,,,,,,0,,สี,ยีนส์,1,1,Size (กางเกง),3-4Y,1,1,,,,,,,,,
29698,simple,26300261,,กางเกง - ZARA,1,0,visible,,,,,taxable,,1,1,,0,0,,,,,1,,,230,สินค้าและอุปกรณ์สำหรับเด็ก,,,,,,,,,,,,0,,สี,เทา,1,1,Size (เสื้อ),XS,1,1,,,,,,,,,
29699,simple,26300262,,เสื้อยืด - Disney,1,0,visible,,,,,taxable,,1,1,,0,0,,,,,1,,,300,สินค้าและอุปกรณ์สำหรับเด็ก,,,,,,,,,,,,0,,สี,เขียว,1,1,Size (กางเกง),4-5Y,1,1,,,,,,,,,
29700,simple,26300263,,กางเกง - M&S,1,0,visible,,,,,taxable,,1,1,,0,0,,,,,1,,,300,สินค้าและอุปกรณ์สำหรับเด็ก,,,,,,,,,,,,0,,สี,น้ำตาล,1,1,Size (กางเกง),2-3Y,1,1,,,,,,,,,
29701,simple,26300264,,กางเกง - M&S,1,0,visible,,,,,taxable,,1,1,,0,0,,,,,1,,,250,สินค้าและอุปกรณ์สำหรับเด็ก,,,,,,,,,,,,0,,สี,ฟ้า,1,1,Size (เสื้อ),4T,1,1,,,,,,,,,
29702,simple,26300265,,กางเกง - M&S,1,0,visible,,,,,taxable,,1,1,,0,0,,,,,1,,,250,สินค้าและอุปกรณ์สำหรับเด็ก,,,,,,,,,,,,0,,สี,ยีนส์,1,1,Size (กางเกง),5-6Y,1,1,,,,,,,,,
29703,simple,26300266,,เสื้อยืด - Disney,1,0,visible,,,,,taxable,,1,1,,0,0,,,,,1,,,250,สินค้าและอุปกรณ์สำหรับเด็ก,,,,,,,,,,,,0,,สี,เทา,1,1,Size (กางเกง),5-6Y,1,1,,,,,,,,,
29704,simple,26300267,,เสื้อยืด - Disney,1,0,visible,,,,,taxable,,1,1,,0,0,,,,,1,,,250,สินค้าและอุปกรณ์สำหรับเด็ก,,,,,,,,,,,,0,,สี,ฟ้า,1,1,Size (เสื้อ),3T,1,1,,,,,,,,,
29705,simple,26300268,,กางเกง - M&S,1,0,visible,,,,,taxable,,1,1,,0,0,,,,,1,,,250,สินค้าและอุปกรณ์สำหรับเด็ก,,,,,,,,,,,,0,,สี,น้ำเงิน,1,1,Size (เสื้อ),4T,1,1,,,,,,,,,
29706,simple,26300269,,เสื้อยืด - H&M,1,0,visible,,,,,taxable,,1,1,,0,0,,,,,1,,,300,สินค้าและอุปกรณ์สำหรับเด็ก,,,,,,,,,,,,0,,สี,ยีนส์,1,1,Size (กางเกง),4-5Y,1,1,,,,,,,,,
29707,simple,26300270,,ชุด - adidas,1,0,visible,,,,,taxable,,0,0,,0,0,,,,,1,,,250,สินค้าและอุปกรณ์สำหรับเด็ก,,,,,,,,,,,,0,,สี,เขียว,1,1,Size (เสื้อ),3T,1,1,,,,,,,,,
29708,simple,26300271,,เสื้อ - POLO,1,0,visible,,,,,taxable,,1,1,,0,0,,,,,1,,,300,สินค้าและอุปกรณ์สำหรับเด็ก,,,,,,,,,,,,0,,สี,เขียว,1,1,Size (กางเกง),5-6Y,1,1,,,,,,,,,
29709,simple,26300272,,กางเกง - ZARA,1,0,visible,,,,,taxable,,1,1,,0,0,,,,,1,,,300,สินค้าและอุปกรณ์สำหรับเด็ก,,,,,,,,,,,,0,,สี,ยีนส์,1,1,Size (กางเกง),4-5Y,1,1,,,,,,,,,
29710,simple,26300273,,กางเกง - M&S,1,0,visible,,,,,taxable,,1,1,,0,0,,,,,1,,,250,สินค้าและอุปกรณ์สำหรับเด็ก,,,,,,,,,,,,0,,สี,ขาว,1,1,Size (เสื้อ),ไม่มี,1,1,,,,,,,,,
29711,simple,26300274,,กางเกง - ZARA,1,0,visible,,,,,taxable,,1,1,,0,0,,,,,1,,,400,สินค้าและอุปกรณ์สำหรับเด็ก,,,,,,,,,,,,0,,สี,เขียว,1,1,Size (เสื้อ),24M,1,1,,,,,,,,,
29712,simple,26300275,,กางเกง - ZARA,1,0,visible,,,,,taxable,,1,1,,0,0,,,,,1,,,250,สินค้าและอุปกรณ์สำหรับเด็ก,,,,,,,,,,,,0,,สี,ฟ้า,1,1,Size (เสื้อ),12M,1,1,,,,,,,,,
29713,simple,26300276,,กางเกง - ZARA,1,0,visible,,,,,taxable,,1,1,,0,0,,,,,1,,,250,สินค้าและอุปกรณ์สำหรับเด็ก,,,,,,,,,,,,0,,สี,ดำ,1,1,Size (เสื้อ),3T,1,1,,,,,,,,,
29714,simple,26300277,,กางเกง - M&S,1,0,visible,,,,,taxable,,1,1,,0,0,,,,,1,,,250,สินค้าและอุปกรณ์สำหรับเด็ก,,,,,,,,,,,,0,,สี,เหลือง,1,1,Size (เสื้อ),3T,1,1,,,,,,,,,
29715,simple,26300278,,กางเกง - M&S,1,0,visible,,,,,taxable,,1,1,,0,0,,,,,1,,,250,สินค้าและอุปกรณ์สำหรับเด็ก,,,,,,,,,,,,0,,สี,ขาว,1,1,Size (เสื้อ),4T,1,1,,,,,,,,,
29716,simple,26300279,,ถุงเท้า - ไม่มี,1,0,visible,,,,,taxable,,1,1,,0,0,,,,,1,,,250,สินค้าและอุปกรณ์สำหรับเด็ก,,,,,,,,,,,,0,,สี,ม่วง,1,1,Size (เสื้อ),4T,1,1,,,,,,,,,
29717,simple,26300280,,ถุงเท้า - ไม่มี,1,0,visible,,,,,taxable,,1,1,,0,0,,,,,1,,,250,สินค้าและอุปกรณ์สำหรับเด็ก,,,,,,,,,,,,0,,สี,ฟ้า,1,1,Size (เสื้อ),4T,1,1,,,,,,,,,
29718,simple,26300281,,เสื้อ - Tiny Tale,1,0,visible,,,,,taxable,,1,1,,0,0,,,,,1,,,250,สินค้าและอุปกรณ์สำหรับเด็ก,,,,,,,,,,,,0,,สี,ฟ้า,1,1,Size (เสื้อ),4T,1,1,,,,,,,,,
29719,simple,26300282,,เสื้อ - Tiny Tale,1,0,visible,,,,,taxable,,1,1,,0,0,,,,,1,,,250,สินค้าและอุปกรณ์สำหรับเด็ก,,,,,,,,,,,,0,,สี,ชมพู,1,1,Size (เสื้อ),4T,1,1,,,,,,,,,
29720,simple,26300283,,เสื้อ - Tiny Tale,1,0,visible,,,,,taxable,,1,1,,0,0,,,,,1,,,230,สินค้าและอุปกรณ์สำหรับเด็ก,,,,,,,,,,,,0,,สี,แดง,1,1,Size (เสื้อ),5Y,1,1,,,,,,,,,
29721,simple,26300284,,เสื้อ - Tiny Tale,1,0,visible,,,,,taxable,,1,1,,0,0,,,,,1,,,250,สินค้าและอุปกรณ์สำหรับเด็ก,,,,,,,,,,,,0,,สี,ขาว,1,1,Size (กางเกง),3-4Y,1,1,,,,,,,,,
29722,simple,26300285,,เสื้อ - Tiny Tale,1,0,visible,,,,,taxable,,1,1,,0,0,,,,,1,,,300,สินค้าและอุปกรณ์สำหรับเด็ก,,,,,,,,,,,,0,,สี,เขียว,1,1,Size (กางเกง),4-5Y,1,1,,,,,,,,,
29723,simple,26300286,,เสื้อ - Tiny Tale,1,0,visible,,,,,taxable,,1,1,,0,0,,,,,1,,,250,สินค้าและอุปกรณ์สำหรับเด็ก,,,,,,,,,,,,0,,สี,ยีนส์,1,1,Size (กางเกง),5-6Y,1,1,,,,,,,,,
29724,simple,26300287,,เสื้อ - Tiny Tale,1,0,visible,,,,,taxable,,1,1,,0,0,,,,,1,,,300,สินค้าและอุปกรณ์สำหรับเด็ก,,,,,,,,,,,,0,,สี,เทา,1,1,Size (กางเกง),4-5Y,1,1,,,,,,,,,
29725,simple,26300288,,เสื้อ - Tiny Tale,1,0,visible,,,,,taxable,,1,1,,0,0,,,,,1,,,230,สินค้าและอุปกรณ์สำหรับเด็ก,,,,,,,,,,,,0,,สี,แดง,1,1,Size (เสื้อ),4T,1,1,,,,,,,,,
29726,simple,26300289,,เสื้อเชิ้ต - RALPH LAUREN,1,0,visible,,,,,taxable,,1,1,,0,0,,,,,1,,,300,สินค้าและอุปกรณ์สำหรับเด็ก,,,,,,,,,,,,0,,สี,เขียว,1,1,Size (กางเกง),3-4Y,1,1,,,,,,,,,
29727,simple,26300290,,เสื้อ - Tiny Tale,1,0,visible,,,,,taxable,,1,1,,0,0,,,,,1,,,250,สินค้าและอุปกรณ์สำหรับเด็ก,,,,,,,,,,,,0,,สี,ขาว,1,1,Size (กางเกง),3-4Y,1,1,,,,,,,,,
29728,simple,26300291,,เสื้อ - Tiny Tale,1,0,visible,,,,,taxable,,1,1,,0,0,,,,,1,,,300,สินค้าและอุปกรณ์สำหรับเด็ก,,,,,,,,,,,,0,,สี,ยีนส์,1,1,Size (กางเกง),4-5Y,1,1,,,,,,,,,
29729,simple,26300292,,เสื้อ - Tiny Tale,1,0,visible,,,,,taxable,,1,1,,0,0,,,,,1,,,250,สินค้าและอุปกรณ์สำหรับเด็ก,,,,,,,,,,,,0,,สี,ยีนส์,1,1,Size (กางเกง),5Y,1,1,,,,,,,,,
29730,simple,26300293,,เสื้อ - Tiny Tale,1,0,visible,,,,,taxable,,1,1,,0,0,,,,,1,,,300,สินค้าและอุปกรณ์สำหรับเด็ก,,,,,,,,,,,,0,,สี,น้ำตาล,1,1,Size (กางเกง),3-4Y,1,1,,,,,,,,,
29731,simple,26300294,,เสื้อ - Tiny Tale,1,0,visible,,,,,taxable,,1,1,,0,0,,,,,1,,,450,สินค้าและอุปกรณ์สำหรับเด็ก,,,,,,,,,,,,0,,สี,แดง,1,1,Size (เสื้อ),4T,1,1,,,,,,,,,
29732,simple,26300295,,เสื้อ - Tiny Tale,1,0,visible,,,,,taxable,,1,1,,0,0,,,,,1,,,250,สินค้าและอุปกรณ์สำหรับเด็ก,,,,,,,,,,,,0,,สี,น้ำตาล,1,1,Size (กางเกง),5-6Y,1,1,,,,,,,,,
29733,simple,26300296,,เสื้อ - Tiny Tale,1,0,visible,,,,,taxable,,1,1,,0,0,,,,,1,,,450,สินค้าและอุปกรณ์สำหรับเด็ก,,,,,,,,,,,,0,,สี,ขาว,1,1,Size (เสื้อ),3T,1,1,,,,,,,,,
29734,simple,26300297,,เสื้อเชิ้ต - RALPH LAUREN,1,0,visible,,,,,taxable,,0,0,,0,0,,,,,1,,,250,สินค้าและอุปกรณ์สำหรับเด็ก,,,,,,,,,,,,0,,สี,เขียว,1,1,Size (เสื้อ),3T,1,1,,,,,,,,,
29735,simple,26300298,,เสื้อเชิ้ต - RALPH LAUREN,1,0,visible,,,,,taxable,,0,0,,0,0,,,,,1,,,250,สินค้าและอุปกรณ์สำหรับเด็ก,,,,,,,,,,,,0,,สี,ขาว,1,1,Size (เสื้อ),2T,1,1,,,,,,,,,
29736,simple,26300299,,เสื้อเชิ้ต - RALPH LAUREN,1,0,visible,,,,,taxable,,1,1,,0,0,,,,,1,,,450,สินค้าและอุปกรณ์สำหรับเด็ก,,,,,,,,,,,,0,,สี,แดง,1,1,Size (เสื้อ),3T,1,1,,,,,,,,,
29737,simple,26300300,,เสื้อ - Papillon,1,0,visible,,,,,taxable,,1,1,,0,0,,,,,1,,,300,สินค้าและอุปกรณ์สำหรับเด็ก,,,,,,,,,,,,0,,สี,น้ำตาล,1,1,Size (กางเกง),5Y,1,1,,,,,,,,,
29738,simple,26300301,,เสื้อ - Papillon,1,0,visible,,,,,taxable,,1,1,,0,0,,,,,1,,,300,สินค้าและอุปกรณ์สำหรับเด็ก,,,,,,,,,,,,0,,สี,ดำ,1,1,Size (กางเกง),4-5Y,1,1,,,,,,,,,
29739,simple,26300302,,เสื้อ - Papillon,1,0,visible,,,,,taxable,,1,1,,0,0,,,,,1,,,230,สินค้าและอุปกรณ์สำหรับเด็ก,,,,,,,,,,,,0,,สี,แดง,1,1,Size (เสื้อ),XS,1,1,,,,,,,,,
29740,simple,26300303,,เสื้อ - Papillon,1,0,visible,,,,,taxable,,1,1,,0,0,,,,,1,,,400,สินค้าและอุปกรณ์สำหรับเด็ก,,,,,,,,,,,,0,,สี,น้ำเงิน,1,1,Size (เสื้อ),2T,1,1,,,,,,,,,
29741,simple,26300304,,เสื้อ - ไม่มี,1,0,visible,,,,,taxable,,1,1,,0,0,,,,,1,,,230,สินค้าและอุปกรณ์สำหรับเด็ก,,,,,,,,,,,,0,,สี,ขาว,1,1,Size (เสื้อ),XS,1,1,,,,,,,,,
29742,simple,26300305,,เสื้อ - ไม่มี,1,0,visible,,,,,taxable,,1,1,,0,0,,,,,1,,,250,สินค้าและอุปกรณ์สำหรับเด็ก,,,,,,,,,,,,0,,สี,น้ำตาล,1,1,Size (กางเกง),4-5Y,1,1,,,,,,,,,
29743,simple,26300306,,เสื้อ - ไม่มี,1,0,visible,,,,,taxable,,1,1,,0,0,,,,,1,,,230,สินค้าและอุปกรณ์สำหรับเด็ก,,,,,,,,,,,,0,,สี,เหลือง,1,1,Size (เสื้อ),XS,1,1,,,,,,,,,
29744,simple,26300307,,เสื้อ - ไม่มี,1,0,visible,,,,,taxable,,1,1,,0,0,,,,,1,,,250,สินค้าและอุปกรณ์สำหรับเด็ก,,,,,,,,,,,,0,,สี,ขาว,1,1,Size (กางเกง),4-5Y,1,1,,,,,,,,,
29745,simple,26300308,,เสื้อ - ไม่มี,1,0,visible,,,,,taxable,,1,1,,0,0,,,,,1,,,300,สินค้าและอุปกรณ์สำหรับเด็ก,,,,,,,,,,,,0,,สี,น้ำเงิน,1,1,Size (กางเกง),6Y,1,1,,,,,,,,,
29746,simple,26300309,,เสื้อ - ไม่มี,1,0,visible,,,,,taxable,,1,1,,0,0,,,,,1,,,300,สินค้าและอุปกรณ์สำหรับเด็ก,,,,,,,,,,,,0,,สี,ดำ,1,1,Size (กางเกง),3-4Y,1,1,,,,,,,,,
29747,simple,26300310,,ชุด - BABY LOVETT,1,0,visible,,,,,taxable,,1,1,,0,0,,,,,1,,,250,สินค้าและอุปกรณ์สำหรับเด็ก,,,,,,,,,,,,0,,สี,ยีนส์,1,1,Size (กางเกง),2-3Y,1,1,,,,,,,,,
29748,simple,26300311,,ชุด - BABY LOVETT,1,0,visible,,,,,taxable,,1,1,,0,0,,,,,1,,,80,สินค้าและอุปกรณ์สำหรับเด็ก,,,,,,,,,,,,0,,สี,ส้ม,1,1,Size (กางเกง),2-3 ปี,1,1,,,,,,,,,
29749,simple,26300312,,ชุด - ไม่มี,1,0,visible,,,,,taxable,,1,1,,0,0,,,,,1,,,250,สินค้าและอุปกรณ์สำหรับเด็ก,,,,,,,,,,,,0,,สี,เขียว,1,1,Size (กางเกง),5-6Y,1,1,,,,,,,,,
29750,simple,26300313,,ชุด - ไม่มี,1,0,visible,,,,,taxable,,1,1,,0,0,,,,,1,,,230,สินค้าและอุปกรณ์สำหรับเด็ก,,,,,,,,,,,,0,,สี,เทา,1,1,Size (เสื้อ),ไม่มี,1,1,,,,,,,,,
29751,simple,26300314,,เสื้อเชิ้ต - RALPH LAUREN,1,0,visible,,,,,taxable,,1,1,,0,0,,,,,1,,,300,สินค้าและอุปกรณ์สำหรับเด็ก,,,,,,,,,,,,0,,สี,เขียว,1,1,Size (กางเกง),2-3Y,1,1,,,,,,,,,
29752,simple,26300315,,เสื้อเชิ้ต - RALPH LAUREN,1,0,visible,,,,,taxable,,1,1,,0,0,,,,,1,,,250,สินค้าและอุปกรณ์สำหรับเด็ก,,,,,,,,,,,,0,,สี,น้ำเงิน,1,1,Size (เสื้อ),4T,1,1,,,,,,,,,
29753,simple,26300316,,เสื้อเชิ้ต - RALPH LAUREN,1,0,visible,,,,,taxable,,0,0,,0,0,,,,,1,,,100,สินค้าและอุปกรณ์สำหรับเด็ก,,,,,,,,,,,,0,,สี,ฟ้า,1,1,Size (เสื้อ),7,1,1,,,,,,,,,
29754,simple,26300317,,เสื้อเชิ้ต - RALPH LAUREN,1,0,visible,,,,,taxable,,1,1,,0,0,,,,,1,,,100,สินค้าและอุปกรณ์สำหรับเด็ก,,,,,,,,,,,,0,,สี,น้ำเงิน,1,1,Size (เสื้อ),XS,1,1,,,,,,,,,
29755,simple,26300318,,เสื้อเชิ้ต - RALPH LAUREN,1,0,visible,,,,,taxable,,0,0,,0,0,,,,,1,,,100,สินค้าและอุปกรณ์สำหรับเด็ก,,,,,,,,,,,,0,,สี,น้ำเงิน,1,1,Size (เสื้อ),S,1,1,,,,,,,,,
29756,simple,26300319,,เสื้อเชิ้ต - RALPH LAUREN,1,0,visible,,,,,taxable,,1,1,,0,0,,,,,1,,,500,สินค้าและอุปกรณ์สำหรับเด็ก,,,,,,,,,,,,0,,สี,น้ำตาล,1,1,Size (เสื้อ),S,1,1,,,,,,,,,
29757,simple,26300320,,เสื้อเชิ้ต - RALPH LAUREN,1,0,visible,,,,,taxable,,0,0,,0,0,,,,,1,,,500,สินค้าและอุปกรณ์สำหรับเด็ก,,,,,,,,,,,,0,,สี,แดง,1,1,Size (เสื้อ),100,1,1,,,,,,,,,
29758,simple,26300321,,เสื้อเชิ้ต - RALPH LAUREN,1,0,visible,,,,,taxable,,1,1,,0,0,,,,,1,,,250,สินค้าและอุปกรณ์สำหรับเด็ก,,,,,,,,,,,,0,,สี,เทา,1,1,Size (เสื้อ),3T,1,1,,,,,,,,,
29759,simple,26300322,,เสื้อเชิ้ต - RALPH LAUREN,1,0,visible,,,,,taxable,,1,1,,0,0,,,,,1,,,250,สินค้าและอุปกรณ์สำหรับเด็ก,,,,,,,,,,,,0,,สี,เทา,1,1,Size (เสื้อ),4T,1,1,,,,,,,,,
29760,simple,26300323,,เสื้อ - BABY MORNING,1,0,visible,,,,,taxable,,1,1,,0,0,,,,,1,,,250,สินค้าและอุปกรณ์สำหรับเด็ก,,,,,,,,,,,,0,,สี,ขาว,1,1,Size (เสื้อ),ไม่มี,1,1,,,,,,,,,
29761,simple,26300324,,เสื้อ - BABY MORNING,1,0,visible,,,,,taxable,,1,1,,0,0,,,,,1,,,250,สินค้าและอุปกรณ์สำหรับเด็ก,,,,,,,,,,,,0,,สี,ส้ม,1,1,Size (เสื้อ),4T,1,1,,,,,,,,,
29762,simple,26300325,,เสื้อ - BabenistA,1,0,visible,,,,,taxable,,1,1,,0,0,,,,,1,,,250,สินค้าและอุปกรณ์สำหรับเด็ก,,,,,,,,,,,,0,,สี,เหลือง,1,1,Size (เสื้อ),3T,1,1,,,,,,,,,
29763,simple,26300326,,เสื้อ - BabenistA,1,0,visible,,,,,taxable,,1,1,,0,0,,,,,1,,,300,สินค้าและอุปกรณ์สำหรับเด็ก,,,,,,,,,,,,0,,สี,ฟ้า,1,1,Size (เสื้อ),18M,1,1,,,,,,,,,
29764,simple,26300327,,เสื้อ - Tiny Whale,1,0,visible,,,,,taxable,,1,1,,0,0,,,,,1,,,300,สินค้าและอุปกรณ์สำหรับเด็ก,,,,,,,,,,,,0,,สี,น้ำเงิน,1,1,Size (เสื้อ),18M,1,1,,,,,,,,,
29765,simple,26300328,,เสื้อ - Tiny Whale,1,0,visible,,,,,taxable,,1,1,,0,0,,,,,1,,,250,สินค้าและอุปกรณ์สำหรับเด็ก,,,,,,,,,,,,0,,สี,เทา,1,1,Size (เสื้อ),18M,1,1,,,,,,,,,
29766,simple,26300329,,เสื้อ - Tiny Whale,1,0,visible,,,,,taxable,,1,1,,0,0,,,,,1,,,250,สินค้าและอุปกรณ์สำหรับเด็ก,,,,,,,,,,,,0,,สี,น้ำเงิน,1,1,Size (เสื้อ),18M,1,1,,,,,,,,,
29767,simple,26300330,,เสื้อ - Tiny Whale,1,0,visible,,,,,taxable,,1,1,,0,0,,,,,1,,,250,สินค้าและอุปกรณ์สำหรับเด็ก,,,,,,,,,,,,0,,สี,ขาว,1,1,Size (เสื้อ),18M,1,1,,,,,,,,,
29768,simple,26300331,,รองเท้า - adidas,1,0,visible,,,,,taxable,,0,0,,0,0,,,,,1,,,300,สินค้าและอุปกรณ์สำหรับเด็ก,,,,,,,,,,,,0,,สี,น้ำตาล,1,1,Size (กางเกง),18-24M,1,1,,,,,,,,,
29769,simple,26300332,,รองเท้า - CROCS,1,0,visible,,,,,taxable,,1,1,,0,0,,,,,1,,,300,สินค้าและอุปกรณ์สำหรับเด็ก,,,,,,,,,,,,0,,สี,ขาว,1,1,Size (กางเกง),3-4Y,1,1,,,,,,,,,
29770,simple,26300333,,รองเท้า - NIKE,1,0,visible,,,,,taxable,,1,1,,0,0,,,,,1,,,300,สินค้าและอุปกรณ์สำหรับเด็ก,,,,,,,,,,,,0,,สี,เทา,1,1,Size (กางเกง),18-24M,1,1,,,,,,,,,
29771,simple,26300334,,รองเท้า - SPERRY,1,0,visible,,,,,taxable,,1,1,,0,0,,,,,1,,,300,สินค้าและอุปกรณ์สำหรับเด็ก,,,,,,,,,,,,0,,สี,เทา,1,1,Size (กางเกง),4-5Y,1,1,,,,,,,,,
29772,simple,26300335,,รองเท้า - NIKE,1,0,visible,,,,,taxable,,1,1,,0,0,,,,,1,,,300,สินค้าและอุปกรณ์สำหรับเด็ก,,,,,,,,,,,,0,,สี,น้ำเงิน,1,1,Size (กางเกง),24M,1,1,,,,,,,,,
29773,simple,26300336,,รองเท้า - NEW BALANCE,1,0,visible,,,,,taxable,,0,0,,0,0,,,,,1,,,300,สินค้าและอุปกรณ์สำหรับเด็ก,,,,,,,,,,,,0,,สี,เทา,1,1,Size (กางเกง),4-5Y,1,1,,,,,,,,,
29774,simple,26300337,,รองเท้า - SPERRY,1,0,visible,,,,,taxable,,1,1,,0,0,,,,,1,,,300,สินค้าและอุปกรณ์สำหรับเด็ก,,,,,,,,,,,,0,,สี,น้ำเงิน,1,1,Size (กางเกง),24M,1,1,,,,,,,,,
29775,simple,26300338,,รองเท้า - ASLCS,1,0,visible,,,,,taxable,,1,1,,0,0,,,,,1,,,300,สินค้าและอุปกรณ์สำหรับเด็ก,,,,,,,,,,,,0,,สี,เทา,1,1,Size (กางเกง),2-3Y,1,1,,,,,,,,,
29776,simple,26300339,,รองเท้า - NIKE,1,0,visible,,,,,taxable,,1,1,,0,0,,,,,1,,,250,สินค้าและอุปกรณ์สำหรับเด็ก,,,,,,,,,,,,0,,สี,เทา,1,1,Size (กางเกง),2-3Y,1,1,,,,,,,,,
29777,simple,26300340,,รองเท้า - COMVERSE,1,0,visible,,,,,taxable,,1,1,,0,0,,,,,1,,,250,สินค้าและอุปกรณ์สำหรับเด็ก,,,,,,,,,,,,0,,สี,ฟ้า,1,1,Size (กางเกง),2-3Y,1,1,,,,,,,,,
29778,simple,26300341,,รองเท้า - adidas,1,0,visible,,,,,taxable,,0,0,,0,0,,,,,1,,,300,สินค้าและอุปกรณ์สำหรับเด็ก,,,,,,,,,,,,0,,สี,น้ำตาล,1,1,Size (กางเกง),4-5Y,1,1,,,,,,,,,
29779,simple,26300342,,รองเท้า - adidas,1,0,visible,,,,,taxable,,0,0,,0,0,,,,,1,,,300,สินค้าและอุปกรณ์สำหรับเด็ก,,,,,,,,,,,,0,,สี,น้ำตาล,1,1,Size (กางเกง),2-3Y,1,1,,,,,,,,,
29780,simple,26300343,,รองเท้า - NATIVE,1,0,visible,,,,,taxable,,1,1,,0,0,,,,,1,,,300,สินค้าและอุปกรณ์สำหรับเด็ก,,,,,,,,,,,,0,,สี,น้ำตาล,1,1,Size (กางเกง),4-5Y,1,1,,,,,,,,,
29781,simple,26300344,,รองเท้า - MARVEL,1,0,visible,,,,,taxable,,1,1,,0,0,,,,,1,,,300,สินค้าและอุปกรณ์สำหรับเด็ก,,,,,,,,,,,,0,,สี,น้ำเงิน,1,1,Size (กางเกง),3-4Y,1,1,,,,,,,,,
29782,simple,26300345,,รองเท้า - SEGA,1,0,visible,,,,,taxable,,1,1,,0,0,,,,,1,,,300,สินค้าและอุปกรณ์สำหรับเด็ก,,,,,,,,,,,,0,,สี,น้ำตาล,1,1,Size (กางเกง),4-5Y,1,1,,,,,,,,,
29783,simple,26300346,,รองเท้า - NIKE,1,0,visible,,,,,taxable,,0,0,,0,0,,,,,1,,,300,สินค้าและอุปกรณ์สำหรับเด็ก,,,,,,,,,,,,0,,สี,ดำ,1,1,Size (กางเกง),4-5Y,1,1,,,,,,,,,
29784,simple,26300347,,รองเท้า - CAKE CUSH,1,0,visible,,,,,taxable,,1,1,,0,0,,,,,1,,,300,สินค้าและอุปกรณ์สำหรับเด็ก,,,,,,,,,,,,0,,สี,ดำ,1,1,Size (กางเกง),3-4Y,1,1,,,,,,,,,
29785,simple,26300349,,รองเท้า - ASLCS,1,0,visible,,,,,taxable,,1,1,,0,0,,,,,1,,,500,สินค้าและอุปกรณ์สำหรับเด็ก,,,,,,,,,,,,0,,สี,แดง,1,1,Size (เสื้อ),2T,1,1,,,,,,,,,
29786,simple,26300350,,รองเท้า - NEW BALANCE,1,0,visible,,,,,taxable,,1,1,,0,0,,,,,1,,,500,สินค้าและอุปกรณ์สำหรับเด็ก,,,,,,,,,,,,0,,สี,ครีม,1,1,Size (เสื้อ),6-8Y,1,1,,,,,,,,,
29787,simple,26300351,,รองเท้า - adidas,1,0,visible,,,,,taxable,,1,1,,0,0,,,,,1,,,500,สินค้าและอุปกรณ์สำหรับเด็ก,,,,,,,,,,,,0,,สี,น้ำเงิน,1,1,Size (เสื้อ),104CM,1,1,,,,,,,,,
29788,simple,26300352,,รองเท้า - adidas,1,0,visible,,,,,taxable,,1,1,,0,0,,,,,1,,,500,สินค้าและอุปกรณ์สำหรับเด็ก,,,,,,,,,,,,0,,สี,เทา,1,1,Size (เสื้อ),ไม่มี,1,1,,,,,,,,,
29789,simple,26300353,,รองเท้า - NIKE,1,0,visible,,,,,taxable,,1,1,,0,0,,,,,1,,,500,สินค้าและอุปกรณ์สำหรับเด็ก,,,,,,,,,,,,0,,สี,ครีม,1,1,Size (เสื้อ),2-4Y,1,1,,,,,,,,,
29790,simple,26300354,,รองเท้า - NEW BALANCE,1,0,visible,,,,,taxable,,1,1,,0,0,,,,,1,,,500,สินค้าและอุปกรณ์สำหรับเด็ก,,,,,,,,,,,,0,,สี,เทา,1,1,Size (เสื้อ),ไม่มี,1,1,,,,,,,,,
29791,simple,26300355,,รองเท้า - NIKE,1,0,visible,,,,,taxable,,1,1,,0,0,,,,,1,,,500,สินค้าและอุปกรณ์สำหรับเด็ก,,,,,,,,,,,,0,,สี,ดำ,1,1,Size (เสื้อ),ไม่มี,1,1,,,,,,,,,
29792,simple,26300356,,รองเท้า - adidas,1,0,visible,,,,,taxable,,1,1,,0,0,,,,,1,,,500,สินค้าและอุปกรณ์สำหรับเด็ก,,,,,,,,,,,,0,,สี,ดำ,1,1,Size (เสื้อ),6-8Y,1,1,,,,,,,,,
29793,simple,26300357,,รองเท้า - adidas,1,0,visible,,,,,taxable,,0,0,,0,0,,,,,1,,,500,สินค้าและอุปกรณ์สำหรับเด็ก,,,,,,,,,,,,0,,สี,แดง,1,1,Size (เสื้อ),5t,1,1,,,,,,,,,
29794,simple,26300358,,รองเท้า - NATIVE,1,0,visible,,,,,taxable,,0,0,,0,0,,,,,1,,,500,สินค้าและอุปกรณ์สำหรับเด็ก,,,,,,,,,,,,0,,สี,แดง,1,1,Size (เสื้อ),2T,1,1,,,,,,,,,
29795,simple,26300359,,รองเท้า - NATIVE,1,0,visible,,,,,taxable,,1,1,,0,0,,,,,1,,,500,สินค้าและอุปกรณ์สำหรับเด็ก,,,,,,,,,,,,0,,สี,ครีม,1,1,Size (เสื้อ),S,1,1,,,,,,,,,
29796,simple,26300360,,รองเท้า - NATIVE,1,0,visible,,,,,taxable,,1,1,,0,0,,,,,1,,,500,สินค้าและอุปกรณ์สำหรับเด็ก,,,,,,,,,,,,0,,สี,น้ำตาล,1,1,Size (เสื้อ),18-24M,1,1,,,,,,,,,
29797,simple,26300361,,ถุงเท้า - ไม่มี,1,0,visible,,,,,taxable,,1,1,,0,0,,,,,1,,,500,สินค้าและอุปกรณ์สำหรับเด็ก,,,,,,,,,,,,0,,สี,เทา,1,1,Size (เสื้อ),18-24M,1,1,,,,,,,,,
29798,simple,26300362,,ถุงเท้า - ไม่มี,1,0,visible,,,,,taxable,,1,1,,0,0,,,,,1,,,500,สินค้าและอุปกรณ์สำหรับเด็ก,,,,,,,,,,,,0,,สี,น้ำเงิน,1,1,Size (เสื้อ),4-5Y,1,1,,,,,,,,,
29799,simple,26300363,,ถุงเท้า - ไม่มี,1,0,visible,,,,,taxable,,1,1,,0,0,,,,,1,,,500,สินค้าและอุปกรณ์สำหรับเด็ก,,,,,,,,,,,,0,,สี,น้ำเงิน,1,1,Size (เสื้อ),2-3Y,1,1,,,,,,,,,
29800,simple,26300364,,ถุงเท้า - ไม่มี,1,0,visible,,,,,taxable,,1,1,,0,0,,,,,1,,,500,สินค้าและอุปกรณ์สำหรับเด็ก,,,,,,,,,,,,0,,สี,ครีม,1,1,Size (เสื้อ),XS,1,1,,,,,,,,,
29801,simple,26300365,,ถุงเท้า - ไม่มี,1,0,visible,,,,,taxable,,1,1,,0,0,,,,,1,,,600,สินค้าและอุปกรณ์สำหรับเด็ก,,,,,,,,,,,,0,,สี,เขียว,1,1,Size (เสื้อ),18-24M,1,1,,,,,,,,,
29802,simple,26300366,,ถุงเท้า - ไม่มี,1,0,visible,,,,,taxable,,1,1,,0,0,,,,,1,,,500,สินค้าและอุปกรณ์สำหรับเด็ก,,,,,,,,,,,,0,,สี,แดง,1,1,Size (เสื้อ),ไม่มี,1,1,,,,,,,,,
29803,simple,26300367,,ถุงเท้า - ไม่มี,1,0,visible,,,,,taxable,,1,1,,0,0,,,,,1,,,600,สินค้าและอุปกรณ์สำหรับเด็ก,,,,,,,,,,,,0,,สี,ดำ,1,1,Size (เสื้อ),12-18M,1,1,,,,,,,,,
29804,simple,26300368,,ถุงเท้า - ไม่มี,1,0,visible,,,,,taxable,,1,1,,0,0,,,,,1,,,500,สินค้าและอุปกรณ์สำหรับเด็ก,,,,,,,,,,,,0,,สี,แดง,1,1,Size (เสื้อ),ไม่มี,1,1,,,,,,,,,
29805,simple,26300369,,ถุงเท้า - ไม่มี,1,0,visible,,,,,taxable,,1,1,,0,0,,,,,1,,,600,สินค้าและอุปกรณ์สำหรับเด็ก,,,,,,,,,,,,0,,สี,เขียว,1,1,Size (เสื้อ),2-3Y,1,1,,,,,,,,,
29806,simple,26300370,,ถุงเท้า - ไม่มี,1,0,visible,,,,,taxable,,1,1,,0,0,,,,,1,,,500,สินค้าและอุปกรณ์สำหรับเด็ก,,,,,,,,,,,,0,,สี,น้ำตาล,1,1,Size (เสื้อ),4-5Y,1,1,,,,,,,,,
29807,simple,26300371,,ถุงเท้า - ไม่มี,1,0,visible,,,,,taxable,,1,1,,0,0,,,,,1,,,600,สินค้าและอุปกรณ์สำหรับเด็ก,,,,,,,,,,,,0,,สี,เขียว,1,1,Size (เสื้อ),12-18M,1,1,,,,,,,,,
29808,simple,26300372,,ถุงเท้า - ไม่มี,1,0,visible,,,,,taxable,,1,1,,0,0,,,,,1,,,500,สินค้าและอุปกรณ์สำหรับเด็ก,,,,,,,,,,,,0,,สี,เทา,1,1,Size (เสื้อ),4-5Y,1,1,,,,,,,,,
29809,simple,26300373,,ถุงเท้า - ไม่มี,1,0,visible,,,,,taxable,,1,1,,0,0,,,,,1,,,80,สินค้าและอุปกรณ์สำหรับเด็ก,,,,,,,,,,,,0,,สี,ดำ,1,1,Size (เสื้อ),90CM,1,1,,,,,,,,,
29810,simple,26300374,,ถุงเท้า - ไม่มี,1,0,visible,,,,,taxable,,1,1,,0,0,,,,,1,,,80,สินค้าและอุปกรณ์สำหรับเด็ก,,,,,,,,,,,,0,,สี,เทา,1,1,Size (เสื้อ),18-24M,1,1,,,,,,,,,
29811,simple,26300375,,ถุงเท้า - ไม่มี,1,0,visible,,,,,taxable,,1,1,,0,0,,,,,1,,,80,สินค้าและอุปกรณ์สำหรับเด็ก,,,,,,,,,,,,0,,สี,ดำ,1,1,Size (เสื้อ),90CM,1,1,,,,,,,,,
29812,simple,26300376,,ถุงเท้า - ไม่มี,1,0,visible,,,,,taxable,,1,1,,0,0,,,,,1,,,500,สินค้าและอุปกรณ์สำหรับเด็ก,,,,,,,,,,,,0,,สี,เทา,1,1,Size (เสื้อ),18-24M,1,1,,,,,,,,,
29813,simple,26300377,,ถุงเท้า - ไม่มี,1,0,visible,,,,,taxable,,1,1,,0,0,,,,,1,,,600,สินค้าและอุปกรณ์สำหรับเด็ก,,,,,,,,,,,,0,,สี,แดง,1,1,Size (เสื้อ),18-24M,1,1,,,,,,,,,
29814,simple,26300378,,ถุงเท้า - ไม่มี,1,0,visible,,,,,taxable,,1,1,,0,0,,,,,1,,,600,สินค้าและอุปกรณ์สำหรับเด็ก,,,,,,,,,,,,0,,สี,เหลือง,1,1,Size (เสื้อ),12-18M,1,1,,,,,,,,,
29815,simple,26300379,,ถุงเท้า - ไม่มี,1,0,visible,,,,,taxable,,1,1,,0,0,,,,,1,,,500,สินค้าและอุปกรณ์สำหรับเด็ก,,,,,,,,,,,,0,,สี,เทา,1,1,Size (เสื้อ),3T,1,1,,,,,,,,,
29816,simple,26300380,,ถุงเท้า - ไม่มี,1,0,visible,,,,,taxable,,1,1,,0,0,,,,,1,,,500,สินค้าและอุปกรณ์สำหรับเด็ก,,,,,,,,,,,,0,,สี,เทา,1,1,Size (เสื้อ),18M,1,1,,,,,,,,,
29817,simple,26300381,,ถุงเท้า - ไม่มี,1,0,visible,,,,,taxable,,1,1,,0,0,,,,,1,,,80,สินค้าและอุปกรณ์สำหรับเด็ก,,,,,,,,,,,,0,,สี,น้ำเงิน,1,1,Size (เสื้อ),ไม่มี,1,1,,,,,,,,,
29818,simple,26300382,,ถุงเท้า - ไม่มี,1,0,visible,,,,,taxable,,1,1,,0,0,,,,,1,,,600,สินค้าและอุปกรณ์สำหรับเด็ก,,,,,,,,,,,,0,,สี,ส้ม,1,1,Size (เสื้อ),12-18M,1,1,,,,,,,,,
29819,simple,26300383,,ถุงเท้า - ไม่มี,1,0,visible,,,,,taxable,,1,1,,0,0,,,,,1,,,500,สินค้าและอุปกรณ์สำหรับเด็ก,,,,,,,,,,,,0,,สี,น้ำเงิน,1,1,Size (เสื้อ),3T,1,1,,,,,,,,,
29820,simple,26300384,,ถุงเท้า - ไม่มี,1,0,visible,,,,,taxable,,1,1,,0,0,,,,,1,,,500,สินค้าและอุปกรณ์สำหรับเด็ก,,,,,,,,,,,,0,,สี,ฟ้า,1,1,Size (เสื้อ),18M,1,1,,,,,,,,,
29821,simple,26300385,,ถุงเท้า - ไม่มี,1,0,visible,,,,,taxable,,1,1,,0,0,,,,,1,,,80,สินค้าและอุปกรณ์สำหรับเด็ก,,,,,,,,,,,,0,,สี,ดำ,1,1,Size (กางเกง),100CM,1,1,,,,,,,,,
29822,simple,26300386,,ถุงเท้า - ไม่มี,1,0,visible,,,,,taxable,,1,1,,0,0,,,,,1,,,80,สินค้าและอุปกรณ์สำหรับเด็ก,,,,,,,,,,,,0,,สี,เทา,1,1,Size (กางเกง),18-24M,1,1,,,,,,,,,
29823,simple,26300387,,ถุงเท้า - ไม่มี,1,0,visible,,,,,taxable,,1,1,,0,0,,,,,1,,,80,สินค้าและอุปกรณ์สำหรับเด็ก,,,,,,,,,,,,0,,สี,ดำ,1,1,Size (เสื้อ),18-24M,1,1,,,,,,,,,
29824,simple,26300388,,ถุงเท้า - ไม่มี,1,0,visible,,,,,taxable,,1,1,,0,0,,,,,1,,,500,สินค้าและอุปกรณ์สำหรับเด็ก,,,,,,,,,,,,0,,สี,น้ำเงิน,1,1,Size (เสื้อ),18M,1,1,,,,,,,,,
29825,simple,26300389,,ถุงเท้า - ไม่มี,1,0,visible,,,,,taxable,,1,1,,0,0,,,,,1,,,100,สินค้าและอุปกรณ์สำหรับเด็ก,,,,,,,,,,,,0,,สี,เทา,1,1,Size (กางเกง),120,1,1,,,,,,,,,
29826,simple,26300390,,รองเท้า - adidas,1,0,visible,,,,,taxable,,1,1,,0,0,,,,,1,,,100,สินค้าและอุปกรณ์สำหรับเด็ก,,,,,,,,,,,,0,,สี,ขาว,1,1,Size (เสื้อ),3T,1,1,,,,,,,,,
29827,simple,26300391,,รองเท้า - NATIVE,1,0,visible,,,,,taxable,,0,0,,0,0,,,,,1,,,100,สินค้าและอุปกรณ์สำหรับเด็ก,,,,,,,,,,,,0,,สี,ดำ,1,1,Size (เสื้อ),4-6Y,1,1,,,,,,,,,
29828,simple,26300392,,รองเท้า - NATIVE,1,0,visible,,,,,taxable,,0,0,,0,0,,,,,1,,,100,สินค้าและอุปกรณ์สำหรับเด็ก,,,,,,,,,,,,0,,สี,ดำ,1,1,Size (เสื้อ),2-3Y,1,1,,,,,,,,,
29829,simple,26300393,,รองเท้า - NATIVE,1,0,visible,,,,,taxable,,0,0,,0,0,,,,,1,,,100,สินค้าและอุปกรณ์สำหรับเด็ก,,,,,,,,,,,,0,,สี,เขียว,1,1,Size (เสื้อ),4-5Y,1,1,,,,,,,,,
29830,simple,26300394,,รองเท้า - NATIVE,1,0,visible,,,,,taxable,,0,0,,0,0,,,,,1,,,100,สินค้าและอุปกรณ์สำหรับเด็ก,,,,,,,,,,,,0,,สี,เขียว,1,1,Size (เสื้อ),100,1,1,,,,,,,,,
29831,simple,26300395,,รองเท้า - MONT-BELL,1,0,visible,,,,,taxable,,1,1,,0,0,,,,,1,,,100,สินค้าและอุปกรณ์สำหรับเด็ก,,,,,,,,,,,,0,,สี,ดำ,1,1,Size (กางเกง),120,1,1,,,,,,,,,
29832,simple,26300396,,รองเท้า - CROCS,1,0,visible,,,,,taxable,,0,0,,0,0,,,,,1,,,80,สินค้าและอุปกรณ์สำหรับเด็ก,,,,,,,,,,,,0,,สี,เทา,1,1,Size (กางเกง),120,1,1,,,,,,,,,
29833,simple,26300401,,เสื้อยืด - ไม่มี,1,0,visible,,,,,taxable,,0,0,,0,0,,,,,1,,,100,สินค้าและอุปกรณ์สำหรับเด็ก,,,,,,,,,,,,0,,สี,ขาว,1,1,Size (กางเกง),100,1,1,,,,,,,,,
29834,simple,26300402,,เสื้อยืด - ROAMING,1,0,visible,,,,,taxable,,0,0,,0,0,,,,,1,,,100,สินค้าและอุปกรณ์สำหรับเด็ก,,,,,,,,,,,,0,,สี,ขาว,1,1,Size (กางเกง),2T,1,1,,,,,,,,,
29835,simple,26300403,,เสื้อยืด - ROAMING,1,0,visible,,,,,taxable,,1,1,,0,0,,,,,1,,,100,สินค้าและอุปกรณ์สำหรับเด็ก,,,,,,,,,,,,0,,สี,ชมพู,1,1,Size (เสื้อ),4-5Y,1,1,,,,,,,,,
29836,simple,26300404,,เสื้อยืด - ROAMING,1,0,visible,,,,,taxable,,0,0,,0,0,,,,,1,,,100,สินค้าและอุปกรณ์สำหรับเด็ก,,,,,,,,,,,,0,,สี,เหลือง,1,1,Size (เสื้อ),4-5Y,1,1,,,,,,,,,
29837,simple,26300405,,คอสเพลย์ตำรวจ - ไม่มี,1,0,visible,,,,,taxable,,1,1,,0,0,,,,,1,,,100,สินค้าและอุปกรณ์สำหรับเด็ก,,,,,,,,,,,,0,,สี,ขาว,1,1,Size (เสื้อ),4-5Y,1,1,,,,,,,,,
29838,simple,26300406,,เสื้อยืด - ไม่มี,1,0,visible,,,,,taxable,,1,1,,0,0,,,,,1,,,100,สินค้าและอุปกรณ์สำหรับเด็ก,,,,,,,,,,,,0,,สี,เขียว,1,1,Size (เสื้อ),4-5Y,1,1,,,,,,,,,
29839,simple,26300407,,เสื้อแจ็คเก็ต - ไม่มี,1,0,visible,,,,,taxable,,1,1,,0,0,,,,,1,,,100,สินค้าและอุปกรณ์สำหรับเด็ก,,,,,,,,,,,,0,,สี,ขาว,1,1,Size (เสื้อ),4-5Y,1,1,,,,,,,,,
29840,simple,26300408,,เสื้อแจ็คเก็ต - H&M,1,0,visible,,,,,taxable,,1,1,,0,0,,,,,1,,,100,สินค้าและอุปกรณ์สำหรับเด็ก,,,,,,,,,,,,0,,สี,ครีม,1,1,Size (เสื้อ),4-5Y,1,1,,,,,,,,,
29841,simple,26300409,,กางเกง - ไม่มี,1,0,visible,,,,,taxable,,1,1,,0,0,,,,,1,,,100,สินค้าและอุปกรณ์สำหรับเด็ก,,,,,,,,,,,,0,,สี,เขียว,1,1,Size (เสื้อ),4-5Y,1,1,,,,,,,,,
29842,simple,26300410,,เสื้อยืด - ไม่มี,1,0,visible,,,,,taxable,,0,0,,0,0,,,,,1,,,100,สินค้าและอุปกรณ์สำหรับเด็ก,,,,,,,,,,,,0,,สี,ครีม,1,1,Size (เสื้อ),4-5Y,1,1,,,,,,,,,
29843,simple,26300411,,เสื้อยืด - ไม่มี,1,0,visible,,,,,taxable,,0,0,,0,0,,,,,1,,,100,สินค้าและอุปกรณ์สำหรับเด็ก,,,,,,,,,,,,0,,สี,เทา,1,1,Size (เสื้อ),6-7Y,1,1,,,,,,,,,
29844,simple,26300412,,เสื้อยืด - ไม่มี,1,0,visible,,,,,taxable,,0,0,,0,0,,,,,1,,,100,สินค้าและอุปกรณ์สำหรับเด็ก,,,,,,,,,,,,0,,สี,ม่วง,1,1,Size (เสื้อ),S,1,1,,,,,,,,,
29845,simple,26300413,,เสื้อยืด - ไม่มี,1,0,visible,,,,,taxable,,0,0,,0,0,,,,,1,,,100,สินค้าและอุปกรณ์สำหรับเด็ก,,,,,,,,,,,,0,,สี,ส้ม,1,1,Size (เสื้อ),4-5Y,1,1,,,,,,,,,
29846,simple,26300414,,เสื้อยืด - ไม่มี,1,0,visible,,,,,taxable,,0,0,,0,0,,,,,1,,,100,สินค้าและอุปกรณ์สำหรับเด็ก,,,,,,,,,,,,0,,สี,เหลือง,1,1,Size (เสื้อ),4-5Y,1,1,,,,,,,,,
29847,simple,26300415,,เสื้อ - PHAHURAT.COM,1,0,visible,,,,,taxable,,1,1,,0,0,,,,,1,,,100,สินค้าและอุปกรณ์สำหรับเด็ก,,,,,,,,,,,,0,,สี,ขาว,1,1,Size (เสื้อ),XL,1,1,,,,,,,,,
29848,simple,26300416,,รองเท้าผ้าใบ - adidas,1,0,visible,,,,,taxable,,1,1,,0,0,,,,,1,,,100,สินค้าและอุปกรณ์สำหรับเด็ก,,,,,,,,,,,,0,,สี,ฟ้า,1,1,Size (เสื้อ),XL,1,1,,,,,,,,,
29849,simple,26300417,,คอสเพลย์ทหารบก - ไม่มี,1,0,visible,,,,,taxable,,1,1,,0,0,,,,,1,,,100,สินค้าและอุปกรณ์สำหรับเด็ก,,,,,,,,,,,,0,,สี,แดง,1,1,Size (เสื้อ),4T,1,1,,,,,,,,,
29850,simple,26300418,,รองเท้าผ้าใบ - adidas,1,0,visible,,,,,taxable,,1,1,,0,0,,,,,1,,,80,สินค้าและอุปกรณ์สำหรับเด็ก,,,,,,,,,,,,0,,สี,แดง,1,1,Size (เสื้อ),S,1,1,,,,,,,,,
29851,simple,26300419,,ชุด - ไม่มี,1,0,visible,,,,,taxable,,1,1,,0,0,,,,,1,,,80,สินค้าและอุปกรณ์สำหรับเด็ก,,,,,,,,,,,,0,,สี,แดง,1,1,Size (เสื้อ),2A,1,1,,,,,,,,,
29852,simple,26300420,,เสื้อยืด - CARTER'S,1,0,visible,,,,,taxable,,0,0,,0,0,,,,,1,,,80,สินค้าและอุปกรณ์สำหรับเด็ก,,,,,,,,,,,,0,,สี,แดง,1,1,Size (เสื้อ),6A,1,1,,,,,,,,,
29853,simple,26300421,,เสื้อยืด - ROAMING,1,0,visible,,,,,taxable,,1,1,,0,0,,,,,1,,,80,สินค้าและอุปกรณ์สำหรับเด็ก,,,,,,,,,,,,0,,สี,เขียว,1,1,Size (กางเกง),5T,1,1,,,,,,,,,
29854,simple,26300422,,เสื้อยืด - ROAMING,1,0,visible,,,,,taxable,,1,1,,0,0,,,,,1,,,300,สินค้าและอุปกรณ์สำหรับเด็ก,,,,,,,,,,,,0,,สี,ดำ,1,1,Size (กางเกง),3-4Y,1,1,,,,,,,,,
29855,simple,26300423,,เสื้อยืด - ROAMING,1,0,visible,,,,,taxable,,0,0,,0,0,,,,,1,,,300,สินค้าและอุปกรณ์สำหรับเด็ก,,,,,,,,,,,,0,,สี,ดำ,1,1,Size (กางเกง),2-3Y,1,1,,,,,,,,,
29856,simple,26300424,,เสื้อแจ็คเก็ต - RALPH LAUREN,1,0,visible,,,,,taxable,,0,0,,0,0,,,,,1,,,300,สินค้าและอุปกรณ์สำหรับเด็ก,,,,,,,,,,,,0,,สี,เทา,1,1,Size (กางเกง),4-5Y,1,1,,,,,,,,,
29857,simple,26300425,,คอสเพลย์นักร้อง - ไม่มี,1,0,visible,,,,,taxable,,1,1,,0,0,,,,,1,,,250,สินค้าและอุปกรณ์สำหรับเด็ก,,,,,,,,,,,,0,,สี,เทา,1,1,Size (กางเกง),3-4Y,1,1,,,,,,,,,
29858,simple,26300426,,คอสเพลย์ตำรวจ - ไม่มี,1,0,visible,,,,,taxable,,1,1,,0,0,,,,,1,,,250,สินค้าและอุปกรณ์สำหรับเด็ก,,,,,,,,,,,,0,,สี,เทา,1,1,Size (กางเกง),4-5Y,1,1,,,,,,,,,
29859,simple,26300427,,คอสเพลย์นักบิน - ไม่มี,1,0,visible,,,,,taxable,,1,1,,0,0,,,,,1,,,500,สินค้าและอุปกรณ์สำหรับเด็ก,,,,,,,,,,,,0,,สี,ขาว,1,1,Size (เสื้อ),4-5 Y,1,1,,,,,,,,,
29860,simple,26300428,,คอสเพลย์พิซซ่า - ไม่มี,1,0,visible,,,,,taxable,,1,1,,0,0,,,,,1,,,500,สินค้าและอุปกรณ์สำหรับเด็ก,,,,,,,,,,,,0,,สี,ขาว,1,1,Size (เสื้อ),12-18 M,1,1,,,,,,,,,
29861,simple,26300429,,คอสเพลย์พิซซ่า - ไม่มี,1,0,visible,,,,,taxable,,1,1,,0,0,,,,,1,,,500,สินค้าและอุปกรณ์สำหรับเด็ก,,,,,,,,,,,,0,,สี,ดำ,1,1,Size (เสื้อ),ไม่มี,1,1,,,,,,,,,
29862,simple,26300430,,คอสเพลย์นักบิน - ไม่มี,1,0,visible,,,,,taxable,,0,0,,0,0,,,,,1,,,500,สินค้าและอุปกรณ์สำหรับเด็ก,,,,,,,,,,,,0,,สี,น้ำเงิน,1,1,Size (เสื้อ),12-18M,1,1,,,,,,,,,
29863,simple,26300431,,เสื้อยืด - H&M,1,0,visible,,,,,taxable,,1,1,,0,0,,,,,1,,,500,สินค้าและอุปกรณ์สำหรับเด็ก,,,,,,,,,,,,0,,สี,ยีนส์,1,1,Size (เสื้อ),18-24 M,1,1,,,,,,,,,
29864,simple,26300432,,คอสเพลย์นักบิน - ไม่มี,1,0,visible,,,,,taxable,,1,1,,0,0,,,,,1,,,150,สินค้าและอุปกรณ์สำหรับเด็ก,,,,,,,,,,,,0,,สี,แดง,0,0,,,,,,,,,,,,,
29865,simple,26300433,,เสื้อยืด - TRUE RELIGION,1,0,visible,,,,,taxable,,1,1,,0,0,,,,,1,,,500,สินค้าและอุปกรณ์สำหรับเด็ก,,,,,,,,,,,,0,,สี,ครีม,1,1,Size (เสื้อ),3-4 Y,1,1,,,,,,,,,
29866,simple,26300434,,เสื้อยืด - H&M,1,0,visible,,,,,taxable,,1,1,,0,0,,,,,1,,,100,สินค้าและอุปกรณ์สำหรับเด็ก,,,,,,,,,,,,0,,สี,ฟ้า,1,1,Size (เสื้อ),4-5Y,1,1,,,,,,,,,
29867,simple,26300435,,เสื้อยืด - H&M,1,0,visible,,,,,taxable,,1,1,,0,0,,,,,1,,,100,สินค้าและอุปกรณ์สำหรับเด็ก,,,,,,,,,,,,0,,สี,เขียว,1,1,Size (เสื้อ),6-7Y,1,1,,,,,,,,,
29868,simple,26300436,,คอสเพลย์นักแข่งรถ - ไม่มี,1,0,visible,,,,,taxable,,0,0,,0,0,,,,,1,,,500,สินค้าและอุปกรณ์สำหรับเด็ก,,,,,,,,,,,,0,,สี,ครีม,1,1,Size (เสื้อ),4-5 Y,1,1,,,,,,,,,
29869,simple,26300437,,คอสเพลย์ตำรวจ - ไม่มี,1,0,visible,,,,,taxable,,1,1,,0,0,,,,,1,,,100,สินค้าและอุปกรณ์สำหรับเด็ก,,,,,,,,,,,,0,,สี,เทา,1,1,Size (เสื้อ),4-5Y,1,1,,,,,,,,,
29870,simple,26300438,,คอสเพลย์แดร์กคิวล่า - ไม่มี,1,0,visible,,,,,taxable,,1,1,,0,0,,,,,1,,,100,สินค้าและอุปกรณ์สำหรับเด็ก,,,,,,,,,,,,0,,สี,เขียว,1,1,Size (เสื้อ),2-3Y,1,1,,,,,,,,,
29871,simple,26300439,,คอสเพลย์แดร์กคิวล่า - ไม่มี,1,0,visible,,,,,taxable,,1,1,,0,0,,,,,1,,,80,สินค้าและอุปกรณ์สำหรับเด็ก,,,,,,,,,,,,0,,สี,น้ำเงิน,1,1,Size (กางเกง),5Y,1,1,,,,,,,,,
29872,simple,26300440,,คอสเพลย์ตำรวจ - ไม่มี,1,0,visible,,,,,taxable,,1,1,,0,0,,,,,1,,,100,สินค้าและอุปกรณ์สำหรับเด็ก,,,,,,,,,,,,0,,สี,เทา,1,1,Size (กางเกง),100,1,1,,,,,,,,,
29873,simple,26300441,,รองเท้าผ้าใบ adidas LEGO - adidas,1,0,visible,,,,,taxable,,1,1,,0,0,,,,,1,,,80,สินค้าและอุปกรณ์สำหรับเด็ก,,,,,,,,,,,,0,,สี,เทา,1,1,Size (กางเกง),120,1,1,,,,,,,,,
29874,simple,26300442,,รองเท้าผ้าใบ SPERRY  - SPERRY,1,0,visible,,,,,taxable,,1,1,,0,0,,,,,1,,,100,สินค้าและอุปกรณ์สำหรับเด็ก,,,,,,,,,,,,0,,สี,หลากสี,1,1,Size (เสื้อ),M,1,1,,,,,,,,,
29875,simple,26300443,,รองเท้า native - native,1,0,visible,,,,,taxable,,0,0,,0,0,,,,,1,,,100,สินค้าและอุปกรณ์สำหรับเด็ก,,,,,,,,,,,,0,,สี,หลากสี,1,1,Size (เสื้อ),SS,1,1,,,,,,,,,
29876,simple,26300444,,รองเท้า crocs - crocs,1,0,visible,,,,,taxable,,1,1,,0,0,,,,,1,,,100,สินค้าและอุปกรณ์สำหรับเด็ก,,,,,,,,,,,,0,,สี,ดำ,1,1,Size (เสื้อ),6,1,1,,,,,,,,,
29877,simple,26300446,,รองเท้า crocs ลาย Spider Man - crocs,1,0,visible,,,,,taxable,,0,0,,0,0,,,,,1,,,100,สินค้าและอุปกรณ์สำหรับเด็ก,,,,,,,,,,,,0,,สี,ครีม,1,1,Size (เสื้อ),4-5Y,1,1,,,,,,,,,
29878,simple,26300447,,รองเท้าแตะ ลาย Spider Man - Disney S,1,0,visible,,,,,taxable,,1,1,,0,0,,,,,1,,,100,สินค้าและอุปกรณ์สำหรับเด็ก,,,,,,,,,,,,0,,สี,ขาว,1,1,Size (เสื้อ),4-5Y,1,1,,,,,,,,,
29879,simple,26300448,,รองเท้าผ้าใบ adidas - adidas,1,0,visible,,,,,taxable,,1,1,,0,0,,,,,1,,,100,สินค้าและอุปกรณ์สำหรับเด็ก,,,,,,,,,,,,0,,สี,หลากสี,1,1,Size (เสื้อ),ไม่มี,1,1,,,,,,,,,
29880,simple,26300449,,รองเท้า crocs ลาย Spider Man - crocs,1,0,visible,,,,,taxable,,1,1,,0,0,,,,,1,,,100,สินค้าและอุปกรณ์สำหรับเด็ก,,,,,,,,,,,,0,,สี,หลากสี,1,1,Size (เสื้อ),ไม่มี,1,1,,,,,,,,,
29881,simple,26300450,,รองเท้าผ้าใบ adidas Toy Story - adidas,1,0,visible,,,,,taxable,,1,1,,0,0,,,,,1,,,80,สินค้าและอุปกรณ์สำหรับเด็ก,,,,,,,,,,,,0,,สี,น้ำตาล,1,1,Size (กางเกง),110,1,1,,,,,,,,,
29882,simple,26300451,,รองเท้าผ้าใบ adidas ลาย Mickey Mouse  - adidas,1,0,visible,,,,,taxable,,1,1,,0,0,,,,,1,,,80,สินค้าและอุปกรณ์สำหรับเด็ก,,,,,,,,,,,,0,,สี,แดง,1,1,Size (เสื้อ),M,1,1,,,,,,,,,
29883,simple,26300452,,รองเท้าผ้าใบ adidas - adidas,1,0,visible,,,,,taxable,,1,1,,0,0,,,,,1,,,80,สินค้าและอุปกรณ์สำหรับเด็ก,,,,,,,,,,,,0,,สี,แดง,1,1,Size (เสื้อ),XL,1,1,,,,,,,,,
29884,simple,26300453,,รองเท้า MAX+ JAKE - MAX+ JAKE,1,0,visible,,,,,taxable,,1,1,,0,0,,,,,1,,,80,สินค้าและอุปกรณ์สำหรับเด็ก,,,,,,,,,,,,0,,สี,แดง,1,1,Size (กางเกง),110,1,1,,,,,,,,,
29885,simple,26300454,,รองเท้าผ้าใบ adidas - adidas,1,0,visible,,,,,taxable,,1,1,,0,0,,,,,1,,,80,สินค้าและอุปกรณ์สำหรับเด็ก,,,,,,,,,,,,0,,สี,แดง,1,1,Size (กางเกง),ไม่มี,1,1,,,,,,,,,
29886,simple,26300455,,รองเท้า adidas - adidas,1,0,visible,,,,,taxable,,0,0,,0,0,,,,,1,,,100,สินค้าและอุปกรณ์สำหรับเด็ก,,,,,,,,,,,,0,,สี,เขียว,1,1,Size (เสื้อ),3T,1,1,,,,,,,,,
29887,simple,26300456,,รองเท้าผ้าใบ adidas MARVEL ลาย Hulk - adidas,1,0,visible,,,,,taxable,,1,1,,0,0,,,,,1,,,100,สินค้าและอุปกรณ์สำหรับเด็ก,,,,,,,,,,,,0,,สี,ดำ,1,1,Size (เสื้อ),6-7Y,1,1,,,,,,,,,
29888,simple,26300457,,รองเท้าผ้าใบ adidas ลาย Captain America - adidas,1,0,visible,,,,,taxable,,0,0,,0,0,,,,,1,,,100,สินค้าและอุปกรณ์สำหรับเด็ก,,,,,,,,,,,,0,,สี,เขียว,1,1,Size (เสื้อ),120,1,1,,,,,,,,,
29889,simple,26300458,,รองเท้า SPERRY  - SPERRY,1,0,visible,,,,,taxable,,1,1,,0,0,,,,,1,,,100,สินค้าและอุปกรณ์สำหรับเด็ก,,,,,,,,,,,,0,,สี,ดำ,1,1,Size (เสื้อ),3,1,1,,,,,,,,,
29890,simple,26300459,,รองเท้าผ้าใบ adidas ลาย Spider Man - adidas,1,0,visible,,,,,taxable,,0,-1,,0,0,,,,,1,,,100,สินค้าและอุปกรณ์สำหรับเด็ก,,,,,,,,,,,,0,,สี,ส้ม,1,1,Size (เสื้อ),110,1,1,,,,,,,,,
29891,simple,26300460,,รองเท้าผ้าใบ adidas LEGO - adidas,1,0,visible,,,,,taxable,,1,1,,0,0,,,,,1,,,100,สินค้าและอุปกรณ์สำหรับเด็ก,,,,,,,,,,,,0,,สี,น้ำเงิน,1,1,Size (เสื้อ),120,1,1,,,,,,,,,
29892,simple,26300461,,รองเท้าผ้าใบ adidas - adidas,1,0,visible,,,,,taxable,,1,1,,0,0,,,,,1,,,100,สินค้าและอุปกรณ์สำหรับเด็ก,,,,,,,,,,,,0,,สี,น้ำเงิน,1,1,Size (เสื้อ),120,1,1,,,,,,,,,
29893,simple,26300462,,รองเท้าผ้าใบ adidas - adidas,1,0,visible,,,,,taxable,,1,1,,0,0,,,,,1,,,100,สินค้าและอุปกรณ์สำหรับเด็ก,,,,,,,,,,,,0,,สี,น้ำเงิน,1,1,Size (เสื้อ),110,1,1,,,,,,,,,
29894,simple,26300480,,รองเท้าผ้าใบ NIKE - NIKE,1,0,visible,,,,,taxable,,1,1,,0,0,,,,,1,,,80,สินค้าและอุปกรณ์สำหรับเด็ก,,,,,,,,,,,,0,,สี,ฟ้า,1,1,Size (เสื้อ),100,1,1,,,,,,,,,
29895,simple,26300481,,รองเท้าผ้าใบ NIKE - NIKE,1,0,visible,,,,,taxable,,0,0,,0,0,,,,,1,,,80,สินค้าและอุปกรณ์สำหรับเด็ก,,,,,,,,,,,,0,,สี,แดง,1,1,Size (เสื้อ),100,1,1,,,,,,,,,
29896,simple,26300482,,รองเท้าผ้าใบ NIKE - NIKE,1,0,visible,,,,,taxable,,1,1,,0,0,,,,,1,,,80,สินค้าและอุปกรณ์สำหรับเด็ก,,,,,,,,,,,,0,,สี,ฟ้า,1,1,Size (เสื้อ),100,1,1,,,,,,,,,
29897,simple,26300483,,รองเท้า SPERRY  - SPERRY,1,0,visible,,,,,taxable,,1,1,,0,0,,,,,1,,,80,สินค้าและอุปกรณ์สำหรับเด็ก,,,,,,,,,,,,0,,สี,เหลือง,1,1,Size (เสื้อ),100,1,1,,,,,,,,,
29898,simple,26300484,,รองเท้าผ้าใบ NIKE - NIKE,1,0,visible,,,,,taxable,,0,0,,0,0,,,,,1,,,80,สินค้าและอุปกรณ์สำหรับเด็ก,,,,,,,,,,,,0,,สี,เขียว,1,1,Size (เสื้อ),100,1,1,,,,,,,,,
29899,simple,26300485,,รองเท้าผ้าใบ  - NIKE,1,0,visible,,,,,taxable,,1,1,,0,0,,,,,1,,,100,สินค้าและอุปกรณ์สำหรับเด็ก,,,,,,,,,,,,0,,สี,ครีม,1,1,Size (กางเกง),110CM,1,1,,,,,,,,,
29900,simple,26300487,,เสื้อเชิ้ตคอปกโปโลสีเขียว - Ralph Lauren,1,0,visible,,,,,taxable,,1,1,,0,0,,,,,1,,,100,สินค้าและอุปกรณ์สำหรับเด็ก,,,,,,,,,,,,0,,สี,ฟ้า,1,1,Size (เสื้อ),S,1,1,,,,,,,,,
29901,simple,26300488,,เสื้อยืดแขนสั้นสกรีน - Ralph Lauren,1,0,visible,,,,,taxable,,1,1,,0,0,,,,,1,,,100,สินค้าและอุปกรณ์สำหรับเด็ก,,,,,,,,,,,,0,,สี,ฟ้า,1,1,Size (เสื้อ),XS,1,1,,,,,,,,,
29902,simple,26300489,,เสื้อแขนสั้นมีถุงข้างหน้า - ZARA,1,0,visible,,,,,taxable,,1,1,,0,0,,,,,1,,,80,สินค้าและอุปกรณ์สำหรับเด็ก,,,,,,,,,,,,0,,สี,แดง,1,1,Size (เสื้อ),M,1,1,,,,,,,,,
29903,simple,26300490,,กางเกงขายาว - Uniqlo,1,0,visible,,,,,taxable,,1,1,,0,0,,,,,1,,,80,สินค้าและอุปกรณ์สำหรับเด็ก,,,,,,,,,,,,0,,สี,ดำ,1,1,Size (กางเกง),3T,1,1,,,,,,,,,
29904,simple,26300491,,เสื้อเชิ้ตคอปกโปโลสีแดง - Ralph Lauren,1,0,visible,,,,,taxable,,1,1,,0,0,,,,,1,,,100,สินค้าและอุปกรณ์สำหรับเด็ก,,,,,,,,,,,,0,,สี,น้ำตาล,1,1,Size (เสื้อ),4-5Y,1,1,,,,,,,,,
29905,simple,26300492,,เสื้อกันหนาว - ZARA,1,0,visible,,,,,taxable,,1,1,,0,0,,,,,1,,,100,สินค้าและอุปกรณ์สำหรับเด็ก,,,,,,,,,,,,0,,สี,น้ำตาล,1,1,Size (เสื้อ),2-3Y,1,1,,,,,,,,,
29906,simple,26300493,,เสื้อยืดลายขวาง - ZARA,1,0,visible,,,,,taxable,,1,1,,0,0,,,,,1,,,80,สินค้าและอุปกรณ์สำหรับเด็ก,,,,,,,,,,,,0,,สี,ดำ,1,1,Size (กางเกง),ไม่มี,1,1,,,,,,,,,
29907,simple,26300494,,กางเกงขายาว - Uniqlo,1,0,visible,,,,,taxable,,1,1,,0,0,,,,,1,,,80,สินค้าและอุปกรณ์สำหรับเด็ก,,,,,,,,,,,,0,,สี,ดำ,1,1,Size (กางเกง),5T,1,1,,,,,,,,,
29908,simple,26300495,,เสื้อยืดลายหมี - POLO,1,0,visible,,,,,taxable,,1,1,,0,0,,,,,1,,,80,สินค้าและอุปกรณ์สำหรับเด็ก,,,,,,,,,,,,0,,สี,เขียว,1,1,Size (กางเกง),3T,1,1,,,,,,,,,
29909,simple,26300496,,กางเกงขาสั้น - H&M,1,0,visible,,,,,taxable,,1,1,,0,0,,,,,1,,,80,สินค้าและอุปกรณ์สำหรับเด็ก,,,,,,,,,,,,0,,สี,เขียว,1,1,Size (กางเกง),5T,1,1,,,,,,,,,
29910,simple,26300497,,เสื้อแขนสั้น - ZARA,1,0,visible,,,,,taxable,,1,1,,0,0,,,,,1,,,100,สินค้าและอุปกรณ์สำหรับเด็ก,,,,,,,,,,,,0,,สี,แดง,1,1,Size (เสื้อ),5t,1,1,,,,,,,,,
29911,simple,26300498,,กางเกงขาสั้น - carter's,1,0,visible,,,,,taxable,,1,1,,0,0,,,,,1,,,100,สินค้าและอุปกรณ์สำหรับเด็ก,,,,,,,,,,,,0,,สี,แดง,1,1,Size (เสื้อ),3T,1,1,,,,,,,,,
29912,simple,26300499,,กางเกงขาสั้น ลายต้นมะพร้าว - H&M,1,0,visible,,,,,taxable,,0,0,,0,0,,,,,1,,,100,สินค้าและอุปกรณ์สำหรับเด็ก,,,,,,,,,,,,0,,สี,ขาว,1,1,Size (เสื้อ),3T,1,1,,,,,,,,,
29913,simple,26300500,,กางเกงขายาว - GAP,1,0,visible,,,,,taxable,,1,1,,0,0,,,,,1,,,100,สินค้าและอุปกรณ์สำหรับเด็ก,,,,,,,,,,,,0,,สี,ขาว,1,1,Size (เสื้อ),5t,1,1,,,,,,,,,
29914,simple,26300501,,กางเกงยีนส์ขาสั้นลายต้นมะพร้าว - M&S,1,0,visible,,,,,taxable,,1,1,,0,0,,,,,1,,,300,สินค้าและอุปกรณ์สำหรับเด็ก,,,,,,,,,,,,0,,สี,เขียว,1,1,Size (กางเกง),3-4Y,1,1,,,,,,,,,
29915,simple,26300502,,กางเกงขายาว - Uniqlo,1,0,visible,,,,,taxable,,1,1,,0,0,,,,,1,,,600,สินค้าและอุปกรณ์สำหรับเด็ก,,,,,,,,,,,,0,,สี,สีน้ำเงิน,1,1,Size (รองเท้า),19,1,1,,,,,,,,,
29916,simple,26300503,,กางเกงขายาว - Uniqlo,1,0,visible,,,,,taxable,,0,0,,0,0,,,,,1,,,600,สินค้าและอุปกรณ์สำหรับเด็ก,,,,,,,,,,,,0,,สี,สีเขียว,1,1,Size (รองเท้า),23.5,1,1,,,,,,,,,
29917,simple,26300504,,กางเกงยีนส์ขาสั้น - carter's,1,0,visible,,,,,taxable,,0,0,,0,0,,,,,1,,,600,สินค้าและอุปกรณ์สำหรับเด็ก,,,,,,,,,,,,0,,สี,สีขาว,1,1,Size (รองเท้า),23,1,1,,,,,,,,,
29918,simple,26300505,,กางเกงยีนส์ขายาว - M&S,1,0,visible,,,,,taxable,,1,1,,0,0,,,,,1,,,600,สินค้าและอุปกรณ์สำหรับเด็ก,,,,,,,,,,,,0,,สี,สีเขียวลายทหาร,1,1,Size (รองเท้า),23,1,1,,,,,,,,,
29919,simple,26300506,,กางเกงขาสั้น - ไม่มี,1,0,visible,,,,,taxable,,1,1,,0,0,,,,,1,,,350,สินค้าและอุปกรณ์สำหรับเด็ก,,,,,,,,,,,,0,,สี,สีแดง,1,1,Size (รองเท้า),25,1,1,,,,,,,,,
29920,simple,26300507,,กางเกงขาสั้น - ไม่มี,1,0,visible,,,,,taxable,,1,1,,0,0,,,,,1,,,450,สินค้าและอุปกรณ์สำหรับเด็ก,,,,,,,,,,,,0,,สี,สี่น้ำเงิน/แดง,1,1,Size (รองเท้า),26,1,1,,,,,,,,,
29921,simple,26300508,,กางเกงขาสั้น - ไม่มี,1,0,visible,,,,,taxable,,1,1,,0,0,,,,,1,,,600,สินค้าและอุปกรณ์สำหรับเด็ก,,,,,,,,,,,,0,,สี,สีดำ,1,1,Size (รองเท้า),22,1,1,,,,,,,,,
29922,simple,26300509,,กางเกงขายาว - ไม่มี,1,0,visible,,,,,taxable,,1,1,,0,0,,,,,1,,,600,สินค้าและอุปกรณ์สำหรับเด็ก,,,,,,,,,,,,0,,สี,สีแดง,1,1,Size (รองเท้า),19,1,1,,,,,,,,,
29923,simple,26300510,,กางเกงขายาว - ไม่มี,1,0,visible,,,,,taxable,,1,1,,0,0,,,,,1,,,600,สินค้าและอุปกรณ์สำหรับเด็ก,,,,,,,,,,,,0,,สี,สีแดง,1,1,Size (รองเท้า),19,1,1,,,,,,,,,
29924,simple,26300511,,กางเกงขายาว ลายพราง - GAP,1,0,visible,,,,,taxable,,1,1,,0,0,,,,,1,,,600,สินค้าและอุปกรณ์สำหรับเด็ก,,,,,,,,,,,,0,,สี,สีแดง,1,1,Size (รองเท้า),23,1,1,,,,,,,,,
29925,simple,26300512,,กางเกงขาสั้น - ไม่มี,1,0,visible,,,,,taxable,,1,1,,0,0,,,,,1,,,750,สินค้าและอุปกรณ์สำหรับเด็ก,,,,,,,,,,,,0,,สี,สีชมพู,1,1,Size (รองเท้า),29,1,1,,,,,,,,,
29926,simple,26300514,,กางเกงขายาวลายขวาง - Uniqlo,1,0,visible,,,,,taxable,,1,1,,0,0,,,,,1,,,250,สินค้าและอุปกรณ์สำหรับเด็ก,,,,,,,,,,,,0,,สี,สีฟ้า,1,1,Size (รองเท้า),29,1,1,,,,,,,,,
29927,simple,26300515,,เสื้อแขนสั้นปักลายมิกกี้เมาส์ - ไม่มี,1,0,visible,,,,,taxable,,0,0,,0,0,,,,,1,,,250,สินค้าและอุปกรณ์สำหรับเด็ก,,,,,,,,,,,,0,,สี,สีฟ้า,1,1,Size (รองเท้า),29-31,1,1,,,,,,,,,
29928,simple,26300516,,เสื้อกันหนาว - ZARA,1,0,visible,,,,,taxable,,1,1,,0,0,,,,,1,,,720,สินค้าและอุปกรณ์สำหรับเด็ก,,,,,,,,,,,,0,,สี,สีฟ้า,1,1,Size (รองเท้า),29,1,1,,,,,,,,,
29929,simple,26300517,,เสื้อเชิ้ตคอปกโปโลสีเขียว - POLO,1,0,visible,,,,,taxable,,1,1,,0,0,,,,,1,,,720,สินค้าและอุปกรณ์สำหรับเด็ก,,,,,,,,,,,,0,,สี,สีม่วง,1,1,Size (รองเท้า),29-31,1,1,,,,,,,,,
29930,simple,26300518,,เสื้อยืดลายขวาง - ZARA,1,0,visible,,,,,taxable,,0,0,,0,0,,,,,1,,,600,สินค้าและอุปกรณ์สำหรับเด็ก,,,,,,,,,,,,0,,สี,สีดำ,1,1,Size (รองเท้า),20,1,1,,,,,,,,,
29931,simple,26300519,,เสื้อแขนสั้น - ZARA,1,0,visible,,,,,taxable,,1,1,,0,0,,,,,1,,,600,สินค้าและอุปกรณ์สำหรับเด็ก,,,,,,,,,,,,0,,สี,สีชมพู,1,1,Size (รองเท้า),20,1,1,,,,,,,,,
29932,simple,26300520,,เสื้อแขนสั้น - ZARA,1,0,visible,,,,,taxable,,1,1,,0,0,,,,,1,,,600,สินค้าและอุปกรณ์สำหรับเด็ก,,,,,,,,,,,,0,,สี,สีชมพู,1,1,Size (รองเท้า),20,1,1,,,,,,,,,
29933,simple,26300521,,เสื้อแขนสั้นมีถุงข้างหน้า - ZARA,1,0,visible,,,,,taxable,,1,1,,0,0,,,,,1,,,600,สินค้าและอุปกรณ์สำหรับเด็ก,,,,,,,,,,,,0,,สี,สีแดง,1,1,Size (รองเท้า),23,1,1,,,,,,,,,
29934,simple,26300522,,เสื้อแขนสั้นลายซุปเปอร์ฮีโร่ - MARVEL,1,0,visible,,,,,taxable,,1,1,,0,0,,,,,1,,,600,สินค้าและอุปกรณ์สำหรับเด็ก,,,,,,,,,,,,0,,สี,สีดำ,1,1,Size (รองเท้า),23,1,1,,,,,,,,,
29935,simple,26300523,,เสื้อยืดลายขวาง - ไม่มี,1,0,visible,,,,,taxable,,1,1,,0,0,,,,,1,,,600,สินค้าและอุปกรณ์สำหรับเด็ก,,,,,,,,,,,,0,,สี,สีชมพู,1,1,Size (รองเท้า),26,1,1,,,,,,,,,
29936,simple,26300524,,เสื้อแขนสั้นลายขวางมีถุงข้างหน้า - ZARA,1,0,visible,,,,,taxable,,1,1,,0,0,,,,,1,,,600,สินค้าและอุปกรณ์สำหรับเด็ก,,,,,,,,,,,,0,,สี,สีดำ,1,1,Size (รองเท้า),25,1,1,,,,,,,,,
29937,simple,26300525,,เสื้อยืดลายหมี - Ralph Lauren,1,0,visible,,,,,taxable,,1,1,,0,0,,,,,1,,,600,สินค้าและอุปกรณ์สำหรับเด็ก,,,,,,,,,,,,0,,สี,สีดำ,1,1,Size (รองเท้า),26,1,1,,,,,,,,,
29938,simple,26300526,,เสื้อยืดแขนสั้น - ZARA,1,0,visible,,,,,taxable,,1,1,,0,0,,,,,1,,,600,สินค้าและอุปกรณ์สำหรับเด็ก,,,,,,,,,,,,0,,สี,สีชมพู,1,1,Size (รองเท้า),26,1,1,,,,,,,,,
29939,simple,26300527,,เสื้อยืดลายขวาง - UNI QLO,1,0,visible,,,,,taxable,,1,1,,0,0,,,,,1,,,100,สินค้าและอุปกรณ์สำหรับเด็ก,,,,,,,,,,,,0,,สี,แดง,1,1,Size (เสื้อ),2XL,1,1,,,,,,,,,
29940,simple,26300566,,เสื้อยืด - Tiny Tale,1,0,visible,,,,,taxable,,1,1,,0,0,,,,,1,,,100,สินค้าและอุปกรณ์สำหรับเด็ก,,,,,,,,,,,,0,,สี,ขาว,1,1,Size (เสื้อ),5-6Y,1,1,,,,,,,,,
29941,simple,26300565,,รองเท้าผ้าใบ - adidas,1,0,visible,,,,,taxable,,1,1,,0,0,,,,,1,,,100,สินค้าและอุปกรณ์สำหรับเด็ก,,,,,,,,,,,,0,,สี,ส้ม,1,1,Size (เสื้อ),4-5Y,1,1,,,,,,,,,
29942,simple,26300564,,รองเท้าผ้าใบ - adidas,1,0,visible,,,,,taxable,,1,1,,0,0,,,,,1,,,100,สินค้าและอุปกรณ์สำหรับเด็ก,,,,,,,,,,,,0,,สี,น้ำเงิน,1,1,Size (กางเกง),2T,1,1,,,,,,,,,
29943,simple,26300563,,รองเท้าผ้าใบ - adidas,1,0,visible,,,,,taxable,,1,1,,0,0,,,,,1,,,100,สินค้าและอุปกรณ์สำหรับเด็ก,,,,,,,,,,,,0,,สี,ส้ม,1,1,Size (เสื้อ),18-24M,1,1,,,,,,,,,
29944,simple,26300562,,รองเท้าผ้าใบ - adidas,1,0,visible,,,,,taxable,,1,1,,0,0,,,,,1,,,100,สินค้าและอุปกรณ์สำหรับเด็ก,,,,,,,,,,,,0,,สี,เหลือง,1,1,Size (เสื้อ),18-24M,1,1,,,,,,,,,
29945,simple,26300561,,รองเท้าผ้าใบ - adidas,1,0,visible,,,,,taxable,,1,1,,0,0,,,,,1,,,100,สินค้าและอุปกรณ์สำหรับเด็ก,,,,,,,,,,,,0,,สี,ขาว,1,1,Size (เสื้อ),M,1,1,,,,,,,,,
29946,simple,26300576,,รองเท้าผ้าใบ  - adidas,1,0,visible,,,,,taxable,,1,1,,0,0,,,,,1,,,100,สินค้าและอุปกรณ์สำหรับเด็ก,,,,,,,,,,,,0,,สี,ฟ้า,1,1,Size (เสื้อ),M,1,1,,,,,,,,,
29947,simple,26300575,,รองเท้าผ้าใบ - adidas,1,0,visible,,,,,taxable,,1,1,,0,0,,,,,1,,,80,สินค้าและอุปกรณ์สำหรับเด็ก,,,,,,,,,,,,0,,สี,เทา,1,1,Size (เสื้อ),XXS,1,1,,,,,,,,,
29948,simple,26300574,,รองเท้าผ้าใบ - adidas,1,0,visible,,,,,taxable,,1,1,,0,0,,,,,1,,,80,สินค้าและอุปกรณ์สำหรับเด็ก,,,,,,,,,,,,0,,สี,แดง,1,1,Size (เสื้อ),M,1,1,,,,,,,,,
29949,simple,26300572,,รองเท้าผ้าใบ - adidas,1,0,visible,,,,,taxable,,1,1,,0,0,,,,,1,,,80,สินค้าและอุปกรณ์สำหรับเด็ก,,,,,,,,,,,,0,,สี,เขียว,1,1,Size (กางเกง),3T,1,1,,,,,,,,,
29950,simple,26300571,,รองเท้าแตะ - Disney,1,0,visible,,,,,taxable,,1,1,,0,0,,,,,1,,,80,สินค้าและอุปกรณ์สำหรับเด็ก,,,,,,,,,,,,0,,สี,ดำ,1,1,Size (กางเกง),5T,1,1,,,,,,,,,
29951,simple,26300570,,รองเท้าแตะ - Disney,1,0,visible,,,,,taxable,,1,1,,0,0,,,,,1,,,300,สินค้าและอุปกรณ์สำหรับเด็ก,,,,,,,,,,,,0,,สี,ดำ,1,1,Size (กางเกง),4-5Y,1,1,,,,,,,,,
29952,simple,26300569,,รองเท้าแตะ - Disney,1,0,visible,,,,,taxable,,1,1,,0,0,,,,,1,,,300,สินค้าและอุปกรณ์สำหรับเด็ก,,,,,,,,,,,,0,,สี,น้ำตาล,1,1,Size (กางเกง),4-5Y,1,1,,,,,,,,,
29953,simple,26300584,,รองเท้าแตะ - Disney,1,0,visible,,,,,taxable,,1,1,,0,0,,,,,1,,,300,สินค้าและอุปกรณ์สำหรับเด็ก,,,,,,,,,,,,0,,สี,เทา,1,1,Size (กางเกง),4-5Y,1,1,,,,,,,,,
29954,simple,26300583,,รองเท้าผ้าใบ - Disney,1,0,visible,,,,,taxable,,1,1,,0,0,,,,,1,,,300,สินค้าและอุปกรณ์สำหรับเด็ก,,,,,,,,,,,,0,,สี,ครีม,1,1,Size (กางเกง),4-5Y,1,1,,,,,,,,,
29955,simple,26300582,,รองเท้าผ้าใบ  - adidas,1,0,visible,,,,,taxable,,1,1,,0,0,,,,,1,,,500,สินค้าและอุปกรณ์สำหรับเด็ก,,,,,,,,,,,,0,,สี,น้ำเงิน,1,1,Size (เสื้อ),18-24M,1,1,,,,,,,,,
29956,simple,26300581,,รองเท้าผ้าใบ  - adidas,1,0,visible,,,,,taxable,,1,1,,0,0,,,,,1,,,500,สินค้าและอุปกรณ์สำหรับเด็ก,,,,,,,,,,,,0,,สี,เขียว,1,1,Size (เสื้อ),ไม่มี,1,1,,,,,,,,,
29957,simple,26300580,,รองเท้าผ้าใบ  - adidas,1,0,visible,,,,,taxable,,1,1,,0,0,,,,,1,,,500,สินค้าและอุปกรณ์สำหรับเด็ก,,,,,,,,,,,,0,,สี,เทา,1,1,Size (เสื้อ),2T,1,1,,,,,,,,,
29958,simple,26300579,,รองเท้าผ้าใบ  - adidas,1,0,visible,,,,,taxable,,1,1,,0,0,,,,,1,,,500,สินค้าและอุปกรณ์สำหรับเด็ก,,,,,,,,,,,,0,,สี,ครีม,1,1,Size (เสื้อ),12-18 M,1,1,,,,,,,,,
29959,simple,26300578,,รองเท้าผ้าใบ  - adidas,1,0,visible,,,,,taxable,,1,1,,0,0,,,,,1,,,500,สินค้าและอุปกรณ์สำหรับเด็ก,,,,,,,,,,,,0,,สี,ครีม,1,1,Size (เสื้อ),4-5 Y,1,1,,,,,,,,,
29960,simple,26300577,,รองเท้าผ้าใบ  - adidas,1,0,visible,,,,,taxable,,1,1,,0,0,,,,,1,,,500,สินค้าและอุปกรณ์สำหรับเด็ก,,,,,,,,,,,,0,,สี,หลากสี,1,1,Size (เสื้อ),3T,1,1,,,,,,,,,
29961,simple,26300592,,รองเท้า crocs ลาย Spider Man - crocs,1,0,visible,,,,,taxable,,1,1,,0,0,,,,,1,,,150,สินค้าและอุปกรณ์สำหรับเด็ก,,,,,,,,,,,,0,,สี,น้ำเงิน,0,0,,,,,,,,,,,,,
29962,simple,26300591,,รองเท้าสลิปออน - POLO,1,0,visible,,,,,taxable,,1,1,,0,0,,,,,1,,,100,สินค้าและอุปกรณ์สำหรับเด็ก,,,,,,,,,,,,0,,สี,เทา,1,1,Size (เสื้อ),4-5Y,1,1,,,,,,,,,
29963,simple,26300590,,รองเท้าผ้าใบ  - adidas,1,0,visible,,,,,taxable,,1,1,,0,0,,,,,1,,,100,สินค้าและอุปกรณ์สำหรับเด็ก,,,,,,,,,,,,0,,สี,น้ำตาล,1,1,Size (กางเกง),18-24M,1,1,,,,,,,,,
29964,simple,26300589,,รองเท้าสลิปออน - POLO,1,0,visible,,,,,taxable,,1,1,,0,0,,,,,1,,,100,สินค้าและอุปกรณ์สำหรับเด็ก,,,,,,,,,,,,0,,สี,แดง,1,1,Size (กางเกง),3-4Y,1,1,,,,,,,,,
29965,simple,26300588,,รองเท้าผ้าใบ  - adidas,1,0,visible,,,,,taxable,,1,1,,0,0,,,,,1,,,100,สินค้าและอุปกรณ์สำหรับเด็ก,,,,,,,,,,,,0,,สี,ขาว,1,1,Size (เสื้อ),4-5Y,1,1,,,,,,,,,
29966,simple,26300587,,รองเท้าผ้าใบ adidas - adidas,1,0,visible,,,,,taxable,,1,1,,0,0,,,,,1,,,500,สินค้าและอุปกรณ์สำหรับเด็ก,,,,,,,,,,,,0,,สี,ดำ,1,1,Size (เสื้อ),98CM,1,1,,,,,,,,,
29967,simple,26300586,,รองเท้าผ้าใบ Onitsuka Tiger - Onitsuka Tiger,1,0,visible,,,,,taxable,,1,1,,0,0,,,,,1,,,100,สินค้าและอุปกรณ์สำหรับเด็ก,,,,,,,,,,,,0,,สี,เหลือง,1,1,Size (เสื้อ),4-5Y,1,1,,,,,,,,,
29968,simple,26300585,,รองเท้าแตะ Super Man - havaianas,1,0,visible,,,,,taxable,,1,1,,0,0,,,,,1,,,80,สินค้าและอุปกรณ์สำหรับเด็ก,,,,,,,,,,,,0,,สี,น้ำเงิน,1,1,Size (กางเกง),18-24M,1,1,,,,,,,,,
29969,simple,26300600,,รองเท้า crocs - crocs,1,0,visible,,,,,taxable,,1,1,,0,0,,,,,1,,,100,สินค้าและอุปกรณ์สำหรับเด็ก,,,,,,,,,,,,0,,สี,แดง,1,1,Size (กางเกง),5-6Y,1,1,,,,,,,,,
29971,simple,26300601,,กางเกง - M&S,1,0,visible,,,,,taxable,,1,1,,0,0,,,,,1,,,300,สินค้าและอุปกรณ์สำหรับเด็ก,,,,,,,,,,,,0,,สี,น้ำเงิน,1,1,Size (เสื้อ),6T,1,1,,,,,,,,,