ID,Type,SKU,"GTIN, UPC, EAN, or ISBN",Name,Published,Is featured?,Visibility in catalog,Short description,Description,Date sale price starts,Date sale price ends,Tax status,Tax class,In stock?,Stock,Low stock amount,Backorders allowed?,Sold individually?,Weight (kg),Length (cm),Width (cm),Height (cm),Allow customer reviews?,Purchase note,Sale price,Regular price,Categories,Tags,Collections,Shipping class,Images,Download limit,Download expiry days,Parent,Grouped products,Upsells,Cross-sells,External URL,Button text,Position,Brands,Seller,Attribute 1 name,Attribute 1 value(s),Attribute 1 visible,Attribute 1 global,Attribute 2 name,Attribute 2 value(s),Attribute 2 visible,Attribute 2 global,Attribute 3 name,Attribute 3 value(s),Attribute 3 visible,Attribute 3 global,Attribute 4 name,Attribute 4 value(s),Attribute 4 visible,Attribute 4 global,Meta: condition
,simple,300058,,Car Body suit 3pieces ชุดบอดี้สูทลายรถ3 ชิ้น,1,,visible,"เซตบอดี้สูท 3 ชิ้น แบรนด์ Carter’s สีฟ้า,เทา,แดง  ผลิตจากผ้าฝ้าย นุ่ม ใส่สบาย ลายรถสุดน่ารัก ไซส์ เบบี้ 3เดือน(3M)",,,,taxable,,1,1,,,,0.2,,,,,,,235,สินค้าและอุปกรณ์สำหรับเด็ก,,,,,,,,,,,,,,,,สี,"สีฟ้า, สีเทา, สีแดง",1,1,เพศ,ชาย,1,1,Size (เสื้อ),3M,1,1,อายุ,3เดือน,1,1,สภาพดี
,simple,300055,,Ralph Lauren Shirt เสื้อยืดคอกลมโปโลสีน้ำเงิน,1,,visible,"เสื้อยืดแขนสั้น แบรนด์ Ralph Lauren\n\n&nbsp;\n\n&nbsp;\n\nสีน้ำเงิน สุดเท่ห์ ผลิตจากผ้าฝ้ายแท้ 100%  สีน้ำเงิน ไซส์ 6เดือน (6M 66/44)",,,,taxable,,1,1,,,,0.1,,,,,,,360,สินค้าและอุปกรณ์สำหรับเด็ก,,,,,,,,,,,,,,,,สี,สีน้ำเงิน,1,1,Size (เสื้อ),6M,1,1,เพศ,ชาย,1,1,อายุ,6เดือน,1,1,สภาพดี
,simple,300054,,Car&amp;Tree Body suit ชุดบอดี้สูทรถและต้นไม้,1,,visible,"ชุดบอดี้สูทแขนสั้น แบรนด์ Mamas&amp;Papas\n\n&nbsp;\n\nสีแดงสดใส ผลิตจากผ้า cotton 100% ไซส์ 9-12 เดือน (9-12M)",,,,taxable,,1,1,,,,0.1,,,,,,,90,สินค้าและอุปกรณ์สำหรับเด็ก,,,,,,,,,,,,,,,,สี,สีแดง,1,1,เพศ,"ชาย, หญิง",1,1,Size (เสื้อ),9M,1,1,อายุ,9เดือน,1,1,สภาพดี
,simple,300053,,Ralph Lauren Polo Shirt เสื้อเชิ้ตคอปกโปโลสีน้ำเงิน,1,,visible,"เสื้อโปโล แบรนด์ Ralph Lauren สีน้ำเงิน\n\n&nbsp;\n\nใส่สบาย ไซส์ 3เดือน(3M)",,,,taxable,,1,1,,,,0.1,,,,,,,360,สินค้าและอุปกรณ์สำหรับเด็ก,,,,,,,,,,,,,,,,สี,สีน้ำเงิน,1,1,Size (เสื้อ),3M,1,1,เพศ,ชาย,1,1,อายุ,3เดือน,1,1,สภาพดี
,simple,300051,,Ralph Lauren Shirt เสื้อเชิ้ตโปโลคอปกลายทาง,1,,visible,เสื้อโปโล แบรนด์ Ralph Lauren แถบขาว แดง เหลือง เขียว มีกระดุมด้านหน้า สวมใส่สบาย ไซส์ 3เดือน(3M),,,,taxable,,1,1,,,,0.1,,,,,,,360,สินค้าและอุปกรณ์สำหรับเด็ก,,,,,,,,,,,,,,,,สี,"สีขาว, สีน้ำเงิน, สีเขียว, สีเหลือง, สีแดง",1,1,Size (เสื้อ),3M,1,1,เพศ,ชาย,1,1,อายุ,3เดือน,1,1,สภาพดี
,simple,300050,,Baby First Favorite Print Footed One-Piece ชุดนอนแขนยาวลายน้องหมี,1,,visible,"ชุดนอนแขนยาว แบรนด์ Baby GAP สีฟ้า\n\n&nbsp;\n\n&nbsp;\n\nลายน้องหมีสุดน่ารัก มีซิบบริเวณด้านหน้า สวมใส่ง่าย ไซส์ 6-9เดือน( 6-9M)",,,,taxable,,1,1,,,,0.2,,,,,,,175,สินค้าและอุปกรณ์สำหรับเด็ก,,,,,,,,,,,,,,,,สี,สีฟ้า,1,1,Size (เสื้อ),6M,1,1,เพศ,"ชาย, หญิง",1,1,อายุ,6เดือน,1,1,สภาพดี
,simple,300049,,Car Boys Bodysuit ชุดบอดี้สูทขาสั้นลายรถ,1,,visible,"ชุดบอดี้สูทแขนสั้น แบรนด์ Mamas&amp;Papas\n\n&nbsp;\n\nสีเทา ลายยานพาหนะ ผลิตจากผ้า cotton 100% ไซส์ 9-12 เดือน( 9-12M)",,,,taxable,,1,1,,,,0.1,,,,,,,90,สินค้าและอุปกรณ์สำหรับเด็ก,,,,,,,,,,,,,,,,สี,สีเทา,1,1,Size (เสื้อ),9M,1,1,เพศ,ชาย,1,1,อายุ,9เดือน,1,1,สภาพดี
,simple,300048,,Awesome Mom Collectible Bodysuit ชุดบอดี้สูทขาสั้นลายพิมพ์,1,,visible,"ชุดบอดี้สูทแขนสั้น แบรนด์ Carter’s\n\n&nbsp;\n\nสีเทา ผลิตจากผ้าฝ้าย นุ่ม ใส่สบาย ไซส์ 3เดือน( 3M)",,,,taxable,,1,1,,,,0.1,,,,,,,115,สินค้าและอุปกรณ์สำหรับเด็ก,,,,,,,,,,,,,,,,สี,สีเทา,1,1,Size (เสื้อ),3M,1,1,เพศ,ชาย,1,1,อายุ,3เดือน,1,1,สภาพดี
,simple,300047,,2-Way Zip Cotton Sleep &amp; Play ชุดนอนลายน้องหมี,1,,visible,"ชุดนอน แบรนด์ Carter's สีเทา\n\n&nbsp;\n\nใส่ง่าย ใส่สบาย ลายน้องหมีสุดน่ารัก  ไซส์ เบบี้ 6เดือน(6M)",,,,taxable,,1,1,,,,0.2,,,,,,,180,สินค้าและอุปกรณ์สำหรับเด็ก,,,,,,,,,,,,,,,,สี,สีเทา,1,1,Size (เสื้อ),6M,1,1,เพศ,ชาย,1,1,อายุ,6เดือน,1,1,สภาพดี
,simple,300046,,Baby Print Body suit ชุดบอดี้สูทลายหุ่นยนต์,1,,visible,"ชุดบอดี้สูทแขนยาว แบรนด์ Baby GAP สีแดง\n\n&nbsp;\n\nลายหุ่นยนต์สุดน่ารัก มีกระดุมบริเวณด้านล่าง สวมใส่ง่าย ไซส์ 6-12 เดือน (6-12 M)",,,,taxable,,1,1,,,,0.1,,,,,,,120,สินค้าและอุปกรณ์สำหรับเด็ก,,,,,,,,,,,,,,,,สี,สีแดง,1,1,Size (เสื้อ),6M,1,1,เพศ,ชาย,1,1,อายุ,6เดือน,1,1,สภาพดี
,simple,300045,,Ralph Lauren Shirt เสื้อเชิ้ตคอปกลายสก็อต,1,,visible,"เสื้อเชิ้ต แบรนด์ Ralph Lauren สีน้ำเงิน\n\n&nbsp;\n\nใส่สบาย ไซส์ 6เดือน(6M)",,,,taxable,,1,1,,,,0.1,,,,,,,250,สินค้าและอุปกรณ์สำหรับเด็ก,,,,,,,,,,,,,,,,สี,สีน้ำเงิน,1,1,Size (เสื้อ),6M,1,1,เพศ,ชาย,1,1,อายุ,6เดือน,1,1,สภาพดี
,simple,300044,,Ralph Lauren Shirt เสื้อเชิ้ตคอปกรุ่นยีนส์,1,,visible,"เสื้อเชิ้ต แบรนด์ Ralph Lauren สีน้ำเงิน\n\n&nbsp;\n\nใส่สบาย ไซส์ 6 M 66/44 เหมาะสำหรับน้องอายุ 6 เดือน",,,,taxable,,1,1,,,,0.1,,,,,,,600,สินค้าและอุปกรณ์สำหรับเด็ก,,,,,,,,,,,,,,,,สี,สีฟ้า,1,1,Size (เสื้อ),6M,1,1,อายุ,6เดือน,1,1,เพศ,ชาย,1,1,สภาพดี
,simple,300043,,Plane Body suit ชุดบอดี้สูทรูปเครื่องบิน,1,,visible,"ชุดบอดี้สูทแขนสั้น แบรนด์ Mamas&amp;Papas\n\n&nbsp;\n\nสีกรม ลายเครื่องบินสุดน่ารัก มีกระดุมบริเวณด้านล่าง สวมใส่ง่าย ไซส์เบบี้  9-12 ดือน(9-12M)",,,,taxable,,1,1,,,,0.1,,,,,,,90,สินค้าและอุปกรณ์สำหรับเด็ก,,,,,,,,,,,,,,,,สี,สีกรม,1,1,Size (เสื้อ),9M,1,1,อายุ,9เดือน,1,1,เพศ,ชาย,1,1,สภาพดี
,simple,300040,,Aircraft Body suit 3pieces ชุดบอดี้สูทลายเครื่องบิน 3 ชิ้น,1,,visible,"เซตบอดี้สูท 3 ชิ้น แบรนด์ Carter’s สีฟ้า,เหลือง,น้ำเงิน  ผลิตจากผ้าฝ้าย นุ่ม ใส่สบาย ลายเครื่องบิ้นสุดน่ารัก ไซส์ เบบี้ 6เดือน(6M)",,,,taxable,,1,1,,,,0.2,,,,,,,270,สินค้าและอุปกรณ์สำหรับเด็ก,,,,,,,,,,,,,,,,สี,"สีน้ำเงิน, สีฟ้า, สีเหลือง",1,1,Size (เสื้อ),6M,1,1,อายุ,6เดือน,1,1,เพศ,ชาย,1,1,สภาพดี
,simple,300039,,Striped Body suit ชุดบอดี้สูทคอกลมขาสั้นลายขวาง,1,,visible,"บอดี้สูท แบรนด์ Carter’s ผลิตจากผ้าฝ้าย\n\n&nbsp;\n\nสีน้ำเงินลายยาว นุ่ม ใส่สบาย ไซส์ เบบี้ 6เดือน(6M)",,,,taxable,,1,1,,,,0.1,,,,,,,105,สินค้าและอุปกรณ์สำหรับเด็ก,,,,,,,,,,,,,,,,สี,สีน้ำเงิน,1,1,Size (เสื้อ),6M,1,1,อายุ,6เดือน,1,1,เพศ,ชาย,1,1,สภาพดี
,simple,300038,,Let's Snuggle Body suit ชุดบอดี้สูทลายสกรีนSnuggle,1,,visible,"ชุดบอดี้สูท แบรนด์ Carter’s ลาย\n\n&nbsp;\n\nlet's Snuggle สีฟ้าแสนสดใส ใส่ง่าย สบายตลอดทั้งวัน ไซส์ เบบี้ 3เดือน(3M)",,,,taxable,,1,1,,,,0.1,,,,,,,60,สินค้าและอุปกรณ์สำหรับเด็ก,,,,,,,,,,,,,,,,สี,สีฟ้า,1,1,Size (เสื้อ),3M,1,1,อายุ,3เดือน,1,1,เพศ,"ชาย, หญิง",1,1,สภาพดี
,simple,300036,,Dog Pajamas ชุดนอนคอกลมขายาวลายน้องหมา,1,,visible,"ชุดนอน แบรนด์ Carter's สีเหลือง นุ่ม\n\n&nbsp;\n\nใส่สบาย ลายน้องหมาสุดน่ารัก ไซส์ เบบี้ 6เดือน(6M)",,,,taxable,,1,1,,,,0.2,,,,,,,225,สินค้าและอุปกรณ์สำหรับเด็ก,,,,,,,,,,,,,,,,สี,สีเหลือง,1,1,Size (เสื้อ),6M,1,1,อายุ,6เดือน,1,1,เพศ,ชาย,1,1,สภาพดี
,simple,300035,,Dinosaur Pajamas ชุดนอนคอกลมขายาวลายไดโนเสาร์,1,,visible,"ชุดนอน แบรนด์ H&amp;M สีน้ำเงิน นุ่ม\n\n&nbsp;\n\nใส่สบาย ลายไดโนเสาร์สุดน่ารัก ไซส์ เบบี้ 12เดือน(12M)",,,,taxable,,1,1,,,,0.3,,,,,,,330,สินค้าและอุปกรณ์สำหรับเด็ก,,,,,,,,,,,,,,,,สี,สีน้ำเงิน,1,1,Size (เสื้อ),12M,1,1,อายุ,12เดือน,1,1,เพศ,ชาย,1,1,Good
,simple,300034,,Construction Pajamas ชุดนอนคอกลมขายาวลายรถเครน,1,,visible,"ชุดนอน แบรนด์ Carter's สีน้ำเงิน นุ่ม\n\n&nbsp;\n\nใส่สบาย ลายรถเครน สุดเทห์ ไซส์ เบบี้ 6เดือน(6M)",,,,taxable,,1,1,,,,0.2,,,,,,,990,สินค้าและอุปกรณ์สำหรับเด็ก,,,,,,,,,,,,,,,,สี,สีน้ำเงิน,1,1,Size (เสื้อ),6M,1,1,อายุ,6เดือน,1,1,เพศ,ชาย,1,1,Mint
,simple,300033,,Dinosaur Pajamas ชุดนอนคอกลมขายาวลายไดโนเสาร์,1,,visible,"ชุดนอน แบรนด์ H&amp;M สีน้ำเงิน นุ่ม\n\n&nbsp;\n\nใส่สบาย ลายไดโนเสาร์สุดน่ารัก ไซส์ เบบี้ 6เดือน(6M)",,,,taxable,,1,1,,,,0.3,,,,,,,570,สินค้าและอุปกรณ์สำหรับเด็ก,,,,,,,,,,,,,,,,สี,สีน้ำเงิน,1,1,Size (เสื้อ),6M,1,1,อายุ,6เดือน,1,1,เพศ,ชาย,1,1,Good
,simple,300032,,The sky Pajamas ชุดนอนคอกลมขายาวลายท้องฟ้า,1,,visible,ชุดนอน แบรนด์ Carter's สีขาว นุ่ม ใส่สบาย ลายท้องฟ้า สุดน่ารักไซส์ เบบี้ 9เดือน(9M),,,,taxable,,1,1,,,,0.2,,,,,,,175,สินค้าและอุปกรณ์สำหรับเด็ก,,,,,,,,,,,,,,,,สี,สีขาว,1,1,Size (เสื้อ),9M,1,1,อายุ,9เดือน,1,1,เพศ,หญิง,1,1,Good
,simple,300030,,Au-Star Pajamas ชุดนอนคอกลมขายาวลายปัก Au-Star,1,,visible,"ชุดนอน แบรนด์ Carter's สีน้ำเงิน นุ่ม\n\n&nbsp;\n\nใส่สบาย ลาย ปักAu-Star ไซส์ เบบี้ 9เดือน(9M)",,,,taxable,,1,1,,,,0.2,,,,,,,235,สินค้าและอุปกรณ์สำหรับเด็ก,,,,,,,,,,,,,,,,สี,สีน้ำเงิน,1,1,Size (เสื้อ),9M,1,1,อายุ,9เดือน,1,1,เพศ,ชาย,1,1,Mint
,simple,300028,,Striped Body suit ชุดบอดี้สูทคอจีนขาสั้นลายทาง,1,,visible,"บอดี้สูท แบรนด์ Carter’s สีดำลายยาว\n\n&nbsp;\n\nผลิตจากผ้าฝ้าย นุ่ม ใส่สบาย ไซส์ เบบี้ 3เดือน(3M)",,,,taxable,,1,1,,,,0.1,,,,,,,180,สินค้าและอุปกรณ์สำหรับเด็ก,,,,,,,,,,,,,,,,สี,สีดำ,1,1,Size (เสื้อ),3M,1,1,อายุ,3เดือน,1,1,เพศ,"ชาย, หญิง",1,1,Good
,simple,300026,,Striped Body suits ชุดบอดี้สูทคอปกลายทางสีน้ำเงิน,1,,visible,"ชุดบอดี้สูทแขนสั้น แบรนด์  Carter’s\n\n&nbsp;\n\nสีน้ำเงินลายทาง ผลิตจากผ้าฝ้าย นุ่ม ใส่สบาย ไซส์ เบบี้ 3เดือน(3M)",,,,taxable,,1,1,,,,0.1,,,,,,,175,สินค้าและอุปกรณ์สำหรับเด็ก,,,,,,,,,,,,,,,,สี,สีน้ำเงิน,1,1,Size (เสื้อ),3M,1,1,อายุ,3เดือน,1,1,เพศ,ชาย,1,1,Good
,simple,300025,,Elephants &amp; Star Body suit ชุดบอดี้สูทขาสั้นลายช้างและดวงดาว,1,,visible,ชุดบอดี้สูทแขนสั้น แบรนด์ Carter's สีขาวลายช้างและดวงดาว  ผลิตจากผ้าฝ้าย นุ่ม ใส่สบาย ไซส์ เบบี้ 3เดือน(3M),,,,taxable,,1,1,,,,0.1,,,,,,,225,สินค้าและอุปกรณ์สำหรับเด็ก,,,,,,,,,,,,,,,,สี,สีขาว,1,1,Size (เสื้อ),3M,1,1,อายุ,3เดือน,1,1,เพศ,"ชาย, หญิง",1,1,Good
,simple,300024,,Port Pants กางเกงขายาว ลายสมอเรือ,1,,visible,"กางเกงขายาว แบรนด์ Baby GAP สีกรม\n\n&nbsp;\n\n&nbsp;\n\nลายสมอเรือ สุดน่ารัก ไซส์ เบบี้ 0เดือน(0M)",,,,taxable,,1,1,,,,0.1,,,,,,,105,สินค้าและอุปกรณ์สำหรับเด็ก,,,,,,,,,,,,,,,,สี,สีกรม,1,1,อายุ,0เดือน,1,1,เพศ,ชาย,1,1,Size (กางเกง),0M,1,1,Good
,simple,300023,,Raccoon Pajamas ชุดนอนคอกลมขายาวลายปักแร็กคูณ,1,,visible,"ชุดนอน แบรนด์ Carter's สีเขียว นุ่ม\n\n&nbsp;\n\n&nbsp;\n\nใส่สบาย ลาย ปักแร็กคูณ ไซส์ เบบี้ 6เดือน(6M)",,,,taxable,,1,1,,,,0.2,,,,,,,180,สินค้าและอุปกรณ์สำหรับเด็ก,,,,,,,,,,,,,,,,สี,สีเขียว,1,1,Size (เสื้อ),6M,1,1,อายุ,6เดือน,1,1,เพศ,ชาย,1,1,Good
,simple,300022,,Au-Star Pajamas ชุดนอนคอกลมขายาวลายปัก Au-Star,1,,visible,"ชุดนอน แบรนด์ Carter's สีน้ำเงิน นุ่ม\n\n&nbsp;\n\nใส่สบาย ลาย ปักAu-Star ไซส์ เบบี้ 3เดือน(3M)",,,,taxable,,1,1,,,,0.1,,,,,,,180,สินค้าและอุปกรณ์สำหรับเด็ก,,,,,,,,,,,,,,,,สี,สีกรม,1,1,Size (เสื้อ),3M,1,1,อายุ,3เดือน,1,1,เพศ,ชาย,1,1,Good
,simple,300019,,Big deal Body suit ชุดบอดี้สูทขาสั้นลาย Big deal,1,,visible,ชุดบอดี้สูทแขนสั้น แบรนด์ Carter's สีเทา ลายBig deal  ผลิตจากผ้าฝ้าย นุ่ม ใส่สบาย ไซส์ เบบี้ 3เดือน(3M),,,,taxable,,1,1,,,,0.1,,,,,,,120,สินค้าและอุปกรณ์สำหรับเด็ก,,,,,,,,,,,,,,,,สี,สีเทา,1,1,Size (เสื้อ),3M,1,1,อายุ,3เดือน,1,1,เพศ,ชาย,1,1,Good
,simple,300018,,Car Body suit ชุดบอดี้สูทขาสั้นลายรถ,1,,visible,ชุดบอดี้สูทแขนสั้น แบรนด์ Carter's สีเทาและสีแดง 2 ชิ้นลายรถ  ผลิตจากผ้าฝ้าย นุ่ม ใส่สบาย ไซส์ เบบี้ 6เดือน(6M),,,,taxable,,1,1,,,,0.2,,,,,,,180,สินค้าและอุปกรณ์สำหรับเด็ก,,,,,,,,,,,,,,,,สี,"สีเทา, สีแดง",1,1,Size (เสื้อ),6M,1,1,อายุ,6เดือน,1,1,เพศ,ชาย,1,1,Good
,simple,300017,,Dinosaur Body suit ชุดบอดี้สูทขาสั้นลายไดโนเสาร์,1,,visible,ชุดบอดี้สูทแขนสั้น แบรนด์ Carter's สีเขียว ลายไดโนเสาร์  ผลิตจากผ้าฝ้าย นุ่ม ใส่สบาย ไซส์ เบบี้ 6เดือน(6M),,,,taxable,,1,1,,,,0.1,,,,,,,120,สินค้าและอุปกรณ์สำหรับเด็ก,,,,,,,,,,,,,,,,สี,สีเขียว,1,1,Size (เสื้อ),6M,1,1,อายุ,6เดือน,1,1,เพศ,ชาย,1,1,Good
,simple,300016,,Lion Body suit ชุดบอดี้สูทขาสั้นลายสิงโต,1,,visible,ชุดบอดี้สูทแขนสั้น แบรนด์ Carter's สีเทาและสีกรม 2 ชิ้นลายสิงโต  ผลิตจากผ้าฝ้าย นุ่ม ใส่สบาย ไซส์ เบบี้ 6เดือน(6M),,,,taxable,,1,1,,,,0.2,,,,,,,180,สินค้าและอุปกรณ์สำหรับเด็ก,,,,,,,,,,,,,,,,สี,"สีกรม, สีเทา",1,1,Size (เสื้อ),6M,1,1,อายุ,6เดือน,1,1,เพศ,ชาย,1,1,Good
,simple,300015,,Hero Body suit ชุดบอดี้สูทขาสั้นลายฮีโร่,1,,visible,ชุดบอดี้สูทแขนสั้น แบรนด์ Carter's สีแดง 2 ชิ้นลายฮีโร่  ผลิตจากผ้าฝ้าย นุ่ม ใส่สบาย ไซส์ เบบี้ 6เดือน(6M),,,,taxable,,1,1,,,,0.2,,,,,,,590,สินค้าและอุปกรณ์สำหรับเด็ก,,,,,,,,,,,,,,,,สี,สีแดง,1,1,Size (เสื้อ),6M,1,1,อายุ,6เดือน,1,1,เพศ,ชาย,1,1,Good
,simple,300013,,Striped Body suit ชุดบอดี้สูทขาสั้นลายทาง,1,,visible,"ชุดบอดี้สูทแขนสั้น แบรนด์  Carter’s\n\n&nbsp;\n\n&nbsp;\n\n3 ชิ้น สีดำและสีเทาลายทาง ผลิตจากผ้าฝ้าย นุ่ม ใส่สบาย ไซส์ เบบี้ 6เดือน(6M)",,,,taxable,,1,1,,,,0.2,,,,,,,255,สินค้าและอุปกรณ์สำหรับเด็ก,,,,,,,,,,,,,,,,สี,"สีดำ, สีเทา",1,1,Size (เสื้อ),6M,1,1,อายุ,6เดือน,1,1,เพศ,ชาย,1,1,Good
,simple,300012,,Star &amp; Mickey Pants กางเกงขายาว ลายดวงดาวและมิกกี้เมาส์,1,,visible,"กางเกงขายาว แบรนด์ Baby GAP และ Disney baby\n\n&nbsp;\n\n&nbsp;\n\nสีกรม ลายดวงดาวและมิกกี้เมาส์ สุดน่ารัก ไซส์ เบบี้ 3เดือน(3M)",,,,taxable,,1,1,,,,0.1,,,,,,,165,สินค้าและอุปกรณ์สำหรับเด็ก,,,,,,,,,,,,,,,,สี,สีกรม,1,1,Size (กางเกง),3M,1,1,อายุ,3เดือน,1,1,เพศ,ชาย,1,1,Good
,simple,300011,,Hero Unit Pants กางเกงขายาว ลายHero Unit,1,,visible,"กางเกงขายาว แบรนด์ Carter's สีเทา ลายHero\n\n&nbsp;\n\nUnit สุดเทห์ ไซส์ เบบี้ 6เดือน(6M)",,,,taxable,,1,1,,,,0.1,,,,,,,120,สินค้าและอุปกรณ์สำหรับเด็ก,,,,,,,,,,,,,,,,สี,สีเทา,1,1,Size (กางเกง),6M,1,1,อายุ,6เดือน,1,1,เพศ,ชาย,1,1,Good
,simple,300010,,Car Matching Tops &amp; Bottoms เซตเสื้อและกางเกงลายรถ,1,,visible,เซตเสื้อและกางเกง 2 ชิ้น แบรนด์ Oshkosh B'gosh สีเทา  ผลิตจากผ้าฝ้าย นุ่ม ใส่สบาย ลายรถสุดน่ารัก ไซส์ เบบี้ 12เดือน(12M),,,,taxable,,1,1,,,,0.2,,,,,,,270,สินค้าและอุปกรณ์สำหรับเด็ก,,,,,,,,,,,,,,,,สี,สีเทา,1,1,Size (กางเกง),12M,1,1,Size (เสื้อ),12M,1,1,อายุ,12เดือน,1,1,สภาพดี
,simple,300009,,Striped Matching Body suits &amp; Bottoms เซตบอดี้สูทและกางเกงลายขวาง,1,,visible,เซตบอดี้สูทและกางเกง แบรนด์ Baby Gap ชุดบอดี้สูท สีขาว ลายขวาง มาพร้อมกับกางเกงขายาวสุดน่ารัก ผลิตจากผ้าฝ้าย นุ่ม ใส่สบาย ไซส์ เบบี้ 3เดือน(3M),,,,taxable,,1,1,,,,0.2,,,,,,,85,สินค้าและอุปกรณ์สำหรับเด็ก,,,,,,,,,,,,,,,,สี,สีขาว,1,1,Size (กางเกง),3M,1,1,Size (เสื้อ),3M,1,1,อายุ,3เดือน,1,1,สภาพดี
,simple,300008,,Striped Pants กางเกงขายาว ลายขวาง,1,,visible,"กางเกงขายาว แบรนด์ Baby GAP สีเทา\n\n&nbsp;\n\n&nbsp;\n\nลายขวาง  ปักน้องหมีสุดเทห์ ไซส์ เบบี้ 0เดือน(0M)",,,,taxable,,1,1,,,,0.1,,,,,,,120,สินค้าและอุปกรณ์สำหรับเด็ก,,,,,,,,,,,,,,,,สี,สีเทา,1,1,Size (กางเกง),0M,1,1,อายุ,0เดือน,1,1,เพศ,ชาย,1,1,สภาพดี
,simple,300007,,Black Pants กางเกงขายาว สีดำ,1,,visible,"กางเกงขายาว แบรนด์ Baby GAP สีดำล้วน\n\n&nbsp;\n\nสุดเทห์ ไซส์ เบบี้ 3เดือน(3M)",,,,taxable,,1,1,,,,0.1,,,,,,,80,สินค้าและอุปกรณ์สำหรับเด็ก,,,,,,,,,,,,,,,,สี,สีดำ,1,1,Size (กางเกง),3M,1,1,อายุ,3เดือน,1,1,เพศ,ชาย,1,1,สภาพดี
,simple,300006,,Striped Pants กางเกงขายาว ลายขวาง,1,,visible,กางเกงขายาว แบรนด์ Baby GAP สีดำ ลายขวาง  ปักน้องหมีมาพร้อมกระเป๋าข้างหลัง ไซส์ เบบี้ 0เดือน(0M),,,,taxable,,1,1,,,,0.1,,,,,,,120,สินค้าและอุปกรณ์สำหรับเด็ก,,,,,,,,,,,,,,,,สี,สีดำ,1,1,Size (กางเกง),0M,1,1,อายุ,0เดือน,1,1,เพศ,ชาย,1,1,สภาพดี
,simple,300005,,Striped Pants 2pieces กางเกงขายาว,1,,visible,กางเกงขายาว 2ชิ้น แบรนด์ Baby GAP สีเทา ลายขวาง สุดเทห์ ไซส์ เบบี้ 3เดือน(3M),,,,taxable,,1,1,,,,0.1,,,,,,,195,สินค้าและอุปกรณ์สำหรับเด็ก,,,,,,,,,,,,,,,,สี,สีเทา,1,1,Size (กางเกง),3M,1,1,อายุ,3เดือน,1,1,เพศ,ชาย,1,1,สภาพดี
,simple,300003,,Set Pants 3pieces เซตกางเกงขายาว 3ชิ้น,1,,visible,"กางเกงขายาว 2ชิ้น แบรนด์ Carter's 3ชิ้น\n\n&nbsp;\n\nสีน้ำเงินและเทา สุดน่ารัก ไซส์ เบบี้ 6เดือน(6M)",,,,taxable,,1,1,,,,0.2,,,,,,,255,สินค้าและอุปกรณ์สำหรับเด็ก,,,,,,,,,,,,,,,,สี,"สีกรม, สีเทา",1,1,Size (กางเกง),6M,1,1,อายุ,6เดือน,1,1,เพศ,ชาย,1,1,สภาพดี
,simple,100071,,Ralph Lauren Polo Shirt เสื้อเชิ้ตคอปกโปโลสีแดง,1,,visible,เสื้อโปโล แบรนด์ Ralph Lauren สีแดง ใส่สบาย ไซส์ 6เดือน(6M 70/44),,,,taxable,,1,1,,,,0.1,,,,,,,360,สินค้าและอุปกรณ์สำหรับเด็ก,,,,,,,,,,,,,,,,สี,สีแดง,1,1,Size (เสื้อ),6M,1,1,อายุ,6เดือน,1,1,เพศ,ชาย,1,1,สภาพดี
,simple,100070,,Ralph Lauren Polo Shirt เสื้อเชิ้ตคอปกโปโลสีน้ำเงิน,1,,visible,"เสื้อโปโล แบรนด์ Ralph Lauren สีน้ำเงิน\n\n&nbsp;\n\nใส่สบาย ไซส์ 6เดือน(6M)",,,,taxable,,1,1,,,,0.1,,,,,,,360,สินค้าและอุปกรณ์สำหรับเด็ก,,,,,,,,,,,,,,,,สี,สีน้ำเงิน,1,1,Size (เสื้อ),6M,1,1,อายุ,6เดือน,1,1,เพศ,ชาย,1,1,สภาพดี
,simple,100069,,Ralph Lauren Polo Shirt เสื้อเชิ้ตคอปกโปโลสีเหลือง,1,,visible,"เสื้อโปโล แบรนด์ Ralph Lauren สีเหลือง\n\n&nbsp;\n\n&nbsp;\n\nใส่สบาย ไซส์ 6เดือน(6M)",,,,taxable,,1,1,,,,0.1,,,,,,,360,สินค้าและอุปกรณ์สำหรับเด็ก,,,,,,,,,,,,,,,,สี,สีเหลือง,1,1,Size (เสื้อ),6M,1,1,อายุ,6เดือน,1,1,เพศ,ชาย,1,1,สภาพดี
,simple,100068,,Ralph Lauren Polo Shirt เสื้อเชิ้ตคอปกโปโลสีฟ้า,1,,visible,เสื้อโปโล แบรนด์ Ralph Lauren สีฟ้า ใส่สบาย ไซส์ 6เดือน(6M),,,,taxable,,1,1,,,,0.1,,,,,,,360,สินค้าและอุปกรณ์สำหรับเด็ก,,,,,,,,,,,,,,,,สี,สีฟ้า,1,1,Size (เสื้อ),6M,1,1,อายุ,6เดือน,1,1,เพศ,ชาย,1,1,สภาพดี
,simple,100067,,Ralph Lauren Polo Shirt เสื้อเชิ้ตคอปกโปโลสีแดง,1,,visible,เสื้อโปโล แบรนด์ Ralph Lauren สีแดง ใส่สบาย ไซส์ 6เดือน(6M),,,,taxable,,1,1,,,,0.1,,,,,,,360,สินค้าและอุปกรณ์สำหรับเด็ก,,,,,,,,,,,,,,,,สี,สีแดง,1,1,Size (เสื้อ),6M,1,1,อายุ,6เดือน,1,1,เพศ,ชาย,1,1,สภาพดี
,simple,100066,,BearT-shirt เสื้อยืดคอกลมลายหมี,1,,visible,"เสื้อยืดคอกลมแขนสั้น แบรนด์ Ralph Lauren\n\n&nbsp;\n\nลายหมี สุดเท่ห์ มีกระดุมบริเวรนไหล่ ใส่ง่าย ผลิตจากผ้าฝ้ายแท้ 100%  สีกรม <span style=""color: inherit; font-family: Roboto;"">ไซส์ 6เดือน ( 6M 66/44)</span>",,,,taxable,,1,1,,,,0.1,,,,,,,600,สินค้าและอุปกรณ์สำหรับเด็ก,,,,,,,,,,,,,,,,สี,สีกรม,1,1,Size (กางเกง),6M,1,1,อายุ,6เดือน,1,1,เพศ,ชาย,1,1,สภาพดี
,simple,100065,,5P STAR TRUNKS กางเกงชั้นใน 5 ชิ้น,1,,visible,"กางเกงชั้นใน 5 ชิ้น แบรนด์ MARK and Spencer\n\n&nbsp;\n\n&nbsp;\n\nสีขาว ลายดวงดาวและลายขวาง ผลิตจากผ้าคอตอล ใส่สบาย <span style=""color: #555555; font-family: Roboto;"">ไซส์ 2ปี ( 2ํY)</span>",,,,taxable,,1,1,,,,0.2,,,,,,,600,สินค้าและอุปกรณ์สำหรับเด็ก,,,,,,,,,,,,,,,,สี,สีขาว,1,1,Size (กางเกง),2Y,1,1,อายุ,2ปี,1,1,เพศ,ชาย,1,1,New
,simple,100064,,Port Swimsuit ชุดว่ายน้ำลายสมอเรือ,1,,visible,"ชุดว่ายน้ำแขนยาว ขาสั้น แบรนด์ koalakids\n\n&nbsp;\n\nสีชมพูน่ารัก ลายสมอเรือ ไซส์ 12-18 เดือน(12-18M)",,,,taxable,,1,1,,,,0.1,,,,,,,600,สินค้าและอุปกรณ์สำหรับเด็ก,,,,,,,,,,,,,,,,สี,สีชมพู,1,1,Size (เสื้อ),12M,1,1,อายุ,12เดือน,1,1,เพศ,"ชาย, หญิง",1,1,สภาพดี
,simple,100063,,Bow Bodysuit ชุดบอดี้สูทขาสั้นลายโบว์,1,,visible,ชุดบอดี้สูทแขนสั้นยาว แบรนด์ Baby GAP สีขาว ลายโบว์ ผลิตจากผ้า cotton 100% ไซส์ 6-12 เดือน(6-12M),,,,taxable,,1,1,,,,1,,,,,,,240,สินค้าและอุปกรณ์สำหรับเด็ก,,,,,,,,,,,,,,,,สี,สีขาว,1,1,Size (เสื้อ),6M,1,1,อายุ,6เดือน,1,1,เพศ,ชาย,1,1,Mint
,simple,100062,,Brown Corduroy Pants กางเกงขายาว สีน้ำตาล,1,,visible,"กางเกงขายาว แบรนด์ Baby GAP สีน้ำตาล\n\n&nbsp;\n\n&nbsp;\n\nผ้าลูกฟูก สุดเทห์ ไซส์ เบบี้ 6เดือน(6M)\n\n&nbsp;",,,,taxable,,1,1,,,,1,,,,,,,360,สินค้าและอุปกรณ์สำหรับเด็ก,,,,,,,,,,,,,,,,สี,สีน้ำตาล,1,1,Size (กางเกง),6M,1,1,อายุ,6เดือน,1,1,เพศ,ชาย,1,1,สภาพดี
,simple,100060,,Whale Swim Trunks กางเกงว่ายน้ำขาสั้นลายวาฬ,1,,visible,"กางเกงว่ายน้ำขาสั้น แบรนด์ Koala kids\n\n&nbsp;\n\n&nbsp;\n\nสีฟ้า ลายวาฬสุดน่ารัก ไซส์ เบบี้ 12เดือน(12M)",,,,taxable,,1,1,,,,1,,,,,,,100,สินค้าและอุปกรณ์สำหรับเด็ก,,,,,,,,,,,,,,,,สี,สีฟ้า,1,1,Size (กางเกง),12M,1,1,อายุ,12เดือน,1,1,เพศ,ชาย,1,1,สภาพดี
,simple,100059,,Black Pants กางเกงขายาว สีดำ,1,,visible,"กางเกงขายาว แบรนด์ Carter's สีดำ สุดเทห์\n\n&nbsp;\n\nไซส์ เบบี้ 12เดือน(12M)",,,,taxable,,1,1,,,,0.1,,,,,,,270,สินค้าและอุปกรณ์สำหรับเด็ก,,,,,,,,,,,,,,,,สี,สีดำ,1,1,Size (กางเกง),12M,1,1,อายุ,12เดือน,1,1,เพศ,ชาย,1,1,สภาพดี
,simple,100058,,Blue Pants กางเกงขาสั้น สีฟ้า,1,,visible,"กางเกงขาสั้น แบรนด์ Cotton on baby สีฟ้า\n\n&nbsp;\n\n&nbsp;\n\nสุดเทห์ ไซส์ เบบี้ 6เดือน(6M)",,,,taxable,,1,1,,,,0.1,,,,,,,180,สินค้าและอุปกรณ์สำหรับเด็ก,,,,,,,,,,,,,,,,สี,สีฟ้า,1,1,Size (กางเกง),6M,1,1,อายุ,6เดือน,1,1,เพศ,"ชาย, หญิง",1,1,สภาพดี
,simple,100057,,Orange Pants กางเกงขายาว สีส้ม,1,,visible,"กางเกงขายาว แบรนด์ Cotton on baby สีส้ม\n\n&nbsp;\n\n&nbsp;\n\nสุดเทห์ ไซส์ เบบี้ 9เดือน(9M)",,,,taxable,,1,1,,,,0.1,,,,,,,90,สินค้าและอุปกรณ์สำหรับเด็ก,,,,,,,,,,,,,,,,สี,สีส้ม,1,1,Size (กางเกง),9M,1,1,อายุ,9เดือน,1,1,เพศ,ชาย,1,1,สภาพดี
,simple,100056,,Blue Pants กางเกงขาสั้น สีกรม,1,,visible,"กางเกงขาสั้น แบรนด์ Carter's สีกรม\n\n&nbsp;\n\n&nbsp;\n\nสุดเทห์ ไซส์ เบบี้ 12เดือน(12M)",,,,taxable,,1,1,,,,0.2,,,,,,,300,สินค้าและอุปกรณ์สำหรับเด็ก,,,,,,,,,,,,,,,,สี,สีกรม,1,1,Size (กางเกง),12M,1,1,อายุ,12เดือน,1,1,เพศ,ชาย,1,1,สภาพดี
,simple,100055,,Blue Pants กางเกงขายาว สีน้ำเงิน,1,,visible,"กางเกงขายาว แบรนด์ Carter's สีน้ำเงิน\n\n&nbsp;\n\nผ้านุ้ม ใส่สบาย สุดเทห์ ไซส์ เบบี้ 18เดือน(18M)",,,,taxable,,1,1,,,,0.1,,,,,,,270,สินค้าและอุปกรณ์สำหรับเด็ก,,,,,,,,,,,,,,,,สี,สีน้ำเงิน,1,1,อายุ,18เดือน,1,1,เพศ,ชาย,1,1,,,,,สภาพดี
,simple,100052,,Converse All Star for kids รองเท้าลำลองเด็ก,1,,visible,รองเท้าลำลองเด็ก แบรนด์ Converse สีน้ำเงิน นุ่มเบาสบายตลอดการสวมใส่ เหมาะสำหรับสวมใส่กับเสื้อผ้าชุดโปรดได้ทุกวัน ไซส์ US 4 UK 4 EUR 20 CM 11.5,,,,taxable,,1,1,,,,0.2,,,,,,,460,สินค้าและอุปกรณ์สำหรับเด็ก,,,,,,,,,,,,,,,,สี,สีน้ำเงิน,1,1,,,,,,,,,,,,,Good
,simple,100050,,Nike Cortes Baby รองเท้าลำลองเด็ก,1,,visible,รองเท้าลำลองเด็ก แบรนด์ Nike สีขาว-น้ำเงิน นุ่มเบาสบายตลอดการสวมใส่ เหมาะสำหรับสวมใส่กับเสื้อผ้าชุดโปรดได้ทุกวัน ไซส์ US 4C UK 3.5 EUR 19.5 CM 10 BR 18.5 CN 100,,,,taxable,,1,1,,,,0.2,,,,,,,600,สินค้าและอุปกรณ์สำหรับเด็ก,,,,,,,,,,,,,,,,สี,สีน้ำเงิน,1,1,,,,,,,,,,,,,Good
,simple,100049,,Adidas Shoes fir kids รองเท้าลำลองเด็ก,1,,visible,"รองเท้าลำลองเด็ก แบรนด์ Adidas สีดำ\n\n&nbsp;\n\nนุ่มเบาสบายตลอดการสวมใส่ เหมาะสำหรับสวมใส่กับเสื้อผ้าชุดโปรดได้ทุกวัน ไซส์ US 5K UK 4K FR 20 JP 120 CHN 115",,,,taxable,,1,1,,,,0.3,,,,,,,805,สินค้าและอุปกรณ์สำหรับเด็ก,,,,,,,,,,,,,,,,สี,สีดำ,1,1,,,,,,,,,,,,,Good
,simple,100047,,รองเท้าผ้าใบเบบี้พื้นกันลื่น Adidas,1,,visible,"รองเท้าผ้าเบบี๋ใบพื้นกันลื่น\n\n&nbsp;\n\n&nbsp;\n\nแบรนด์ Adidas สีดำ นุ่มเบาสบายตลอดการสวมใส่ เหมาะสำหรับสวมใส่กับเสื้อผ้าชุดโปรดได้ทุกวัน  ไซส์ US 3K UK 3K FR 19 JP 110 CHN 105\n\n&nbsp;",,,,taxable,,1,1,,,,0.1,,,,,,,525,สินค้าและอุปกรณ์สำหรับเด็ก,,,,,,,,,,,,,,,,สี,สีดำ,1,1,,,,,,,,,,,,,Good
,simple,100046,,Infant Converse Chuck allstar รองเท้าลำลองเด็ก,1,,visible,"รองเท้าลำลองเด็ก แบรนด์ Converse สีดำ\n\n&nbsp;\n\nนุ่มเบาสบายตลอดการสวมใส่ เหมาะสำหรับสวมใส่กับเสื้อผ้าชุดโปรดได้ทุกวัน ไซส์ US 3 UK 3 EUR 19 CM 11",,,,taxable,,1,1,,,,0.2,,,,,,,1190,สินค้าและอุปกรณ์สำหรับเด็ก,,,,,,,,,,,,,,,,สี,สีดำ,1,1,,,,,,,,,,,,,Mint
,simple,100045,,Converse Infants All Star รองเท้าลำลองเด็ก,1,,visible,"รองเท้าลำลองเด็ก แบรนด์ Converse สีขาว\n\n&nbsp;\n\nนุ่มเบาสบายตลอดการสวมใส่ เหมาะสำหรับสวมใส่กับเสื้อผ้าชุดโปรดได้ทุกวัน ไซส์ US 3 UK 3 EUR 19 CM 11\n\n&nbsp;",,,,taxable,,1,1,,,,0.2,,,,,,,1400,สินค้าและอุปกรณ์สำหรับเด็ก,,,,,,,,,,,,,,,,สี,สีขาว,1,1,,,,,,,,,,,,,Good
,simple,100044,,Philips Avent ขวดนมเบบี้,1,,visible,"ขวดนมเบบี๋ แบรนด์ Philips\n\n&nbsp;\n\nตัวจุกออกแบบพิเศษให้คล้ายเต้านมของแม่ สัมผัสที่นุ่มไม่หดตัวขณะลูกน้อยกำลังดูด",,,,taxable,,1,1,,,,1,,,,,,,345,สินค้าและอุปกรณ์สำหรับเด็ก,,,,,,,,,,,,,,,,เพศ,"ชาย, หญิง",1,1,,,,,,,,,,,,,New
,simple,300002,,Ca Lypso Double Plus เครื่องปั๊มน้ำนมสำหรับคุณแม่,1,,visible,"เครื่องปั๊มน้ำนมสำหรับคุณแม่\n\n&nbsp;\n\nแบรนด์ Ardo สีเขียว เครื่องปั๊มนมอัตโนมัติที่มีประสิทธิภาพสูง ให้ความนุ่มสบายในการปั๊ม เสียงเบากว่าเครื่องปั๊มทั่วไป สามารถปรับระดับความแรงและจังหวะในการปั๊ม ทั้งในช่วงของการกระตุ้นและการหลั่งน้ำนม ได้อย่างอิสระตามต้องการของแต่ละคนได้ถึง 64 รูปแบบ (Individual Phases) เครื่องปั้มนมเคยทดลองใช้เพียง 1 ครั้งยังไม่ได้ใช้งานจริง",,,,taxable,,1,1,,,,2,,,,,,,11175,สินค้าและอุปกรณ์สำหรับเด็ก,,,,,,,,,,,,,,,,สี,สีเขียว,1,1,,,,,,,,,,,,,Mint
,simple,100043,,Extra Wide Gummi Crib Rail Cover ที่ครอบรางเปล 3 ชิ้น,1,,visible,"ที่ครอบรางเปลยาว\n\n&nbsp;\n\nยึดกับราวไม้เนื้อแข็งของเปล ปลอดสารพิษปราศจาก BPA ปราศจากน้ำยาง เหมาะกับรางเปลแบบเปิดประทุนที่กว้างขึ้น ใช้สบู่และน้ำเช็ดให้สะอาด",,,,taxable,,1,1,,,,0.6,,,,,,,440,สินค้าและอุปกรณ์สำหรับเด็ก,,,,,,,,,,,,,,,,สี,สีขาว,1,1,อายุ,0เดือน,1,1,,,,,,,,,New
,simple,100042,,Disney Store Mickey Mouse Yellow Baby Toddler Costume Dress Up Shoes รองเท้ามิกกี้ เมาส์ สีเหลือง,1,,visible,"รองเท้าลำลองเด็ก แบรนด์ Disney\n\n&nbsp;\n\n&nbsp;\n\nสีเหลือง เหมาะสำหรับสวมใส่กับเสื้อผ้าชุดโปรดได้ทุกวัน นุ่มเบาสบายตลอดการสวมใส่ ไซส์ US 12-24 M UK 5 EUR 22 JP 14 CM",,,,taxable,,1,1,,,,0.1,,,,,,,600,สินค้าและอุปกรณ์สำหรับเด็ก,,,,,,,,,,,,,,,,สี,สีเหลือง,1,1,,,,,,,,,,,,,Mint
,simple,100041,,Disney Store Tigger orange Baby Toddler Costume Dress Up Shoes รองเท้าทิกเกอร์ สีส้ม,1,,visible,"รองเท้าลำลองเด็ก แบรนด์ Disney สีส้ม\n\n&nbsp;\n\nนุ่มเบาสบายตลอดการสวมใส่ เหมาะสำหรับสวมใส่กับเสื้อผ้าชุดโปรดได้ทุกวัน ไซส์ US 12-24 M UK 5 EUR 22 JP 14 CM",,,,taxable,,1,1,,,,0.1,,,,,,,865,สินค้าและอุปกรณ์สำหรับเด็ก,,,,,,,,,,,,,,,,สี,สีส้ม,1,1,,,,,,,,,,,,,New
,simple,100040,,Gray and Black Pants กางเกงขาสั้น สีดำและสีเทา 2 ชิ้น,1,,visible,กางเกงขาสั้น แบรนด์ Carter’s สีกรมแลสีดำ สุดเทห์ ไซส์ เบบี้ 6เดือน(6M),,,,taxable,,1,1,,,,0.1,,,,,,,160,สินค้าและอุปกรณ์สำหรับเด็ก,,,,,,,,,,,,,,,,สี,"สีดำ, สีเทา",1,1,Size (กางเกง),6M,1,1,อายุ,6เดือน,1,1,เพศ,ชาย,1,1,Mint
,simple,100039,,Striped Shirt เสื้อยืด สีลายขวาง,1,,visible,"เสื้อยืด แบรนด์ Carter's ลายขวาง ไซส์ 6เดือน (6M)\n\n&nbsp;",,,,taxable,,1,1,,,,0.1,,,,,,,180,สินค้าและอุปกรณ์สำหรับเด็ก,,,,,,,,,,,,,,,,สี,"สีขาว, สีแดง",1,1,Size (เสื้อ),6M,1,1,อายุ,6เดือน,1,1,,,,,Good
,simple,100038,,Red and orange Body suit ชุดบอดี้สูทขาสั้นแขนยาว สีแดงและสีส้ม 3 ชิ้น,1,,visible,ชุดบอดี้สูทขาสั้นแขนยาว แบรนด์ Carter’s สีแดง 2 ชิ้น สีส้ม 1 ชิ้น   ผลิตจากผ้าฝ้าย นุ่ม ใส่สบาย ไซส์ เบบี้ 18เดือน(18M),,,,taxable,,1,1,,,,0.3,,,,,,,240,สินค้าและอุปกรณ์สำหรับเด็ก,,,,,,,,,,,,,,,,สี,"สีส้ม, สีแดง",1,1,Size (เสื้อ),18M,1,1,อายุ,18เดือน,1,1,,,,,Mint
,simple,100036,,Adidas Jacket เสื้อแจ็คเก็ต อาดิดาส,1,,visible,เสื้อแจ็คเก็ต แบรนด์ Adidas  สีน้ำเงินสุดเทห์ ไซส์ 3-6เดือน UK 3-6M US 6M F 3-6M,,,,taxable,,1,1,,,,1,,,,,,,760,สินค้าและอุปกรณ์สำหรับเด็ก,,,,,,,,,,,,,,,,สี,สีน้ำเงิน,1,1,Size (เสื้อ),3M,1,1,อายุ,3เดือน,1,1,,,,,Mint
,simple,100035,,Gray Bodysuit ชุดบอดี้สูทขาสั้น สีเทา,1,,visible,"ชุดบอดี้สูทแขนสั้น แบรนด์ Carter’s\n\n&nbsp;\n\n&nbsp;\n\nสีเทา ผลิตจากผ้าฝ้าย นุ่ม ใส่สบาย ไซส์ 18เดือน( 18M)\n\n&nbsp;",,,,taxable,,1,1,,,,1,,,,,,,160,สินค้าและอุปกรณ์สำหรับเด็ก,,,,,,,,,,,,,,,,สี,สีเทา,1,1,Size (เสื้อ),18M,1,1,อายุ,18เดือน,1,1,เพศ,"ชาย, หญิง",1,1,Mint
,simple,100034,,Striped Bodysuit ชุดบอดี้สูทขาสั้น ลายขวาง,1,,visible,ชุดบอดี้สูทขาสั้น แบรนด์  Carter's สีกรม ลายยาว  ผลิตจากผ้าฝ้าย นุ่ม ใส่สบาย ไซส์ เบบี้ 18เดือน(18M),,,,taxable,,1,1,,,,0.2,,,,,,,200,สินค้าและอุปกรณ์สำหรับเด็ก,,,,,,,,,,,,,,,,สี,สีกรม,1,1,Size (เสื้อ),18M,1,1,อายุ,18เดือน,1,1,เพศ,ชาย,1,1,Mint
,simple,100033,,Jacket เสื้อแจ็คเก็ต,1,,visible,"เสื้อแจ็คเก็ต แบรนด์ Carter's  สีน้ำเงิน\n\n&nbsp;\n\nสุดเทห์ ไซส์ 18เดือน (18M)\n\n&nbsp;",,,,taxable,,1,1,,,,1,,,,,,,280,สินค้าและอุปกรณ์สำหรับเด็ก,,,,,,,,,,,,,,,,สี,สีน้ำเงิน,1,1,Size (เสื้อ),18M,1,1,อายุ,18เดือน,1,1,เพศ,ชาย,1,1,Mint
,simple,100032,,Set Shirt and Pants 5pieces เซตเสื้อและกางเกง 5ชิ้น,1,,visible,เซตเสื้อและกางเกง แบรนด์ Carter's สีขาวและสีกรม เสื้อ 4 ชิ้น กางเกง 1 ชิ้น สุดน่ารัก ไซส์ เบบี้ 6เดือน(6M),,,,taxable,,1,1,,,,0.3,,,,,,,240,สินค้าและอุปกรณ์สำหรับเด็ก,,,,,,,,,,,,,,,,สี,"สีกรม, สีขาว",1,1,Size (กางเกง),6M,1,1,Size (เสื้อ),6M,1,1,อายุ,6เดือน,1,1,Mint
,simple,100031,,Set Shirt and Pants เซตเสื้อและกางเกง,1,,visible,"เซตเสื้อและกางเกง แบรนด์ Carter’s\n\n&nbsp;\n\n&nbsp;\n\nสีฟ้าและสีกรม สุดเทห์ ไซส์ 4ปี (4T)",,,,taxable,,1,1,,,,0.3,,,,,,,370,สินค้าและอุปกรณ์สำหรับเด็ก,,,,,,,,,,,,,,,,สี,"สีกรม, สีฟ้า",1,1,Size (กางเกง),4Y,1,1,Size (เสื้อ),4Y,1,1,อายุ,4ปี,1,1,New
,simple,100030,,Striped Pajamas ชุดนอนขายาวแขนยาว ลายขวาง,1,,visible,"ชุดนอน แบรนด์ Carter’s สีเขียวแดง นุ่ม\n\n&nbsp;\n\nใส่สบาย ลายขวาง สุดเทห์ ไซส์ เบบี้ 18เดือน(18M)",,,,taxable,,1,1,,,,0.2,,,,,,,120,สินค้าและอุปกรณ์สำหรับเด็ก,,,,,,,,,,,,,,,,สี,"สีเขียว, สีแดง",1,1,Size (เสื้อ),18M,1,1,อายุ,18เดือน,1,1,เพศ,ชาย,1,1,Good
,simple,100029,,Checkered Shirt เสื้อเชิ้ต รุ่นตาราง,1,,visible,"เสื้อเชิ้ต แบรนด์ Carter's ลายตาราง\n\n&nbsp;\n\n&nbsp;\n\nใส่สบาย ไซส์ 4T เหมาะสำหรับน้องอายุ 4 ปี",,,,taxable,,1,1,,,,0.2,,,,,,,455,สินค้าและอุปกรณ์สำหรับเด็ก,,,,,,,,,,,,,,,,สี,สีเทา,1,1,Size (เสื้อ),4Y,1,1,อายุ,4ปี,1,1,เพศ,ชาย,1,1,New
,simple,100027,,All Star Body suit ชุดบอดี้สูทขาสั้นลาย All Star,1,,visible,"เซตบอดี้สูทขาสั้น แบรนด์ Oshkosh B'gosh สีเทา ผลิตจากผ้าฝ้าย นุ่ม ใส่สบาย ลายปักAll star สุดน่ารัก ไซส์ เบบี้ 6เดือน(6M)\n\n&nbsp;",,,,taxable,,1,1,,,,0.1,,,,,,,120,สินค้าและอุปกรณ์สำหรับเด็ก,,,,,,,,,,,,,,,,สี,สีเทา,1,1,Size (เสื้อ),6M,1,1,อายุ,6เดือน,1,1,,,,,Good
,simple,100026,,Checkered Pants กางเกงขาสั้น ลายตาราง,1,,visible,"กางเกงขาสั้น แบรนด์ Carter ลายตาราง\n\n&nbsp;\n\nสุดเทห์ ไซส์ เบบี้ 6เดือน(6M)",,,,taxable,,1,1,,,,1,,,,,,,200,สินค้าและอุปกรณ์สำหรับเด็ก,,,,,,,,,,,,,,,,สี,"สีขาว, สีน้ำเงิน",1,1,Size (กางเกง),6M,1,1,อายุ,6เดือน,1,1,เพศ,ชาย,1,1,Mint
,simple,100025,,Sharks Set Body suit and Pants เซตบอดี้สูทและกางเกง 2 ชิ้น ลายฉลาม,1,,visible,"เซตบอดี้สูทและกางเกง แบรนด์ Carter\n\n&nbsp;\n\nสีเขียวและสีกรม ลายฉลามสุดน่ารัก ไซส์ 6 เดือน (6M)",,,,taxable,,1,1,,,,1,,,,,,,160,สินค้าและอุปกรณ์สำหรับเด็ก,,,,,,,,,,,,,,,,สี,"สีกรม, สีเขียว",1,1,Size (กางเกง),6M,1,1,Size (เสื้อ),6M,1,1,อายุ,6เดือน,1,1,Mint
,simple,100024,,Striped Pants กางเกงขายาว ลายขวาง,1,,visible,"กางเกงขายาว แบรนด์ Carter's สีดำ ลายขวาง\n\n&nbsp;\n\nไซส์ เบบี้ 6เดือน(6M)",,,,taxable,,1,1,,,,0.1,,,,,,,160,สินค้าและอุปกรณ์สำหรับเด็ก,,,,,,,,,,,,,,,,สี,สีดำ,1,1,Size (กางเกง),6M,1,1,Size (เสื้อ),6M,1,1,อายุ,6เดือน,1,1,Mint
,simple,100023,,Blue Pants กางเกงขายาว สีกรม,1,,visible,"กางเกงขายาว แบรนด์ Carter's สีกรม  ไซส์\n\n&nbsp;\n\nเบบี้ 12เดือน(12M)",,,,taxable,,1,1,,,,1,,,,,,,120,สินค้าและอุปกรณ์สำหรับเด็ก,,,,,,,,,,,,,,,,สี,สีกรม,1,1,Size (กางเกง),12M,1,1,อายุ,12เดือน,1,1,เพศ,ชาย,1,1,Good
,simple,100022,,Blue Pants กางเกงขาสั้น สีน้ำเงิน,1,,visible,กางเกงขาสั้น แบรนด์ Carter’s สีกรม สุดเทห์ ไซส์ เบบี้ 6เดือน(6M),,,,taxable,,1,1,,,,1,,,,,,,200,สินค้าและอุปกรณ์สำหรับเด็ก,,,,,,,,,,,,,,,,สี,สีกรม,1,1,Size (กางเกง),6M,1,1,อายุ,6เดือน,1,1,เพศ,ชาย,1,1,Mint
,simple,100021,,Set Pants 2pieces เซตกางเกงขาสั้น 2ชิ้น,1,,visible,กางเกงขาสั้น 2ชิ้น แบรนด์ Carter’s 2ชิ้น สีน้ำเงิน สุดน่ารัก ไซส์ เบบี้ 6เดือน(6M),,,,taxable,,1,1,,,,0.2,,,,,,,240,สินค้าและอุปกรณ์สำหรับเด็ก,,,,,,,,,,,,,,,,สี,สีน้ำเงิน,1,1,Size (กางเกง),6M,1,1,อายุ,6เดือน,1,1,เพศ,ชาย,1,1,Mint
,simple,100015,,Ralph Lauren Polo Shirt เสื้อเชิ้ตคอปกโปโลสีขาว,1,,visible,เสื้อโปโล แบรนด์ Ralph Lauren สีขาว ใส่สบาย ไซส์ 6เดือน(6M),,,,taxable,,1,1,,,,1,,,,,,,360,สินค้าและอุปกรณ์สำหรับเด็ก,,,,,,,,,,,,,,,,สี,สีขาว,1,1,Size (เสื้อ),6M,1,1,อายุ,6เดือน,1,1,เพศ,"ชาย, หญิง",1,1,Good
,simple,100014,,Dinosaurs Bodysuit ชุดบอดี้สูทขาสั้นลายไดโนเสาร์,1,,visible,"เซตบอดี้สูท แบรนด์ Carter’s สีเทา  ผลิต\n\n&nbsp;\n\nจากผ้าฝ้าย นุ่ม ใส่สบาย ลายไดโนเสาร์ สุดน่ารัก ไซส์ เบบี้ 6เดือน(6M)",,,,taxable,,1,1,,,,0.1,,,,,,,150,สินค้าและอุปกรณ์สำหรับเด็ก,,,,,,,,,,,,,,,,สี,สีเทา,1,1,Size (เสื้อ),6M,1,1,อายุ,6เดือน,1,1,เพศ,ชาย,1,1,Good
,simple,300065,,Ralph Lauren Polo Shirt เสื้อเชิ้ตคอปกโปโล ลายขวาง,1,,visible,"เสื้อโปโล แบรนด์ Ralph Lauren สีน้ำเงิน,ฟ้า,ขาว ลายขวาง ใส่สบาย ไซส์ 6เดือน(6M)",,,,taxable,,1,1,,,,1,,,,,,,240,สินค้าและอุปกรณ์สำหรับเด็ก,,,,,,,,,,,,,,,,สี,"สีขาว, สีน้ำเงิน, สีฟ้า",1,1,Size (เสื้อ),6M,1,1,อายุ,6เดือน,1,1,เพศ,ชาย,1,1,Fair
,simple,300064,,Ralph Lauren Polo Shirt เสื้อเชิ้ตคอปกโปโล ลายขวาง,1,,visible,"เสื้อโปโล แบรนด์ Ralph Lauren สีน้ำเงิน,ฟ้า,ขาว,แดง ลายขวาง ใส่สบาย ไซส์ 6เดือน(6M)",,,,taxable,,1,1,,,,0.1,,,,,,,360,สินค้าและอุปกรณ์สำหรับเด็ก,,,,,,,,,,,,,,,,สี,"สีขาว, สีน้ำเงิน, สีฟ้า, สีแดง",1,1,Size (เสื้อ),6M,1,1,อายุ,6เดือน,1,1,เพศ,ชาย,1,1,Good
,simple,100011,,Stars Pajamas ชุดนอนคอกลมขายาวลายดวงดาว,1,,visible,"ชุดนอน แบรนด์ Carter’s สีขาว นุ่ม\n\n&nbsp;\n\n&nbsp;\n\nใส่สบาย ลายดวงดาวสุดน่ารัก ไซส์ เบบี้ 6เดือน(6M)",,,,taxable,,1,1,,,,0.1,,,,,,,180,สินค้าและอุปกรณ์สำหรับเด็ก,,,,,,,,,,,,,,,,สี,สีขาว,1,1,Size (เสื้อ),3M,1,1,อายุ,3เดือน,1,1,เพศ,"ชาย, หญิง",1,1,Good
,simple,100009,,Pink Shirt เสื้อยืด สีชมพู,1,,visible,"เสื้อยืด แบรนด์ Carter's สีชมพูสุดน่ารัก ไซส์ 6เดือน (6M)\n\n&nbsp;",,,,taxable,,1,1,,,,0.1,,,,,,,175,สินค้าและอุปกรณ์สำหรับเด็ก,,,,,,,,,,,,,,,,สี,สีชมพู,1,1,Size (เสื้อ),6M,1,1,อายุ,6เดือน,1,1,,,,,Good
,simple,200116,,Elephants Set Shirt and Pants เซตเสื้อและกางเกง ลายช้าง,1,,visible,"เซตเสื้อและกางเกง แบรนด์ Fagottino  สีชมพู ลายช้าง สุดน่ารัก ไซส์ 9-12 เดือน (9M) 74CM\n\n&nbsp;",,,,taxable,,1,1,,,,0.2,,,,,,,120,สินค้าและอุปกรณ์สำหรับเด็ก,,,,,,,,,,,,,,,,สี,สีชมพู,1,1,Size (เสื้อ),9M,1,1,Size (กางเกง),9M,1,1,อายุ,9เดือน,1,1,Good
,simple,200115,,Cuddles with mummy Pajamas ชุดนอนคอวีขายาว ลายCuddles with mummy,1,,visible,ชุดนอนขายาวแขนยาว แบรนด์ Mother care สีเหลือง ลายCuddles with mummy  มีกระดุมบริเวณด้านหน้า สวมใส่ง่าย ไซส์ตั้งแต่ 1เดือน(1M) CN 59/40,,,,taxable,,1,1,,,,0.2,,,,,,,150,สินค้าและอุปกรณ์สำหรับเด็ก,,,,,,,,,,,,,,,,สี,สีเหลือง,1,1,อายุ,1เดือน,1,1,เพศ,ชาย,1,1,Size (เสื้อ),1M,1,1,Good
,simple,200113,,Miss cute sweater เสื้อกันหนาว ลายMiss cute,1,,visible,เสื้อกันหนาว แบรนด์ Fagottino สีเทา ลายMiss cute  มีซิปบริเวณด้านหน้า สวมใส่ง่าย ไซส์ตั้งแต่ 9เดือน(9M) CM 74,,,,taxable,,1,1,,,,0.2,,,,,,,150,สินค้าและอุปกรณ์สำหรับเด็ก,,,,,,,,,,,,,,,,สี,สีเทา,1,1,เพศ,หญิง,1,1,อายุ,9เดือน,1,1,Size (เสื้อ),9M,1,1,Good
,simple,200112,,Rabbit Pajamas ชุดนอนคอกลมขายาว ลายกระต่าย,1,,visible,"ชุดนอนขายาวแขนยาว แบรนด์ Kiabi สีขาว\n\n&nbsp;\n\nลายกระต่าย สุดน่ารัก มีกระดุมบริเวณด้านหลัง ไซส์ 6เดือน(6M) 63-69 CM",,,,taxable,,1,1,,,,0.2,,,,,,,150,สินค้าและอุปกรณ์สำหรับเด็ก,,,,,,,,,,,,,,,,สี,สีขาว,1,1,Size (เสื้อ),6M,1,1,อายุ,6เดือน,1,1,เพศ,"ชาย, หญิง",1,1,Good
,simple,200111,,Point Pants กางเกงขายาว ลายจุด,1,,visible,"กางเกงขายาว แบรนด์ Fagottino สีชมพู\n\n&nbsp;\n\nผ้านุ่ม ใส่สบาย สุดน่ารัก ไซส์ 9เดือน(9M)",,,,taxable,,1,1,,,,0.1,,,,,,,120,สินค้าและอุปกรณ์สำหรับเด็ก,,,,,,,,,,,,,,,,สี,สีชมพู,1,1,อายุ,9เดือน,1,1,เพศ,หญิง,1,1,Size (กางเกง),9M,1,1,Good
,simple,200110,,Little sunshine Body suit ชุดบอดี้สูทลายLittle sunshine,1,,visible,"ชุดบอดี้สูทแขนยาว แบรนด์ Baby GAP สีเทา\n\n&nbsp;\n\nลายLittle sunshine สุดน่ารัก มีกระดุมบริเวณด้านล่าง เนื้อผ้านุ่ม ไซส์ 12-18 เดือน (12-18 M)",,,,taxable,,1,1,,,,0.1,,,,,,,100,สินค้าและอุปกรณ์สำหรับเด็ก,,,,,,,,,,,,,,,,สี,สีเทา,1,1,Size (เสื้อ),12M,1,1,อายุ,12เดือน,1,1,เพศ,ชาย,1,1,Good
,simple,200109,,Cheeky monkey Body suit ชุดบอดี้สูท ลายCheeky monkey,1,,visible,ชุดบอดี้สูทแขนยาว แบรนด์ Baby GAP สีครีม ลายCheeky monkey สุดน่ารัก มีกระดุมบริเวณด้านล่าง เนื้อผ้านุ่ม ไซส์ 12-18 เดือน (12-18 M),,,,taxable,,1,1,,,,0.1,,,,,,,100,สินค้าและอุปกรณ์สำหรับเด็ก,,,,,,,,,,,,,,,,สี,สีครีม,1,1,Size (เสื้อ),12M,1,1,อายุ,12เดือน,1,1,เพศ,หญิง,1,1,Good
,simple,200108,,Adidas Shirt เสื้อยืด สกรีนAdidas,1,,visible,"เสื้อยืด แบรนด์ Adidas สีกรม  สกรีนAdidas\n\n&nbsp;\n\nสุดเท่ห์ ไซส์ 9เดือน (9M)",,,,taxable,,1,1,,,,0.1,,,,,,,230,สินค้าและอุปกรณ์สำหรับเด็ก,,,,,,,,,,,,,,,,สี,สีกรม,1,1,Size (เสื้อ),9M,1,1,อายุ,9เดือน,1,1,เพศ,ชาย,1,1,Good
,simple,200107,,Mumy's handsome little Man Shirt เสื้อยืด สกรีนMumy's handsome little Man,1,,visible,"เสื้อยืด แบรนด์ Primark สกรีนMumy's handsome little Man\n\n&nbsp;\n\nสีกรม สุดเทห์ ไซส์ 12เดือน (12M)",,,,taxable,,1,1,,,,0.1,,,,,,,105,สินค้าและอุปกรณ์สำหรับเด็ก,,,,,,,,,,,,,,,,สี,สีกรม,1,1,Size (เสื้อ),12M,1,1,อายุ,12เดือน,1,1,เพศ,ชาย,1,1,Good
,simple,200106,,Adidas Shirt เสื้อยืด สกรีนAdidas,1,,visible,เสื้อยืด แบรนด์ Adidas สีเหลือง สกรีนAdidas สุดเท่ห์ ไซส์ 9เดือน (9M),,,,taxable,,1,1,,,,0.1,,,,,,,160,สินค้าและอุปกรณ์สำหรับเด็ก,,,,,,,,,,,,,,,,สี,สีเหลือง,1,1,Size (เสื้อ),9M,1,1,อายุ,9เดือน,1,1,เพศ,"ชาย, หญิง",1,1,Fair
,simple,200105,,Mickey Mouse Bodysuit ชุดบอดี้สูทขาสั้นลายมิกกี้เม้าส์,1,,visible,"บอดี้สูท แบรนด์ Uniqlo สีเทา  ผลิตจาก\n\n&nbsp;\n\nผ้าฝ้าย นุ่ม ใส่สบาย ลายมิกกี้เม้าส์ สุดน่ารัก ไซส์ เบบี้ 18เดือน (18M)",,,,taxable,,1,1,,,,0.1,,,,,,,60,สินค้าและอุปกรณ์สำหรับเด็ก,,,,,,,,,,,,,,,,สี,สีเทา,1,1,Size (เสื้อ),18M,1,1,อายุ,18เดือน,1,1,เพศ,"ชาย, หญิง",1,1,Good
,simple,200104,,Minnie Mouse Bodysuit ชุดบอดี้สูทขาสั้นลายมินนี่ เมาส์,1,,visible,"บอดี้สูท แบรนด์ Uniqlo สีขาว ผลิตจาก\n\n&nbsp;\n\nผ้าฝ้าย นุ่ม ใส่สบาย ลายมินนี่ เมาส์ สุดน่ารัก ไซส์ เบบี้ 18เดือน (18M)",,,,taxable,,1,1,,,,0.1,,,,,,,60,สินค้าและอุปกรณ์สำหรับเด็ก,,,,,,,,,,,,,,,,สี,สีขาว,1,1,Size (เสื้อ),18M,1,1,อายุ,18เดือน,1,1,เพศ,หญิง,1,1,Good
,simple,200103,,Circle Pants กางเกงขาสั้น ลายวางกลม,1,,visible,"กางเกงขาสั้น แบรนด์Uniqlo สีฟ้า\n\n&nbsp;\n\n&nbsp;\n\nสุดน่ารัก ไซส์ เบบี้ 3-18เดือน(3-18M)",,,,taxable,,1,1,,,,0.1,,,,,,,60,สินค้าและอุปกรณ์สำหรับเด็ก,,,,,,,,,,,,,,,,สี,สีฟ้า,1,1,Size (กางเกง),3M,1,1,อายุ,3เดือน,1,1,เพศ,หญิง,1,1,Good
,simple,200102,,Boat Pajamas ชุดนอนคอวีขายาว ลายเรือ,1,,visible,ชุดนอนขายาวแขนยาว แบรนด์ H&amp;M สีขาว ลายเรือ มีกระดุมบริเวณด้านหน้า สวมใส่ง่าย ไซส์ 9เดือน(9M) EUR 80 US 9-12M CA 9-12M CN 80/48 MX 80 AUS 1,,,,taxable,,1,1,,,,0.2,,,,,,,105,สินค้าและอุปกรณ์สำหรับเด็ก,,,,,,,,,,,,,,,,สี,สีขาว,1,1,Size (เสื้อ),9M,1,1,อายุ,9เดือน,1,1,เพศ,ชาย,1,1,Good
,simple,200101,,Anchor Pajamas ชุดนอนคอวีขายาว ลายสมอเรือ,1,,visible,ชุดนอนขายาวแขนยาว แบรนด์ H&amp;M สีขาว ลายสมอเรือ มีกระดุมบริเวณด้านหน้า สวมใส่ง่าย ไซส์ 9เดือน(9M) EUR 80 US 9-12M CA 9-12M CN 80/48 MX 80 AUS 1,,,,taxable,,1,1,,,,0.2,,,,,,,105,สินค้าและอุปกรณ์สำหรับเด็ก,,,,,,,,,,,,,,,,สี,สีขาว,1,1,Size (เสื้อ),9M,1,1,อายุ,9เดือน,1,1,เพศ,ชาย,1,1,Good
,simple,200100,,Little nugget Bodysuit ชุดบอดี้สูทขาสั้น ลายLittle nugget,1,,visible,"ชุดบอดี้สูทแขนสั้น แบรนด์ Carter’s\n\n&nbsp;\n\nสีขาว ผลิตจากผ้าฝ้าย นุ่ม ใส่สบาย ไซส์ 24เดือน (24M)",,,,taxable,,1,1,,,,0.1,,,,,,,120,สินค้าและอุปกรณ์สำหรับเด็ก,,,,,,,,,,,,,,,,สี,สีขาว,1,1,Size (เสื้อ),24M,1,1,อายุ,24เดือน,1,1,เพศ,หญิง,1,1,Good
,simple,200099,,Striped Body suits บอดี้สูท ลายขวาง,1,,visible,"บอดี้สูท แบรนด์ Carter's ชุดบอดี้สูท\n\n&nbsp;\n\nสีขาวเขียว ลายขวาง ผลิตจากผ้าฝ้าย นุ่ม ใส่สบาย ไซส์ เบบี้ 24เดือน (24M)",,,,taxable,,1,1,,,,0.1,,,,,,,120,สินค้าและอุปกรณ์สำหรับเด็ก,,,,,,,,,,,,,,,,สี,"สีขาว, สีเขียว",1,1,Size (เสื้อ),24M,1,1,อายุ,24เดือน,1,1,เพศ,ชาย,1,1,Good
,simple,200098,,Car Pants กางเกงขาสั้น ลายรถ,1,,visible,"กางเกงขาสั้น แบรนด์Sanrio สีฟ้า ลายรถ\n\n&nbsp;\n\nสุดน่ารัก ไซส์ เบบี้ 1 ปี (1Y)",,,,taxable,,1,1,,,,0.1,,,,,,,90,สินค้าและอุปกรณ์สำหรับเด็ก,,,,,,,,,,,,,,,,สี,สีฟ้า,1,1,Size (กางเกง),1Y,1,1,อายุ,1ปี,1,1,เพศ,ชาย,1,1,Good
,simple,200097,,Rabbit Shirt เสื้อแขนยาว ลายกระต่าย,1,,visible,"เสื้อยืด แบรนด์ E'clat สีชมพูสุดน่ารัก\n\n&nbsp;\n\nไซส์ 2ปี (2Y)",,,,taxable,,1,1,,,,0.2,,,,,,,105,สินค้าและอุปกรณ์สำหรับเด็ก,,,,,,,,,,,,,,,,สี,สีชมพู,1,1,Size (เสื้อ),2Y,1,1,อายุ,2ปี,1,1,เพศ,หญิง,1,1,Good
,simple,200096,,Straight line Shirt เสื้อเชิ้ต ลายเส้นตรง,1,,visible,เสื้อเชิ้ตแขนสั้น แบรนด์ Old Navy สีเขียว ลายเส้นตรง ใส่สบาย ไซส์ 12-18เดือน (12-18M),,,,taxable,,1,1,,,,0.1,,,,,,,60,สินค้าและอุปกรณ์สำหรับเด็ก,,,,,,,,,,,,,,,,สี,สีเขียว,1,1,Size (เสื้อ),12M,1,1,อายุ,12เดือน,1,1,เพศ,ชาย,1,1,Good
,simple,200095,,Straight line Dresses ชุดเดรส ลายตรง,1,,visible,"ชุดเดรส แบรนด์ Old Navy สีฟ้า ลายตรง\n\n&nbsp;\n\nใส่สบาย ไซส์ 12เดือน (12M)",,,,taxable,,1,1,,,,0.1,,,,,,,200,สินค้าและอุปกรณ์สำหรับเด็ก,,,,,,,,,,,,,,,,สี,สีฟ้า,1,1,Size (เสื้อ),12M,1,1,อายุ,12เดือน,1,1,เพศ,หญิง,1,1,Good
,simple,200093,,Purple Shirt เสื้อเชิ้ตคอกลม สีม่วง,1,,visible,"เสื้อ แบรนด์ Zara สีม่วง ใส่สบาย\n\n&nbsp;\n\n&nbsp;\n\nสุดน่ารัก ไซส์ 9เดือน(9M)",,,,taxable,,1,1,,,,0.1,,,,,,,105,สินค้าและอุปกรณ์สำหรับเด็ก,,,,,,,,,,,,,,,,สี,สีม่วง,1,1,Size (เสื้อ),9M,1,1,อายุ,9เดือน,1,1,เพศ,หญิง,1,1,Good
,simple,200092,,Heart Pants กางเกงขายาว ปักหัวใจ,1,,visible,"กางเกงขายาว แบรนด์ e'clat สีเหลือง\n\n&nbsp;\n\nผ้านุ่ม ใส่สบาย สุดน่ารัก ไซส์ 9เดือน(9M)",,,,taxable,,1,1,,,,0.1,,,,,,,105,สินค้าและอุปกรณ์สำหรับเด็ก,,,,,,,,,,,,,,,,สี,สีเหลือง,1,1,Size (กางเกง),9M,1,1,อายุ,9เดือน,1,1,เพศ,หญิง,1,1,Good
,simple,200091,,Space Pajamas ชุดนอนคอกลมขายาว ลายอวกาศ,1,,visible,"ชุดนอน แบรนด์ Mamas &amp; papas สีม่วง นุ่ม\n\n&nbsp;\n\nใส่สบาย ลายอวกาศ ไซส์ เบบี้ 9เดือน(9M)",,,,taxable,,1,1,,,,0.2,,,,,,,105,สินค้าและอุปกรณ์สำหรับเด็ก,,,,,,,,,,,,,,,,สี,สีม่วง,1,1,Size (เสื้อ),9M,1,1,อายุ,9เดือน,1,1,เพศ,ชาย,1,1,Good
,simple,200090,,The runabouts Shirt เสื้อยืด ลายThe runabouts,1,,visible,เสื้อยืด แบรนด์ Sanrio ลายThe runabouts ไซส์ 2ปี (2Y),,,,taxable,,1,1,,,,0.1,,,,,,,120,สินค้าและอุปกรณ์สำหรับเด็ก,,,,,,,,,,,,,,,,สี,สีเทา,1,1,Size (เสื้อ),2Y,1,1,อายุ,2ปี,1,1,เพศ,ชาย,1,1,Good
,simple,200088,,Baby Body suit ชุดบอดี้สูทขาสั้น สำหรับเบบี๋,1,,visible,ชุดบอดี้สูทขาสั้น แบรนด์ Zara สีขาว สำหรับเบบี๋ ใส่สบาย ไซส์ 9เดือน(9M) 80CM,,,,taxable,,1,1,,,,0.1,,,,,,,120,สินค้าและอุปกรณ์สำหรับเด็ก,,,,,,,,,,,,,,,,สี,สีขาว,1,1,Size (เสื้อ),9M,1,1,อายุ,9เดือน,1,1,เพศ,"ชาย, หญิง",1,1,Good
,simple,200087,,Bow Pants กางเกงขายาว ปักโบว์,1,,visible,"กางเกงขายาว แบรนด์ Smart Babies สีแดง\n\n&nbsp;\n\nปักโบว์ ไซส์ เบบี้ 24-36เดือน(24-36M)",,,,taxable,,1,1,,,,0.1,,,,,,,290,สินค้าและอุปกรณ์สำหรับเด็ก,,,,,,,,,,,,,,,,สี,สีแดง,1,1,Size (กางเกง),24M,1,1,อายุ,24เดือน,1,1,เพศ,หญิง,1,1,Good
,simple,200086,,Linear Pajamas ชุดนอนคอกลมขายาวลายเส้นตรง,1,,visible,"ชุดนอน แบรนด์ H&amp;M สีกรม นุ่ม ใส่สบาย\n\n&nbsp;\n\nลายเส้นตรง สุดน่ารัก ไซส์ เบบี้ 9-12เดือน(9-12M) EUR 80 US 9-12M CA 9-12M CN 80/48 MX 80 AUS 1",,,,taxable,,1,1,,,,0.2,,,,,,,120,สินค้าและอุปกรณ์สำหรับเด็ก,,,,,,,,,,,,,,,,สี,สีกรม,1,1,Size (เสื้อ),9M,1,1,อายุ,9เดือน,1,1,เพศ,ชาย,1,1,Good
,simple,200085,,Linear Pajamas ชุดนอนคอกลมขายาวลายดวงดาว,1,,visible,"ชุดนอน แบรนด์ H&amp;M สีกรม นุ่ม ใส่สบาย\n\n&nbsp;\n\nลายเส้นตรง สุดน่ารัก ไซส์ เบบี้ 12-18เดือน(12-18M) EUR 86 US 12-18M CA 12-18M CN 90/48 MX 86 AUS 1 1/2",,,,taxable,,1,1,,,,0.2,,,,,,,120,สินค้าและอุปกรณ์สำหรับเด็ก,,,,,,,,,,,,,,,,สี,สีกรม,1,1,Size (เสื้อ),12M,1,1,อายุ,12เดือน,1,1,เพศ,"ชาย, หญิง",1,1,Good
,simple,200084,,Gray Pants กางเกงขาสั้น สีเทา,1,,visible,กางเกงขาสั้น แบรนด์ Primark สีเทา สุดเทห์ ไซส์ เบบี้ 12-18เดือน(12-18M) 86CM,,,,taxable,,1,1,,,,0.1,,,,,,,120,สินค้าและอุปกรณ์สำหรับเด็ก,,,,,,,,,,,,,,,,สี,สีเทา,1,1,Size (กางเกง),12M,1,1,อายุ,12เดือน,1,1,เพศ,ชาย,1,1,Good
,simple,200083,,Striped Pajamas ชุดนอนคอกลมขายาว ลายขวาง,1,,visible,"ชุดนอน แบรนด์ H&amp;M สีน้ำเงิน นุ่ม\n\n&nbsp;\n\nใส่สบาย ลายขวาง สุดน่ารัก ไซส์ เบบี้ 12-18เดือน(12-18M) EUR 86 US 12-18M CA 12-18M CN 90/48 MX 86 AUS 1 1/2",,,,taxable,,1,1,,,,0.2,,,,,,,150,สินค้าและอุปกรณ์สำหรับเด็ก,,,,,,,,,,,,,,,,สี,สีน้ำเงิน,1,1,Size (เสื้อ),12M,1,1,อายุ,12เดือน,1,1,เพศ,ชาย,1,1,Good
,simple,200080,,Anchor Pajamas ชุดนอนคอกลมขายาว ลายปักสมอเรือ,1,,visible,"ชุดนอน แบรนด์ H&amp;M สีน้ำเงิน นุ่ม\n\n&nbsp;\n\nใส่สบาย ลาย ปักAu-Star ไซส์ 9-12เดือน(9-12M) EUR 80 US 9-12M CA 9-12M CN 80/48 MX 80 AUS 1",,,,taxable,,1,1,,,,0.2,,,,,,,120,สินค้าและอุปกรณ์สำหรับเด็ก,,,,,,,,,,,,,,,,สี,สีน้ำเงิน,1,1,Size (เสื้อ),9M,1,1,อายุ,9เดือน,1,1,เพศ,ชาย,1,1,Good
,simple,200079,,Bear Pajamas ชุดนอนคอกลมขายาวลายปักหมี,1,,visible,"ชุดนอน แบรนด์ Kiddiezoom สีเขียว นุ่ม\n\n&nbsp;\n\n&nbsp;\n\nใส่สบาย ลายปักหมี ไซส์ เบบี้ 6เดือน(6M)",,,,taxable,,1,1,,,,0.2,,,,,,,120,สินค้าและอุปกรณ์สำหรับเด็ก,,,,,,,,,,,,,,,,สี,สีเขียว,1,1,Size (เสื้อ),6M,1,1,อายุ,6เดือน,1,1,เพศ,ชาย,1,1,Good
,simple,200078,,Monkey Bodysuit ชุดบอดี้สูทขาสั้นลายลิง,1,,visible,"เซตบอดี้สูท แบรนด์ Mom&amp;Bab สีขาว นุ่ม\n\n&nbsp;\n\nใส่สบาย ลายไดโนเสาร์ สุดน่ารัก ไซส์ เบบี้ 9เดือน(9M)",,,,taxable,,1,1,,,,0.1,,,,,,,90,สินค้าและอุปกรณ์สำหรับเด็ก,,,,,,,,,,,,,,,,สี,"สีขาว, สีส้ม",1,1,Size (เสื้อ),9M,1,1,อายุ,9เดือน,1,1,เพศ,ชาย,1,1,Good
,simple,200077,,Spaceman Pajamas ชุดนอนคอกลมขายาวลายมนุษย์อวกาศ,1,,visible,ชุดนอน แบรนด์ Mamas&amp;papas สีเหลือง นุ่ม ใส่สบาย ลายมนุษย์อวกาศ ไซส์ เบบี้ 9-12เดือน(9-12M),,,,taxable,,1,1,,,,0.2,,,,,,,120,สินค้าและอุปกรณ์สำหรับเด็ก,,,,,,,,,,,,,,,,สี,สีเหลือง,1,1,Size (เสื้อ),9M,1,1,อายุ,9เดือน,1,1,เพศ,ชาย,1,1,Good
,simple,200076,,Unicorn Dresses ชุดเดรส ลายปักยูนิคอร์น,1,,visible,ชุดเดรส แบรนด์ F&amp;F สีชมพู ปักยูนิคอร์น สุดน่ารัก ไซส์ 12เดือน (12M),,,,taxable,,1,1,,,,0.2,,,,,,,180,สินค้าและอุปกรณ์สำหรับเด็ก,,,,,,,,,,,,,,,,สี,สีชมพู,1,1,Size (เสื้อ),12M,1,1,อายุ,12เดือน,1,1,เพศ,หญิง,1,1,Mint
,simple,200075,,Car Bodysuit ชุดบอดี้สูทขาสั้น ปักลายรถ,1,,visible,บอดี้สูทขาสั้น แบรนด์ Carter’s สีฟ้า ผลิตจากผ้าฝ้าย นุ่ม ใส่สบาย ปักลายรถ สุดน่ารัก ไซส์ เบบี้ 18เดือน(18M),,,,taxable,,1,1,,,,0.1,,,,,,,90,สินค้าและอุปกรณ์สำหรับเด็ก,,,,,,,,,,,,,,,,สี,สีฟ้า,1,1,Size (เสื้อ),18M,1,1,อายุ,18เดือน,1,1,เพศ,ชาย,1,1,Good
,simple,200074,,Bear Pajamas ชุดนอนคอกลมขายาวลายหมี,1,,visible,"ชุดนอน แบรนด์ H&amp;M สีเทา นุ่ม ใส่สบาย\n\n&nbsp;\n\nลายหมี สุดน่ารัก ไซส์ เบบี้ 9-12เดือน(9-12M) EUR 80 US 9-12M CA 9-12M CN 80/48 MX 80 AUS 1",,,,taxable,,1,1,,,,0.2,,,,,,,120,สินค้าและอุปกรณ์สำหรับเด็ก,,,,,,,,,,,,,,,,สี,สีเทา,1,1,Size (เสื้อ),9M,1,1,อายุ,9เดือน,1,1,เพศ,ชาย,1,1,Good
,simple,200073,,Shirt เสื้อยืด ระบายชาย,1,,visible,"เสื้อยืด แบรนด์ Zara ระบายชาย แสนหวาน\n\n&nbsp;\n\nไซส์ 12-18เดือน (12-18M)",,,,taxable,,1,1,,,,0.1,,,,,,,120,สินค้าและอุปกรณ์สำหรับเด็ก,,,,,,,,,,,,,,,,สี,สีชมพู,1,1,Size (เสื้อ),12M,1,1,อายุ,12เดือน,1,1,เพศ,หญิง,1,1,Good
,simple,200072,,G Sleep &amp; Play ชุดนอนลายปัก G,1,,visible,"ชุดนอน แบรนด์ Baby Gap สีกรม ลายปัก G\n\n&nbsp;\n\n&nbsp;\n\nสุดเทห์ ไซส์ เบบี้ 12-18เดือน(12-18M)",,,,taxable,,1,1,,,,0.2,,,,,,,120,สินค้าและอุปกรณ์สำหรับเด็ก,,,,,,,,,,,,,,,,สี,สีกรม,1,1,Size (เสื้อ),12M,1,1,อายุ,12เดือน,1,1,เพศ,ชาย,1,1,Good
,simple,200071,,Tiger Shirt เสื้อยืด ลายเสือ,1,,visible,"เสื้อยืด แบรนด์ F&amp;F ลายเสือ แสนเทห์\n\n&nbsp;\n\nไซส์ 12-18เดือน (12-18M)",,,,taxable,,1,1,,,,0.1,,,,,,,120,สินค้าและอุปกรณ์สำหรับเด็ก,,,,,,,,,,,,,,,,สี,สีแดง,1,1,Size (เสื้อ),12M,1,1,อายุ,12เดือน,1,1,เพศ,ชาย,1,1,Good
,simple,200070,,Flowers Bodysuit ชุดบอดี้สูทขาสั้นลายดอกไม้,1,,visible,เซตบอดี้สูทขาสั้นแขนกุด แบรนด์ Carter’s สีเขียว ผลิตจากผ้าฝ้าย นุ่ม ใส่สบาย ลายดอกไม้ สุดน่ารัก ไซส์ เบบี้ 12เดือน(12M),,,,taxable,,1,1,,,,0.1,,,,,,,120,สินค้าและอุปกรณ์สำหรับเด็ก,,,,,,,,,,,,,,,,สี,สีเขียว,1,1,Size (เสื้อ),12M,1,1,อายุ,12เดือน,1,1,เพศ,หญิง,1,1,Good
,simple,200069,,All star Bodysuit ชุดบอดี้สูทขาสั้นลายปักAll star,1,,visible,เซตบอดี้สูทขาสั้น แบรนด์ Mom&amp;Bab สีส้ม น้ำเงิน ผลิตจากผ้าฝ้าย นุ่ม ใส่สบาย ลายปักAll star สุดน่ารัก ไซส์ เบบี้ 9เดือน(9M),,,,taxable,,1,1,,,,0.1,,,,,,,90,สินค้าและอุปกรณ์สำหรับเด็ก,,,,,,,,,,,,,,,,สี,สีส้ม,1,1,Size (เสื้อ),9M,1,1,อายุ,9เดือน,1,1,เพศ,"ชาย, หญิง",1,1,Good
,simple,200067,,Bodysuit ขาวยาวลายขวาง,1,,visible,"ชุดบอดี้สูทขายาว นุ่ม ใส่สบาย\n\n&nbsp;\n\n&nbsp;\n\nสีขาว ลายขวาง ไซส์ เบบี้ 6-9เดือน(6-9M)",,,,taxable,,1,1,,,,0.2,,,,,,,120,สินค้าและอุปกรณ์สำหรับเด็ก,,,,,,,,,,,,,,,,สี,สีขาว,1,1,Size (เสื้อ),6M,1,1,อายุ,6เดือน,1,1,เพศ,ชาย,1,1,Good
,simple,200066,,Bumkins baby mickey mouse ผ้ากันเปื้อนเด็กลายมิกกี้เมาส์,1,,visible,ผ้ากันเปื้อนเด็ก สีดำ ลายมิกกี้เมาส์ ไซส์ 1เดือน(1M),,,,taxable,,1,1,,,,0.1,,,,,,,45,สินค้าและอุปกรณ์สำหรับเด็ก,,,,,,,,,,,,,,,,สี,สีดำ,1,1,อายุ,1เดือน,1,1,เพศ,ชาย,1,1,,,,,Good
,simple,200065,,Bodysuit Love Bandit ชุดบอดี้สูทขาสั้น,1,,visible,ชุดบอดี้สูทขาสั้น สีเทา แขนยาว ลายLove Bandit ไซส์ 12-18เดือน(12-18m),,,,taxable,,1,1,,,,0.1,,,,,,,120,สินค้าและอุปกรณ์สำหรับเด็ก,,,,,,,,,,,,,,,,สี,สีเทา,1,1,Size (เสื้อ),12M,1,1,อายุ,12เดือน,1,1,เพศ,ชาย,1,1,Good
,simple,200064,,Star pattern pants set เซตกางเกงขายาว รูปดาว,1,,visible,"เซตกางเกงขายาว 2 ชิ้น สีชมพู รูปดาว\n\n&nbsp;\n\nไซส์ 1-2ปี (1-2Y)",,,,taxable,,1,1,,,,0.2,,,,,,,120,สินค้าและอุปกรณ์สำหรับเด็ก,,,,,,,,,,,,,,,,สี,สีชมพู,1,1,Size (กางเกง),1Y,1,1,อายุ,1ปี,1,1,เพศ,หญิง,1,1,Good
,simple,200063,,Monkey Bodysuit ชุดบอดี้สูทขาสั้น ลายลิง,1,,visible,ชุดบอดี้สูท ลายลิง สีส้ม ไซส์ 9เดือน(9M),,,,taxable,,1,1,,,,0.1,,,,,,,90,สินค้าและอุปกรณ์สำหรับเด็ก,,,,,,,,,,,,,,,,สี,สีส้ม,1,1,Size (เสื้อ),9M,1,1,อายุ,9เดือน,1,1,เพศ,ชาย,1,1,Good
,simple,200062,,Bumkins baby set เซตผ้ากันเปื้อนเด็ก,1,,visible,เซตผ้ากันเปื้อนเด็ก สีขาว ไซส์,,,,taxable,,1,1,,,,0.1,,,,,,,75,สินค้าและอุปกรณ์สำหรับเด็ก,,,,,,,,,,,,,,,,สี,สีขาว,1,1,อายุ,0เดือน,1,1,เพศ,"ชาย, หญิง",1,1,,,,,Good
,simple,200061,,Pants set เชตกางเกงขาวยาว,1,,visible,เชตกางเกงขาวยาว สีเทา 12-18เดือน(12-18M),,,,taxable,,1,1,,,,0.2,,,,,,,90,สินค้าและอุปกรณ์สำหรับเด็ก,,,,,,,,,,,,,,,,สี,สีเทา,1,1,Size (กางเกง),12M,1,1,อายุ,12เดือน,1,1,เพศ,ชาย,1,1,Good
,simple,200060,,Bumkins baby rabbit set เซตผ้ากันเปื้อนเด็ก ลายกระต่าย,1,,visible,"เซตผ้ากันเปื้อนสำหรับเด็ก\n\n&nbsp;\n\n&nbsp;\n\nสี ชมพู,ฟ้า ลายกระต่ายสุดน่ารัก",,,,taxable,,1,1,,,,0.1,,,,,,,60,สินค้าและอุปกรณ์สำหรับเด็ก,,,,,,,,,,,,,,,,สี,"สีชมพู, สีฟ้า",1,1,อายุ,0เดือน,1,1,เพศ,"ชาย, หญิง",1,1,,,,,Good
,simple,200059,,Bumkins baby set เซตผ้ากันเปื้อนเด็ก,1,,visible,"เชตผ้ากันเปื้อนสำหรับเด็ก\n\n&nbsp;\n\n&nbsp;\n\nสี น้ำเงิน,เทา,ชมพู",,,,taxable,,1,1,,,,0.1,,,,,,,75,สินค้าและอุปกรณ์สำหรับเด็ก,,,,,,,,,,,,,,,,สี,"สีชมพู, สีน้ำเงิน, สีเทา",1,1,อายุ,0เดือน,1,1,เพศ,"ชาย, หญิง",1,1,,,,,Good
,simple,200057,,Bumkins baby bear set เซตผ้ากันเปื้อนเด็ก ลายหมี,1,,visible,เซตผ้ากันเปื้อนเด็ก ลายหมี สีฟ้า,,,,taxable,,1,1,,,,0.1,,,,,,,45,สินค้าและอุปกรณ์สำหรับเด็ก,,,,,,,,,,,,,,,,สี,สีฟ้า,1,1,อายุ,0เดือน,1,1,เพศ,ชาย,1,1,,,,,Good
,simple,200056,,Bumkins baby bear set เซตผ้ากันเปื้อนเด็ก ลายหมี,1,,visible,เซตผ้ากันเปื้อนเด็ก ลายหมี สีชมพู,,,,taxable,,1,1,,,,0.1,,,,,,,45,สินค้าและอุปกรณ์สำหรับเด็ก,,,,,,,,,,,,,,,,สี,สีชมพู,1,1,อายุ,0เดือน,1,1,เพศ,หญิง,1,1,,,,,Good
,simple,200055,,Baby hat buck หมวกเด็ก ลายเป็ด,1,,visible,หมวกเด็ก ลายเป็ด สีครีม,,,,taxable,,1,1,,,,0.1,,,,,,,45,สินค้าและอุปกรณ์สำหรับเด็ก,,,,,,,,,,,,,,,,สี,สีครีม,1,1,อายุ,0เดือน,1,1,เพศ,ชาย,1,1,,,,,Good
,simple,200054,,Baby hat car หมวกเด็ก ลายรถ,1,,visible,หมวกเด็ก ลายรถ สีกรม,,,,taxable,,1,1,,,,0.1,,,,,,,45,สินค้าและอุปกรณ์สำหรับเด็ก,,,,,,,,,,,,,,,,สี,สีกรม,1,1,อายุ,0เดือน,1,1,เพศ,ชาย,1,1,,,,,Good
,simple,200052,,Baby hat buck set เซตหมวกเด็ก,1,,visible,เซตหมวกเด็ก สีขาว,,,,taxable,,1,1,,,,0.1,,,,,,,115,สินค้าและอุปกรณ์สำหรับเด็ก,,,,,,,,,,,,,,,,สี,สีขาว,1,1,อายุ,0เดือน,1,1,เพศ,หญิง,1,1,,,,,Good
,simple,200051,,Baby hat หมวกเด็ก,1,,visible,หมวกเด็ก สีชมพู,,,,taxable,,1,1,,,,0.1,,,,,,,75,สินค้าและอุปกรณ์สำหรับเด็ก,,,,,,,,,,,,,,,,สี,สีชมพู,1,1,อายุ,0เดือน,1,1,เพศ,หญิง,1,1,,,,,Good
,simple,200050,,Pants กางเกงขายาว,1,,visible,กางเกงขายาว สีชมพู ไซส์ 3ปี(3Y),,,,taxable,,1,1,,,,0.1,,,,,,,90,สินค้าและอุปกรณ์สำหรับเด็ก,,,,,,,,,,,,,,,,สี,สีชมพู,1,1,เพศ,หญิง,1,1,อายุ,3ปี,1,1,Size (กางเกง),3Y,1,1,Good
,simple,200049,,Car pants กางเกงขาวยาว ลายรถ,1,,visible,กางเกงขาวยาว ลายรถ ไซส์70,,,,taxable,,1,1,,,,0.1,,,,,,,60,สินค้าและอุปกรณ์สำหรับเด็ก,,,,,,,,,,,,,,,,สี,สีชมพู,1,1,เพศ,หญิง,1,1,,,,,,,,,Good
,simple,200048,,Pants กางเกงขาวยาว,1,,visible,กางเกงขายาว สีเหลือง ไซส์24เดือน(24M),,,,taxable,,1,1,,,,0.1,,,,,,,90,สินค้าและอุปกรณ์สำหรับเด็ก,,,,,,,,,,,,,,,,สี,สีเหลือง,1,1,Size (กางเกง),24M,1,1,อายุ,24เดือน,1,1,เพศ,"ชาย, หญิง",1,1,Good
,simple,200047,,Bumkins bear ผ้ากันเปื้อนเด็ก ลายหมี,1,,visible,ผ้ากันเปื้อนเด็ก ลายหมี สีขาว,,,,taxable,,1,1,,,,0.1,,,,,,,75,สินค้าและอุปกรณ์สำหรับเด็ก,,,,,,,,,,,,,,,,สี,สีขาว,1,1,เพศ,หญิง,1,1,,,,,,,,,Good
,simple,200046,,Bumkins baby duck ผ้ากันเปื้อนเด็ก ลายเป็ด,1,,visible,ผ้ากันเปื้อนเด็ก ลายเป็ด สีขาว,,,,taxable,,1,1,,,,0.1,,,,,,,75,สินค้าและอุปกรณ์สำหรับเด็ก,,,,,,,,,,,,,,,,สี,สีขาว,1,1,เพศ,ชาย,1,1,,,,,,,,,Good
,simple,200045,,Bumkins baby mickey mouse ผ้ากันเปื้อนเด็ก ลายมิกกี้เมาส์,1,,visible,ผ้ากันเปื้อนเด็ก ลายมิกกี้เมาส์ สีขาว,,,,taxable,,1,1,,,,0.1,,,,,,,75,สินค้าและอุปกรณ์สำหรับเด็ก,,,,,,,,,,,,,,,,สี,สีขาว,1,1,เพศ,หญิง,1,1,,,,,,,,,Good
,simple,200044,,Bodysuit ชุดบอดี้สูทขาสั้น,1,,visible,ชุดบอดี้สูทขาสั้น สีเทา ไซส์ 12-18เดือน(12-18M),,,,taxable,,1,1,,,,0.2,,,,,,,120,สินค้าและอุปกรณ์สำหรับเด็ก,,,,,,,,,,,,,,,,สี,สีเทา,1,1,Size (เสื้อ),12M,1,1,อายุ,12เดือน,1,1,เพศ,ชาย,1,1,Good
,simple,200042,,Pants กางเกงขาวยาว,1,,visible,กางเกงขายาว ลายจุด สีฟ้า  24เดือน(24M),,,,taxable,,1,1,,,,0.1,,,,,,,60,สินค้าและอุปกรณ์สำหรับเด็ก,,,,,,,,,,,,,,,,สี,สีฟ้า,1,1,Size (กางเกง),24M,1,1,อายุ,24เดือน,1,1,เพศ,หญิง,1,1,Good
,simple,200040,,Rabbit pants กางเกงขาวยาว ลายกระต่าย,1,,visible,"กางเกงขาวยาว ลายกระต่าย สีขาว\n\n&nbsp;\n\n&nbsp;\n\nไซส์2ปี(2Y)",,,,taxable,,1,1,,,,0.1,,,,,,,115,สินค้าและอุปกรณ์สำหรับเด็ก,,,,,,,,,,,,,,,,สี,สีขาว,1,1,Size (กางเกง),2Y,1,1,อายุ,2ปี,1,1,เพศ,หญิง,1,1,Good
,simple,200039,,Forg pants กางเกงขาวยาว ลายกบ,1,,visible,กางเกงขาวยาว ลายกบ สีเหลือง9เดือน(9M),,,,taxable,,1,1,,,,0.1,,,,,,,75,สินค้าและอุปกรณ์สำหรับเด็ก,,,,,,,,,,,,,,,,สี,สีเหลือง,1,1,Size (กางเกง),9M,1,1,อายุ,9เดือน,1,1,เพศ,ชาย,1,1,Good
,simple,200038,,Pants set เซตกางเกงขาวยาว,1,,visible,เซตกางเกงขาวยาว สีกรม ไซส์ 9-12เดือน(9-12M),,,,taxable,,1,1,,,,0.2,,,,,,,120,สินค้าและอุปกรณ์สำหรับเด็ก,,,,,,,,,,,,,,,,สี,สีกรม,1,1,Size (กางเกง),9M,1,1,อายุ,9เดือน,1,1,เพศ,ชาย,1,1,Good
,simple,200037,,Pants กางเกงขาสั้น,1,,visible,กางเกงขาสั้น สีกรม ไซส์ 12-18เดือน(12-18M),,,,taxable,,1,1,,,,0.2,,,,,,,90,สินค้าและอุปกรณ์สำหรับเด็ก,,,,,,,,,,,,,,,,สี,สีกรม,1,1,Size (กางเกง),12M,1,1,อายุ,12เดือน,1,1,เพศ,ชาย,1,1,Good
,simple,200036,,Bumkins baby set เซตผ้ากันเปื้อนเด็ก ลายสัตว์,1,,visible,เซตผ้ากันเปื้อนเด็ก ลายสัตว์ สีขาว,,,,taxable,,1,1,,,,0.1,,,,,,,75,สินค้าและอุปกรณ์สำหรับเด็ก,,,,,,,,,,,,,,,,สี,สีขาว,1,1,เพศ,"ชาย, หญิง",1,1,,,,,,,,,Good
,simple,200035,,Bumkins baby dinosaur Set เซตผ้ากันเปื้อนเด็ก ลายไดโนเสาร์,1,,visible,เซตผ้ากันเปื้อนเด็ก ลายไดโนเสาร์ สีเทา,,,,taxable,,1,1,,,,0.1,,,,,,,75,สินค้าและอุปกรณ์สำหรับเด็ก,,,,,,,,,,,,,,,,สี,สีเทา,1,1,เพศ,ชาย,1,1,,,,,,,,,Good
,simple,400010,,Crayola สีเทียนเคยอล่าไร้สารพิษเซตใหญ่ 152 สี,1,,visible,"สีเทียนเซตใหญ่สำหรับน้องๆ\n\n&nbsp;\n\nอายุ 3 ขวบขึ้นไป สีเทียนไร้สารพิษ",,,,taxable,,1,1,,,,1.4,,,,,,,1080,สินค้าและอุปกรณ์สำหรับเด็ก,,,,,,,,,,,,,,,,อายุ,3ปี,1,1,เพศ,"ชาย, หญิง",1,1,,,,,,,,,New
,simple,400009,,"Thermos Funtainer Steel Water Bottle with Straw (12 oz, Minions) กระติกน้ำสแตนเลส เก็บอุณหภูมิ ลายมินเนี่ยน",1,,visible,"กระติกน้ำสแตนเลส เก็บอุณหภูมิ\n\n&nbsp;\n\nลายมินเนี่ยน สีฟ้า ความจุ 12 ออนซ์ (355 ml) แบบกดปุ่มฝาเปิด หลอดเด้ง หลอดซิลิโคนนิ่ม เก็บความเย็นได้ 12 ชม. แบรนด์ Thermos มาพร้อมกับอุปกรณ์ทำความสะอาด",,,,taxable,,1,1,,,,0.4,,,,,,,1235,สินค้าและอุปกรณ์สำหรับเด็ก,,,,,,,,,,,,,,,,สี,สีฟ้า,1,1,เพศ,"ชาย, หญิง",1,1,,,,,,,,,New
,simple,400007,,Evolving Neoprene Swim Vest เสื้อชูชีพเด็ก,1,,visible,"อุปกรณ์ช่วงพยุงตัวสำหรับเด็ก\n\n&nbsp;\n\nมีโครงสร้างที่เปี่ยมคุณภาพ นุ่มสบาย ไม่บาดหรือระคายผิวที่บอบบางของเด็กๆ มีการออกแบบที่คำนึงถึงความสะดวกสบายในการสวมใส่  ทำให้เด็กๆ มีช่วงเวลาสนุกๆไปกับการที่พวกเขาสามารถเคลื่อนไหวได้อย่างมีอิสระในน้ำ เช่น สระว่ายน้ำ, ทะเลสาบ หรือ ทะเล แบรนด์ Puddle Jumper",,,,taxable,,1,1,,,,0.2,,,,,,,1045,สินค้าและอุปกรณ์สำหรับเด็ก,,,,,,,,,,,,,,,,สี,สีฟ้า,1,1,เพศ,"ชาย, หญิง",1,1,,,,,,,,,Mint
,simple,400006,,Colouring Play pimrs Princess สมุดระบายสี สติ๊กเกอร์ เจ้าหญิงดิสนีย์,1,,visible,สมุดภาพระบายสีเจ้าหญิงดิสนีย์,,,,taxable,,1,1,,,,0.2,,,,,,,295,หนังสือและดนตรี,,,,,,,,,,,,,,,,สี,สีชมพู,1,1,เพศ,หญิง,1,1,,,,,,,,,New
,simple,400005,,Evolving Neoprene Swim Vest เสื้อชูชีพสําหรับว่ายน้ำเด็ก,1,,visible,"เสื้อชูชีพเด็ก\n\n&nbsp;\n\nผลิตจากวัสดุคุณภาพตามมาตรฐานความปลอดภัยของออสเตรเลียและยุโรป พิมพ์เป็ด ดีไซน์น่ารัก โทนสีสันสดใส ปิด-เปิดด้วยซิปหน้า มีโฟมด้านในช่วยให้ลอยตัวในน้ำ ช่วยซัพพอร์ตและเพิ่มความปลอดภัยในขณะฝึกซ้อมว่ายน้ำของเด็ก แบรนด์ BBLUV สีฟ้า",,,,taxable,,1,1,,,,0.4,,,,,,,1435,สินค้าและอุปกรณ์สำหรับเด็ก,,,,,,,,,,,,,,,,สี,สีฟ้า,1,1,อายุ,3ปี,1,1,,,,,,,,,New
,simple,400003,,Flower pants กางเกงขาสั้น ลายดอกไม้,1,,visible,กางเกงขาสั้น แบรนด์ Bossini สีน้ำเงิน ลายดอกไม้ สุดน่ารัก ไซส์ 120,,,,taxable,,1,1,,,,0.2,,,,,,,135,สินค้าและอุปกรณ์สำหรับเด็ก,,,,,,,,,,,,,,,,สี,สีน้ำเงิน,1,1,,,,,,,,,,,,,Mint
,simple,200029,,Baby and Kids Food Processon เครื่องทำอาหารเสริมสำหรับเด็กแบบอเนกประสงค์,1,,visible,"เครื่องทำอาหารเสริมสำหรับเด็ก\n\n&nbsp;\n\nแบบอเนกประสงค์ แบรนด์ Saker ได้รับมาตรฐานจากยุโรป อุปกรณ์ค่อยข้างครบพร้อมกล่อง",,,,taxable,,1,1,,,,2.8,,,,,,,3000,สินค้าและอุปกรณ์สำหรับเด็ก,,,,,,,,,,,,,,,,สี,"สีขาว, สีส้ม",1,1,,,,,,,,,,,,,Good
,simple,200027,,ฺBaby Stool hipseat เป้อุ้มเด็กแบบคาดเอว,1,,visible,"เป้อุ้มเด็กแบบคาดเอว\n\n&nbsp;\n\nแบรนด์ aiebao สีม่วง เหมาะสำหรับเด็ก6 เดือนถึง36เดือน",,,,taxable,,1,1,,,,2.3,,,,,,,540,สินค้าและอุปกรณ์สำหรับเด็ก,,,,,,,,,,,,,,,,สี,สีม่วง,1,1,เพศ,"ชาย, หญิง",1,1,อายุ,6เดือน,1,1,,,,,Good
,simple,400002,,Dinosaurs Set Shirt and Pants เซตเสื้อและกางเกง ลายไดโนเสาร์,1,,visible,"เซตเสื้อและกางเกง แบรนด์ Carter's สีขาว\n\n&nbsp;\n\nลายไดโนเสาร์ สุดน่ารัก ไซส์ 6 ปี (6Y)",,,,taxable,,1,1,,,,0.2,,,,,,,300,สินค้าและอุปกรณ์สำหรับเด็ก,,,,,,,,,,,,,,,,สี,สีขาว,1,1,Size (เสื้อ),6Y,1,1,Size (กางเกง),6Y,1,1,อายุ,6ปี,1,1,Good
,simple,200026,,The original Hip seat เป้อุ้มเด็กแบบคาดเอว,1,,visible,"เป้อุ้มเด็กแบบคาดเอว\n\n&nbsp;\n\nแบรนด์ Hippychickสีกรม เหมาะสำหรับเด็ก6 เดือนถึง36เดือน",,,,taxable,,1,1,,,,0.4,,,,,,,1020,สินค้าและอุปกรณ์สำหรับเด็ก,,,,,,,,,,,,,,,,สี,สีกรม,1,1,อายุ,6เดือน,1,1,,,,,,,,,Good
,simple,400001,,Blue Pants กางเกงขาสั้น สีน้ำเงิน,1,,visible,กางเกงขาสั้น แบรนด์ Bossini สีกรม สุดเทห์ ไซส์ 120,,,,taxable,,1,1,,,,0.2,,,,,,,100,สินค้าและอุปกรณ์สำหรับเด็ก,,,,,,,,,,,,,,,,สี,สีกรม,1,1,,,,,,,,,,,,,Good
,simple,200023,,Brid Shirt เสื้อยืด ลายนก,1,,visible,เสื้อยืด ลายนก สีชมพู ไซส์ 12เดือน(12M),,,,taxable,,1,1,,,,0.1,,,,,,,100,สินค้าและอุปกรณ์สำหรับเด็ก,,,,,,,,,,,,,,,,สี,สีชมพู,1,1,Size (เสื้อ),12M,1,1,อายุ,12เดือน,1,1,เพศ,หญิง,1,1,Good
,simple,200022,,Breaker Bodysuit ชุดบอดี้สูท ลายBreaker,1,,visible,"ชุดบอดี้สูท ลายBreaker สีกรม\n\n&nbsp;\n\nไซส์ 12-18เดือน(12-18M)",,,,taxable,,1,1,,,,0.2,,,,,,,135,สินค้าและอุปกรณ์สำหรับเด็ก,,,,,,,,,,,,,,,,สี,สีกรม,1,1,Size (เสื้อ),12M,1,1,อายุ,12เดือน,1,1,เพศ,ชาย,1,1,Good
,simple,200021,,Pants กางเกงขาวยาว,1,,visible,กางเกงขาวยาว สีกรม ไซส์ 9-12เดือน(9-12M),,,,taxable,,1,1,,,,0.2,,,,,,,120,สินค้าและอุปกรณ์สำหรับเด็ก,,,,,,,,,,,,,,,,สี,สีกรม,1,1,Size (กางเกง),9M,1,1,อายุ,9เดือน,1,1,เพศ,ชาย,1,1,Good
,simple,200020,,Striped Pajamas ชุดนอนลายขวาง,1,,visible,ชุดนอนลายขวาง สีดำ ไซส์ 12-18เดือน(12-18M),,,,taxable,,1,1,,,,0.2,,,,,,,180,สินค้าและอุปกรณ์สำหรับเด็ก,,,,,,,,,,,,,,,,สี,สีดำ,1,1,Size (เสื้อ),12M,1,1,อายุ,12เดือน,1,1,เพศ,ชาย,1,1,Good
,simple,200019,,Crown Bodysuit ชุดบอดี้สูทขาสั้น ลายมงกุฎ,1,,visible,"ชุดบอดี้สูทขาสั้น ลายมงกุฎ สีฟ้า\n\n&nbsp;\n\nไซส์ 12-18เดือน(12-18M)",,,,taxable,,1,1,,,,0.1,,,,,,,120,สินค้าและอุปกรณ์สำหรับเด็ก,,,,,,,,,,,,,,,,สี,สีฟ้า,1,1,Size (เสื้อ),12M,1,1,อายุ,12เดือน,1,1,เพศ,ชาย,1,1,Good
,simple,200018,,Bear Bumkins baby ผ้ากันเปื้อนเด็ก ลายหมี,1,,visible,ผ้ากันเปื้อนเด็ก ลายหมี สีขาว,,,,taxable,,1,1,,,,0.3,,,,,,,30,สินค้าและอุปกรณ์สำหรับเด็ก,,,,,,,,,,,,,,,,สี,สีขาว,1,1,เพศ,"ชาย, หญิง",1,1,,,,,,,,,Fair
,simple,200017,,NEW BALANCE รองเท้าลำลองเด็ก,1,,visible,รองเท้าลำลองเด็กทารก แบนรด์ NEW BALANCE สีชมพู อัปเปอร์ผลิตจากหนังกลับและผ้าตาข่าย มาพร้อมสายตีนตุ๊กแกเพิ่มความกระชับเท้า บุนุ่มรอบข้อเท้าและลิ้นรองเท้าเพื่อความนุ่มสบายสูงสุด เสริมทักษะการก้าวเดินให้มั่นคงขึ้น สนุกได้เต็มที่ในทุกกิจกรรม มาพร้อมกล่อง ไซส์ JPN 14.0 USA 7.0 UK 6.5 EUR 23.5,,,,taxable,,1,1,,,,0.3,,,,,,,745,สินค้าและอุปกรณ์สำหรับเด็ก,,,,,,,,,,,,,,,,สี,สีชมพู,1,1,,,,,,,,,,,,,Good
,simple,200012,,Total support headrest หมอนรองคอเด็ก,1,,visible,หมอนรองคอสำหรับคุณหนูๆ แบรนด์  Travel friend สีแดง ติดตัวเดินทางไปได้ทุกที่,,,,taxable,,1,1,,,,0.2,,,,,,,360,สินค้าและอุปกรณ์สำหรับเด็ก,,,,,,,,,,,,,,,,สี,สีแดง,1,1,อายุ,0เดือน,1,1,,,,,,,,,Good
,simple,200011,,Total support headrest หมอนรองคอเด็กรูปตัว U ลายสิงโต,1,,visible,หมอนรองคอเด็กเป็นรูกตัว U แบรนด์ Yookidoo ลายสัตว์น่ารักๆ ผลิตจาก ผ้าฝ้ายเส้นใย สำหรับเด็ก 1-4 ปี สภาพดี,,,,taxable,,1,1,,,,0.3,,,,,,,415,สินค้าและอุปกรณ์สำหรับเด็ก,,,,,,,,,,,,,,,,สี,สีเหลือง,1,1,อายุ,0เดือน,1,1,,,,,,,,,Mint
,simple,200010,,Total support headrest หมอนรองคอเด็ก,1,,visible,หมอนรองคอสำหรับคุณหนูๆ แบรนด์ Travel friend สีม่วง ติดตัวเดินทางไปได้ทุกที่,,,,taxable,,1,1,,,,0.2,,,,,,,360,สินค้าและอุปกรณ์สำหรับเด็ก,,,,,,,,,,,,,,,,สี,สีม่วง,1,1,อายุ,0เดือน,1,1,,,,,,,,,Good
,simple,200009,,Skip hop bandana buddies activity fox ของเล่นแขวนผ้า,1,,visible,"ตุ๊กตาผ้าขนกำมะหยี่เนื้อนุ่มนิ่ม\n\n&nbsp;\n\nมีเสียงกรุ๊งกริ๊ง เสียงกร๊อปแกร๊บ ริบบิ้น ยางกัดผ้าพันคอ ตัวผ้าพันคอรูปยางกัดสามารถแกะออกมากัดเล่น และล้างได้สะดวก สินค้าปลอดภัย ไม่มีสารพิษ และ BPA-Free เหมาะสำหรับเด็กวัย 3 เดือนขึ้นไป",,,,taxable,,1,1,,,,1,,,,,,,595,สินค้าและอุปกรณ์สำหรับเด็ก,,,,,,,,,,,,,,,,สี,สีน้ำตาล,1,1,อายุ,3เดือน,1,1,,,,,,,,,Good
,simple,200008,,Camera Baby MOM Bag กระเป๋าเก็บความเย็น,1,,visible,"เป็นกระเป๋าเอนกประสงค์\n\n&nbsp;\n\nสำหรับคุณแม่ 2ชั้น สามารถใส่เครื่องปั๊มนม Spectra S1 ได้ มีช่องใส่ขนาดใหญ่ ป้องกันการหกเลอะเทอะของการบรรจุของเหลว",,,,taxable,,1,1,,,,0.7,,,,,,,660,สินค้าและอุปกรณ์สำหรับเด็ก,,,,,,,,,,,,,,,,สี,สีชมพู,1,1,อายุ,0เดือน,1,1,,,,,,,,,Good
,simple,200007,,HUGGIES ผ้าห่มเด็กมีฮู้ดหมี,1,,visible,"ผ้าห่มเด็กมีฮู้ดหมี แบรนด์ Huggies\n\n&nbsp;\n\nสำหรับสวมใส่หรือคลุมให้ความอบอุ่นแก่ร่างกาย",,,,taxable,,1,1,,,,0.4,,,,,,,140,สินค้าและอุปกรณ์สำหรับเด็ก,,,,,,,,,,,,,,,,สี,สีน้ำตาล,1,1,อายุ,0เดือน,1,1,,,,,,,,,Mint
,simple,500003,,Babymoov หมอนป้องกันศรีษะสำหรับเด็ก,1,,visible,หมอนป้องกันศรีษะสำรหับเด็ก สีเทา,,,,taxable,,1,1,,,,1,,,,,,,780,สินค้าและอุปกรณ์สำหรับเด็ก,,,,,,,,,,,,,,,,สี,สีเทา,1,1,,,,,,,,,,,,,Good
,simple,500002,,Almofada de banho baleia เบาะอาบน้ำปลาวาฬ,1,,visible,เบาะอาบน้ำปลาวาฬสำหรับเด็ก สีฟ้า,,,,taxable,,1,1,,,,1,,,,,,,720,สินค้าและอุปกรณ์สำหรับเด็ก,,,,,,,,,,,,,,,,สี,สีฟ้า,1,1,,,,,,,,,,,,,Good
,simple,200001,,Anti GERD Baby Pillow หมอนกันกรดไหลย้อน,1,,visible,"หมอนกันกรดไหลย้อน แบรนด์ Mum mom\n\n&nbsp;\n\n&nbsp;\n\nลดกรดไหลย้อน แหวะนม",,,,taxable,,1,1,,,,0.6,,,,,,,1395,สินค้าและอุปกรณ์สำหรับเด็ก,,,,,,,,,,,,,,,,สี,สีฟ้า,1,1,อายุ,0เดือน,1,1,,,,,,,,,Good
,simple,300059,,Striped Pajamas ชุดนอนคอวีขายาว ลายขวาง,1,,visible,"ชุดนอน แบรนด์ Baby Gap สีเหลือง นุ่ม\n\n&nbsp;\n\nใส่สบาย ลายทางสุดน่ารักไซส์ เบบี้ 6เดือน(6M)",,,,taxable,,1,1,,,,0.2,,,,,,,180,สินค้าและอุปกรณ์สำหรับเด็ก,,,,,,,,,,,,,,,,สี,สีเหลือง,1,1,Size (เสื้อ),6M,1,1,อายุ,6เดือน,1,1,,,,,Good
,simple,100072,,Jum pair กางเกงขาจัมพ์,1,,visible,"กางเกงขาจั้มพ์ แบรนด์ Carter's สีเทา\n\n&nbsp;\n\nนุ่ม ใส่สบาย เนื้อผ้าดี",,,,taxable,,1,1,,,,0.1,,,,,,,150,สินค้าและอุปกรณ์สำหรับเด็ก,,,,,,,,,,,,,,,,สี,สีเทา,1,1,Size (กางเกง),6M,1,1,อายุ,6เดือน,1,1,เพศ,ชาย,1,1,Good
,simple,300060,,Raccoon Pajamas ชุดนอนคอกลมขายาวลายปักแร็กคูณ,1,,visible,"ชุดนอน แบรนด์ Carter’s สีเขียว นุ่ม\n\n&nbsp;\n\n&nbsp;\n\nใส่สบาย ลาย ปักแร็กคูณ ไซส์ เบบี้ 3เดือน(3M)",,,,taxable,,1,1,,,,0.2,,,,,,,180,สินค้าและอุปกรณ์สำหรับเด็ก,,,,,,,,,,,,,,,,สี,สีเขียว,1,1,Size (เสื้อ),3M,1,1,อายุ,3เดือน,1,1,,,,,Good
,simple,300061,,Striped Pants กางเกงขายาว ลายขวาง,1,,visible,กางเกงขายาว แบรนด์ Carter’s สีดำ ลายขวาง ไซส์ เบบี้ 3เดือน(3M),,,,taxable,,1,1,,,,0.1,,,,,,,60,สินค้าและอุปกรณ์สำหรับเด็ก,,,,,,,,,,,,,,,,สี,สีดำ,1,1,Size (กางเกง),3M,1,1,อายุ,3เดือน,1,1,,,,,Good
,simple,300062,,Summer Pants กางเกงขาสั้น ลายซัมเมอร์,1,,visible,"กางเกงขาสั้น แบรนด์ Carter’s\n\n&nbsp;\n\nลายซัมเมอร์ สีกรม สุดเทห์ ไซส์ เบบี้ 3เดือน(3M)",,,,taxable,,1,1,,,,0.1,,,,,,,150,สินค้าและอุปกรณ์สำหรับเด็ก,,,,,,,,,,,,,,,,สี,สีกรม,1,1,Size (กางเกง),3M,1,1,อายุ,3เดือน,1,1,,,,,Good
,simple,300063,,Elephants Pajamas ชุดนอนคอวีขายาว ลายช้าง,1,,visible,ชุดนอนขายาวแขนยาว แบรนด์ Naet สีกรม ลายช้าง มีกระดุมบริเวณด้านหน้า สวมใส่ง่าย ไซส์ 6เดือน(6M),,,,taxable,,1,1,,,,0.2,,,,,,,105,สินค้าและอุปกรณ์สำหรับเด็ก,,,,,,,,,,,,,,,,สี,สีกรม,1,1,Size (เสื้อ),6M,1,1,อายุ,6เดือน,1,1,,,,,Good
,simple,100073,,Set LEN Mattress protector and Pillow for cot ผ้ารองกันเปื้อนที่นอนและหมอนเด็กอ่อน,1,,visible,"ผ้ารองกันเปื้อนที่นอน แบรนด์ Ikea\n\n&nbsp;\n\nสีขาว 35x55 ซม. หมอนเด็กอ่อน ขาว35x55 ซม.",,,,taxable,,1,1,,,,0.4,,,,,,,315,สินค้าและอุปกรณ์สำหรับเด็ก,,,,,,,,,,,,,,,,สี,สีขาว,1,1,อายุ,0เดือน,1,1,,,,,,,,,New
,simple,100074,,Captivating Crab ที่ครอบกล้อง สำหรับถ่ายรูปเด็ก,1,,visible,ที่ครอบกล้อง สำหรับถ่ายรูปเด็ก เรียกความสนใจจากเด็กให้มองที่กล้อง,,,,taxable,,1,1,,,,0.1,,,,,,,420,สินค้าและอุปกรณ์สำหรับเด็ก,,,,,,,,,,,,,,,,สี,สีส้ม,1,1,,,,,,,,,,,,,Good
,simple,400011,,ADVANTAGE รองเท้าเด็ก,1,,visible,"รองเท้าสำหรับเด็กเล็ก แบรนด์ Adidas\n\n&nbsp;\n\nช่วยให้เจ้าตัวเล็กพร้อมตะลุย สร้างก้าวแรกได้ง่าย ๆ เคลื่อนไหวไปข้างหน้าด้วยพื้นรองเท้าที่ยึดเกาะได้ดี อัปเปอร์ทำจากหนังสังเคราะห์ในลุคเรียบง่ายที่ปราศจากการเติมแต่ง มาพร้อมแถบหนามเตยที่ช่วยให้สวมและถอดรองเท้าได้ง่าย สีขาว ไซส์ US 12K UK 11 1/2K FR 30 JP 180 CHN 180",,,,taxable,,1,1,,,,0.5,,,,,,,650,สินค้าและอุปกรณ์สำหรับเด็ก,,,,,,,,,,,,,,,,สี,สีขาว,1,1,,,,,,,,,,,,,Good
,simple,200119,,Cat Pajamas ชุดนอนคอวีขายาว ลายแมว,1,,visible,ชุดนอน แบรนด์ Mamas and Papas สีขาว นุ่ม ใส่สบาย ลายแมวสุดน่ารักไซส์ เบบี้ 3เดือน(3M),,,,taxable,,1,1,,,,0.2,,,,,,,495,สินค้าและอุปกรณ์สำหรับเด็ก,,,,,,,,,,,,,,,,สี,สีขาว,1,1,Size (เสื้อ),3M,1,1,อายุ,3เดือน,1,1,,,,,Good
,simple,200120,,Wave Pajamas ชุดนอนคอวีขายาว ลายคลื่น,1,,visible,ชุดนอน แบรนด์ H &amp; M สีฟ้า นุ่ม ใส่สบาย ลายคลื่น สุดน่ารัก ไซส์ 9-12เดือน(9-12M) EUR 80 US 9-12M CA 9-12M CN 80/48 MX 80 AUS 1,,,,taxable,,1,1,,,,0.2,,,,,,,105,สินค้าและอุปกรณ์สำหรับเด็ก,,,,,,,,,,,,,,,,สี,สีฟ้า,1,1,Size (เสื้อ),9M,1,1,อายุ,9เดือน,1,1,,,,,Good
,simple,200121,,My Auntie much fun Body suit ชุดบอดี้สูทขาสั้นลาย My Auntie much fun,1,,visible,"เซตบอดี้สูทขาสั้น แบรนด์ Carter's สีฟ้า\n\n&nbsp;\n\nผลิตจากผ้าฝ้าย นุ่ม ใส่สบาย ลายปักMy Auntie much fun สุดน่ารัก ไซส์ เบบี้ 6เดือน(6M)",,,,taxable,,1,1,,,,0.1,,,,,,,120,สินค้าและอุปกรณ์สำหรับเด็ก,,,,,,,,,,,,,,,,สี,สีฟ้า,1,1,Size (เสื้อ),6M,1,1,อายุ,6เดือน,1,1,,,,,Fair
,simple,700001,,Super light Taekwondo Uniform Kids and adult ชุดเทควันโด,1,,visible,ชุดเทควันโด สวมใส่สบายไม่อึดอัด ผ้าแห่งง่าย เบอร์2 (120ซม.),,,,taxable,,1,1,,,,0.6,,,,,,,240,สินค้าและอุปกรณ์สำหรับเด็ก,,,,,,,,,,,,,,,,สี,สีขาว,1,1,,,,,,,,,,,,,Good
,simple,700002,,Taekwondo Uniform Kids ชุดเทควันโด,1,,visible,ชุดเทควันโด สวมใส่สบายไม่อึดอัด ผ้าแห่งง่าย เบอร์5 (150ซม.),,,,taxable,,1,1,,,,0.8,,,,,,,240,สินค้าและอุปกรณ์สำหรับเด็ก,,,,,,,,,,,,,,,,สี,สีขาว,1,1,,,,,,,,,,,,,Good
,simple,700005,,Folable tatami เก้าอี้เอนกายพับเก็บได้,1,,visible,"เก้าอี้เก็บได้\n\n&nbsp;\n\nเฟอร์นิเจอร์ที่ทันสมัยเก้าอี้พกพาชั้นพับเลานจ์ผู้เอนกายหุ้มที่เดินทางพักผ่อน ปรับมุมได้",,,,taxable,,1,1,,,,4,,,,,,,995,สินค้าและอุปกรณ์สำหรับเด็ก,,,,,,,,,,,,,,,,สี,สีส้ม,1,1,,,,,,,,,,,,,Good
,simple,700006,,Toys for children ของเล่นสำหรับเด็ก,1,,visible,เซตของเล่นสำหรับเด็ก,,,,taxable,,1,1,,,,1,,,,,,,60,สินค้าและอุปกรณ์สำหรับเด็ก,,,,,,,,,,,,,,,,สี,"สีฟ้า, สีม่วง, สีเหลือง",1,1,,,,,,,,,,,,,Good
,simple,700009,,lantern garland โคมไฟสำหรับตกแต่ง,1,,visible,โคมไฟสำหรับตกแต่ง ยาว 3.65 เมตร มาพร้อมกับโคมไฟ 8 ดวง,,,,taxable,,1,1,,,,0.2,,,,,,,130,สินค้าและอุปกรณ์สำหรับเด็ก,,,,,,,,,,,,,,,,สี,สีน้ำเงิน,1,1,,,,,,,,,,,,,New
,simple,700010,,Plates flowers จานลายดอกไม้สำหรับเด็ก,1,,visible,"จาน 2 ชิ้น สีชมพู พลาสติกปลอดสาร BPA\n\n&nbsp;\n\nปลอดภัยสำหรับไมโครเวฟสำหรับอุ่นเท่านั้น ด่านล่างกันลื่นช่วยป้องกันการหกเลอะเทอะ",,,,taxable,,1,1,,,,0.2,,,,,,,200,สินค้าและอุปกรณ์สำหรับเด็ก,,,,,,,,,,,,,,,,สี,สีชมพู,1,1,,,,,,,,,,,,,Fair
,simple,800024,,Bows Detailing Sandals รองเท้าแตะติดโบว์,1,,visible,รองเท้าแตะติดโบว์ สีชมพู สุดน่ารัก ไซส์ USA 7 BRA 20/21 EUR 22/23 JPN 13.5,,,,taxable,,1,1,,,,1,,,,,,,760,สินค้าและอุปกรณ์สำหรับเด็ก,,,,,,,,,,,,,,,,,,,,,,,,,,,,,,,,Fair
,simple,800013,,Mini Beach Slide Dino รองเท้าแตะลายไดโนเสาร์,1,,visible,รองเท้าแตะลายได้โนเสาร์ สีส้ม สุดน่ารัก ไซส์ USA 8 BRA 22 EUR 24 JPN 14.5,,,,taxable,,1,1,,,,1,,,,,,,1020,สินค้าและอุปกรณ์สำหรับเด็ก,,,,,,,,,,,,,,,,สี,สีส้ม,1,1,เพศ,ชาย,1,1,,,,,,,,,Fair
,simple,800012,,Baby Girl Patent Leather T รองเท้าหนังหุ้มข้อติดโบว์,1,,visible,รองเท้าหนัง แบรนด์ Jacadi Paris สีดำ ไซส์ 23,,,,taxable,,1,1,,,,1,,,,,,,450,สินค้าและอุปกรณ์สำหรับเด็ก,,,,,,,,,,,,,,,,สี,สีดำ,1,1,,,,,,,,,,,,,Fair
,simple,800007,,Bright Starts Shake And Glow Monkey Toy ที่แขวนคาร์ซีทและรถเข็นเด็ก,1,,visible,"ที่แขวนคาร์ซีทและรถเข็นเด็ก\n\n&nbsp;\n\nเขย่าและของเล่นลิงเรืองแสง",,,,taxable,,1,1,,,,0.2,,,,,,,560,สินค้าและอุปกรณ์สำหรับเด็ก,,,,,,,,,,,,,,,,เพศ,"ชาย, หญิง",1,1,,,,,,,,,,,,,Fair
,simple,800017,,wed-3084 transport matching game ของเล่นเพื่อฝึกออกกำลังนิ้ว,1,,visible,"ของเล่น แบรนด์ Wonderworld เกมจับคู่ที่มีเอกลักษณ์ เข้าใจได้ง่าย เป็นเรื่องราวเกี่ยวกับวิธีการเดินทาง,การขนส่ง เป็นของเล่นเพื่อฝึกออกกำลังนิ้วเพื่อเสริมสร้างทักษะการเขียน โดยการลากตัวเล่นไปตามร่องที่มีลักษณะเหมือนตัวอักษรในรูปแบบต่างๆ และช่วยพัฒนาทักษะการแก้ปัญหาและการวางแผน",,,,taxable,,1,1,,,,0.8,,,,,,,410,สินค้าและอุปกรณ์สำหรับเด็ก,,,,,,,,,,,,,,,,เพศ,"ชาย, หญิง",1,1,,,,,,,,,,,,,Good
,simple,800021,,Belly Bandit ผ้ายืดรัดหน้าท้องหลังคลอด,1,,visible,"ผ้ารัดหน้าท้องหลังคลอด\n\n&nbsp;\n\nเพื่อกระชับหน้าท้องส่วนที่เพิ่งยืดขยายมาเป็นเวลา 9 เดือน ให้กลับคืนสู่รูปร่างเดิม",,,,taxable,,1,1,,,,1,,,,,,,2800,สินค้าและอุปกรณ์สำหรับเด็ก,,,,,,,,,,,,,,,,สี,สีขาว,1,1,,,,,,,,,,,,,Good
,simple,800027,,Electronic music snail piano ออแกนหอยหอยทาก,1,,visible,ออแกนหอย หอยทาก สีสันสดใส มีไฟ และ เสียง เสริมพัฒนาการเด็ก,,,,taxable,,1,1,,,,0.4,,,,,,,390,สินค้าและอุปกรณ์สำหรับเด็ก,,,,,,,,,,,,,,,,,,,,,,,,,,,,,,,,Good
,simple,800005,,Cozy Caterpillar Neck Support หมอนรองคอหนอนผีเสื้อ,1,,visible,หมอนรองคอหนอนผีเสื้อ ใช้ขณะนั่งใน Car Seat หรือ Booster สีสันสดใส,,,,taxable,,1,1,,,,0.2,,,,,,,240,สินค้าและอุปกรณ์สำหรับเด็ก,,,,,,,,,,,,,,,,,,,,,,,,,,,,,,,,Fair
,simple,800003,,Spectra S1 Plus เครื่องปั๊มน้ำนมสำหรับคุณแม่,1,,visible,"เครื่องปั๊มนมคุณภาพสูง\n\n&nbsp;\n\nเกรดโรงพยาบาล โหมดนวดกระตุ้นน้ำนม ปั๊มนมได้เกลี้ยงเต้าสูงสุด ด้วยโหมดเลือกรอบการดูด สีขาวและสีเขียว",,,,taxable,,1,1,,,,1.4,,,,,,,4000,สินค้าและอุปกรณ์สำหรับเด็ก,,,,,,,,,,,,,,,,สี,"สีขาว, สีฟ้า",1,1,เพศ,หญิง,1,1,,,,,,,,,Fair
,simple,800023,,Beaming Buggie Take-Along Toy ผึ้งของเล่นสำหรับเด็ก,1,,visible,"ผึ้งของเล่นสำหรับเด็ก\n\n&nbsp;\n\nปุ่มกดและปีกสว่างขึ้นและเปลี่ยนสี ส่งเสริมพัฒนาการเด็ก",,,,taxable,,1,1,,,,0.2,,,,,,,600,สินค้าและอุปกรณ์สำหรับเด็ก,,,,,,,,,,,,,,,,,,,,,,,,,,,,,,,,Fair
,simple,800004,,Hamleys Movers and Shakers Poodle-Pink ตุ๊กตาหุ่นยนต์สุนัขสีชมพู,1,,visible,ตุ๊กตาสุนัข สีชมพู มีเสียงและเคลื่อนไหวได้ แบรนด์ Hamleys,,,,taxable,,1,1,,,,0.6,,,,,,,780,สินค้าและอุปกรณ์สำหรับเด็ก,,,,,,,,,,,,,,,,สี,สีชมพู,1,1,เพศ,หญิง,1,1,,,,,,,,,Good
,simple,800029,,Breast milk Storage Bags ถุงเก็บน้ำนมแม่,1,,visible,"ถุงเก็บน้ำนมแม่ ตราสมาร์ทเตอร์\n\n&nbsp;\n\nใช้งานง่ายและสดวกในการเก็บน้ำนม เพิ่มความปลอดภัยโดยระบบซิปล็อก 3 ชั้นป้องกันการหกและมีหน่วยปริมาตร เพื่อความสะดวกในการวัดปริมาณน้ำนมแต่ละมื้อ ปริมาณ 20 ถุง",,,,taxable,,1,1,,,,0.4,,,,,,,45,สินค้าและอุปกรณ์สำหรับเด็ก,,,,,,,,,,,,,,,,อายุ,0เดือน,1,1,,,,,,,,,,,,,New
,simple,800032,,Sea Squad ชุดว่ายน้ำเด็ก,1,,visible,ชุดว่ายน้ำเด็ก SPEEDO ผลิตจากวัสดุที่ปราศจาก PVC เพื่อความปลอดภัย โฟมด้านในช่วยในการลอยตัวในน้ำ ผ่านการทดสอบมาตรฐานความปลอดภัยของออสเตรเลียและยุโรป,,,,taxable,,1,1,,,,0.8,,,,,,,625,สินค้าและอุปกรณ์สำหรับเด็ก,,,,,,,,,,,,,,,,สี,สีแดง,1,1,,,,,,,,,,,,,Fair
,simple,800033,,ZOGGS Jacket For Swim Zoggyjacket ชุดชูชีพสำหรับเด็กหญิง,1,,visible,"ชุดชูชีพสำหรับเด็กหญิง\n\n&nbsp;\n\nด้านนอกทำจากวัสดุ Neoprene 100% ด้านในทำจากวัสดุ Polyester 100% ขนาดรอบอก : 65 ซม. ช่วยในการลอยตัว ใช้สวมใส่ว่ายน้ำ เคลื่อนไหวได้อย่างสะดวกสบาย สามารถถอดหรือปรับเปลี่ยนตัวทุ่นลอยน้ำได้ สีชมพู เหมาะสำหรับอายุ 2-3 ปี ชุดสามารถรับน้ำหนักได้สูงสุดถึง 18 กก. %",,,,taxable,,1,1,,,,0.8,,,,,,,1500,สินค้าและอุปกรณ์สำหรับเด็ก,,,,,,,,,,,,,,,,สี,สีชมพู,1,1,อายุ,2ปี,1,1,,,,,,,,,Good
,simple,800034,,Sea Squad ชุดว่ายน้ำเด็ก,1,,visible,ผลิตจากวัสดุที่ปราศจาก PVC เพื่อความปลอดภัย โฟมด้านในช่วยในการลอยตัวในน้ำ,,,,taxable,,1,1,,,,0.8,,,,,,,750,สินค้าและอุปกรณ์สำหรับเด็ก,,,,,,,,,,,,,,,,สี,"สีฟ้า, สีเขียว",1,1,,,,,,,,,,,,,Good
,simple,800036,,Numbers and Chef's Kitchen book หนังสือตัวเลขและพ่อครัว,1,,visible,หนังสือภาษาอังกฤษตัวเลข พ่อครัว,,,,taxable,,1,1,,,,0.4,,,,,,,350,หนังสือและดนตรี,,,,,,,,,,,,,,,,สี,"สีฟ้า, สีเขียว",1,1,อายุ,0เดือน,1,1,,,,,,,,,Fair
,simple,800037,,IF I were a puppy book หนังสือถ้าฉันเป็นลูกสุนัข,1,,visible,หนังสือถ้าฉันเป็นลูกสุนัข,,,,taxable,,1,1,,,,0.3,,,,,,,255,หนังสือและดนตรี,,,,,,,,,,,,,,,,สี,สีขาว,1,1,อายุ,0เดือน,1,1,,,,,,,,,Good
,simple,800038,,"Let's share, Working together, Plase and thank you หนังสือ",1,,visible,หนังสือ Sesame Street 3 เล่ม,,,,taxable,,1,1,,,,0.8,,,,,,,380,หนังสือและดนตรี,,,,,,,,,,,,,,,,สี,"สีน้ำเงิน, สีม่วง, สีเขียว",1,1,อายุ,0เดือน,1,1,,,,,,,,,Good
,simple,800041,,Twinkle Twinkle baby หนังสือนิทานภาษาอังกฤษสำหรับเด็ก,1,,visible,"หนังสือนิทานภาษาอังกฤษสำหรับเด็ก\n\n&nbsp;\n\nแบรนด์ Little Tiger Press สีน้ำเงิน ฟ้า",,,,taxable,,1,1,,,,0.3,,,,,,,125,หนังสือและดนตรี,,,,,,,,,,,,,,,,สี,"สีน้ำเงิน, สีฟ้า",1,1,อายุ,0เดือน,1,1,,,,,,,,,Good
,simple,800049,,Skill toys ของเล่นเสริมทักษะ,1,,visible,ของเล่นเสริมทักษะ Fisher Price เหมาะสำหรับคุณหนู,,,,taxable,,1,1,,,,0.5,,,,,,,165,สินค้าและอุปกรณ์สำหรับเด็ก,,,,,,,,,,,,,,,,สี,สีม่วง,1,1,อายุ,0เดือน,1,1,,,,,,,,,Good
,simple,800051,,Bag กระเป๋าถือและสะพายรูปแกะ,1,,visible,กระเป๋าเด็กตุ๊กตารูปแกะน่ารัก นุ่มนิ่ม ถือก็ได้สะพายก็ได้,,,,taxable,,1,1,,,,0.5,,,,,,,295,สินค้าและอุปกรณ์สำหรับเด็ก,,,,,,,,,,,,,,,,สี,สีน้ำตาล,1,1,,,,,,,,,,,,,Good
,simple,800042,,Soft Shapes Ocean หนังสือนิทานภาษาอังกฤษสำหรับเด็ก,1,,visible,"หนังสือนิทานภาษาอังกฤษสำหรับเด็ก\n\n&nbsp;\n\nแบรนด์ Melissa &amp; Doug สีน้ำเงิน เขียว",,,,taxable,,1,1,,,,0.3,,,,,,,180,หนังสือและดนตรี,,,,,,,,,,,,,,,,สี,"สีฟ้า, สีเขียว",1,1,อายุ,4เดือน,1,1,,,,,,,,,Good
,simple,800052,,Wiggle &amp; Crawl Ball ลูกบอลของเล่น,1,,visible,ลูกบอลของเล่นมีมอเตอร์ แบรนด์ Vtech มีกดปุ่มเพื่อฟังเพลง เสียงเลียนแบบสัตว์ สีชมพู,,,,taxable,,1,1,,,,0.8,,,,,,,810,สินค้าและอุปกรณ์สำหรับเด็ก,,,,,,,,,,,,,,,,สี,สีชมพู,1,1,อายุ,0เดือน,1,1,,,,,,,,,Good
,simple,800053,,HAB SPIN GIGGLE PUP ของเล่นรถจานหมุน,1,,visible,"ของเล่นเด็ก BRIGHT STARTS สนุกสนาน\n\n&nbsp;\n\nไปพร้อมกับการเรียนรู้ช่วยเสริมสร้างพัฒนาการที่ดีให้ลูกน้อย ของเล่นรถจานหมุน พร้อมปุ่มกดให้ไฟกะพริบ มีเสียงดนตรีสอน ABC ดีไซน์น่ารัก สีสันสดใส เล่นสนุกง่ายๆ เพียงแค่วางลูกบอลบนจาน จานจะหมุนพร้อมบอล และเหวี่ยงบอลออกมา เสริมสร้างพัฒนาการทางความคิด การได้ยิน และการมองเห็น",,,,taxable,,1,1,,,,0.8,,,,,,,1170,สินค้าและอุปกรณ์สำหรับเด็ก,,,,,,,,,,,,,,,,สี,"สีม่วง, สีเหลือง",1,1,อายุ,0เดือน,1,1,,,,,,,,,Good
,simple,800055,,Sleepy Bear Sweet Dreams โปรเจคเตอร์,1,,visible,โปรเจคเตอร์หมี แบรนด์ Vtech พร้อมเสียงเพลง ที่สามารถควบคุมได้ด้วยรีโมท คุณพ่อ-คุณแม่สามารถดูลูกน้อยอยู่ห่าง ๆ พร้อมกับทำกิจกรรมอื่นๆ พร้อมกันไปด้วยได้,,,,taxable,,1,1,,,,0.5,,,,,,,1200,สินค้าและอุปกรณ์สำหรับเด็ก,,,,,,,,,,,,,,,,สี,"สีขาว, สีฟ้า",1,1,อายุ,0เดือน,1,1,,,,,,,,,Fair
,simple,800044,,Children's Development Cloth Book หนังสือผ้าเสริมพัฒนาการเด็ก,1,,visible,หนังสือผ้าเสริมพัฒนาการเด็ก,,,,taxable,,1,1,,,,0.3,,,,,,,120,หนังสือและดนตรี,,,,,,,,,,,,,,,,สี,"สีเหลือง, สีแดง",1,1,อายุ,0เดือน,1,1,,,,,,,,,Good
,simple,800045,,Children's Development Cloth Book หนังสือผ้าเสริมพัฒนาการเด็ก,1,,visible,เป็นหนังสือผ้าเสริมพัฒนาการ,,,,taxable,,1,1,,,,0.3,,,,,,,120,หนังสือและดนตรี,,,,,,,,,,,,,,,,สี,สีแดง,1,1,อายุ,0เดือน,1,1,,,,,,,,,Good
,simple,800046,,Garden Tails Book หนังสือนิทานสำหรับเด็ก,1,,visible,เป็นหนังสือนิทานสำหรับเด็ก,,,,taxable,,1,1,,,,0.4,,,,,,,290,หนังสือและดนตรี,,,,,,,,,,,,,,,,สี,"สีฟ้า, สีส้ม, สีเขียว",1,1,อายุ,0เดือน,1,1,,,,,,,,,Good
,simple,800058,,Paw Patrol Cushion ตุ๊กตา,1,,visible,ตุ๊กตาน้องหมาสุดน่ารัก,,,,taxable,,1,1,,,,0.5,,,,,,,675,สินค้าและอุปกรณ์สำหรับเด็ก,,,,,,,,,,,,,,,,สี,สีน้ำตาล,1,1,,,,,,,,,,,,,Good
,simple,800060,,Care Bears Good Luck Bear ตุ๊กตาแคร์แบร์,1,,visible,"ตุ๊กตาหมีขนนุ่มแบบดั้งเดิม\n\n&nbsp;\n\nสิ่งดีๆจะเกิดขึ้นเสมอเมื่อ Good Luck Bearอยู่ใกล้ ๆ ! โชคตามเขาไปทุกที่ที่เขาไปและโคลเวอร์สี่แฉกบนตราหน้าท้องของเขาทำให้เรารู้ว่าเมื่อเขาอยู่ใกล้ ๆ มีโชคมากมายที่จะแบ่งปัน! มีให้เลือกมากมายรวบรวมของเล่นน่ารัก Care Bear เหล่านี้รับรองว่าจะทำให้ใบหน้าของเด็ก ๆ ยิ้มได้แน่นอน",,,,taxable,,1,1,,,,0.5,,,,,,,775,สินค้าและอุปกรณ์สำหรับเด็ก,,,,,,,,,,,,,,,,สี,สีเขียว,1,1,,,,,,,,,,,,,Good
,simple,800061,,Hello Kitty Candy Fan ของเล่นพัดลม,1,,visible,ของเล่นพัดลม,,,,taxable,,1,1,,,,0.4,,,,,,,130,สินค้าและอุปกรณ์สำหรับเด็ก,,,,,,,,,,,,,,,,สี,สีชมพู,1,1,,,,,,,,,,,,,Fair
,simple,800062,,Smiggle Squishy Hug-A-Buds ตุ๊กตา,1,,visible,ตุ๊กตาสายรุ้ง Smiggle สุดน่ารัก สีรุ้ง,,,,taxable,,1,1,,,,0.1,,,,,,,700,สินค้าและอุปกรณ์สำหรับเด็ก,,,,,,,,,,,,,,,,สี,"สีกรม, สีขาว, สีครีม, สีชมพู, สีดำ, สีน้ำตาล, สีน้ำเงิน, สีฟ้า, สีม่วง, สีส้ม, สีเขียว, สีเทา, สีเหลือง, สีแดง",1,1,,,,,,,,,,,,,Good
,simple,800064,,Copenhagen Up กระต่ายขนนุ่ม,1,,visible,ตุ๊กตากระต่ายขนนุ่มสุดน่ารัก Copenhagen Up,,,,taxable,,1,1,,,,0.5,,,,,,,355,สินค้าและอุปกรณ์สำหรับเด็ก,,,,,,,,,,,,,,,,สี,สีน้ำตาล,1,1,,,,,,,,,,,,,Good
,simple,800079,,The hanging doll has a sound ตุ๊กตาแขวนมีเสียง,1,,visible,ตุ๊กตาแขวนกระต่ายมีเสียง แบรนด์ mamas &amp; papas สีเทา ขาว,,,,taxable,,1,1,,,,0.3,,,,,,,690,สินค้าและอุปกรณ์สำหรับเด็ก,,,,,,,,,,,,,,,,สี,"สีขาว, สีเทา",1,1,อายุ,0เดือน,1,1,,,,,,,,,Good
,simple,800065,,My Little Pony Plush Toy Spike Dragon พวงกุญแจ,1,,visible,ของเล่นเบาะนุ่ม Spike Dragon ทำจากผ้าเนื้อนุ่ม ตุ๊กตาของเล่นทำด้วยสีที่ละเอียดอ่อนสวยงาม,,,,taxable,,1,1,,,,0.2,,,,,,,120,สินค้าและอุปกรณ์สำหรับเด็ก,,,,,,,,,,,,,,,,สี,สีม่วง,1,1,,,,,,,,,,,,,Good
,simple,800066,,RAINBOW HUGS BEAR หมีเรนโบว์,1,,visible,ตุ๊กตาหมีขี้เล่นขี้เล่น แบรนด์ Build A Bear Workshop มีขนลายสายรุ้งหยักศก,,,,taxable,,1,1,,,,0.3,,,,,,,565,สินค้าและอุปกรณ์สำหรับเด็ก,,,,,,,,,,,,,,,,สี,"สีน้ำเงิน, สีม่วง, สีเขียว, สีเหลือง, สีแดง",1,1,,,,,,,,,,,,,Good
,simple,800067,,Flummi rabbit กระต่ายฟลัม,1,,visible,"กระต่ายฟลัม\n\n&nbsp;\n\nทำจากผ้ากำมะหยี่สีเบจเนื้อนุ่มสวยงาม ฝ่าเท้าสีครีมขนาดมหึมาของเขาเป็นหนึ่งในคุณสมบัติที่โดดเด่นที่สุดของเขา หูที่น่ารักของเขายังมีสีครีมที่ผิวด้านใน แก้มที่น่ารักและหางฟูที่มีลักษณะเฉพาะ",,,,taxable,,1,1,,,,0.3,,,,,,,1280,สินค้าและอุปกรณ์สำหรับเด็ก,,,,,,,,,,,,,,,,สี,สีครีม,1,1,,,,,,,,,,,,,Good
,simple,800080,,Wish Factory Kawaii Cube DC comics jerry&amp;rabbit ตุ๊กตาเจอร์รี่&amp;กระต่าย,1,,visible,"ตุ๊กตาเจอร์รี่และกระต่าย\n\n&nbsp;\n\nแบรนด์ Kawaii cubes สีน้ำตาล สีเทา",,,,taxable,,1,1,,,,0.1,,,,,,,660,สินค้าและอุปกรณ์สำหรับเด็ก,,,,,,,,,,,,,,,,สี,"สีน้ำตาล, สีเทา",1,1,อายุ,0เดือน,1,1,,,,,,,,,Good
,simple,800068,,Munchkin Bath Bobbers ของเล่นในน้ำ,1,,visible,"ของเล่นในน้ำ 1 ชุดมี\n\n&nbsp;\n\nทุ่นลอยน้ำหมีขั้วโลก 1 ชิ้นและทุ่นลอยน้ำเพนกวิน 1 ชิ้น ช่วยพัฒนาการทำงานของกล้ามเนื้อ น้ำหนักเบา จับง่าย ช่วยเสริมสร้างจินตนาการ เหมาะสำหรับเด็กอายุ 6 เดือนขึ้นไป",,,,taxable,,1,1,,,,0.3,,,,,,,320,สินค้าและอุปกรณ์สำหรับเด็ก,,,,,,,,,,,,,,,,สี,"สีขาว, สีฟ้า",1,1,อายุ,6เดือน,1,1,,,,,,,,,Fair
,simple,800069,,Freddie Teddy Duck ตุ๊กตาเป็ด,1,,visible,"ตุ๊กตาเป็ด แบนรด์ Harrods\n\n&nbsp;\n\nสุดน่ารักเหมาะสำหรับน้องๆหนูๆทุกเพศทุกวัย",,,,taxable,,1,1,,,,0.3,,,,,,,715,สินค้าและอุปกรณ์สำหรับเด็ก,,,,,,,,,,,,,,,,สี,สีเหลือง,1,1,,,,,,,,,,,,,Good
,simple,800070,,Puppito Cutetitos ของเล่นนุ่ม,1,,visible,"ของเล่นนุ่ม Cutetitos ห่อหุ้มด้วยกระเป๋าขนาดใหญ่\n\n&nbsp;\n\nโดยเฉพาะซึ่งมี Cutetito อยู่ข้างในจากนั้นแกะออกเพื่อค้นหาสัตว์เลี้ยงที่น่ารักตัวใหม่",,,,taxable,,1,1,,,,0.4,,,,,,,1380,สินค้าและอุปกรณ์สำหรับเด็ก,,,,,,,,,,,,,,,,สี,สีน้ำตาล,1,1,,,,,,,,,,,,,Fair
,simple,800082,,Hello Kitty Doll Set เซ็ตตุ๊กตาคิตตี้,1,,visible,เซ็ตตุ๊กตาคิตตี้สุดน่ารัก แบรนด์ Sanrio สีน้ำตาล สีขาว สีเหลือง,,,,taxable,,1,1,,,,0.4,,,,,,,420,สินค้าและอุปกรณ์สำหรับเด็ก,,,,,,,,,,,,,,,,สี,"สีขาว, สีน้ำตาล, สีเหลือง",1,1,อายุ,0เดือน,1,1,,,,,,,,,Good
,simple,800071,,Musical RRH Wolf Doll ตุ๊กตาหมาป่ากางขา,1,,visible,"ตุ๊กตาหมาป่ากางขา\n\n&nbsp;\n\nอีกด้านจะเป็นหนูน้อยหมวกแดงกางขา ดึงแล้วมีเพลง สีแดง",,,,taxable,,1,1,,,,0.3,,,,,,,150,สินค้าและอุปกรณ์สำหรับเด็ก,,,,,,,,,,,,,,,,สี,"สีน้ำตาล, สีแดง",1,1,,,,,,,,,,,,,Good
,simple,800072,,Rabbit Doll ตุ๊กตากระต่าย,1,,visible,"ตุ๊กตากระต่ายน้อยสีครีม 3 มิติ\n\n&nbsp;\n\nสุดน่ารัก ที่ออกแบบเพื่อสร้างความสนุกสนานเพลินเพลินให้กับลูกน้อย",,,,taxable,,1,1,,,,0.2,,,,,,,450,สินค้าและอุปกรณ์สำหรับเด็ก,,,,,,,,,,,,,,,,สี,สีครีม,1,1,,,,,,,,,,,,,Good
,simple,800083,,Penguin doll set เซ็ตตุ๊กตานกเพนกวิน,1,,visible,"เซ็ตตุ๊กตานกเพนกวินสุดน่ารัก\n\n&nbsp;\n\nแบรนด์ ty Star สีขาว สีเเดง สีดำ",,,,taxable,,1,1,,,,0.3,,,,,,,480,สินค้าและอุปกรณ์สำหรับเด็ก,,,,,,,,,,,,,,,,สี,"สีขาว, สีดำ, สีแดง",1,1,อายุ,0เดือน,1,1,,,,,,,,,Good
,simple,800073,,Teddy Bear ตุ๊กตาหมีเท็ดดี้,1,,visible,ตุ๊กตาหมีเท็ดดี้ ผ้าตาหมากรุก Nicholas bears,,,,taxable,,1,1,,,,0.1,,,,,,,415,สินค้าและอุปกรณ์สำหรับเด็ก,,,,,,,,,,,,,,,,สี,สีเขียว,1,1,,,,,,,,,,,,,Good
,simple,800074,,Pikmi Pops Lollipop ตุ๊กตา,1,,visible,ตุ๊กตาสุดน่ารักสำหรับคุณหนูๆ,,,,taxable,,1,1,,,,0.1,,,,,,,240,สินค้าและอุปกรณ์สำหรับเด็ก,,,,,,,,,,,,,,,,สี,สีชมพู,1,1,,,,,,,,,,,,,Good
,simple,800084,,Pajamas for children ถุงนอนเด็ก,1,,visible,"เป็นชุดถุงนอนสำหรับเด็ก\n\n&nbsp;\n\nสีขาว สีเเดง สีฟ้า สีเขียว",,,,taxable,,1,1,,,,0.5,,,,,,,540,สินค้าและอุปกรณ์สำหรับเด็ก,,,,,,,,,,,,,,,,สี,"สีฟ้า, สีเขียว, สีแดง",1,1,อายุ,0เดือน,1,1,,,,,,,,,Good
,simple,800075,,Sheep Doll ตุ๊กตาแกะ,1,,visible,ตุ๊กตาแกะ แบรนด์ Take off สีฟ้า,,,,taxable,,1,1,,,,0.1,,,,,,,115,สินค้าและอุปกรณ์สำหรับเด็ก,,,,,,,,,,,,,,,,สี,สีฟ้า,1,1,,,,,,,,,,,,,Good
,simple,800076,,Peperico Daily พวงกุญแจเพนกวิน,1,,visible,พวงกุญแจ Peperico เพนกวินสุดน่ารัก,,,,taxable,,1,1,,,,0.1,,,,,,,150,สินค้าและอุปกรณ์สำหรับเด็ก,,,,,,,,,,,,,,,,สี,"สีขาว, สีเทา",1,1,,,,,,,,,,,,,Good
,simple,800077,,LOL Fluky Purse Kittyqueen ตุ๊กตานุ่ม,1,,visible,ตุ๊กตานุ่มๆ LOL 1 ตัวพร้อมซิป ตุ๊กตานุ่มคอลเลกชันซิปเสน่ห์ตุ๊กตาคอลเลกชันแปลกใจสร้อยข้อมือ,,,,taxable,,1,1,,,,0.1,,,,,,,230,สินค้าและอุปกรณ์สำหรับเด็ก,,,,,,,,,,,,,,,,สี,สีเทา,1,1,อายุ,4เดือน,1,1,,,,,,,,,Good
,simple,800078,,Unicorn ตุ๊กตายูนิคอร์น,1,,visible,ตุ๊กตายูนิคอร์น Build A Bear Workshop,,,,taxable,,1,1,,,,0.1,,,,,,,565,สินค้าและอุปกรณ์สำหรับเด็ก,,,,,,,,,,,,,,,,สี,สีชมพู,1,1,,,,,,,,,,,,,Good
,simple,800050,,Sleep Tight Bunny หนังสือนิทาน,1,,visible,หนังสือนิทานนุ่มๆ สีสันสดใส ด้านใน ประกอบด้วยรูปภาพ และเรื่องราวต่างๆ ที่น่าอ่านและศึกษา พร้อมทั้งสอนให้ลูกน้อยรักการอ่าน เหมาะสำหรับอายุ 1-4 ปี,,,,taxable,,1,1,,,,0.1,,,,,,,175,หนังสือและดนตรี,,,,,,,,,,,,,,,,สี,สีม่วง,1,1,อายุ,1ปี,1,1,,,,,,,,,Fair
,simple,900024,,Astronaut Suit w/Embroidered Cap ชุดนักบินอวกาศ,1,,visible,ชุดนักบินอวกาศ แบรนด์ Aeromaxtoys สีขาว ไซส์ 6-8,,,,taxable,,1,1,,,,0.8,,,,,,,930,สินค้าและอุปกรณ์สำหรับเด็ก,,,,,,,,,,,,,,,,สี,สีขาว,1,1,Size (เสื้อ),6Y,1,1,อายุ,6ปี,1,1,เพศ,"ชาย, หญิง",1,1,Good
,simple,900047,,Beanies หมวกไหมพรม,1,,visible,หมวกไหมพรม สีน้ำเงิน ยืดหยุ่น เนื้อผ้านุ่มพิเศษมอบความเบาสบายขณะสวมใส่,,,,taxable,,1,1,,,,0.6,,,,,,,135,สินค้าและอุปกรณ์สำหรับเด็ก,,,,,,,,,,,,,,,,สี,สีน้ำเงิน,1,1,,,,,,,,,,,,,Good
,simple,900049,,BABY SWIMMING UV PROTECTION CAP หมวกกันยูวีว่ายน้ำเด็ก,1,,visible,หมวกกันยูวีว่ายน้ำเด็ก แบรนด์ Tribord ออกแบบมาเพื่อปกป้องศีรษะและคอของทารกจากแสงแดดระหว่างทำกิจกรรมทางน้ำ ป้องกันรังสียูวีแม้ในขณะที่เปียก หมวกป้องกันรังสียูวีปกป้องทารกแม้อยู่ในน้ำ ด้วยรูปทรงที่ปกปิดได้สูง สีชมพู,,,,taxable,,1,1,,,,0.6,,,,,,,75,สินค้าและอุปกรณ์สำหรับเด็ก,,,,,,,,,,,,,,,,สี,สีชมพู,1,1,เพศ,หญิง,1,1,,,,,,,,,Good
,simple,900048,,Children’s Baseball Cap with White Tiger design หมวกเบสบอลเด็กลายเสือ,1,,visible,หมวกเบสบอลเด็กลายเสือ แบรนด์ Baroni สีน้ำตาล,,,,taxable,,1,1,,,,0.5,,,,,,,240,สินค้าและอุปกรณ์สำหรับเด็ก,,,,,,,,,,,,,,,,สี,สีน้ำตาล,1,1,,,,,,,,,,,,,Good
,simple,900096,,Knitted Jumper เสื้อไหมพรม,1,,visible,เสื้อสวมหัวในผ้าไหมพรมถักเนื้อนุ่ม แบรนด์ H&amp;M สีกรม ไซส์ EUR 110/116 US 4-6Y CA 4-6Y CN 120/60 MX 110/116,,,,taxable,,1,1,,,,0.7,,,,,,,300,สินค้าและอุปกรณ์สำหรับเด็ก,,,,,,,,,,,,,,,,สี,สีกรม,1,1,Size (เสื้อ),4Y,1,1,อายุ,4ปี,1,1,เพศ,ชาย,1,1,Fair
,simple,900040,,American T-shirt เสื้อยืดแขนสั้น,1,,visible,เสื้อยืดแขนสั้น แบรนด์ Siri Jeans ลายธงชาติสหรัฐ สุดเท่ห์ ผลิตจากผ้าฝ้ายแท้ 100% สีขาว,,,,taxable,,1,1,,,,0.6,,,,,,,100,สินค้าและอุปกรณ์สำหรับเด็ก,,,,,,,,,,,,,,,,สี,สีขาว,1,1,,,,,,,,,,,,,Fair
,simple,900014,,Ninja Warrior ชุดนักรบนินจาชาย,1,,visible,ชุดนักรบนินจาชาย สีดำ ประกอบด้วย เสื้อ กางเกง ฮูด เข็มขัด ปลอกแขน สนับแข้ง และเกราะ ไซส์เล็ก ส่วนสูง 110-120 ซม.,,,,taxable,,1,1,,,,0.9,,,,,,,360,สินค้าและอุปกรณ์สำหรับเด็ก,,,,,,,,,,,,,,,,สี,สีดำ,1,1,,,,,,,,,,,,,Good
,simple,900092,,SPIDERMAN FAR FROM HOME ชุดคอมตูมสไปเดอร์แมน,1,,visible,ชุดคอมตูมสไปเดอร์แมน แบรนด์ Marvel สีแดง น้ำเงิน ไซส์ M,,,,taxable,,1,1,,,,0.9,,,,,,,450,สินค้าและอุปกรณ์สำหรับเด็ก,,,,,,,,,,,,,,,,สี,"สีน้ำเงิน, สีแดง",1,1,เพศ,ชาย,1,1,,,,,,,,,Good
,simple,900018,,Ladybug Halloween Costume ชุดเจ้าแมลงตัวน้อยแสนน่ารัก,1,,visible,ชุดเจ้าแมลงตัวน้อยแสนน่ารัก แบรนด์ Carter สีแดงดำ มาพร้อมกับเสื้อแขนยาวสีดำและกางเกงรัดรูปลายทาง แต่งดีเทลด้วยลายจุดเต่าทองและหูหิ้ว ไซส์ 3-6 M,,,,taxable,,1,1,,,,0.8,,,,,,,650,สินค้าและอุปกรณ์สำหรับเด็ก,,,,,,,,,,,,,,,,สี,"สีดำ, สีแดง",1,1,Size (เสื้อ),3M,1,1,อายุ,3เดือน,1,1,เพศ,หญิง,1,1,Mint
,simple,900022,,Pilot Role Play Costume Set ชุดสวมบทบาทนักบิน,1,,visible,ชุดสวมบทบาทนักบิน แบรนด์ Melissa and Doug สีกรม อุปกรณ์ภายในชุด ชุดนักบินพร้อม accessory หมวกนักบิน 1 ใบ ชุดสามารถซักทำความสะอาดได้ ส่งเสริมจินตนาการของคุณหนูๆ ผลิตจากวัสดุคุณภาพดี ฟรีไซส์ เหมาะสำหรับเด็กอายุตั้งแต่ 3 – 6 ปีขึ้นไป,,,,taxable,,1,1,,,,0.8,,,,,,,350,สินค้าและอุปกรณ์สำหรับเด็ก,,,,,,,,,,,,,,,,สี,สีกรม,1,1,อายุ,3ปี,1,1,,,,,,,,,Fair
,simple,900056,,Towel ผ้าขนหนูลายสายรุ้ง,1,,visible,ผ้าขนหนู แบรนด์ Rainbow ลวดลายน่ารัก ผลิตด้วยเนื้อผ้านุ่มพิเศษ อ่อนโยนต่อผิวของลูกน้อย ซึมซับน้ำได้ดี,,,,taxable,,1,1,,,,0.9,,,,,,,475,สินค้าและอุปกรณ์สำหรับเด็ก,,,,,,,,,,,,,,,,สี,"สีเขียว, สีเหลือง",1,1,อายุ,0เดือน,1,1,,,,,,,,,Good
,simple,900064,,Nike Fast กางเกงเลกกิ้ง,1,,visible,"กางเกงเลกกิ้ง ให้สัมผัสยืดหยุ่นมาพร้อมแผงตาข่ายเพื่อความสบายที่ระบายอากาศได้ดี สี ฟ้า,ชมพู ไซส์ CM 96-104 3ปี(3Y)",,,,taxable,,1,1,,,,0.6,,,,,,,510,สินค้าและอุปกรณ์สำหรับเด็ก,,,,,,,,,,,,,,,,สี,"สีชมพู, สีฟ้า",1,1,Size (กางเกง),3Y,1,1,อายุ,3ปี,1,1,เพศ,หญิง,1,1,Good
,simple,900021,,Power Rangers Robo Knight Megaforce Classic Muscle Child Halloween Costume ชุดฮัลโลวีนพาวเวอร์เรนเจอร์,1,,visible,ชุดฮัลโลวีนพาวเวอร์เรนเจอร์ แบรนด์ Power Rangers เครื่องแต่งกายนี้ดูน่ารักและมีสไตล์อย่างแท้จริงหลังจากการแสดง Power Rangers Megaforce และรวมถึงจั๊มสูทพร้อมเข็มขัดแนบและหูฟังที่อ่อนนุ่ม,,,,taxable,,1,1,,,,0.8,,,,,,,470,สินค้าและอุปกรณ์สำหรับเด็ก,,,,,,,,,,,,,,,,สี,สีเทา,1,1,,,,,,,,,,,,,Good
,simple,900013,,Lady Bug Cape ชุดคลุมพร้อมหมวกแมลงเต่าทอง,1,,visible,ชุดคลุมสำหรับเด็ก ลายแมลงเต่าทอง  สีแดง ไซส์ 3-5 Y,,,,taxable,,1,1,,,,0.8,,,,,,,480,สินค้าและอุปกรณ์สำหรับเด็ก,,,,,,,,,,,,,,,,สี,สีแดง,1,1,อายุ,3ปี,1,1,,,,,,,,,Mint
,simple,900012,,Honorable Prince ชุดเจ้าชาย,1,,visible,ชุดเจ้าชาย แบรนด์ Gift Tower  สีแดงโดดเด่น เป็นชุดใช้การแสดงบทบาทสมมุติ ใช้ในการแสดง ชุดเนื้อผ้าดี นิ่ม ใสง่าย ใส่ไม่คัน ไม่ระคายเคือง,,,,taxable,,1,1,,,,0.8,,,,,,,210,สินค้าและอุปกรณ์สำหรับเด็ก,,,,,,,,,,,,,,,,สี,สีแดง,1,1,,,,,,,,,,,,,Good
,simple,900066,,Basic Legging กางเกงเลกกิ้งลายรองเท้า,1,,visible,"กางเกงเลกกิ้งลายรองเท้า สี ชมพู,ขาว ไซส์ 4ปี(4Y) HEIGHT 108CM CHEST 60CM WAIST 56CM HIP 62CM",,,,taxable,,1,1,,,,0.7,,,,,,,90,สินค้าและอุปกรณ์สำหรับเด็ก,,,,,,,,,,,,,,,,สี,"สีขาว, สีชมพู",1,1,Size (กางเกง),4Y,1,1,อายุ,4ปี,1,1,เพศ,หญิง,1,1,Good
,simple,900025,,Captain Hook Costume for Kids ชุดกัปตันฮุกสำหรับเด็ก,1,,visible,ชุดกัปตันฮุกสำหรับเด็ก แบรนด์ Gift Tower สีแดง ดำ ไซส์ L (120-130 CM),,,,taxable,,1,1,,,,0.8,,,,,,,240,สินค้าและอุปกรณ์สำหรับเด็ก,,,,,,,,,,,,,,,,สี,สีแดง,1,1,Size (เสื้อ),6Y,1,1,อายุ,6ปี,1,1,เพศ,ชาย,1,1,Good
,simple,900023,,CAPTAIN AMERICA ชุดกัปตันอเมริกา,1,,visible,ชุดกัปตันอเมริกา แบรนด์ Marvel สวมบทบาทเป็น CAPTAIN AMERICA ด้วยชุดคอสตูม สีน้ำเงิน,,,,taxable,,1,1,,,,0.8,,,,,,,480,สินค้าและอุปกรณ์สำหรับเด็ก,,,,,,,,,,,,,,,,สี,สีน้ำเงิน,1,1,เพศ,ชาย,1,1,,,,,,,,,Good
,simple,900069,,Leggings กางเกงเลกกิ้งลายวิวภูเขา,1,,visible,กางเกงเลกกิ้งลายวิวภูเขา สีชมพู ไซส์ 3ปี(3T),,,,taxable,,1,1,,,,0.7,,,,,,,125,สินค้าและอุปกรณ์สำหรับเด็ก,,,,,,,,,,,,,,,,สี,สีชมพู,1,1,Size (กางเกง),3Y,1,1,อายุ,3ปี,1,1,เพศ,หญิง,1,1,Good
,simple,900017,,Stormtrooper Deluxe Boys Costume ชุดเด็กผู้ชาย สตอร์มทรูปเปอร์,1,,visible,ชุดเด็กผู้ชาย สตอร์มทรูปเปอร์ แบรนด์ Star Wars สีขาว,,,,taxable,,1,1,,,,0.8,,,,,,,345,สินค้าและอุปกรณ์สำหรับเด็ก,,,,,,,,,,,,,,,,สี,สีขาว,1,1,,,,,,,,,,,,,Fair
,simple,900072,,Ultra Stretch Pants กางเกงยีนส์,1,,visible,กางเกงยีนส์ขายาว สำหรับเด็ก ไซส์ 8ปี(8Y) ความสูง 130CM รอบเอว 53-59CM,,,,taxable,,1,1,,,,0.8,,,,,,,180,สินค้าและอุปกรณ์สำหรับเด็ก,,,,,,,,,,,,,,,,สี,สีกรม,1,1,Size (กางเกง),8Y,1,1,อายุ,8ปี,1,1,เพศ,ชาย,1,1,Good
,simple,900015,,Justice Batman Costume ชุดแบทแมน,1,,visible,ชุดแบทแมน แบรนด์ Batman Vs Superman ชุดจั้มสูทรัดรูปด้วยตะขอและห่วงที่ด้านหลังตรงกลาง ผ้าคลุมไหล่ติดด้วยตะขอและห่วง มาพร้อมหน้ากากพลาสติกมีแถบยางยืด ครอบครึ่งหน้า ไซส์ 5-6 ปี,,,,taxable,,1,1,,,,0.8,,,,,,,375,สินค้าและอุปกรณ์สำหรับเด็ก,,,,,,,,,,,,,,,,สี,สีดำ,1,1,อายุ,5ปี,1,1,เพศ,ชาย,1,1,,,,,Good
,simple,900003,,Go Fishing เกมส์ตกเป็ด,1,,visible,เกมส์ตกเป็ด สามารถเติมน้ำลงได้ ตกปลาได้เสมือนจริง สร้างความสนุกสนาน เสริมทักษะการเรียนรู้ และฝึกสมาธิ ของเล่น เกมตกปลา แบรนด์ Beibe Good Toys,,,,taxable,,1,1,,,,0.8,,,,,,,260,สินค้าและอุปกรณ์สำหรับเด็ก,,,,,,,,,,,,,,,,สี,สีฟ้า,1,1,,,,,,,,,,,,,Fair
,simple,900073,,Soft Cotton Dungarees ชุดเอี๊ยมผ้าฝ้ายเนื้อนุ่ม,1,,visible,ชุดเอี๊ยมผ้าฝ้ายเนื้อนุ่มเหมาะสำหรับวันสบายๆ ทรงหลวมและทรงหลวม สีเขียว ไซส์ 2ปี(2Y) ความสูง 92ซม. หน้าอก 53ซม. รอบเอว 52ซม. สะโพก 56ซม.,,,,taxable,,1,1,,,,0.7,,,,,,,320,สินค้าและอุปกรณ์สำหรับเด็ก,,,,,,,,,,,,,,,,สี,สีเขียว,1,1,Size (กางเกง),2Y,1,1,อายุ,2ปี,1,1,เพศ,"ชาย, หญิง",1,1,Good
,simple,900055,,Swiss Cross in Gray Bed Sheet ผ้าปูที่นอนสำหรับเด็ก,1,,visible,ผ้าปูที่นอน แบรนด์ Beta Young สีเทา,,,,taxable,,1,1,,,,0.9,,,,,,,540,สินค้าและอุปกรณ์สำหรับเด็ก,,,,,,,,,,,,,,,,สี,สีเทา,1,1,,,,,,,,,,,,,Good
,simple,900060,,Printed Mesh Racer Run Short กางเกงขาสั้น,1,,visible,"กางเกงขาสั้น ออกกำลังกาย สีฟ้า,ชมพู ไซส์ 4ปี(4Y) Waist 27-28 Hip 37.5-38.5",,,,taxable,,1,1,,,,0.6,,,,,,,460,สินค้าและอุปกรณ์สำหรับเด็ก,,,,,,,,,,,,,,,,สี,"สีชมพู, สีฟ้า",1,1,Size (กางเกง),4Y,1,1,อายุ,4ปี,1,1,เพศ,หญิง,1,1,Good
,simple,900052,,Cotton Muslin Dream Blanket ผ้าห่ม,1,,visible,ผ้าห่มแสนอบอุ่น แบรนด์ Aden + Anais เหมาะสำหรับเด็กแรกเกิดและเด็กเล็ก ผ้ามัสลินคอตตอน 100% ซักเครื่องได้ ผ่านการซักล่วงหน้า จึงนุ่มเป็นพิเศษตั้งแต่เริ่มแรก,,,,taxable,,1,1,,,,0.9,,,,,,,1560,สินค้าและอุปกรณ์สำหรับเด็ก,,,,,,,,,,,,,,,,สี,สีขาว,1,1,,,,,,,,,,,,,Good
,simple,900034,,Bonnie Jean Dress/Vestido ชุดเดรสเด็ก,1,,visible,ชุดเดรส แบรนด์ Bonnie Jean สีขาว ชมพู ฟ้า เขียว เหลือง แดง ลายตรง ใส่สบาย ไซส์ 4Y (4ปี),,,,taxable,,1,1,,,,0.7,,,,,,,375,สินค้าและอุปกรณ์สำหรับเด็ก,,,,,,,,,,,,,,,,สี,"สีขาว, สีชมพู, สีฟ้า, สีเขียว, สีเหลือง, สีแดง",1,1,Size (เสื้อ),4Y,1,1,อายุ,4ปี,1,1,เพศ,หญิง,1,1,Good
,simple,900054,,Bed Sheet ผ้าปูที่นอนสำหรับเด็ก,1,,visible,ผ้าปูที่นอน แบรนด์ Beta Young สีขาว ไม่มีลาย,,,,taxable,,1,1,,,,0.9,,,,,,,540,สินค้าและอุปกรณ์สำหรับเด็ก,,,,,,,,,,,,,,,,สี,สีขาว,1,1,,,,,,,,,,,,,Good
,simple,900051,,Rabbit Blanket ผ้าห่มเด็กคู่กระต่ายน้อย,1,,visible,ผ้าห่มสำหรับเด็กขนาดมาตรฐาน แบรนด์ Beta Young สำหรับสวมใส่หรือคลุมให้ความอบอุ่นแก่ร่างกาย สีฟ้าขาว,,,,taxable,,1,1,,,,0.9,,,,,,,180,สินค้าและอุปกรณ์สำหรับเด็ก,,,,,,,,,,,,,,,,สี,"สีขาว, สีฟ้า",1,1,,,,,,,,,,,,,Fair
,simple,900057,,Blue Blanket Polka dots ผ้าห่มผืนยาวลายจุด,1,,visible,ผ้าห่ม เนื้อผ้านุ่ม ห่มอุ่น สัมผัสอ่อนโยน ไม่ระคายเคืองต่อผิว สีฟ้า แบรนด์จากญี่ปุ่นRainbow,,,,taxable,,1,1,,,,0.9,,,,,,,400,สินค้าและอุปกรณ์สำหรับเด็ก,,,,,,,,,,,,,,,,สี,สีฟ้า,1,1,,,,,,,,,,,,,Fair
,simple,900058,,Cotton Muslin Dream Blanket ผ้าห่ม,1,,visible,ผ้าห่มแสนอบอุ่น แบรนด์ Aden + Anais เหมาะสำหรับเด็กแรกเกิดและเด็กเล็ก ผ้ามัสลินคอตตอน 100% ซักเครื่องได้ ผ่านการซักล่วงหน้า จึงนุ่มเป็นพิเศษตั้งแต่เริ่มแรก,,,,taxable,,1,1,,,,0.9,,,,,,,1040,สินค้าและอุปกรณ์สำหรับเด็ก,,,,,,,,,,,,,,,,สี,"สีน้ำตาล, สีเขียว",1,1,,,,,,,,,,,,,Fair
,simple,900086,,Women's Big Ruffle - Vintage Blue กางเกงทรงวินเทจ,1,,visible,"พื้นถักที่นุ่มเป็นพิเศษเหล่านี้ให้ความสบายเหมือนกางเกงและกระโปรงสีน้ำเงินวินเทจ ไซส์ Size XS\nWaist 25CM Hips 35 1/4""CM",,,,taxable,,1,1,,,,0.7,,,,,,,100,สินค้าและอุปกรณ์สำหรับเด็ก,,,,,,,,,,,,,,,,สี,สีกรม,1,1,Size (กางเกง),2Y,1,1,อายุ,2ปี,1,1,เพศ,หญิง,1,1,Good
,simple,900088,,Vintage navy shirt เสื้อเชิ้ตนาวี,1,,visible,เสื้อเชิ้ตนาวี ผ้าCotton สีกรม ไซส์ 2ปี(2Y),,,,taxable,,1,1,,,,0.7,,,,,,,135,สินค้าและอุปกรณ์สำหรับเด็ก,,,,,,,,,,,,,,,,สี,สีกรม,1,1,Size (เสื้อ),2Y,1,1,อายุ,2ปี,1,1,เพศ,ชาย,1,1,Good
,simple,900059,,Bed Sheet ผ้าปูที่นอนลายจุด,1,,visible,ผ้าปูที่นอน ขนาดมาตรฐาน สีชมพู ลายจุด,,,,taxable,,1,1,,,,0.8,,,,,,,415,สินค้าและอุปกรณ์สำหรับเด็ก,,,,,,,,,,,,,,,,สี,สีชมพู,1,1,,,,,,,,,,,,,Good
,simple,900070,,Adidas Ultra กางเกงวิ่งขาสั้น,1,,visible,กางเกงวิ่งขาสั้นน้ำหนักเบา สีส้ม ไซส์ 5ปี(5Y) Waist 32-34CM,,,,taxable,,1,1,,,,0.5,,,,,,,280,สินค้าและอุปกรณ์สำหรับเด็ก,,,,,,,,,,,,,,,,สี,สีส้ม,1,1,Size (กางเกง),5Y,1,1,อายุ,5ปี,1,1,เพศ,หญิง,1,1,Fair
,simple,900089,,Elbow-patch Cotton Jacket เสื้อแจ็คเก็ต and roll-up trousers กางเกงขายาว แพคคู่,1,,visible,"เสื้อแจ็คเก็ตเนื้อผ้าทอ ไซส์ 8ปี(8Y) ความสูง 48 รอบอก 63\n\nกางเกงขายาว ไซส์ 8ปี(8Y) EUR 134 ความสูง 53 รอบเอว 60 CM รอบสะโพก 73,5 CM",,,,taxable,,1,1,,,,1,,,,,,,630,สินค้าและอุปกรณ์สำหรับเด็ก,,,,,,,,,,,,,,,,สี,"สีกรม, สีเทา",1,1,Size (กางเกง),8Y,1,1,อายุ,8ปี,1,1,เพศ,"ชาย, หญิง",1,1,Good
,simple,900019,,Blue Astronaut Flight Suit ชุดนักบินอวกาศ,1,,visible,ชุดนักบินอวกาศ แบรนด์ Aeromaxtoys ไซส์ 4-6 สีน้ำเงิน มีหมวก,,,,taxable,,1,1,,,,0.9,,,,,,,330,สินค้าและอุปกรณ์สำหรับเด็ก,,,,,,,,,,,,,,,,สี,สีน้ำเงิน,1,1,Size (เสื้อ),"4Y, 6Y",1,1,อายุ,"4ปี, 6ปี",1,1,เพศ,ชาย,1,1,Fair
,simple,900061,,Cotton Stretch เสื้อยืดแขนยาว,1,,visible,เสื้อยืดแขนยาว ลายขวาง สีฟ้า ไซส์ 3ปี(3Y) ความสูง 95-110 ซม. รอบอก 49-55 ซม.,,,,taxable,,1,1,,,,0.6,,,,,,,90,สินค้าและอุปกรณ์สำหรับเด็ก,,,,,,,,,,,,,,,,สี,สีฟ้า,1,1,Size (เสื้อ),3Y,1,1,อายุ,3ปี,1,1,เพศ,หญิง,1,1,Good
,simple,900078,,Otis Muscle Tank Wash เสื้อกล้าม,1,,visible,เสื้อกล้ามสำหรับเด็ก สีกรม ไซส์ 3ปี(3Y) ส่วนสูง 100ซม. รอบอก 58ซม.,,,,taxable,,1,1,,,,0.6,,,,,,,125,สินค้าและอุปกรณ์สำหรับเด็ก,,,,,,,,,,,,,,,,สี,สีกรม,1,1,Size (เสื้อ),3Y,1,1,อายุ,3ปี,1,1,เพศ,ชาย,1,1,Good
,simple,900011,,Black &amp; White &amp; Conetines Red หนังสือผ้า,1,,visible,หนังสือผ้าเวอร์ชั่นภาษาอังกฤษ! แนวทางภาษาอังกฤษทั้งหมดช่วยให้ทารกได้รับอิทธิพลจากภาษาอังกฤษตั้งแต่อายุยังน้อย,,,,taxable,,1,1,,,,0.5,,,,,,,90,หนังสือและดนตรี,,,,,,,,,,,,,,,,สี,"สีขาว, สีดำ, สีแดง",1,1,อายุ,0เดือน,1,1,,,,,,,,,Fair
,simple,900085,,Gingham Sleeveless Dress เดรสแขนกุดลายตาราง,1,,visible,"เดรสแขนกุดลายตาราง สี ชมพู,เขียว,ดำ,ฟ้า ไซส์ US 5 AU 10,11 EU 34,36",,,,taxable,,1,1,,,,0.6,,,,,,,620,สินค้าและอุปกรณ์สำหรับเด็ก,,,,,,,,,,,,,,,,สี,"สีชมพู, สีดำ, สีฟ้า, สีเขียว",1,1,เพศ,หญิง,1,1,,,,,,,,,Fair
,simple,900020,,Superman Costume ชุดซุปเปอร์แมน,1,,visible,ชุดซุปเปอร์แมนชุดแฟชัั่นเด็ก มีเสื้อกับกางเกง ข้างหลังมีผ้าคลุม ไซส์ M,,,,taxable,,1,1,,,,0.7,,,,,,,285,สินค้าและอุปกรณ์สำหรับเด็ก,,,,,,,,,,,,,,,,สี,"สีน้ำเงิน, สีแดง",1,1,เพศ,ชาย,1,1,,,,,,,,,Good
,simple,900008,,Little Owl แว่นตากรองแสงสีฟ้าทรงเหลี่ยมสำหรับเด็ก,1,,visible,"แว่นตากรองแสงสีฟ้าสำหรับเด็ก แบรนด์ Little Owl ผลิตจากวัสดุคุณภาพดี TR90 มีความแข็งแรงและทนทาน ช่วยลดอาการปวดตา, แสบตา, ตาล้า และตาแห้งของเด็ก",,,,taxable,,1,1,,,,0.4,,,,,,,720,สินค้าและอุปกรณ์สำหรับเด็ก,,,,,,,,,,,,,,,,สี,สีชมพู,1,1,อายุ,1ปี,1,1,,,,,,,,,Good
,simple,900041,,Baby Girl กางเกงยีนส์ขาสั้น,1,,visible,กางเกงขาสั้น สียีนส์  รอบด้านในลายดอกไม้สดใส ไซต์ 24-36M,,,,taxable,,1,1,,,,0.8,,,,,,,210,สินค้าและอุปกรณ์สำหรับเด็ก,,,,,,,,,,,,,,,,เพศ,หญิง,1,1,,,,,,,,,,,,,Good
,simple,900010,,Mini Roller รถบดถนนเล็ก,1,,visible,รถบดถนนเล็ก แบรนด์ Plan Toys มีกลไกการทำงานที่ออกแบบมาโดยเฉพาะสำหรับเด็กวัยหัดเดิน ใช้งานง่าย ลูกกลิ้งด้านหน้าช่วยให้ควบคุมทิศทางได้ง่าย,,,,taxable,,1,1,,,,0.6,,,,,,,295,สินค้าและอุปกรณ์สำหรับเด็ก,,,,,,,,,,,,,,,,สี,สีเหลือง,1,1,อายุ,12เดือน,1,1,,,,,,,,,Good
,simple,900009,,Clatter Orchard ของเล่นไม้กรับสายรุ้ง,1,,visible,ของเล่นไม้กรับสายรุ้ง แบรนด์ Plantoys ของเล่นเครื่องดนตรี ใช้มือทั้งสองข้างสลับกันขึ้นและลง ส่วนที่มีสีสันของของเล่นจะสร้างเสียงคลิกและเสียงคลิกต่างๆ,,,,taxable,,1,1,,,,0.6,,,,,,,450,สินค้าและอุปกรณ์สำหรับเด็ก,,,,,,,,,,,,,,,,สี,"สีน้ำเงิน, สีฟ้า, สีส้ม, สีเขียว, สีเหลือง, สีแดง",1,1,อายุ,18เดือน,1,1,,,,,,,,,Good
,simple,900006,,Get Ready for School Connecting Cards: Letters การ์ดเตรียมความพร้อมสำหรับโรงเรียน,1,,visible,การ์ดเตรียมความพร้อมสำหรับโรงเรียน ภาษาอังฤษ การ์ดสี 36 ใบ เชื่อมต่อการ์ดเพื่อสร้างคำ,,,,taxable,,1,1,,,,0.7,,,,,,,245,สินค้าและอุปกรณ์สำหรับเด็ก,,,,,,,,,,,,,,,,สี,สีม่วง,1,1,อายุ,3ปี,1,1,,,,,,,,,Good
,simple,900063,,Kids Tank Top เสื้อกล้ามเด็ก,1,,visible,เสื้อกล้ามเด็ก ลายแตงโม ใส่สบาย สีกรม ไซส์ 4ปี(4Y) HEIGHT 39-45CM HEIGHT 39-45CM CHEST 23-24CM,,,,taxable,,1,1,,,,0.5,,,,,,,470,สินค้าและอุปกรณ์สำหรับเด็ก,,,,,,,,,,,,,,,,สี,สีกรม,1,1,Size (เสื้อ),4Y,1,1,อายุ,4ปี,1,1,เพศ,ชาย,1,1,Fair
,simple,900005,,Dr. Seuss Beginner Counting Cards การ์ดนับตัวเลข,1,,visible,การ์ดนับตัวเลข แบรนด์ SCHOLASTIC แฟลชการ์ดขนาดใหญ่ 12 ใบเป็นแบบสองด้านด้วยข้อความ,,,,taxable,,1,1,,,,0.7,,,,,,,210,สินค้าและอุปกรณ์สำหรับเด็ก,,,,,,,,,,,,,,,,สี,สีเหลือง,1,1,อายุ,3ปี,1,1,,,,,,,,,Good
,simple,900090,,Le'marine Shirt เสื้อแขนยาว,1,,visible,เสื้อแขนยาว สำหรับเด็ก สีขาว ดำ  ไซส์ 120 รุ่น BB LXLM  มีลูกเล่น,,,,taxable,,1,1,,,,0.5,,,,,,,210,สินค้าและอุปกรณ์สำหรับเด็ก,,,,,,,,,,,,,,,,สี,สีขาว,1,1,เพศ,หญิง,1,1,,,,,,,,,Fair
,simple,900102,,Camera T-Shirt เสื้อแขนสั้นลายกล้อง,1,,visible,เสื้อแขนสั้น ลายกล้อง สีขาว,,,,taxable,,1,1,,,,0.5,,,,,,,145,สินค้าและอุปกรณ์สำหรับเด็ก,,,,,,,,,,,,,,,,สี,สีขาว,1,1,เพศ,หญิง,1,1,,,,,,,,,Good
,simple,900077,,Crewneck T-Shirt เสื้อยืดคอกลม,1,,visible,เสื้อยืดคอกลม แขนสั้น สีดำ ไซส์ 2ปี(2Y) Weight 31-34 Height 32-36CM Chest 21CM,,,,taxable,,1,1,,,,0.5,,,,,,,150,สินค้าและอุปกรณ์สำหรับเด็ก,,,,,,,,,,,,,,,,สี,สีดำ,1,1,Size (เสื้อ),2Y,1,1,อายุ,2ปี,1,1,เพศ,"ชาย, หญิง",1,1,Good
,simple,900037,,Vest Tops เสื้อกล้าามเด็ก,1,,visible,เสื้อกล้าามเด็ก ลายจุด สีแดง ไซส์ 4ปี(4Y) Bust 22CM Waist 22CM,,,,taxable,,1,1,,,,0.6,,,,,,,60,สินค้าและอุปกรณ์สำหรับเด็ก,,,,,,,,,,,,,,,,สี,สีแดง,1,1,Size (เสื้อ),4Y,1,1,อายุ,4ปี,1,1,เพศ,หญิง,1,1,Fair
,simple,900062,,Vest Tops เสื้อกล้ามเด็ก,1,,visible,เสื้อกล้ามเด็ก ลายขวาง สีฟ้า ไซส์ 4ปี(4Y) Height 108CM Chest 60CM,,,,taxable,,1,1,,,,0.6,,,,,,,80,สินค้าและอุปกรณ์สำหรับเด็ก,,,,,,,,,,,,,,,,สี,สีฟ้า,1,1,Size (เสื้อ),4Y,1,1,อายุ,4ปี,1,1,เพศ,ชาย,1,1,Good
,simple,900065,,Kids T-Shirt เสื้อยืดแขนสั้น,1,,visible,เสื้อยืดแขนสั้น ลายนก สีขาว ไซส์ 1ปี(1Y) Height 84CM Chest 53CM,,,,taxable,,1,1,,,,0.6,,,,,,,100,สินค้าและอุปกรณ์สำหรับเด็ก,,,,,,,,,,,,,,,,สี,สีขาว,1,1,อายุ,1ปี,1,1,เพศ,หญิง,1,1,Size (เสื้อ),1Y,1,1,Good
,simple,900076,,Kids T-Shirt เสื้อยืดแขนสั้น,1,,visible,เสื้อยืดแขนสั้น รูปนกฟลามิงโก สีฟ้า ไซส์ 3ปี(3Y) Width 13CM Length 15CM,,,,taxable,,1,1,,,,0.7,,,,,,,60,สินค้าและอุปกรณ์สำหรับเด็ก,,,,,,,,,,,,,,,,สี,สีฟ้า,1,1,Size (เสื้อ),3Y,1,1,อายุ,3ปี,1,1,เพศ,หญิง,1,1,Fair
,simple,900032,,Legging Set ชุดเลกกิ้ง,1,,visible,ชุดเลคกิ้งกระต่าย สุดน่ารัก สีฟ้า,,,,taxable,,1,1,,,,0.6,,,,,,,265,สินค้าและอุปกรณ์สำหรับเด็ก,,,,,,,,,,,,,,,,สี,สีฟ้า,1,1,เพศ,หญิง,1,1,,,,,,,,,Good
,simple,900084,,Blue Shirt เสื้อแขนสั้น,1,,visible,เสื้อแขนสั้น สีน้ำเงิน,,,,taxable,,1,1,,,,0.6,,,,,,,75,สินค้าและอุปกรณ์สำหรับเด็ก,,,,,,,,,,,,,,,,สี,สีน้ำเงิน,1,1,เพศ,"ชาย, หญิง",1,1,,,,,,,,,Good
,simple,900101,,Kids T-Shirt เสื้อยืดแขนสั้น,1,,visible,เสื้อยืดแขนสั้น ลายนก สีขาว ไซส์ 1ปี(1Y) Height 84CM Chest 53CM,,,,taxable,,1,1,,,,0.5,,,,,,,160,สินค้าและอุปกรณ์สำหรับเด็ก,,,,,,,,,,,,,,,,สี,สีขาว,1,1,Size (เสื้อ),1Y,1,1,อายุ,1ปี,1,1,เพศ,หญิง,1,1,Good
,simple,900097,,T-shirt Shorts เสื้อแขนสั้นกับกางเกง,1,,visible,เสื้อแขนสั้นกับกางเกง ผ้ายืดเนื้อนิ่ม สีฟ้า,,,,taxable,,1,1,,,,0.6,,,,,,,290,สินค้าและอุปกรณ์สำหรับเด็ก,,,,,,,,,,,,,,,,สี,สีฟ้า,1,1,เพศ,"ชาย, หญิง",1,1,,,,,,,,,Good
,simple,900043,,Point Shorts กางเกงขาสั้น,1,,visible,"กางเกงขาสั้น ลายดอกไม้ สีชมพู,ฟ้า ไซส์ 4ปี(4Y) Bust 22CM Hips 23CM",,,,taxable,,1,1,,,,0.5,,,,,,,300,สินค้าและอุปกรณ์สำหรับเด็ก,,,,,,,,,,,,,,,,สี,"สีชมพู, สีฟ้า",1,1,Size (กางเกง),4Y,1,1,อายุ,4ปี,1,1,เพศ,หญิง,1,1,Good
,simple,900042,,Jumping Fences กางเกงขายาว,1,,visible,กางเกงขายาวขาม้า ลายจุด สีเทา,,,,taxable,,1,1,,,,0.5,,,,,,,100,สินค้าและอุปกรณ์สำหรับเด็ก,,,,,,,,,,,,,,,,สี,สีเทา,1,1,เพศ,หญิง,1,1,,,,,,,,,Good
,simple,900030,,Dress ชุดเดรสลวดลายสวยงาม,1,,visible,"ชุดเดรส ลวดลายสวยงาม สีน้ำเงิน,เขียว",,,,taxable,,1,1,,,,0.7,,,,,,,205,สินค้าและอุปกรณ์สำหรับเด็ก,,,,,,,,,,,,,,,,สี,"สีน้ำเงิน, สีเขียว",1,1,เพศ,หญิง,1,1,,,,,,,,,Good
,simple,900039,,Dress ชุดเดรสลูกไม้,1,,visible,ชุดเดรส ลายลูกไม้ สีสันสดใส โบสีชมพู ไซส์ XS 4ปี(4Y),,,,taxable,,1,1,,,,0.7,,,,,,,660,สินค้าและอุปกรณ์สำหรับเด็ก,,,,,,,,,,,,,,,,Size (เสื้อ),4Y,1,1,อายุ,4ปี,1,1,เพศ,หญิง,1,1,,,,,Good
,simple,900100,,Dress ชุดเดรสพื้นบ้าน,1,,visible,ชุดเดรส ลวดลายพื้นบ้านสวยงาม สีม่วง ไซส์ 2ปี(2Y),,,,taxable,,1,1,,,,0.7,,,,,,,205,สินค้าและอุปกรณ์สำหรับเด็ก,,,,,,,,,,,,,,,,สี,สีม่วง,1,1,Size (เสื้อ),2Y,1,1,อายุ,2ปี,1,1,เพศ,หญิง,1,1,Good
,simple,900068,,Dress ชุดเดรสลูกไม้,1,,visible,ชุดเดรส ลายดอกไม้ สีม่วง ไซส์ 3ปี(3T),,,,taxable,,1,1,,,,0.6,,,,,,,115,สินค้าและอุปกรณ์สำหรับเด็ก,,,,,,,,,,,,,,,,สี,สีม่วง,1,1,Size (เสื้อ),3Y,1,1,อายุ,3ปี,1,1,เพศ,หญิง,1,1,Good
,simple,900091,,Dress Florals ชุดเดรสลายดอกไม้,1,,visible,ชุดเดรสลายดอกไม้ สีเหลือง ไซส์ 4ปี(4Y) Bust 22 Waist 22 Hips 23,,,,taxable,,1,1,,,,0.6,,,,,,,395,สินค้าและอุปกรณ์สำหรับเด็ก,,,,,,,,,,,,,,,,สี,สีเหลือง,1,1,Size (เสื้อ),4Y,1,1,อายุ,4ปี,1,1,เพศ,หญิง,1,1,Good
,simple,900028,,Baby Swimsuit Two Piece ชุดว่ายน้ำเด็กทูพีช,1,,visible,ชุดว่ายน้ำเด็กทูพีช สีดำ ไซส์ 2ปี(2Y),,,,taxable,,1,1,,,,0.6,,,,,,,100,สินค้าและอุปกรณ์สำหรับเด็ก,,,,,,,,,,,,,,,,สี,สีดำ,1,1,Size (เสื้อ),2Y,1,1,อายุ,2ปี,1,1,,,,,Good
,simple,900095,,Sweater เสื้อกันหนาว,1,,visible,เสื้อกันหนาว ลายขวาง สีกรม ไซส์ 3ปี(3T) HEIGHT 93-98CM,,,,taxable,,1,1,,,,0.7,,,,,,,395,สินค้าและอุปกรณ์สำหรับเด็ก,,,,,,,,,,,,,,,,สี,สีกรม,1,1,Size (เสื้อ),3Y,1,1,อายุ,3ปี,1,1,เพศ,หญิง,1,1,Good
,simple,900036,,Ruffle Neck Dress ชุดเดรสคอระบาย,1,,visible,ชุดเดรสคอระบาย ลายจุด สีกรม ไซส์ 2ปี(2Y),,,,taxable,,1,1,,,,0.8,,,,,,,100,สินค้าและอุปกรณ์สำหรับเด็ก,,,,,,,,,,,,,,,,สี,สีกรม,1,1,Size (เสื้อ),2Y,1,1,อายุ,2ปี,1,1,เพศ,หญิง,1,1,Fair
,simple,900098,,Swimming Wetsuit Shorty ชุดดำน้ำชอร์ตี้,1,,visible,ชุดดำน้ำชอร์ตี้ สีดำ ไซส์ RU12 EU12 ความสูง 143-152ซม.,,,,taxable,,1,1,,,,0.5,,,,,,,120,สินค้าและอุปกรณ์สำหรับเด็ก,,,,,,,,,,,,,,,,สี,สีดำ,1,1,เพศ,ชาย,1,1,,,,,,,,,Good
,simple,900074,,SST TRACK SUIT ชุดวอร์ม,1,,visible,ชุดวอร์ม เสื้อแขนยาวและกางเกงขายาว สีชมพู ไซส์ 2ปี(2Y) ความสูง 93-98ซม. หน้าอก 54.5ซม. เอว 52.5ซม. สะโพก 56ซม.,,,,taxable,,1,1,,,,0.8,,,,,,,400,สินค้าและอุปกรณ์สำหรับเด็ก,,,,,,,,,,,,,,,,สี,สีชมพู,1,1,Size (เสื้อ),2Y,1,1,อายุ,2ปี,1,1,เพศ,หญิง,1,1,Good
,simple,900044,,Faux Fur Scarf ผ้าพันคอขนเทียม,1,,visible,ผ้าพันคอขนเทียม นุ่มสบาย สีขาว,,,,taxable,,1,1,,,,0.6,,,,,,,300,สินค้าและอุปกรณ์สำหรับเด็ก,,,,,,,,,,,,,,,,สี,สีขาว,1,1,เพศ,หญิง,1,1,,,,,,,,,Good
,simple,900046,,Faux fur bolero โบเลโรขนเทียม,1,,visible,โบเลโรขนเทียม นุ่มสบาย สีชมพู ไซส์ ERU86 US12-18M CA12-18M CN90/48 MX86 AUS1 1/2,,,,taxable,,1,1,,,,0.6,,,,,,,300,สินค้าและอุปกรณ์สำหรับเด็ก,,,,,,,,,,,,,,,,สี,สีชมพู,1,1,เพศ,หญิง,1,1,,,,,,,,,Good
,simple,900083,,Michael Jackson T-shirt Thriller Zombie เสื้อยืดไมเคิล แจ็คสัน,1,,visible,เสื้อยืดไมเคิล แจ็คสัน ซอมบี้ สีดำ ไซส์ 98CM,,,,taxable,,1,1,,,,0.5,,,,,,,100,สินค้าและอุปกรณ์สำหรับเด็ก,,,,,,,,,,,,,,,,สี,สีดำ,1,1,เพศ,"ชาย, หญิง",1,1,,,,,,,,,Fair
,simple,900035,,Sweater เสื้อกันหนาว,1,,visible,เสื้อกันหนาว แขนยาว สีเทา ไซส์ 4ปี(4Y)EUR110/116 US4-6Y MX110/116 AUS5-6,,,,taxable,,1,1,,,,0.8,,,,,,,150,สินค้าและอุปกรณ์สำหรับเด็ก,,,,,,,,,,,,,,,,สี,สีเทา,1,1,Size (เสื้อ),4Y,1,1,อายุ,4ปี,1,1,เพศ,ชาย,1,1,Good
,simple,900033,,Organic Shirt เสื้อเชิ้ต,1,,visible,เสื้อเชิ้ต สีส้ม แขนยาว ไซส์ US L CA G EU L 10-11 YEARS,,,,taxable,,1,1,,,,0.8,,,,,,,235,สินค้าและอุปกรณ์สำหรับเด็ก,,,,,,,,,,,,,,,,สี,สีส้ม,1,1,อายุ,10ปี,1,1,เพศ,ชาย,1,1,,,,,Good
,simple,900093,,Sea Shirt เสื้อยืดลายทะเล,1,,visible,เสื้อยืดคอกลม สีฟ้า ไซส์ ไซส์ 3T,,,,taxable,,1,1,,,,0.7,,,,,,,90,สินค้าและอุปกรณ์สำหรับเด็ก,,,,,,,,,,,,,,,,สี,สีฟ้า,1,1,Size (เสื้อ),3Y,1,1,อายุ,3ปี,1,1,เพศ,หญิง,1,1,Good
,simple,900087,,Shirt and Pants เซตเสื้อและกางเกง,1,,visible,เซตเสื้อและกางเกง สีฟ้า ลายทาง สุดน่ารัก,,,,taxable,,1,1,,,,0.7,,,,,,,270,สินค้าและอุปกรณ์สำหรับเด็ก,,,,,,,,,,,,,,,,สี,สีฟ้า,1,1,เพศ,หญิง,1,1,,,,,,,,,Good
,simple,900081,,Happy Shirt เสื้อยืด ลายHappy,1,,visible,เสื้อยืด ลายHappy สีเหลือง ไซส์ 24เดือน(24M),,,,taxable,,1,1,,,,0.7,,,,,,,100,สินค้าและอุปกรณ์สำหรับเด็ก,,,,,,,,,,,,,,,,สี,สีเหลือง,1,1,Size (เสื้อ),24M,1,1,อายุ,2ปี,1,1,เพศ,"ชาย, หญิง",1,1,Good
,simple,900038,,Ralph Lauren Shirt เสื้อเชิ้ตแขนยาว,1,,visible,เสื้อเชิ้ต Ralph Lauren แขนยาว สีน้ำเงิน ไซส์ 7ปี(7Y),,,,taxable,,1,1,,,,0.7,,,,,,,570,สินค้าและอุปกรณ์สำหรับเด็ก,,,,,,,,,,,,,,,,สี,"สีชมพู, สีน้ำเงิน, สีเขียว",1,1,อายุ,7ปี,1,1,,,,,,,,,Good
,simple,100079,,Rainbow Shirt เสื้อเชิ้ตลายทางขวางสายรุ้ง,1,,visible,เสื้อเชิ้ต แบรนด์ Crazy 8 แขนสั้น ลายขวางสายรุ้ง ไซส์ 3ปี(3Y),,,,taxable,,1,1,,,,0.76,,,,,,,195,สินค้าและอุปกรณ์สำหรับเด็ก,,,,,,,,,,,,,,,,Size (เสื้อ),3T,1,1,สี,"สีขาว, สีน้ำเงิน, สีฟ้า, สีเหลือง",1,1,เพศ,ชาย,1,1,อายุ,3ปี,1,1,Good
,simple,100078,,Striped Shirt เสื้อเชิ้ตลายขวาง,1,,visible,เสื้อเชิ้ต Crazy 8 แขนสั้น สีฟ้า ไซส์ 3ปี(3T),,,,taxable,,1,1,,,,0.45,,,,,,,195,สินค้าและอุปกรณ์สำหรับเด็ก,,,,,,,,,,,,,,,,Size (เสื้อ),3T,1,1,สี,สีฟ้า,1,1,อายุ,3ปี,1,1,,,,,Good
,simple,100080,,Ralph Lauren Polo Shirt เสื้อเชิ้ตคอปกโปโลสีน้ำเงิน,1,,visible,เสื้อโปโล แบรนด์ Ralph Lauren แขนสั้น สีน้ำเงิน ไซส์ 2ปี(2T),,,,taxable,,1,1,,,,0.66,,,,,,,360,สินค้าและอุปกรณ์สำหรับเด็ก,,,,,,,,,,,,,,,,Size (เสื้อ),"0M, 10Y, 12M, 12Y, 13Y, 14Y, 18M, 1M, 1Y, 24M, 2T, 2Y, 3M, 3T, 3Y, 4M, 4Y, 6M, 6Y, 9M",1,1,สี,สีน้ำเงิน,1,1,อายุ,2ปี,1,1,,,,,Good
,simple,100081,,Mike Sulley T-shirt เสื้อยืดสกรีนซัลลิแวน ไมค์,1,,visible,เสื้อกีฬาแขนสั้น แบรนด์ Uniqlo สีกรม ขนาด 100 ซม. 3ปี (3Y),,,,taxable,,1,1,,,,0.18,,,,,,,120,สินค้าและอุปกรณ์สำหรับเด็ก,,,,,,,,,,,,,,,,สี,สีกรม,1,1,อายุ,3ปี,1,1,เพศ,ชาย,1,1,,,,,Good
,simple,100085,,Ralph Lauren Shirt เสื้อเชิ้ตโปโล,1,,visible,เสื้อโปโล Ralph Lauren สีเทา ไซส์ 9เดือน(9M) 73/48,,,,taxable,,1,1,,,,0.1,,,,,,,300,สินค้าและอุปกรณ์สำหรับเด็ก,,,,,,,,,,,,,,,,Size (เสื้อ),9M,1,1,สี,สีเทา,1,1,อายุ,9เดือน,1,1,เพศ,ชาย,1,1,Good
,simple,100083,,Ralph Lauren Shirt เสื้อโปโล,1,,visible,"เสื้อโปโล แบรนด์ Ralph Lauren สีขาว ใส่สบาย ไซส์ 9เดือน(9M)\n\n&nbsp;",,,,taxable,,1,1,,,,0.82,,,,,,,190,สินค้าและอุปกรณ์สำหรับเด็ก,,,,,,,,,,,,,,,,Size (เสื้อ),9M,1,1,สี,สีขาว,1,1,อายุ,9เดือน,1,1,,,,,Fair
,simple,100084,,Ralph Lauren Polo Shirt เสื้อเชิ้ตคอปกโปโลสีน้ำเงิน,1,,visible,เสื้อโปโล แบรนด์ Ralph Lauren แขนสั้น สีน้ำเงิน ไซส์ 9เดือน(9M),,,,taxable,,1,1,,,,0.2,,,,,,,300,สินค้าและอุปกรณ์สำหรับเด็ก,,,,,,,,,,,,,,,,Size (เสื้อ),9M,1,1,สี,สีน้ำเงิน,1,1,อายุ,9เดือน,1,1,,,,,Good
,simple,100082,,Yellow T-shirt เสื้อยืดสีเหลืองลายการ์ตูน,1,,visible,เสื้อยืด Uniqlo แขนสั้น สีเหลือง ไซส์ 80 ส่วนสูง 80 น้ำหนัก 11,,,,taxable,,1,1,,,,0.1,,,,,,,60,สินค้าและอุปกรณ์สำหรับเด็ก,,,,,,,,,,,,,,,,สี,สีเหลือง,1,1,อายุ,18เดือน,1,1,,,,,,,,,Good
,simple,100077,,Construction Pajamas ชุดนอนคอกลมขายาวลายรถเครน,1,,visible,ชุดนอน แบรนด์ Carter’s สีน้ำเงิน นุ่ม ใส่สบาย ลายรถเครน สุดเทห์ ไซส์ เบบี้ 12เดือน(12M),,,,taxable,,1,1,,,,0.2,,,,,,,210,สินค้าและอุปกรณ์สำหรับเด็ก,,,,,,,,,,,,,,,,Size (เสื้อ),12M,1,1,สี,"สีกรม, สีเทา, สีเหลือง",1,1,อายุ,12เดือน,1,1,,,,,Good
,simple,100103,,Mickey Shoes รองเท้าผ้าใบลายมิกกี้,1,,visible,รองเท้ากีฬาพิมพ์ลายรูปทรง MICKEY MOUSE เปิดปิดด้วยเชือกปรับได้ ไซส์ 1 ปี CM12.3,,,,taxable,,1,1,,,,0.3,,,,,,,845,สินค้าและอุปกรณ์สำหรับเด็ก,,,,,,,,,,,,,,,,สี,"สีกรม, สีขาว, สีดำ, สีเขียว, สีเหลือง",1,1,อายุ,1ปี,1,1,,,,,,,,,Good
,simple,100102,,Body Glove Shark Shoes รองเท้าผ้าใบบอดี้โกบลายฉลาม,1,,visible,รองเท้าผ้าใบบอดี้โกบ Body Glove ลายฉลาม สีดำ ไซส์ US6 UK5 EUR22 CM13,,,,taxable,,1,1,,,,0.2,,,,,,,900,สินค้าและอุปกรณ์สำหรับเด็ก,,,,,,,,,,,,,,,,สี,"สีขาว, สีดำ, สีฟ้า",1,1,,,,,,,,,,,,,Good
,simple,100099,,Scott's body suit เสื้อบอดี้สูทลายสก๊อต,1,,visible,"ชุดบอดี้สูท แบรนด์ Baby GAP สีขาว เขียว เหลือง ลายสก๊อตสุดน่ารัก มีกระดุมบริเวณด้านล่าง สวมใส่ง่าย ไซส์ 12-18 เดือน (12-18 M)\n\n&nbsp;",,,,taxable,,1,1,,,,0.2,,,,,,,120,สินค้าและอุปกรณ์สำหรับเด็ก,,,,,,,,,,,,,,,,Size (เสื้อ),"12M, 18M",1,1,สี,"สีขาว, สีเขียว, สีเหลือง",1,1,อายุ,12เดือน,1,1,เพศ,ชาย,1,1,Good
,simple,100118,,Adidas Trousers กางเกงขายาว,1,,visible,กางเกงขายาว Adidas สีน้ำเงิน ไซส์ 6เดือน(6M),,,,taxable,,1,1,,,,0.1,,,,,,,390,สินค้าและอุปกรณ์สำหรับเด็ก,,,,,,,,,,,,,,,,Size (กางเกง),9M,1,1,สี,สีน้ำเงิน,1,1,อายุ,9เดือน,1,1,,,,,Good
,simple,100117,,Disney Mickey Mouse Baby Boys’ Awesome 2-Piece Sweatsuit Outfit ชุดสเวตสูท 2 ชิ้น สำหรับเด็ก,1,,visible,ชุดสเวตสูท 2 ชิ้น สำหรับเด็ก แบรนด์ Disney สีเทา ลายมิกกี้เม้าส์ ไซส์12 M สีดำ ใส่สบายผ้านุ่ม,,,,taxable,,1,1,,,,0.3,,,,,,,120,สินค้าและอุปกรณ์สำหรับเด็ก,,,,,,,,,,,,,,,,Size (กางเกง),12M,1,1,สี,สีกรม,1,1,เพศ,"ชาย, หญิง",1,1,,,,,Good
,simple,100120,,Green Shirt long เสื้อแขนยาวสีเขียว,1,,visible,เสื้อยืดแขนยาว แบรนด์ Carter's ลายสุดเท่ห์ สีเขียว,,,,taxable,,1,1,,,,0.20,,,,,,,150,สินค้าและอุปกรณ์สำหรับเด็ก,,,,,,,,,,,,,,,,Size (เสื้อ),3T,1,1,สี,สีเขียว,1,1,เพศ,ชาย,1,1,,,,,Good
,simple,100121,,Body suit long sleeve shirt เสื้อบอดี้สูทยาวลายขวาง,1,,visible,ชุดบอดี้สูทแขนยาว แบรนด์ Baby GAP สีเทา ขาว แดง น้ำเงิน ดำ ลายขวาง มีกระดุมบริเวณด้านล่าง สวมใส่ง่าย ไซส์ 12-18 เดือน (12-18 M),,,,taxable,,1,1,,,,0.1,,,,,,,120,สินค้าและอุปกรณ์สำหรับเด็ก,,,,,,,,,,,,,,,,Size (เสื้อ),12-18M,1,1,สี,"สีขาว, สีดำ, สีน้ำเงิน, สีเทา, สีแดง",1,1,อายุ,12เดือน,1,1,เพศ,ชาย,1,1,Good
,simple,100122,,Flynn Long Sleeve Raglan Rash Vest เสื้อว่ายน้ำ,1,,visible,เสื้อว่ายน้ำแขนยาว แบรนด์ Cotton on ลายขวาง ไซส์ 2 ปี (2Y),,,,taxable,,1,1,,,,0.1,,,,,,,170,สินค้าและอุปกรณ์สำหรับเด็ก,,,,,,,,,,,,,,,,Size (เสื้อ),2T,1,1,สี,"สีกรม, สีขาว, สีฟ้า, สีเขียว",1,1,อายุ,2ปี,1,1,เพศ,ชาย,1,1,Good
,simple,100088,,Body suit Green Navy blue เสื้อบอดี้สูทแขนยาว2สี,1,,visible,บอดี้สูทขาสั้นแขนยาวสีกรม ตรงกลางลำตัวสีเขียว จากแบรนด์ Baby Gap ไซส์ 12-18 M,,,,taxable,,1,1,,,,0.12,,,,,,,120,สินค้าและอุปกรณ์สำหรับเด็ก,,,,,,,,,,,,,,,,Size (เสื้อ),"12-18M, 12M, 18M",1,1,สี,"สีกรม, สีเขียว, สีเทา",1,1,เพศ,ชาย,1,1,,,,,Good
,simple,100087,,Long sleeve t-shirt with car print เสื้อยืดแขนยาวลายรถ,1,,visible,เสื้อยืดลายรถ แบรนด์ Baby Gap ไซส์ 2 Y สีเทา,,,,taxable,,1,1,,,,0.80,,,,,,,100,สินค้าและอุปกรณ์สำหรับเด็ก,,,,,,,,,,,,,,,,Size (เสื้อ),2Y,1,1,สี,สีเทา,1,1,,,,,,,,,Good
,simple,100101,,Body suit long sleeve shirt เสื้อบอดี้สูทยาวลายสีน้ำเงินสีเทา,1,,visible,บอดี้สูทลายขว้าสีน้ำเงิน รูปหมีแสนคิ้วส์ ไซส์12-18M สีเทาและลายสีน้ำเงิน จากแบรนด์ Baby Gap,,,,taxable,,1,1,,,,0.90,,,,,,,120,สินค้าและอุปกรณ์สำหรับเด็ก,,,,,,,,,,,,,,,,Size (เสื้อ),12-18M,1,1,สี,"สีน้ำเงิน, สีเทา",1,1,เพศ,"ชาย, หญิง",1,1,,,,,Good
,simple,100086,,Yellow Shirt เสื้อเชิ้ตแขนสั้นคอปก,1,,visible,เสื้อเชิ้ตโปโลแขนสั้น แบรนด์Polo สีเหลือง ไซส์9 M,,,,taxable,,1,1,,,,0.1,,,,,,,210,สินค้าและอุปกรณ์สำหรับเด็ก,,,,,,,,,,,,,,,,Size (เสื้อ),9M,1,1,สี,สีเหลือง,1,1,เพศ,ชาย,1,1,,,,,Good
,simple,100098,,Green T-shirt เสื้อยืดสีเขียว,1,,visible,เสื้อยืดโปโล แบรนด์ Polo สีเขียว ไซส์ 2T,,,,taxable,,1,1,,,,0.1,,,,,,,100,สินค้าและอุปกรณ์สำหรับเด็ก,,,,,,,,,,,,,,,,Size (เสื้อ),2T,1,1,สี,สีเขียว,1,1,อายุ,2ปี,1,1,,,,,Good
,simple,100116,,Short pants กางเกงขาสั้นลายขวาง,1,,visible,"<p style=""padding: 0px;margin: 0px 0px 1.43rem;color: #555555;font-family: Prompt-Regular"">กางเกงขาสั้น แบรนด์ Carter’s สีเหลือง น้ำเงิน ขาว สุดเทห์ ไซส์ เบบี้ 18เดือน(18M)</p>",,,,taxable,,1,1,,,,0.1,,,,,,,100,สินค้าและอุปกรณ์สำหรับเด็ก,,,,,,,,,,,,,,,,สี,"สีขาว, สีชมพู, สีน้ำเงิน, สีฟ้า, สีเขียว",1,1,Size (กางเกง),18M,1,1,อายุ,18เดือน,1,1,,,,,Good
,simple,100195,,Inside Scoop Suction ถ้วยจานเด็กเล็ก,1,,visible,แผ่นดูดแบบแยกส่วน 2 ชิ้น แผ่นแบ่งมี 3 ส่วนสำหรับอาหารทารกพร้อมฐานดูด ขอบโค้งมนเฉพาะตัวเพื่อช่วยในการนำอาหารใส่ส้อมและช้อนได้มากขึ้น,,,,taxable,,1,1,,,,0.171,,,,,,,980,สินค้าและอุปกรณ์สำหรับเด็ก,,,,,,,,,,,,,,,,สี,"สีน้ำเงิน, สีเขียว",1,1,อายุ,12เดือน,1,1,,,,,,,,,Mint
,simple,100203,,Nuby 360 Max Cup แก้วน้ำ,1,,visible,ช่วยให้ลูกน้อยของคุณฝึกฝนและเตรียมพร้อมสำหรับการดื่มแบบเปิดถ้วย ขอบถ้วย 360 ช่วยให้เด็กจิบจากที่ใดก็ได้บนขอบถ้วย ขอบซิลิโคน touch-flo ช่วยป้องกันการรั่วไหลและการรั่วซึม ขอบซิลิโคน touch-flo ไวต่อแรงกด และออกแบบมาเพื่อให้เปิดได้เมื่อเด็กจิบจากขอบ เมื่อการดูดหยุดลง ขอบล้อจะปิด ให้การเลี้ยงลูกและการหกรั่วไหล,,,,taxable,,1,1,,,,0.119,,,,,,,320,สินค้าและอุปกรณ์สำหรับเด็ก,,,,,,,,,,,,,,,,สี,สีฟ้า,1,1,,,,,,,,,,,,,New
,simple,100190,,Miracle 360° Trainer Cup แก้วน้ำพลาสติก2ชั้น,1,,visible,แก้วน้ำพลาสติก 2 ชั้น สีฟ้า,,,,taxable,,1,1,,,,0.087,,,,,,,220,สินค้าและอุปกรณ์สำหรับเด็ก,,,,,,,,,,,,,,,,สี,สีฟ้า,1,1,,,,,,,,,,,,,Good
,simple,100204,,Spill Proof 2 Handle cup แก้วน้ำสำหรับเด็กมีหูจับ,1,,visible,แก้วน้ำสำหรับเด็กมีหูจับ ลายสิงโต,,,,taxable,,1,1,,,,0.063,,,,,,,360,สินค้าและอุปกรณ์สำหรับเด็ก,,,,,,,,,,,,,,,,สี,"สีฟ้า, สีเขียว",1,1,อายุ,6เดือน,1,1,,,,,,,,,Good
,simple,100199,,Miracle 360 Trainer Cup ถ้วยหัดดื่ม,1,,visible,สามารถดื่มได้ 360 องศา และมีขอบกันน้ำหก ถ้วยจะปิดเองอัตโนมัติ เมื่อหยุดดื่ม ดีสำหรับเด็กโต ทำความสะอาดง่าย ปลอดสาร BPA ใช้กับเครื่องล้างจานได้ เหมาะสำหรับเด็กอายุ 12 เดือนขึ้นไป,,,,taxable,,1,1,,,,0.64,,,,,,,405,สินค้าและอุปกรณ์สำหรับเด็ก,,,,,,,,,,,,,,,,สี,สีเขียว,1,1,อายุ,12เดือน,1,1,เพศ,ชาย,1,1,,,,,New
,simple,100196,,Evenflo Balance ขวดนมเด็กทารก,1,,visible,จุกนมลาดเอียงตามธรรมชาติอันเป็นเอกลักษณ์ช่วยให้มีสลักกว้างแข็งแรง ช่องระบายอากาศในตัว 1 ชิ้นช่วยป้องกันอาการโคลิค ก๊าซ และความยุ่งยาก,,,,taxable,,1,1,,,,0.064,,,,,,,290,สินค้าและอุปกรณ์สำหรับเด็ก,,,,,,,,,,,,,,,,สี,สีขาว,1,1,อายุ,1เดือน,1,1,,,,,,,,,New
,simple,100197,,Nuby no-spill and Nuby anti-finger ขวดน้ำเด็ก,1,,visible,จุกหัดดื่มซิลิโคน Soft Flex™ Easy-Latch เทคโนโลยีจุกหัดดื่มซิลิโคน TOUCH-FLO™ No-Spill™ ที่ไวต่อแรงกด หลอดดูดน้ำหนัก 360° ที่ไล่ตามของเหลว ทำให้ลูกน้อยของคุณดื่มได้ทุกตำแหน่ง รวมถึงตั้งตรง Easy Grip™ ออกแบบมาเฉพาะและมีขนาดสำหรับมือเล็กๆ ชิ้นส่วนถ้วยไม่กี่ชิ้นเพื่อให้ประกอบและทำความสะอาดได้ง่ายและสะดวกที่สุด,,,,taxable,,1,1,,,,0.216,,,,,,,795,สินค้าและอุปกรณ์สำหรับเด็ก,,,,,,,,,,,,,,,,สี,สีฟ้า,1,1,อายุ,3เดือน,1,1,เพศ,ชาย,1,1,,,,,New
,simple,100198,,Any Angle Click Lock Weighted Straw Trainer Cup แก้วน้ำหัดดื่มแบบมีหลอด,1,,visible,"แก้วน้ำหัดดื่มแบบมีหลอดปลายถ่วง ขนาด 7ออนซ์ แพคคู่ สำหรับใส่น้ำผลไม้ นม และน้ำเปล่า มีความยืดหยุ่น สามารถดูดน้ำได้ทุกองศา, ปลายหลอดสำหรับดูดอ่อนโยนต่อเหงือกของเด็ก มีหูจับ ถือง่าย เหมาะสำหรับมือเล็ก ๆ ของเด็ก มีเทคโนโลยี click-lock รับประกันด้วยซีลไม่ทำให้น้ำไหลหกเลอะเทอะ รวมแปรงทำความสะอาดหลอดในแพค ปลอดสาร BPA ใช้กับเครื่องล้างจานได้ปลอดภัย เหมาะสำหรับเด็กวัย 6 เดือน ขึ้นไป",,,,taxable,,1,1,,,,0.113,,,,,,,270,เครื่องมือการเลี้ยงดูเด็ก,,,,,,,,,,,,,,,,สี,สีส้ม,1,1,อายุ,6เดือน,1,1,เพศ,"ชาย, หญิง",1,1,,,,,Mint
,simple,100202,,Asobu juicy drink box กล่องใส่น้ำ/แก้วน้ำ,1,,visible,ขวดน้ำ/น้ำผลไม้แบบใช้ซ้ำได้พร้อมหลอดซิลิโคนเกรดอาหารที่ใช้ซ้ำได้ 2 แบบ กล่องน้ำผลไม้มาในสีสันสดใสสวยงามหลากหลาย และต้องมีในกระเป๋าเอกสารหรือกล่องอาหารกลางวัน,,,,taxable,,1,1,,,,0.158,,,,,,,345,สินค้าและอุปกรณ์สำหรับเด็ก,,,,,,,,,,,,,,,,สี,"สีน้ำเงิน, สีเขียว",1,1,เพศ,ชาย,1,1,,,,,,,,,Good
,simple,100200,,Baby Sipsters Spill ขวดนมหัดดื่มป้องกันการหก,1,,visible,ขวดนมหัดดื่มป้องกันการหก  สำหรับอายุ 4 เดือนขึ้นไป เปลี่ยนจากขวดนมหรือการให้นมเป็นถ้วยจิบได้ง่ายขึ้น ด้ามจับแบบถอดได้เพื่อช่วยพัฒนาการเด็กขณะปลอดสาร BPA,,,,taxable,,1,1,,,,0.142,,,,,,,425,สินค้าและอุปกรณ์สำหรับเด็ก,,,,,,,,,,,,,,,,สี,"สีน้ำเงิน, สีเขียว",1,1,,,,,,,,,,,,,New
,simple,100186,,Teether Toddle ของเล่นเด็ก,1,,visible,ของเล่นเด็ก 2 ผืน,,,,taxable,,1,1,,,,0.081,,,,,,,360,สินค้าและอุปกรณ์สำหรับเด็ก,,,,,,,,,,,,,,,,สี,"สีน้ำเงิน, สีแดง",1,1,,,,,,,,,,,,,Good
,simple,100162,,Teether Toddle ของเล่นเด็กรูปเรือใบ,1,,visible,ของเล่นเด็ก,,,,taxable,,1,1,,,,0.059,,,,,,,360,สินค้าและอุปกรณ์สำหรับเด็ก,,,,,,,,,,,,,,,,สี,สีขาว,1,1,,,,,,,,,,,,,Good
,simple,100164,,Taglet Security Blanket ผ้าห่มรักษาความปลอดภัย,1,,visible,ผ้าห่มรักษาความปลอดภัย 2 ผืน,,,,taxable,,1,1,,,,0.092,,,,,,,420,สินค้าและอุปกรณ์สำหรับเด็ก,,,,,,,,,,,,,,,,สี,สีขาว,1,1,,,,,,,,,,,,,Good
,simple,100133,,Silky Soft Muslin Swaddle ผ้าห่อตัวมัสลินเนื้อนุ่ม,1,,visible,ผ้าห่อตัวมัสลินเนื้อนุ่ม แบรนด์ Aden + Anais เหมาะสำหรับเด็กแรกเกิดและเด็กเล็ก ผ้ามัสลินคอตตอน 100% ซักเครื่องได้ ผ่านการซักล่วงหน้า จึงนุ่มเป็นพิเศษตั้งแต่เริ่มแรก,,,,taxable,,1,1,,,,0.141,,,,,,,465,สินค้าและอุปกรณ์สำหรับเด็ก,,,,,,,,,,,,,,,,สี,สีเขียว,1,1,อายุ,0เดือน,1,1,เพศ,"ชาย, หญิง",1,1,,,,,Good
,simple,100106,,Jeans กางเกงยีนส์,1,,visible,กางเกงขายาว แบรนด์ Cotton on baby สียีนส์ สุดเทห์,,,,taxable,,1,1,,,,0.203,,,,,,,300,สินค้าและอุปกรณ์สำหรับเด็ก,,,,,,,,,,,,,,,,สี,สีน้ำเงิน,1,1,,,,,,,,,,,,,Good
,simple,200124,,Tommee Tippee-Closer to Nature Sooter Holder 2Pack จุกนมปลอมพร้อมสายห้อย,1,,visible,จุกนมปลอมพร้อมสายห้อย เหมาะสำหรับเด็ก0เดือน+ สีน้ำเงินและสีเขียว แบรนด์ Tommee Tippee,,,,taxable,,1,1,,,,0.042,,,,,,,210,สินค้าและอุปกรณ์สำหรับเด็ก,,,,,,,,,,,,,,,,สี,"สีน้ำเงิน, สีเขียว",1,1,เพศ,"ชาย, หญิง",1,1,อายุ,0เดือน,1,1,,,,,Good
,simple,200125,,Ange Monkey Banana and Fish ยางกัดแปรงรูปกล้วยและปลาแบบวงกลม,1,,visible,ของเล่นเสริมพัฒนาการเด็กสำหรับเด็ก3เดือน ยางกัดกล้วยและรูปปลา สีเเหลืองและสีเขียว เป็นยางกัดอังจูของแท้100% แบรนด์ ANGE,,,,taxable,,1,1,,,,0.019,,,,,,,660,สินค้าและอุปกรณ์สำหรับเด็ก,,,,,,,,,,,,,,,,สี,"สีเขียว, สีเหลือง",1,1,อายุ,3เดือน,1,1,เพศ,"ชาย, หญิง",1,1,,,,,Good
,simple,200130,,Similac Infant Nipple&Ring จุกขวดนมสำหรับเบบี้2ชิ้น,1,,visible,จุกขวดนมสำหรับเบบี้ จำนวน2ชิ้น แบรนด์ Somilac,,,,taxable,,1,1,,,,0.020,,,,,,,200,สินค้าและอุปกรณ์สำหรับเด็ก,,,,,,,,,,,,,,,,,,,,,,,,,,,,,,,,
,simple,200127,,Dr.Browns Options Narrow Feedind Set ขวดนมป้อนอาหารและขวดนมเบบี้,1,,visible,ขวดนมพร้อมขวดสำหรับให้อาหารสำหรับเบบี้ขนาด4Oz จำนวน4ขวด แบรนด์Dr.Browns,,,,taxable,,1,1,,,,0.233,,,,,,,825,สินค้าและอุปกรณ์สำหรับเด็ก,,,,,,,,,,,,,,,,,,,,,,,,,,,,,,,,Mint
,simple,200129,,Enfamil Standard Flow Soft Nipplesจุกขวดนม,1,,visible,จุกขวดนม แบรนด์Enfamil จำนวน7ชิ้น พร้อมขวดนม1ขวด สินค้าใหม่พร้อมใช้,,,,taxable,,1,1,,,,0.093,,,,,,,280,สินค้าและอุปกรณ์สำหรับเด็ก,,,,,,,,,,,,,,,,เพศ,"ชาย, หญิง",1,1,,,,,,,,,,,,,
,simple,100137,,Blue Pants กางเกงขายาว สีกรม,1,,visible,กางเกงขาจั้มพ์ แบรนด์ Carter’s สีกรม นุ่ม ใส่สบาย เนื้อผ้าดี ไซส์ 2ปี(2T),,,,taxable,,1,1,,,,0.125,,,,,,,120,สินค้าและอุปกรณ์สำหรับเด็ก,,,,,,,,,,,,,,,,สี,สีกรม,1,1,อายุ,2ปี,1,1,Size (กางเกง),2T,1,1,เพศ,ชาย,1,1,Good
,simple,100144,,Jum pair กางเกงขาจัมพ์สีดำ,1,,visible,กางเกงขาจัมพ์ แบรนด์ Carter’s สีดำ  ไซส์ เบบี้ 12เดือน(12M),,,,taxable,,1,1,,,,0.090,,,,,,,120,สินค้าและอุปกรณ์สำหรับเด็ก,,,,,,,,,,,,,,,,สี,สีดำ,1,1,Size (กางเกง),12M,1,1,อายุ,12เดือน,1,1,เพศ,ชาย,1,1,Good
,simple,100105,,Blue Pants กางเกงขาสั้น สีน้ำเงิน,1,,visible,กางเกงขาสั้น แบรนด์ Mango Jay สีกรม สุดเทห์ ไซส์ L,,,,taxable,,1,1,,,,0.049,,,,,,,150,สินค้าและอุปกรณ์สำหรับเด็ก,,,,,,,,,,,,,,,,สี,สีกรม,1,1,เพศ,ชาย,1,1,,,,,,,,,Good
,simple,100135,,Blue Pants กางเกงขายาว สีน้ำเงิน,1,,visible,"กางเกงขายาว แบรนด์ Carter’s สีน้ำเงิน ผ้านุ่ม ใส่สบาย สุดเทห์ ไซส์ เบบี้ 4 ปี(4T)\n\n&nbsp;",,,,taxable,,1,1,,,,1,,,,,,,90,สินค้าและอุปกรณ์สำหรับเด็ก,,,,,,,,,,,,,,,,สี,สีกรม,1,1,Size (กางเกง),4T,1,1,อายุ,4ปี,1,1,เพศ,ชาย,1,1,Good
,simple,100183,,Blue Pants กางเกงขายาว สีกรม,1,,visible,"กางเกงขายาว แบรนด์ Carter’s สีน้ำเงิน ผ้านุ่ม ใส่สบาย สุดเทห์ ไซส์ เบบี้ 12เดือน(12M)\n\n&nbsp;",,,,taxable,,1,1,,,,0.76,,,,,,,90,สินค้าและอุปกรณ์สำหรับเด็ก,,,,,,,,,,,,,,,,Size (กางเกง),12M,1,1,สี,สีน้ำเงิน,1,1,อายุ,12เดือน,1,1,เพศ,ชาย,1,1,Good
,simple,100154,,Green Leggings กางเกงเลกกิ้ง สีเขียว,1,,visible,เลคกิ้ง แบรนด์ H&amp;M สีเขียว เบบี้ ไซส์ EUR 74 US 6-9M CA 6-9M CN 73/47 MX 74 AUS 0,,,,taxable,,1,1,,,,0.057,,,,,,,90,สินค้าและอุปกรณ์สำหรับเด็ก,,,,,,,,,,,,,,,,สี,สีเขียว,1,1,Size (กางเกง),"6M, 9M",1,1,อายุ,6เดือน,1,1,เพศ,"ชาย, หญิง",1,1,Good
,simple,100176,,Golden zebra กางเกงลายพราง,1,,visible,กางเกงขายาว แบรนด์ Carter’s สีเขียว สุดเทห์ ไซส์ 3ปี(3T),,,,taxable,,1,1,,,,0.175,,,,,,,150,สินค้าและอุปกรณ์สำหรับเด็ก,,,,,,,,,,,,,,,,Size (กางเกง),3T,1,1,สี,สีเขียว,1,1,อายุ,3ปี,1,1,เพศ,ชาย,1,1,Good
,simple,100163,,Uniqlo Murakami เสื้อยืดมุราคามิ,1,,visible,เสื้อยืดมุราคามิ 3 ตัว แบรนด์ Uniqlo สีกรม ไซส์ 3-4 ปี XS และ L,,,,taxable,,1,1,,,,0.500,,,,,,,475,สินค้าและอุปกรณ์สำหรับเด็ก,,,,,,,,,,,,,,,,สี,"สีกรม, สีดำ",1,1,Size (เสื้อ),3T,1,1,อายุ,3ปี,1,1,เพศ,"ชาย, หญิง",1,1,Good
,simple,100140,,Infant Baby Halloween บอดี้สูทเฮโลวีน,1,,visible,บอดี้สูทเฮโลวีน แบรนด์ Carter’s สีดำ ลายเฮโลวีน นุ่ม ใส่สบาย ลายสัตว์ ไซส์ เบบี้ 6เดือน(6M),,,,taxable,,1,1,,,,0.123,,,,,,,180,สินค้าและอุปกรณ์สำหรับเด็ก,,,,,,,,,,,,,,,,สี,"สีขาว, สีดำ, สีส้ม",1,1,Size (เสื้อ),"6M, 9M",1,1,เพศ,ชาย,1,1,,,,,Good
,simple,100134,,Gymboree Pants กางเกงขายาว สีเทา,1,,visible,กางเกงขายาว Gymboree สีเทา ไซส์  2ปี(2T),,,,taxable,,1,1,,,,0.162,,,,,,,150,สินค้าและอุปกรณ์สำหรับเด็ก,,,,,,,,,,,,,,,,สี,สีเทา,1,1,Size (กางเกง),2T,1,1,เพศ,ชาย,1,1,,,,,Good
,simple,100146,,Baby Romper (Fish&amp;Shark) บอดี้สูทรูปปลาฉลามลายขวาง,1,,visible,บอดี้สูท แบรนด์ Carter’s ชุดบอดี้สูท สีแดง ลายขวาง รูปปลาฉลาม ผลิตจากผ้าฝ้าย นุ่ม ใส่สบาย ไซส์ เบบี้ 9เดือน (9M),,,,taxable,,1,1,,,,0.089,,,,,,,150,สินค้าและอุปกรณ์สำหรับเด็ก,,,,,,,,,,,,,,,,สี,"สีขาว, สีเทา, สีแดง",1,1,Size (เสื้อ),9M,1,1,เพศ,ชาย,1,1,อายุ,9เดือน,1,1,Good
,simple,100142,,Striped Pajamas ชุดนอนคอวีขายาว ลายขวาง,1,,visible,ชุดนอน แบรนด์ Baby Gap สีกรม นุ่ม ใส่สบาย ลายทางสุดน่ารักไซส์ เบบี้ 6เดือน(6M),,,,taxable,,1,1,,,,0.137,,,,,,,180,สินค้าและอุปกรณ์สำหรับเด็ก,,,,,,,,,,,,,,,,สี,สีกรม,1,1,Size (เสื้อ),"6M, 9M",1,1,เพศ,ชาย,1,1,อายุ,6เดือน,1,1,Good
,simple,100145,,Animais Pajamas ชุดนอนคอกลมขายาว ลายสัตว์,1,,visible,ชุดนอน แบรนด์ Carter’s สีฟ้า นุ่ม ใส่สบาย ลายสัตว์ ไซส์ เบบี้ 9เดือน(9M),,,,taxable,,1,1,,,,0.103,,,,,,,180,สินค้าและอุปกรณ์สำหรับเด็ก,,,,,,,,,,,,,,,,สี,"สีกรม, สีน้ำเงิน",1,1,Size (เสื้อ),9M,1,1,เพศ,ชาย,1,1,อายุ,9เดือน,1,1,Good
,simple,100147,,Whales Pajamas ชุดนอนคอวีขายาว ลายวาฬ,1,,visible,ชุดนอน แบรนด์ Baby Gap สีฟ้า นุ่ม ใส่สบาย ลายวาฬ สุดน่ารักไซส์ เบบี้ 6เดือน(6M),,,,taxable,,1,1,,,,0.137,,,,,,,180,สินค้าและอุปกรณ์สำหรับเด็ก,,,,,,,,,,,,,,,,สี,"สีน้ำเงิน, สีฟ้า, สีแดง",1,1,Size (เสื้อ),"6M, 9M",1,1,เพศ,ชาย,1,1,อายุ,6เดือน,1,1,Good
,simple,100139,,Fuzzy Plush Blanket ผ้าห่มหนานุ่ม,1,,visible,ผ้าห่มหนานุ่ม แบรนด์ Carter's สีขาว,,,,taxable,,1,1,,,,0.126,,,,,,,720,สินค้าและอุปกรณ์สำหรับเด็ก,,,,,,,,,,,,,,,,สี,สีขาว,1,1,,,,,,,,,,,,,Good
,simple,100109,,Mickey Romper ชุดหมีแขนยาว ลายมิกกี้เม้าส์,1,,visible,"ชุดหมีแขนยาว แบรนด์ Disney สีเทา ลายมิกกี้เม้าส์  ไซส์ เบบี้ 12เดือน (12M)\n\n&nbsp;",,,,taxable,,1,1,,,,0.149,,,,,,,405,สินค้าและอุปกรณ์สำหรับเด็ก,,,,,,,,,,,,,,,,สี,"สีขาว, สีดำ, สีน้ำเงิน, สีเทา, สีเหลือง",1,1,Size (เสื้อ),12M,1,1,อายุ,12เดือน,1,1,เพศ,ชาย,1,1,Good
,simple,100185,,Mommy's Wild One Body suit เสื้อบอดี้สูทสีกรม,1,,visible,บอดี้สูท แบรนด์ Carter’s ชุดบอดี้สูท สีกรม ผลิตจากผ้าฝ้าย นุ่ม ใส่สบาย ไซส์ เบบี้ 9เดือน (9M),,,,taxable,,1,1,,,,0.125,,,,,,,150,สินค้าและอุปกรณ์สำหรับเด็ก,,,,,,,,,,,,,,,,สี,สีกรม,1,1,Size (เสื้อ),9M,1,1,อายุ,1ปี,1,1,เพศ,ชาย,1,1,Good
,simple,300069,,Dinosaur Bodysuite บอดี้สูทผ้านิ่มลายไดโนเสาร์,1,,visible,บอดี้สูทผ้านิ่มลายไดโนเสาร์ สำหรับเบบี้  1-3 M แบรนด์ Mother Care สีน้ำเงิน,,,,taxable,,1,1,,,,0.057,,,,,,,120,สินค้าและอุปกรณ์สำหรับเด็ก,,,,,,,,,,,,,,,,Size (เสื้อ),1-3M,1,1,สี,สีน้ำเงิน,1,1,เพศ,ชาย,1,1,,,,,Good
,simple,300072,,All-in-one Pyjamas ชุดนอนลายไดโนเสาร์สีสันสดใส,1,,visible,"ชุดนอนลายไดโนเสาร์สีสันสดใส ไซส์2T จากแบรนด์ H&amp;M สีน้ำเงิน\n\n&nbsp;",,,,taxable,,1,1,,,,0.289,,,,,,,105,สินค้าและอุปกรณ์สำหรับเด็ก,,,,,,,,,,,,,,,,Size (เสื้อ),2T,1,1,สี,สีน้ำเงิน,1,1,เพศ,"ชาย, หญิง",1,1,,,,,Good
,simple,100151,,Baby Romper (Fish&amp;Shark) บอดี้สูทรูปปลาฉลามลายขวาง,1,,visible,บอดี้สูท แบรนด์ Carter’s ชุดบอดี้สูท สีแดง ลายขวาง รูปปลาฉลาม ผลิตจากผ้าฝ้าย นุ่ม ใส่สบาย ไซส์ เบบี้ 9เดือน (9M),,,,taxable,,1,1,,,,0.089,,,,,,,150,สินค้าและอุปกรณ์สำหรับเด็ก,,,,,,,,,,,,,,,,สี,"สีขาว, สีเทา, สีแดง",1,1,Size (เสื้อ),9M,1,1,อายุ,9เดือน,1,1,เพศ,ชาย,1,1,Good
,simple,100171,,Grid long sleeve เสื้อแขนยาวสีกรม,1,,visible,เสื้อแขนยาว Gymboree สีกรม ไซส์  2ปี(2T),,,,taxable,,1,1,,,,0.074,,,,,,,120,สินค้าและอุปกรณ์สำหรับเด็ก,,,,,,,,,,,,,,,,สี,สีกรม,1,1,Size (เสื้อ),2T,1,1,อายุ,2ปี,1,1,เพศ,ชาย,1,1,Good
,simple,100132,,White long sleeve เสื้อแขนยาวสีขาว,1,,visible,เสื้อแขนยาวสีขาว,,,,taxable,,1,1,,,,0.096,,,,,,,135,สินค้าและอุปกรณ์สำหรับเด็ก,,,,,,,,,,,,,,,,สี,"สีขาว, สีดำ",1,1,อายุ,10ปี,1,1,เพศ,หญิง,1,1,,,,,Good
,simple,100159,,Coollision shirt เสื้อลายดอก,1,,visible,เสื้อยืด แบรนด์ Oh Yes! สีกรม ลายดอกไม้ ไซส์ L,,,,taxable,,1,1,,,,0.065,,,,,,,120,สินค้าและอุปกรณ์สำหรับเด็ก,,,,,,,,,,,,,,,,สี,"สีกรม, สีชมพู, สีเขียว, สีเหลือง",1,1,เพศ,หญิง,1,1,,,,,,,,,Good
,simple,100143,,White long sleeve เสื้อว่ายน้ำแขนยาว,1,,visible,เสื้อว่ายน้ำแขนยาว แบรนด์ koalakids สีขาว ไซส์ 12-18 เดือน(12-18M),,,,taxable,,1,1,,,,0.070,,,,,,,240,สินค้าและอุปกรณ์สำหรับเด็ก,,,,,,,,,,,,,,,,สี,"สีขาว, สีน้ำเงิน, สีฟ้า, สีส้ม, สีเขียว, สีเหลือง, สีแดง",1,1,เพศ,ชาย,1,1,Size (เสื้อ),12M,1,1,อายุ,12เดือน,1,1,Good
,simple,100188,,Winter Vintage plan shirt เสื้อวินเทจ,1,,visible,เสื้อยืด แบรนด์ Disney คอลเลคชั่นวินเทจ สีเทา สกรีนลายดาว สุดเท่ห์ ไซส์ 3ปี (3T),,,,taxable,,1,1,,,,0.058,,,,,,,100,สินค้าและอุปกรณ์สำหรับเด็ก,,,,,,,,,,,,,,,,สี,"สีกรม, สีเทา, สีแดง",1,1,Size (เสื้อ),3T,1,1,อายุ,3ปี,1,1,เพศ,ชาย,1,1,Good
,simple,100141,,Paths Body suit บอดี้สูทลายทาง,1,,visible,บอดี้สูท แบรนด์ Carter’s ผลิตจากผ้าฝ้าย สีน้ำเงินลายยาว นุ่ม ใส่สบาย ไซส์ เบบี้ 12เดือน(12M),,,,taxable,,1,1,,,,0.097,,,,,,,105,สินค้าและอุปกรณ์สำหรับเด็ก,,,,,,,,,,,,,,,,Size (เสื้อ),12M,1,1,สี,"สีกรม, สีขาว, สีฟ้า",1,1,อายุ,1ปี,1,1,เพศ,ชาย,1,1,Good
,simple,100112,,Christmas body suit ชุดนอนคอกลมขายาว ลายคริสต์มาส,1,,visible,ชุดนอน แบรนด์ Carter’s สีเขียว นุ่ม ใส่สบาย ลายคริสต์มาส ไซส์ เบบี้ 9เดือน(9M),,,,taxable,,1,1,,,,0.103,,,,,,,175,สินค้าและอุปกรณ์สำหรับเด็ก,,,,,,,,,,,,,,,,สี,"สีขาว, สีเขียว, สีแดง",1,1,Size (เสื้อ),9M,1,1,อายุ,9เดือน,1,1,เพศ,ชาย,1,1,Good
,simple,100182,,Beary Handsome Baby Bib ผ้ากันเปื้อนเด็ก,1,,visible,ผ้ากันเปื้อนเด็ก ลาย”Too Cute to Spook” สีขาว,,,,taxable,,1,1,,,,0.029,,,,,,,100,สินค้าและอุปกรณ์สำหรับเด็ก,,,,,,,,,,,,,,,,สี,"สีขาว, สีดำ, สีม่วง",1,1,อายุ,0เดือน,1,1,,,,,,,,,Good
,simple,100180,,My First Ever Thanks Giving Teething Bib ผ้ากันเปื้อนเด็ก,1,,visible,ผ้ากันเปื้อนเด็ก ลายMy First Ever Thanks Giving สีขาว,,,,taxable,,1,1,,,,0.046,,,,,,,295,สินค้าและอุปกรณ์สำหรับเด็ก,,,,,,,,,,,,,,,,สี,"สีขาว, สีดำ, สีส้ม, สีเขียว, สีเหลือง",1,1,อายุ,0เดือน,1,1,,,,,,,,,Good
,simple,100181,,Bear Teething Bib ผ้ากันเปื้อนเด็ก,1,,visible,ผ้ากันเปื้อนเด็ก แบรนด์ Carter's ลายหมี สีเทา,,,,taxable,,1,1,,,,0.032,,,,,,,85,สินค้าและอุปกรณ์สำหรับเด็ก,,,,,,,,,,,,,,,,สี,"สีดำ, สีเทา",1,1,,,,,,,,,,,,,Good
,simple,100173,,"""Too Cute to Spook"" Baby Bib ผ้ากันเปื้อนเด็ก",1,,visible,"ผ้ากันเปื้อนเด็ก ลาย""Too Cute to Spook"" สีดำ ส้ม",,,,taxable,,1,1,,,,0.037,,,,,,,100,สินค้าและอุปกรณ์สำหรับเด็ก,,,,,,,,,,,,,,,,สี,"สีขาว, สีดำ, สีส้ม, สีเหลือง",1,1,,,,,,,,,,,,,Good
,simple,100179,,baby wooly hats หมวกไหมพรมเด็ก,1,,visible,หมวกไหมพรมเด็ก ไซส์ 50 CM,,,,taxable,,1,1,,,,0.046,,,,,,,50,สินค้าและอุปกรณ์สำหรับเด็ก,,,,,,,,,,,,,,,,สี,สีฟ้า,1,1,,,,,,,,,,,,,Fair
,simple,100150,,Bear Ear Hat หมวกไหมพรม,1,,visible,หมวกไหมพรม สีขาว ยืดหยุ่น เนื้อผ้านุ่มพิเศษมอบความเบาสบายขณะสวมใส่,,,,taxable,,1,1,,,,0.065,,,,,,,215,สินค้าและอุปกรณ์สำหรับเด็ก,,,,,,,,,,,,,,,,สี,"สีขาว, สีเทา",1,1,อายุ,3เดือน,1,1,,,,,,,,,Good
,simple,100175,,Giraffe body suit เสื้อบอดี้สูท ลายยีราฟ,1,,visible,บอดี้สูท แบรนด์ Carter’s สีขาว ดำ ลายขวาง ผลิตจากผ้าฝ้าย นุ่ม ใส่สบาย ไซส์ เบบี้ 6เดือน (6M),,,,taxable,,1,1,,,,0.084,,,,,,,150,สินค้าและอุปกรณ์สำหรับเด็ก,,,,,,,,,,,,,,,,สี,"สีขาว, สีดำ, สีเทา",1,1,Size (เสื้อ),6M,1,1,อายุ,6เดือน,1,1,เพศ,ชาย,1,1,Good
,simple,100165,,Dinosaur body suit บอดี้สูทไดโนเสาร์,1,,visible,บอดี้สูท แบรนด์ Carter’s ชุดบอดี้สูท สีเขียว ลายไดโนเสาร์ ผลิตจากผ้าฝ้าย นุ่ม ใส่สบาย ไซส์ เบบี้ 6เดือน (6M),,,,taxable,,1,1,,,,0.073,,,,,,,100,สินค้าและอุปกรณ์สำหรับเด็ก,,,,,,,,,,,,,,,,สี,"สีกรม, สีเขียว",1,1,Size (เสื้อ),6M,1,1,อายุ,6เดือน,1,1,เพศ,ชาย,1,1,Fair
,simple,300068,,Leggings เลคกิ้งขาจั๊มเบบี้,1,,visible,เลคกิ้งขาจั๊มเบบี้ ไซส์6-9M แบรนด์ H&amp;M สีกรม,,,,taxable,,1,1,,,,0.077,,,,,,,45,สินค้าและอุปกรณ์สำหรับเด็ก,,,,,,,,,,,,,,,,เพศ,ชาย,1,1,สี,สีกรม,1,1,,,,,,,,,Good
,simple,100128,,Christmas Set Shirt and Pants เซตเสื้อและกางเกง ลายคริสต์มาส,1,,visible,เซตเสื้อและกางเกง แบรนด์ Carter’s สีเขียว ลายคริสต์มาส สุดน่ารัก ไซส์ 6 ปี (6Y),,,,taxable,,1,1,,,,0.157,,,,,,,305,สินค้าและอุปกรณ์สำหรับเด็ก,,,,,,,,,,,,,,,,สี,"สีขาว, สีเขียว, สีแดง",1,1,Size (เสื้อ),4Y,1,1,อายุ,4ปี,1,1,เพศ,ชาย,1,1,Good
,simple,100177,,White&amp;Black long sleeve เสื้อแขนยาวขาวดำ,1,,visible,เสื้อแขนยาว Gymboree สีดำ ขาว ไซส์  2ปี(2T),,,,taxable,,1,1,,,,0.075,,,,,,,120,สินค้าและอุปกรณ์สำหรับเด็ก,,,,,,,,,,,,,,,,สี,"สีขาว, สีดำ",1,1,Size (เสื้อ),2T,1,1,อายุ,2ปี,1,1,เพศ,ชาย,1,1,Good
,simple,300070,,Cotton Bodysuits บอดี้สูทคอปกลายทางสุดเท่ห์,1,,visible,บอดี้สูทคอปกลายทางสุดเท่ห์ ไซส์4-6M แบรนด์H&amp;M สีกรมและสีขาว,,,,taxable,,1,1,,,,0.076,,,,,,,90,สินค้าและอุปกรณ์สำหรับเด็ก,,,,,,,,,,,,,,,,สี,"สีกรม, สีขาว",1,1,Size (เสื้อ),4-6m,1,1,เพศ,"ชาย, หญิง",1,1,,,,,Good
,simple,300071,,Leggings เลคกิ้งขาจั๊มยาวเบ้บี้,1,,visible,เลคกิ้งขาจั๊มยาวเบบี้ ไซส์6-9M แบรนด์ H&amp;M สีน้ำเงิน,,,,taxable,,1,1,,,,0.084,,,,,,,40,สินค้าและอุปกรณ์สำหรับเด็ก,,,,,,,,,,,,,,,,สี,สีน้ำเงิน,1,1,เพศ,ชาย,1,1,,,,,,,,,Good
,simple,300075,,BABY NEWBORN ชุดบอดี้สูทแขนยาวขายาวลายภูเขา,1,,visible,"ชุดบอดี้สูทแขนยาวขายาวลายภูเขา ไซส์ 70 cm จากแบรนด์Unique  สีกรม\n\n&nbsp;",,,,taxable,,1,1,,,,0.121,,,,,,,60,สินค้าและอุปกรณ์สำหรับเด็ก,,,,,,,,,,,,,,,,สี,สีกรม,1,1,เพศ,ชาย,1,1,,,,,,,,,Good
,simple,100187,,Backseat Driver Jersey Tee เสื้อแขนยาว,1,,visible,เสื้อยืดแขนยาว แบรนด์ Carter’s ลายสุดเท่ห์ สีกรม ไซส์ 2ปี(2T),,,,taxable,,1,1,,,,0.073,,,,,,,150,สินค้าและอุปกรณ์สำหรับเด็ก,,,,,,,,,,,,,,,,สี,"สีกรม, สีเหลือง",1,1,Size (เสื้อ),2T,1,1,อายุ,2ปี,1,1,เพศ,ชาย,1,1,Good
,simple,100156,,HUNK Sweater เสื้อกันหนาว,1,,visible,,,,,taxable,,1,1,,,,0.118,,,,,,,345,สินค้าและอุปกรณ์สำหรับเด็ก,,,,,,,,,,,,,,,,สี,"สีกรม, สีเทา",1,1,Size (เสื้อ),12M,1,1,อายุ,12เดือน,1,1,เพศ,ชาย,1,1,Good
,simple,100161,,Sea body suit บอดี้สูท ลายทะเล,1,,visible,บอดี้สูท แบรนด์ Carter’s ชุดบอดี้สูท สีเทา ลายทะเล ผลิตจากผ้าฝ้าย นุ่ม ใส่สบาย ไซส์ เบบี้ 6เดือน (6M),,,,taxable,,1,1,,,,0.087,,,,,,,150,สินค้าและอุปกรณ์สำหรับเด็ก,,,,,,,,,,,,,,,,สี,"สีดำ, สีเทา",1,1,Size (เสื้อ),6M,1,1,อายุ,6เดือน,1,1,เพศ,ชาย,1,1,Good
,simple,100184,,Peacock Zip-Up Cotton Footless Sleep &amp; Play ชุดบอดี้สูทแขนยาวขายาว ลายนกยูง,1,,visible,ชุดบอดี้สูทแขนยาวขายาว แบรนด์ Carter's  สีเทา ลายนกยูง ไซส์ 9เดือน (9M),,,,taxable,,1,1,,,,0.135,,,,,,,155,สินค้าและอุปกรณ์สำหรับเด็ก,,,,,,,,,,,,,,,,สี,"สีกรม, สีส้ม, สีเทา, สีเหลือง",1,1,Size (เสื้อ),9M,1,1,อายุ,9เดือน,1,1,เพศ,ชาย,1,1,Good
,simple,100129,,Brown Bear Hood หมวกหมีสีน้ำตาล,1,,visible,หมวกหมีสีน้ำตาล,,,,taxable,,1,1,,,,0.105,,,,,,,210,สินค้าและอุปกรณ์สำหรับเด็ก,,,,,,,,,,,,,,,,สี,"สีดำ, สีน้ำตาล",1,1,,,,,,,,,,,,,Good
,simple,100124,,Animal Puppets Large ตุ๊กตามือสิงโตและกบ,1,,visible,หุ่นกระบอกที่ทำด้วยมือที่น่ารักและสวยงามเหล่านี้มีใบหน้าที่เหมือนจริงมากจนคุณอดไม่ได้ที่จะกอดไว้ มันจะทำให้ลูกของคุณประหลาดใจและสนุกสนานมากขึ้นในชีวิต มันเป็นของขวัญที่อ่อนนุ่ม น่ารัก และน่าอัศจรรย์ให้กับเพื่อนหรือลูกของคุณ,,,,taxable,,1,1,,,,0.125,,,,,,,145,สินค้าและอุปกรณ์สำหรับเด็ก,,,,,,,,,,,,,,,,สี,"สีดำ, สีน้ำตาล, สีส้ม, สีเหลือง",1,1,,,,,,,,,,,,,Good
,simple,100130,,Hello Kitty Cap หมวกคิตตี้,1,,visible,หมวกคิตตี้ แบรนด์ Sanrio สีชมพู,,,,taxable,,1,1,,,,0.063,,,,,,,400,สินค้าและอุปกรณ์สำหรับเด็ก,,,,,,,,,,,,,,,,สี,"สีครีม, สีชมพู",1,1,,,,,,,,,,,,,Mint
,simple,100131,,Hello Kitty Cap หมวกคิตตี้,1,,visible,หมวกคิตตี้ แบรนด์ Sanrio สีชมพู,,,,taxable,,1,1,,,,0.090,,,,,,,400,สินค้าและอุปกรณ์สำหรับเด็ก,,,,,,,,,,,,,,,,สี,"สีขาว, สีชมพู",1,1,,,,,,,,,,,,,Mint
,simple,100126,,Wolf Headband Ears ที่คาดผมหมาป่า,1,,visible,ที่คาดผมหมาป่าสุดน่ารัก,,,,taxable,,1,1,,,,0.032,,,,,,,180,สินค้าและอุปกรณ์สำหรับเด็ก,,,,,,,,,,,,,,,,สี,สีน้ำตาล,1,1,,,,,,,,,,,,,Good
,simple,100125,,Minion Keychain พวงกุญแจมินเนี่ยน,1,,visible,พวงกุญแจมินเนี่ยนสุดน่ารัก,,,,taxable,,1,1,,,,0.052,,,,,,,160,สินค้าและอุปกรณ์สำหรับเด็ก,,,,,,,,,,,,,,,,สี,"สีขาว, สีดำ, สีน้ำตาล, สีฟ้า, สีเทา, สีเหลือง",1,1,,,,,,,,,,,,,Fair
,simple,100172,,Yellow t-shirt เสื้อยืดสีเหลือง,1,,visible,เสื้อยืด แบรนด์ Adidas สีเหลือง สกรีน ADI DAS สุดเท่ห์ ไซส์ 6เดือน (6M),,,,taxable,,1,1,,,,0.071,,,,,,,240,สินค้าและอุปกรณ์สำหรับเด็ก,,,,,,,,,,,,,,,,สี,"สีขาว, สีเขียว, สีเหลือง",1,1,Size (เสื้อ),"6M, 9M",1,1,อายุ,"6เดือน, 9เดือน",1,1,เพศ,ชาย,1,1,Good
,simple,100167,,Orange long sleeve shirt and hat เสื้อแขนยาวสีส้มพร้อมหมวก,1,,visible,เสื้อแขนยาวสีส้มพร้อมหมวก แบรนด์ Baby Gap ไซส์ 9เดือน (9M),,,,taxable,,1,1,,,,0.120,,,,,,,135,สินค้าและอุปกรณ์สำหรับเด็ก,,,,,,,,,,,,,,,,สี,"สีส้ม, สีเขียว",1,1,Size (เสื้อ),2Y,1,1,อายุ,2ปี,1,1,เพศ,ชาย,1,1,Good
,simple,100158,,Boat body suit บอดี้สูทรูปเรือ,1,,visible,บอดี้สูท แบรนด์ Carter’s สีน้ำเงิน ฟ้า ลายขวาง ผลิตจากผ้าฝ้าย นุ่ม ใส่สบาย ไซส์ เบบี้ 6เดือน (6M),,,,taxable,,1,1,,,,0.088,,,,,,,150,สินค้าและอุปกรณ์สำหรับเด็ก,,,,,,,,,,,,,,,,สี,"สีกรม, สีขาว, สีดำ, สีส้ม, สีเทา, สีเหลือง",1,1,Size (เสื้อ),6M,1,1,อายุ,6เดือน,1,1,เพศ,ชาย,1,1,Good
,simple,100152,,Baby Romper (Fish&amp;Shark) บอดี้สูทรูปปลาฉลามลายขวาง,1,,visible,บอดี้สูท แบรนด์ Carter’s ชุดบอดี้สูท สีแดง ลายขวาง รูปปลาฉลาม ผลิตจากผ้าฝ้าย นุ่ม ใส่สบาย ไซส์ เบบี้ 6เดือน (6M),,,,taxable,,1,1,,,,0.083,,,,,,,150,สินค้าและอุปกรณ์สำหรับเด็ก,,,,,,,,,,,,,,,,สี,"สีกรม, สีเทา, สีแดง",1,1,Size (เสื้อ),6M,1,1,อายุ,6เดือน,1,1,เพศ,ชาย,1,1,Good
,simple,100138,,Striped Pajamas ชุดนอนคอกลมขายาว ลายขวาง,1,,visible,ชุดนอน แบรนด์ Carter สีเทา นุ่ม ใส่สบาย ไซส์ เบบี้ 9เดือน(9M),,,,taxable,,1,1,,,,0.155,,,,,,,180,สินค้าและอุปกรณ์สำหรับเด็ก,,,,,,,,,,,,,,,,สี,"สีขาว, สีฟ้า, สีส้ม, สีเทา",1,1,Size (เสื้อ),9M,1,1,อายุ,9เดือน,1,1,เพศ,ชาย,1,1,Good
,simple,100113,,Adidas Jacket เสื้อแจ็คเก็ต อาดิดาส,1,,visible,เสื้อแจ็คเก็ต แบรนด์ Adidas สุดเทห์ ไซส์ 12-18เดือน UK 12-18M US 18M F 12-18M,,,,taxable,,1,1,,,,0.179,,,,,,,570,สินค้าและอุปกรณ์สำหรับเด็ก,,,,,,,,,,,,,,,,สี,"สีดำ, สีส้ม",1,1,Size (เสื้อ),12-18M,1,1,อายุ,"12เดือน, 18เดือน",1,1,เพศ,ชาย,1,1,Good
,simple,100178,,Car Set Shirt and Pants เซตเสื้อและกางเกง ลายรถ,1,,visible,เซตเสื้อและกางเกง แบรนด์ Carter’s สีขาว ลายรถ สุดน่ารัก ไซส์ 4ปี (4T),,,,taxable,,1,1,,,,0.154,,,,,,,305,สินค้าและอุปกรณ์สำหรับเด็ก,,,,,,,,,,,,,,,,สี,"สีกรม, สีขาว, สีเหลือง, สีแดง",1,1,Size (เสื้อ),4Y,1,1,อายุ,4ปี,1,1,เพศ,ชาย,1,1,Good
,simple,100136,,Penguin Pajamas ชุดนอนคอกลมขายาว ลายแพนกวิน,1,,visible,ชุดนอน แบรนด์ Carter’s สีเทา ลายแพนกวิน นุ่ม ใส่สบาย ลายสัตว์ ไซส์ เบบี้ 12เดือน(12M),,,,taxable,,1,1,,,,0.136,,,,,,,100,สินค้าและอุปกรณ์สำหรับเด็ก,,,,,,,,,,,,,,,,สี,"สีขาว, สีดำ, สีฟ้า, สีส้ม, สีเทา",1,1,Size (เสื้อ),12M,1,1,อายุ,12เดือน,1,1,เพศ,ชาย,1,1,Good
,simple,100111,,Car Pajamas ชุดนอนคอกลมขายาว ลายรถ,1,,visible,ชุดนอน แบรนด์ Carter’s สีแดง กรม นุ่ม ใส่สบาย ลายรถ สุดเทห์ ไซส์ เบบี้ 9เดือน(9M),,,,taxable,,1,1,,,,0.123,,,,,,,300,สินค้าและอุปกรณ์สำหรับเด็ก,,,,,,,,,,,,,,,,สี,"สีกรม, สีขาว, สีเทา, สีแดง",1,1,Size (เสื้อ),9M,1,1,อายุ,9เดือน,1,1,เพศ,ชาย,1,1,Good
,simple,100170,,Necktie body suit บอดี้สูทลายเนคไท,1,,visible,บอดี้สูท สีขาว ลายเนคไท ผลิตจากผ้าฝ้าย นุ่ม ใส่สบาย ไซส์ เบบี้ 9เดือน (9M),,,,taxable,,1,1,,,,0.074,,,,,,,120,สินค้าและอุปกรณ์สำหรับเด็ก,,,,,,,,,,,,,,,,สี,"สีขาว, สีม่วง, สีเขียว, สีเทา",1,1,Size (เสื้อ),9M,1,1,อายุ,9เดือน,1,1,เพศ,ชาย,1,1,Good
,simple,100169,,Navy blue Hooded ชุดฮู้ด สีกรม,1,,visible,ชุดฮู้ด แบรนด์ Carter’s แขนยาว ขายาว สีกรม ผลิตจากผ้าฝ้าย นุ่ม ใส่สบาย ไซส์ เบบี้ 12เดือน (12M),,,,taxable,,1,1,,,,0.181,,,,,,,465,สินค้าและอุปกรณ์สำหรับเด็ก,,,,,,,,,,,,,,,,สี,สีกรม,1,1,Size (เสื้อ),12M,1,1,อายุ,12เดือน,1,1,เพศ,ชาย,1,1,Good
,simple,100166,,Yellow long sleeve shirt เสื้อแขนยาวสีเหลืองรูปรถ,1,,visible,"เสื้อยืดแขนยาว แบรนด์ Carter’s ลายสุดเท่ห์ สีเหลือง เทา  ไซส์ 2ปี(2T)\n\n&nbsp;",,,,taxable,,1,1,,,,0.079,,,,,,,120,สินค้าและอุปกรณ์สำหรับเด็ก,,,,,,,,,,,,,,,,สี,"สีเทา, สีเหลือง",1,1,Size (เสื้อ),2T,1,1,อายุ,2ปี,1,1,เพศ,ชาย,1,1,Good
,simple,100168,,Zip-Up Sherpa Vest เสื้อกั๊กเชอร์ปาแบบมีซิป,1,,visible,เสื้อกั๊กตัวนี้ตัดเย็บจากเสื้อเชอร์ปาแสนอบอุ่นที่สวมใส่เป็นเลเยอร์ที่สมบูรณ์แบบสำหรับสวมใส่ในลุคหน้าหนาว ไซส์ เบบี้ 6เดือน(6M),,,,taxable,,1,1,,,,0.125,,,,,,,140,สินค้าและอุปกรณ์สำหรับเด็ก,,,,,,,,,,,,,,,,สี,"สีกรม, สีเทา",1,1,Size (เสื้อ),6M,1,1,อายุ,6เดือน,1,1,เพศ,ชาย,1,1,Good
,simple,1000015,,Cherry T-shirt เสือยืดพิมพ์ลายเชอร์รี่,1,,visible,เสือยืดพิมพ์ลายเชอร์รี่ ไซส์6-8 Y สีขาว ลูกเชอร์รี่สีแดง แบรนด์ H&amp;M,,,,taxable,,1,1,,,,0.061,,,,,,,90,สินค้าและอุปกรณ์สำหรับเด็ก,,,,,,,,,,,,,,,,สี,สีขาว,1,1,Size (เสื้อ),6-8 Y,1,1,เพศ,หญิง,1,1,,,,,Good
,simple,1000041,,Bib Jeans Zara Girl เอี๊ยมยีนส์ขายาวเด็กผู้หญิง,1,,visible,เอี๊ยมยีนส์ขายาวเด็กผู้หญิง แบรนด์ Zara สียีนส์ สีฟ้า ไซส์5Y,,,,taxable,,1,1,,,,0.335,,,,,,,360,สินค้าและอุปกรณ์สำหรับเด็ก,,,,,,,,,,,,,,,,เพศ,หญิง,1,1,สี,สีฟ้า,1,1,Size (เสื้อ),5Y,1,1,,,,,Good
,simple,1000069,,Whale pants กางเกงขายาว ลายวาฬ,1,,visible,กางเกงขายาว ลายวาฬ ไซส์ 6,,,,taxable,,1,1,,,,0.069,,,,,,,120,สินค้าและอุปกรณ์สำหรับเด็ก,,,,,,,,,,,,,,,,สี,สีขาว,1,1,Size (กางเกง),6Y,1,1,อายุ,6ปี,1,1,เพศ,หญิง,1,1,Good
,simple,1000042,,Juniors' One Piece Swimsuit ชุดว่ายน้ำวันพีซสำหรับเด็ก,1,,visible,ชุดว่ายน้ำวันพีซสำหรับเด็ก แบรนด์ xhilaration สีดำ ชมพู ไซส์ S6/6X,,,,taxable,,1,1,,,,0.089,,,,,,,360,สินค้าและอุปกรณ์สำหรับเด็ก,,,,,,,,,,,,,,,,สี,"สีชมพู, สีดำ",1,1,Size (เสื้อ),6Y,1,1,อายุ,6ปี,1,1,เพศ,หญิง,1,1,Good
,simple,1000045,,Printed Cotton Dress ชุดกระโปรงลายขวางแนวตรงแขนกุด,1,,visible,ชุดกระโปรงลายขวางแนวตรงแขนกุด แบรนด์ H&amp;M ไซส์ 8-10Y สีกรมสลับสีขาว,,,,taxable,,1,1,,,,0.130,,,,,,,90,สินค้าและอุปกรณ์สำหรับเด็ก,,,,,,,,,,,,,,,,Size (เสื้อ),8-10Y,1,1,สี,"สีกรม, สีขาว",1,1,เพศ,หญิง,1,1,,,,,Good
,simple,1000023,,Dress Polo ชุดกระโปรงคอปกเชิ้ต,1,,visible,ชุดกระโปรงคอปกเชิ้ต สีม่วง แบรนด์ Polo Ralph Lauren ไซส์ 8-10Y,,,,taxable,,1,1,,,,0.239,,,,,,,900,สินค้าและอุปกรณ์สำหรับเด็ก,,,,,,,,,,,,,,,,สี,สีม่วง,1,1,เพศ,หญิง,1,1,Size (เสื้อ),8-10Y,1,1,,,,,Good
,simple,1000083,,Minnie Mouse Leggings กางเกงเลกกิ้ง ลายมินนี่เมาส์,1,,visible,"เลคกิ้ง แบรนด์ H&amp;M ลายมินนี่เมาส์ สีเทา ไซส์ EUR 122 US 6-7Y CA 6-7A CN 120/56 MX 122 AUS 7\n\n&nbsp;",,,,taxable,,1,1,,,,0.378,,,,,,,150,สินค้าและอุปกรณ์สำหรับเด็ก,,,,,,,,,,,,,,,,สี,สีเทา,1,1,อายุ,6ปี,1,1,Size (กางเกง),6Y,1,1,เพศ,หญิง,1,1,Good
,simple,1000049,,Fantasia Abelhinha Koala kids ชุดแฟนตาซีผึ้งน้อยสำหรับเบบี้,1,,visible,ชุดแฟนตาซีผึ้งน้อยสำหรับเบบี้ ไซส์สำหรับเบ้ (12-18M) แบรนด์ Koala kids สีเหลือง,,,,taxable,,1,1,,,,0.178,,,,,,,360,สินค้าและอุปกรณ์สำหรับเด็ก,,,,,,,,,,,,,,,,สี,สีเหลือง,1,1,เพศ,หญิง,1,1,Size (เสื้อ),12-18M,1,1,,,,,Good
,simple,1000038,,Toddler Organic Cotton Mix and Match Pull-On Leggings กางเกงเลกกิ้งลายจุด,1,,visible,เลคกิ้ง แบรนด์ Gap Kid ลายจุด สีเทา เบบี้ ไซส์ 6-7 ปี,,,,taxable,,1,1,,,,0.082,,,,,,,195,สินค้าและอุปกรณ์สำหรับเด็ก,,,,,,,,,,,,,,,,สี,"สีกรม, สีชมพู, สีฟ้า, สีเขียว",1,1,Size (กางเกง),6Y,1,1,อายุ,6ปี,1,1,เพศ,หญิง,1,1,Good
,simple,1000026,,Jersey Dress Organic Cotton ชุดกระโปรงลายสก๊อตสดใส,1,,visible,ชุดกระโปรงลายสก๊อตสดใส แบรนด์H&amp;M ไซส์8-10Y สีชมพูและสีขาว,,,,taxable,,1,1,,,,0.117,,,,,,,75,สินค้าและอุปกรณ์สำหรับเด็ก,,,,,,,,,,,,,,,,สี,"สีขาว, สีชมพู",1,1,เพศ,หญิง,1,1,,,,,,,,,Good
,simple,1000048,,Hello Kitty Dresses Girl ชุดกระโปรงเฮลโหลคิตตี้สุดคิวส์,1,,visible,ชุดกระโปรงเฮลโหลคิตตี้สุดคิวส์ แบรนด์Sanrio ไซส์140cm สีแดง สดใส ใส่แล้วน่ารักสุดๆ,,,,taxable,,1,1,,,,0.192,,,,,,,465,สินค้าและอุปกรณ์สำหรับเด็ก,,,,,,,,,,,,,,,,เพศ,หญิง,1,1,สี,สีแดง,1,1,,,,,,,,,Good
,simple,1000034,,Black pants กางเกงขายาว สีดำ,1,,visible,กางเกงขายาว Gymboree สีดำ ไซส์  6,,,,taxable,,1,1,,,,0.83,,,,,,,120,เสื้อผ้าและเครื่องประดับ,,,,,,,,,,,,,,,,สี,สีดำ,1,1,Size (กางเกง),6Y,1,1,อายุ,6ปี,1,1,เพศ,หญิง,1,1,Good
,simple,1000017,,Gingham Leggings กางเกงเลกกิ้ง ลายตาราง,1,,visible,เลคกิ้ง แบรนด์ Kids Headquarters ลายตาราง สีขาว ดำ ไซส์ 6ปี (6X),,,,taxable,,1,1,,,,0.096,,,,,,,210,สินค้าและอุปกรณ์สำหรับเด็ก,,,,,,,,,,,,,,,,สี,"สีขาว, สีดำ",1,1,Size (กางเกง),6Y,1,1,อายุ,6ปี,1,1,เพศ,หญิง,1,1,Good
,simple,1000035,,Sun Surf Salt Shirt เสื้อแขนกุดเด็กผู้หญิงเซ็กส์ซี่,1,,visible,เสื้อแขนกุดเด็กผู้หญิงเซ็กส์ซี่ แบรนด์ Crazy8 ไซส์ 5-6Y สีส้ม สดใส,,,,taxable,,1,1,,,,0.074,,,,,,,120,สินค้าและอุปกรณ์สำหรับเด็ก,,,,,,,,,,,,,,,,สี,สีส้ม,1,1,Size (กางเกง),"5Y, 6Y",1,1,เพศ,หญิง,1,1,,,,,Good
,simple,1000074,,Point Leggings กางเกงเลกกิ้งลายจุด,1,,visible,เลคกิ้ง แบรนด์ H&amp;M ลายจุด สีเทา เบบี้ ไซส์ EUR 116 US 5-6Y CA5-6A CN 120/53 MX 116 AUS 6,,,,taxable,,1,1,,,,0.069,,,,,,,90,เสื้อผ้าและเครื่องประดับ,,,,,,,,,,,,,,,,สี,สีเทา,1,1,Size (กางเกง),5Y,1,1,อายุ,5ปี,1,1,เพศ,หญิง,1,1,Good
,simple,1000050,,Kimono Dress Kids ชุดกิโมโนเด็ก,1,,visible,ชุดกิโมโนเด็ก สีชมพู ลายดอกไม้ สุดน่ารัก แบรนด์นำเข้าจากประเทศญี่ปุ่น,,,,taxable,,1,1,,,,0.125,,,,,,,250,สินค้าและอุปกรณ์สำหรับเด็ก,,,,,,,,,,,,,,,,สี,สีชมพู,1,1,เพศ,หญิง,1,1,,,,,,,,,Good
,simple,1000019,,Classic Button-Down Shirt เสื้อเชิ้ตคลาสสิก,1,,visible,เสื้อเชิ้ต แบรนด์ Zara สีฟ้า ขนาด 116ซม.,,,,taxable,,1,1,,,,0.072,,,,,,,300,สินค้าและอุปกรณ์สำหรับเด็ก,,,,,,,,,,,,,,,,สี,สีฟ้า,1,1,Size (เสื้อ),6Y,1,1,อายุ,6ปี,1,1,เพศ,หญิง,1,1,Good
,simple,1000008,,Minnie Mouse Toddler Blue Denim Vest Jacket Hoodie เสื้อแจ็คเก็ตมินนี่เม้าส์ยีนส์,1,,visible,เสื้อแจ็คเก็ตยีนส์ สำหรับเด็ก แบรนด์ Disney ยีนส์ ลายมินนี่เม้าส์,,,,taxable,,1,1,,,,0.333,,,,,,,280,สินค้าและอุปกรณ์สำหรับเด็ก,,,,,,,,,,,,,,,,สี,สีกรม,1,1,เพศ,หญิง,1,1,,,,,,,,,Good
,simple,1000004,,Jersey Dress Flowers ชุดกระโปรงลายดอกไม้เล็ก,1,,visible,ชุดกระโปรงลายดอกไม้เล็ก ไซส์ 8-10 Y แบรนด์ H&amp;M สีเหลือง,,,,taxable,,1,1,,,,0.140,,,,,,,75,สินค้าและอุปกรณ์สำหรับเด็ก,,,,,,,,,,,,,,,,สี,สีเหลือง,1,1,เพศ,หญิง,1,1,,,,,,,,,Good
,simple,1000043,,Gap Fit kid Fit Hoodie เสื้อกันหนาวแขนยาวแก๊ป,1,,visible,เสื้อกันหนาวแขนยาวแก๊ป สีเทา แบรนด์ Gap Kid ไซส์ 4-5Y,,,,taxable,,1,1,,,,0.215,,,,,,,190,สินค้าและอุปกรณ์สำหรับเด็ก,,,,,,,,,,,,,,,,สี,สีเทา,1,1,เพศ,"ชาย, หญิง",1,1,Size (เสื้อ),"4Y, 5Y",1,1,,,,,Fair
,simple,1000005,,Bow Mini Dress ชุดกระโปรงติดโบว์ด้านหน้า,1,,visible,ชุดกระโปรงติดโบว์ด้านหน้า สีเทา แบรนด์ Strawberry Faire ไซส์ 3-4 Y,,,,taxable,,1,1,,,,0.172,,,,,,,145,สินค้าและอุปกรณ์สำหรับเด็ก,,,,,,,,,,,,,,,,เพศ,หญิง,1,1,Size (เสื้อ),4Y,1,1,สี,สีเทา,1,1,,,,,Good
,simple,1000011,,Flowers Shirt เสื้อคอวีลายดอกไม้,1,,visible,เสื้อคอวีลายดอกไม้ แบรนด์ Janie and Jack ไซส์ 5Y สีขาว สีชมพู สดใส,,,,taxable,,1,1,,,,0.073,,,,,,,600,สินค้าและอุปกรณ์สำหรับเด็ก,,,,,,,,,,,,,,,,Size (เสื้อ),5Y,1,1,เพศ,หญิง,1,1,สี,"สีขาว, สีชมพู",1,1,,,,,Good
,simple,1000016,,Flowers Dress for kid ชุดกระโปรงลายใบไม้และดอกไม้,1,,visible,ชุดกระโปรงลายใบไม้และดอกไม้ สีเขียว สีชมพู สีฟ้า เนื้อผ้าดีใส่สบาย ไซส์10Y แบรนด์ ZARA,,,,taxable,,1,1,,,,0.283,,,,,,,420,สินค้าและอุปกรณ์สำหรับเด็ก,,,,,,,,,,,,,,,,สี,"สีชมพู, สีฟ้า, สีเขียว",1,1,Size (เสื้อ),10Y,1,1,เพศ,หญิง,1,1,,,,,Good
,simple,1000032,,Table Leggings In Blue เลคกิ้งลายตาราง,1,,visible,เลคกิ้งลายตาราง ผ้านิ่มใส่สบาย จากแบรนด์ Ralph Lauren polo สีน้ำเงิน ไซส์4/4T,,,,taxable,,1,1,,,,,,,,,,,270,สินค้าและอุปกรณ์สำหรับเด็ก,,,,,,,,,,,,,,,,Size (กางเกง),4T,1,1,เพศ,หญิง,1,1,สี,สีน้ำเงิน,1,1,,,,,Good
,simple,1000001,,Rainbow Skirt One Piece Suit ชุดว่ายน้ำกระโปรงสายรุ้ง,1,,visible,ชุดว่ายน้ำวันพีซสำหรับเด็ก แบรนด์ Hanna Andersson สีชมพู ม่วง ฟ้า เขียว เหลือง ไซส์ 6-7ปี (123 CM US 6-7),,,,taxable,,1,1,,,,0.237,,,,,,,440,สินค้าและอุปกรณ์สำหรับเด็ก,,,,,,,,,,,,,,,,สี,"สีชมพู, สีม่วง, สีเขียว, สีเหลือง",1,1,เพศ,หญิง,1,1,Size (เสื้อ),"6Y, 7Y",1,1,อายุ,"6ปี, 7ปี",1,1,Good
,simple,1000018,,Short Sleeve Dress Pink shorts เดรสแขนสั้น กางเกงขาสั้นสีชมพู,1,,visible,เดรสแขนสั้น กางเกงขาสั้นสีชมพู แบรนด์ Gingersnaps สีชมพู,,,,taxable,,1,1,,,,0.252,,,,,,,900,สินค้าและอุปกรณ์สำหรับเด็ก,,,,,,,,,,,,,,,,สี,สีชมพู,1,1,เพศ,หญิง,1,1,,,,,,,,,Good
,simple,1000072,,TRACK SUIT ชุดวอร์ม,1,,visible,ชุดวอร์ม แบรนด์ Oshkosh B'gosh เสื้อแขนยาวและกางเกงขายาว สีน้ำเงิน ไซส์ 2ปี(2Y) ความสูง 93-98ซม. หน้าอก 54.5ซม. เอว 52.5ซม. สะโพก 56ซม.,,,,taxable,,1,1,,,,0.365,,,,,,,660,สินค้าและอุปกรณ์สำหรับเด็ก,,,,,,,,,,,,,,,,เพศ,ชาย,1,1,Size (เสื้อ),4Y,1,1,สี,สีน้ำเงิน,1,1,อายุ,4ปี,1,1,Good
,simple,1000025,,Ultra Light Down เสื้อกั๊ก,1,,visible,เสื้อกั๊ก แบรนด์ Uniqlo สีชมพู ผลิตจากขนเป็ด นุ่ม ใส่สบาย สุดน่ารัก ไซส์ 5-6,,,,taxable,,1,1,,,,0.139,,,,,,,450,สินค้าและอุปกรณ์สำหรับเด็ก,,,,,,,,,,,,,,,,เพศ,หญิง,1,1,สี,สีชมพู,1,1,Size (เสื้อ),"5Y, 6Y",1,1,อายุ,"5ปี, 6ปี",1,1,Good
,simple,1000057,,One Piece Suit ชุดว่ายน้ำกางเกงขาสั้น,1,,visible,ชุดว่ายน้ำวันพีซสำหรับเด็ก สีส้ม ไซส์ 8,,,,taxable,,1,1,,,,0.117,,,,,,,210,สินค้าและอุปกรณ์สำหรับเด็ก,,,,,,,,,,,,,,,,เพศ,หญิง,1,1,สี,สีชมพู,1,1,,,,,,,,,Good
,simple,1000059,,Sunset Rush Guard 2-pieceSwimsuit ชุดว่ายน้ำยามพระอาทิตย์ตก,1,,visible,"ชุดว่ายน้ำยามพระอาทิตย์ตก  แบรนด์ Crazy 8 ไซส์ S 5-6 สีส้ม กางเกงสีส้ม\n\n&nbsp;",,,,taxable,,1,1,,,,0.124,,,,,,,660,สินค้าและอุปกรณ์สำหรับเด็ก,,,,,,,,,,,,,,,,เพศ,หญิง,1,1,สี,สีแดง,1,1,Size (เสื้อ),"5Y, 6Y",1,1,อายุ,"5ปี, 6ปี",1,1,Good
,simple,1000054,,2 piece Swimsuit ชุดว่ายน้ำ,1,,visible,"ชุดว่ายน้ำ  ไซส์ 6 สีม่วง กางเกงสีม่วง\n\n&nbsp;",,,,taxable,,1,1,,,,0.142,,,,,,,240,สินค้าและอุปกรณ์สำหรับเด็ก,,,,,,,,,,,,,,,,สี,สีม่วง,1,1,เพศ,หญิง,1,1,Size (เสื้อ),6Y,1,1,,,,,Good
,simple,1000047,,Hello Kitty Sweater เสื้อกันหนาวเด็กผู้หญิง,1,,visible,เสื้อแขนยาวคอกลม แบรนด์ Hello Kitty สีชมพู สกรีนHello Kitty,,,,taxable,,1,1,,,,0.192,,,,,,,480,สินค้าและอุปกรณ์สำหรับเด็ก,,,,,,,,,,,,,,,,เพศ,หญิง,1,1,สี,"สีชมพู, สีดำ",1,1,,,,,,,,,Good
,simple,100010,,DISNEY TIGGER DIE CAST COLLECTOR CAR รถของเล่นหมีพูห์,1,,visible,รถของเล่นหมีพูห์สำหรับเด็ก แบรนด์ Disney,,,,taxable,,1,1,,,,1,,,,,,,280,สินค้าและอุปกรณ์สำหรับเด็ก,,,,,,,,,,,,,,,,สี,"สีส้ม, สีเหลือง",1,1,เพศ,ชาย,1,1,,,,,,,,,Good
,simple,1000007,,Striped T-shirt เสื้อยืด ลายขวาง,1,,visible,เสื้อยืด  แบรนด์ Polo Ralph Lauren  สีม่วง ดำ ลายขวาง ไซส์ 4/4T,,,,taxable,,1,1,,,,0.057,,,,,,,360,สินค้าและอุปกรณ์สำหรับเด็ก,,,,,,,,,,,,,,,,สี,"สีดำ, สีม่วง",1,1,เพศ,ชาย,1,1,Size (เสื้อ),4T,1,1,อายุ,4ปี,1,1,Good
,simple,1000081,,Length Leggings เลกกิ้งยาว,1,,visible,"เลคกิ้ง แบรนด์ H&amp;M สีขาว ไซส์ EUR 128 US 7-8Y CA 7-8A CN 130/59 MX 128 AUS 8\n\n&nbsp;",,,,taxable,,1,1,,,,0.069,,,,,,,60,สินค้าและอุปกรณ์สำหรับเด็ก,,,,,,,,,,,,,,,,สี,สีขาว,1,1,Size (กางเกง),8Y,1,1,เพศ,หญิง,1,1,อายุ,8ปี,1,1,Good
,simple,1000030,,Floral pants กางเกงขายาว ลายดอกไม้,1,,visible,"กางเกงขายาว Crazy สีม่วง ไซส์  S 5-6\n\n&nbsp;",,,,taxable,,1,1,,,,0.081,,,,,,,150,สินค้าและอุปกรณ์สำหรับเด็ก,,,,,,,,,,,,,,,,Size (กางเกง),"5Y, 6Y",1,1,เพศ,หญิง,1,1,สี,สีม่วง,1,1,อายุ,"5ปี, 6ปี",1,1,Good
,simple,1000036,,Flower Dress ชุดเดรส ลายดอกไม้,1,,visible,ชุดเดรส แบรนด์ PLACE สีชมพู ลายดอกไม้ ไซส์  6X/7,,,,taxable,,1,1,,,,0.189,,,,,,,230,สินค้าและอุปกรณ์สำหรับเด็ก,,,,,,,,,,,,,,,,สี,สีชมพู,1,1,Size (เสื้อ),"6Y, 7Y",1,1,เพศ,หญิง,1,1,อายุ,"6ปี, 7ปี",1,1,Fair
,simple,1000013,,Blue Dress ชุดเดรสสีกรม,1,,visible,ชุดเดรส แบรนด์ Baby&amp;kids Element แบรนด์นอกจากต่างประเทศ สีกรม สุดน่ารัก ไซส์ 110/56,,,,taxable,,1,1,,,,0.175,,,,,,,150,สินค้าและอุปกรณ์สำหรับเด็ก,,,,,,,,,,,,,,,,สี,สีกรม,1,1,เพศ,หญิง,1,1,,,,,,,,,Good
,simple,1000033,,Leggings with all-over stars เลกกิ้งพิมพ์ลายดาว,1,,visible,เลคกิ้ง แบรนด์ OVS สีกรม พิมพ์ลายดาว  ไซส์ 7-8 ปี 128 CM,,,,taxable,,1,1,,,,0.73,,,,,,,100,เสื้อผ้าและเครื่องประดับ,,,,,,,,,,,,,,,,สี,"สีดำ, สีเทา",1,1,Size (กางเกง),8Y,1,1,เพศ,หญิง,1,1,อายุ,"7ปี, 8ปี",1,1,Good
,simple,1000053,,Toddler Tie-Dye Gap Logo Hoodie เสื้อฮู้ ลายโลโก้,1,,visible,"เสื้อฮู้ แบรนด์ Baby GAP สีเทา นุ่ม ใส่สบาย ลาย GAP สุดเท่ห์ ไซส์4ปี (4Y)\n\n&nbsp;",,,,taxable,,1,1,,,,0.207,,,,,,,500,สินค้าและอุปกรณ์สำหรับเด็ก,,,,,,,,,,,,,,,,สี,"สีชมพู, สีเทา",1,1,เพศ,หญิง,1,1,Size (เสื้อ),4Y,1,1,อายุ,4ปี,1,1,Good
,simple,1000039,,Ribbed Leggings กางเกงเลกกิ้ง,1,,visible,เลคกิ้ง แบรนด์ Raspberry republic สีดำ ไซส์ 5-7ปี 116/122,,,,taxable,,1,1,,,,0.102,,,,,,,300,สินค้าและอุปกรณ์สำหรับเด็ก,,,,,,,,,,,,,,,,สี,สีดำ,1,1,เพศ,หญิง,1,1,Size (กางเกง),"5Y, 6Y",1,1,อายุ,"5ปี, 6ปี",1,1,Good
,simple,1000065,,Yellow t-shirt เสื้อยืดสีเหลือง,1,,visible,เสื้อยืด แบรนด์ NAUTICA สีเหลือง สกรีนสุดน่ารัก ไซส์ 7ปี (7Y),,,,taxable,,1,1,,,,0.69,,,,,,,100,สินค้าและอุปกรณ์สำหรับเด็ก,,,,,,,,,,,,,,,,สี,สีเหลือง,1,1,Size (เสื้อ),7Y,1,1,เพศ,หญิง,1,1,อายุ,7ปี,1,1,Good
,simple,1000029,,Shirt Set เซตเสื้อกระโปรง ลายดอกไม้,1,,visible,เซตเสื้อและกระโปรง แบรนด์ Junior Gaultier ลายดอไม้ ไซส์ 6ปี (6a),,,,taxable,,1,1,,,,0.196,,,,,,,1500,สินค้าและอุปกรณ์สำหรับเด็ก,,,,,,,,,,,,,,,,สี,"สีชมพู, สีเขียว, สีเหลือง",1,1,เพศ,หญิง,1,1,Size (เสื้อ),6Y,1,1,อายุ,6ปี,1,1,Good
,simple,1000082,,Girls' Lacoste Scalloped Collar Mini Piqué Polo Shirt เสื้อโปโลหญิง คอปก,1,,visible,เสื้อโปโลหญิง คอปก แบรนด์ LACOSTE สีชมพู มินิปิเก้ ปกเชิ้ต ไซส์ 10ปี (10Y),,,,taxable,,1,1,,,,0.125,,,,,,,1080,สินค้าและอุปกรณ์สำหรับเด็ก,,,,,,,,,,,,,,,,สี,สีแดง,1,1,Size (เสื้อ),10Y,1,1,เพศ,หญิง,1,1,อายุ,10ปี,1,1,Good
,simple,1000044,,RUFFLE STRAP TOP เสื้อครอปสายเดี่ยว,1,,visible,"เสื้อครอปสายเดี่ยว แบรนด์ Janie and Jack สีขาว ดำ ไซส์ 5Y\n\n&nbsp;",,,,taxable,,1,1,,,,0.090,,,,,,,600,สินค้าและอุปกรณ์สำหรับเด็ก,,,,,,,,,,,,,,,,สี,"สีขาว, สีดำ",1,1,เพศ,หญิง,1,1,Size (เสื้อ),4Y,1,1,อายุ,5ปี,1,1,Good
,simple,1000022,,2-Piece Glow Halloween 100% Snug Fit Cotton PJs ชุดฮาโลวีนแรงแสง,1,,visible,เซตเสื้อและกางเกง แบรนด์ Carter’s สีเขียว ลายฮาโลวีนแรงแสง สุดน่ารัก ไซส์ 6 ปี (6Y),,,,taxable,,1,1,,,,0.208,,,,,,,360,สินค้าและอุปกรณ์สำหรับเด็ก,,,,,,,,,,,,,,,,สี,สีดำ,1,1,Size (เสื้อ),6Y,1,1,เพศ,ชาย,1,1,อายุ,6ปี,1,1,Good
,simple,1000055,,Super Star Dress ชุดเดรส,1,,visible,ชุดเดรส แบรนด์ Lily bleu สกรีน Super Star สีดำ ไซส์ 4,,,,taxable,,1,1,,,,0.137,,,,,,,210,สินค้าและอุปกรณ์สำหรับเด็ก,,,,,,,,,,,,,,,,สี,"สีกรม, สีขาว",1,1,เพศ,หญิง,1,1,Size (เสื้อ),4Y,1,1,อายุ,4ปี,1,1,Good
,simple,1000051,,Dress Polo Ralph Lauren ชุดกระโปรงคอปกเชิ้ต,1,,visible,ชุดกระโปรงคอปกเชิ้ต แบรนด์ Polo Ralph Lauren สีแดง ลายดอกไม้ ไซส์ 4ปี (4/4T),,,,taxable,,1,1,,,,0.131,,,,,,,900,สินค้าและอุปกรณ์สำหรับเด็ก,,,,,,,,,,,,,,,,สี,"สีชมพู, สีเขียว, สีเหลือง",1,1,เพศ,หญิง,1,1,Size (เสื้อ),"4T, 4Y",1,1,อายุ,4ปี,1,1,Good
,simple,1000078,,Mango Dress เดรสแขนกุด,1,,visible,ชุดเดรส แบรนด์ Mango kids สีเทา ลายจุด สุดน่ารัก ไซส์ 6-7ปี (6-8Y),,,,taxable,,1,1,,,,0.121,,,,,,,240,สินค้าและอุปกรณ์สำหรับเด็ก,,,,,,,,,,,,,,,,เพศ,หญิง,1,1,Size (เสื้อ),"6Y, 7Y",1,1,สี,สีเทา,1,1,อายุ,"6ปี, 7ปี",1,1,Good
,simple,1000037,,OVS Stretch cotton กางเกงผ้ายืด,1,,visible,"กางเกงขายาว แบรนด์ OVS สีเทา ไซส์  6-7ปี (6-7Y)\n\n&nbsp;",,,,taxable,,1,1,,,,0.130,,,,,,,60,สินค้าและอุปกรณ์สำหรับเด็ก,,,,,,,,,,,,,,,,สี,สีเทา,1,1,Size (กางเกง),6Y,1,1,เพศ,"ชาย, หญิง",1,1,อายุ,"6ปี, 7ปี",1,1,Good
,simple,1000066,,Kenzo Joggers กางเกงขายาว,1,,visible,กางเกงขายาว แบรนด์ Kenzo ลายเสือ สุดเท่ห์ สีแดง ชมพู,,,,taxable,,1,1,,,,0.163,,,,,,,120,สินค้าและอุปกรณ์สำหรับเด็ก,,,,,,,,,,,,,,,,สี,"สีดำ, สีแดง",1,1,เพศ,หญิง,1,1,Size (กางเกง),6Y,1,1,อายุ,6ปี,1,1,Good
,simple,1000080,,Jersey Dress ชุดเดรสเจอร์ซีย์,1,,visible,ชุดเดรสเจอร์ซีย์ แบรนด์ H&amp;M สีแดง ไซส์ 8-10 Y EUR 134/140 US 8/10 CA 8-10A CN 140/68 MX 134/140 AUS 9-10 UK 8-10Y,,,,taxable,,1,1,,,,0.158,,,,,,,90,สินค้าและอุปกรณ์สำหรับเด็ก,,,,,,,,,,,,,,,,สี,สีแดง,1,1,Size (เสื้อ),8-10Y,1,1,เพศ,หญิง,1,1,อายุ,"10ปี, 8ปี",1,1,Good
,simple,1000003,,Light Blue Dress ชุดเดรสสีฟ้า,1,,visible,ชุดเดรส แบรนด์ Connext kids สีฟ้า สุดน่ารัก,,,,taxable,,1,1,,,,0.113,,,,,,,75,สินค้าและอุปกรณ์สำหรับเด็ก,,,,,,,,,,,,,,,,สี,สีฟ้า,1,1,เพศ,หญิง,1,1,,,,,,,,,Good
,simple,1000067,,Printed Built-In Tough Full-Length Leggings เลกกิ้งขายาวทรงยาวพิมพ์ลาย,1,,visible,เลกกิ้งขายาวทรงยาวพิมพ์ลาย แบรนด์ Old Navy สีดำ ขาว ไซส์ 8ปี (8Y),,,,taxable,,1,1,,,,0.094,,,,,,,100,สินค้าและอุปกรณ์สำหรับเด็ก,,,,,,,,,,,,,,,,สี,"สีขาว, สีดำ",1,1,Size (กางเกง),8Y,1,1,เพศ,หญิง,1,1,อายุ,8ปี,1,1,Good
,simple,1000024,,Skinny Cutoff Shorts กางเกงขาสั้น,1,,visible,กางเกงขาสั้น แบรนด์ Epic Threads สีขาว เบบี้ ไซส์ 6 X,,,,taxable,,1,1,,,,0.090,,,,,,,565,สินค้าและอุปกรณ์สำหรับเด็ก,,,,,,,,,,,,,,,,สี,สีขาว,1,1,Size (กางเกง),6Y,1,1,เพศ,ชาย,1,1,อายุ,6ปี,1,1,New
,simple,1000027,,Grey Leggings กางเกงเลกกิ้ง สีเทา,1,,visible,เลคกิ้ง แบรนด์ Uniqlo สีเทา เบบี้ ไซส์ 3-4ปี 100 CM,,,,taxable,,1,1,,,,0.102,,,,,,,180,สินค้าและอุปกรณ์สำหรับเด็ก,,,,,,,,,,,,,,,,สี,สีเทา,1,1,เพศ,"ชาย, หญิง",1,1,Size (กางเกง),"3T, 4T",1,1,อายุ,"3ปี, 4ปี",1,1,Good
,simple,1000040,,Toddler Elasticized Pull-On Slim Taper Jeans with Stretch กางเกงยีนส์,1,,visible,กางเกงยีนส์ขายาว แบรนด์ Gap kids สำหรับเด็ก ไซส์ 5ปี(5Y),,,,taxable,,1,1,,,,0.222,,,,,,,420,สินค้าและอุปกรณ์สำหรับเด็ก,,,,,,,,,,,,,,,,สี,สีขาว,1,1,Size (กางเกง),5Y,1,1,เพศ,"ชาย, หญิง",1,1,อายุ,5ปี,1,1,Fair
,simple,1000071,,Floral pants กางเกงขายาว ลายดอกไม้,1,,visible,กางเกงขายาว Crazy สีชมพู ไซส์  S 5-6,,,,taxable,,1,1,,,,0.087,,,,,,,150,สินค้าและอุปกรณ์สำหรับเด็ก,,,,,,,,,,,,,,,,สี,"สีชมพู, สีเขียว",1,1,Size (กางเกง),"5Y, 6Y",1,1,เพศ,หญิง,1,1,อายุ,"5ปี, 6ปี",1,1,Good
,simple,1000009,,Rita dress เดรสทรง ผ้าลายสวย,1,,visible,เดรสทรงผ้าลายสวย แบรนด์ Tiny Tale สีขาว ไซส์ 3XL และ ไซส์ M,,,,taxable,,1,1,,,,0.342,,,,,,,380,สินค้าและอุปกรณ์สำหรับเด็ก,,,,,,,,,,,,,,,,สี,"สีขาว, สีเขียว",1,1,เพศ,หญิง,1,1,,,,,,,,,Fair
,simple,1000046,,Purple T-shirt เสื้อยืดสีม่วง,1,,visible,"เสื้อยืดหมีน้อย โปโล แบรนด์ Polo ไซส์ 4/4T สีม่วง\n\n&nbsp;",,,,taxable,,1,1,,,,0.083,,,,,,,360,สินค้าและอุปกรณ์สำหรับเด็ก,,,,,,,,,,,,,,,,สี,สีม่วง,1,1,Size (เสื้อ),"4T, 4Y",1,1,เพศ,ชาย,1,1,อายุ,4ปี,1,1,Good
,simple,1000012,,The Dark Skeleton Pajamas Sets Short Sleeve Summer Black ชุดนอนฮาโลวีน,1,,visible,ชุดนอนฮาโลวีน น่ารัก ใส่สบาย แบรนด์ Mud kingdom ไซส์ 120 สีชมพู,,,,taxable,,1,1,,,,0.197,,,,,,,285,สินค้าและอุปกรณ์สำหรับเด็ก,,,,,,,,,,,,,,,,สี,สีชมพู,1,1,เพศ,หญิง,1,1,,,,,,,,,Good
,simple,1000075,,Light blue pants กางเกงขายาว สีฟ้า,1,,visible,กางเกงขายาว Crazy สีฟ้า ไซส์  S 5-6,,,,taxable,,1,1,,,,0.081,,,,,,,150,สินค้าและอุปกรณ์สำหรับเด็ก,,,,,,,,,,,,,,,,สี,สีฟ้า,1,1,Size (กางเกง),"5Y, 6Y",1,1,เพศ,หญิง,1,1,อายุ,"5ปี, 6ปี",1,1,Good
,simple,1000061,,Sleep Suit Disney Minnie Mouse ชุดนอน มินนี่เม้าส์,1,,visible,ชุดนอน มินนี่เม้าส์ น่ารัก ใส่สบาย แบรนด์ Disney ไซส์ 4Y สีชมพู,,,,taxable,,1,1,,,,,,,,,,,255,สินค้าและอุปกรณ์สำหรับเด็ก,,,,,,,,,,,,,,,,สี,สีชมพู,1,1,Size (เสื้อ),4Y,1,1,Size (กางเกง),4Y,1,1,อายุ,4ปี,1,1,Good
,simple,210278,,210278,1,,visible,,,,,taxable,,1,1,,,,,,,,,,,60,เสื้อผ้าและเครื่องประดับ,,,,,,,,,,,,,,,,,,,,,,,,,,,,,,,,Good
,simple,810007,,810007,1,,visible,,,,,taxable,,1,1,,,,,,,,,,,120,ของเล่นและเครื่องนอนการตกแต่ง,,,,,,,,,,,,,,,,,,,,,,,,,,,,,,,,Good
,simple,210001,,210001,1,,visible,,,,,taxable,,1,1,,,,,,,,,,,120,สินค้าและอุปกรณ์สำหรับเด็ก,,,,,,,,,,,,,,,,,,,,,,,,,,,,,,,,
,simple,210003,,210003,1,,visible,,,,,taxable,,1,1,,,,,,,,,,,80,สินค้าและอุปกรณ์สำหรับเด็ก,,,,,,,,,,,,,,,,,,,,,,,,,,,,,,,,
,simple,210004,,210004,1,,visible,,,,,taxable,,1,1,,,,,,,,,,,40,สินค้าและอุปกรณ์สำหรับเด็ก,,,,,,,,,,,,,,,,,,,,,,,,,,,,,,,,
,simple,210007,,210007,1,,visible,,,,,taxable,,1,1,,,,,,,,,,,40,สินค้าและอุปกรณ์สำหรับเด็ก,,,,,,,,,,,,,,,,,,,,,,,,,,,,,,,,
,simple,210010,,210010,1,,visible,,,,,taxable,,1,1,,,,,,,,,,,120,สินค้าและอุปกรณ์สำหรับเด็ก,,,,,,,,,,,,,,,,,,,,,,,,,,,,,,,,
,simple,210011,,210011,1,,visible,,,,,taxable,,1,1,,,,,,,,,,,100,สินค้าและอุปกรณ์สำหรับเด็ก,,,,,,,,,,,,,,,,,,,,,,,,,,,,,,,,
,simple,210014,,210014,1,,visible,,,,,taxable,,1,1,,,,,,,,,,,100,สินค้าและอุปกรณ์สำหรับเด็ก,,,,,,,,,,,,,,,,,,,,,,,,,,,,,,,,
,simple,210015,,210015,1,,visible,,,,,taxable,,1,1,,,,,,,,,,,40,สินค้าและอุปกรณ์สำหรับเด็ก,,,,,,,,,,,,,,,,,,,,,,,,,,,,,,,,
,simple,210016,,210016,1,,visible,,,,,taxable,,1,1,,,,,,,,,,,80,สินค้าและอุปกรณ์สำหรับเด็ก,,,,,,,,,,,,,,,,,,,,,,,,,,,,,,,,
,simple,210017,,210017,1,,visible,,,,,taxable,,1,1,,,,,,,,,,,60,สินค้าและอุปกรณ์สำหรับเด็ก,,,,,,,,,,,,,,,,,,,,,,,,,,,,,,,,
,simple,210018,,210018,1,,visible,,,,,taxable,,1,1,,,,,,,,,,,60,สินค้าและอุปกรณ์สำหรับเด็ก,,,,,,,,,,,,,,,,,,,,,,,,,,,,,,,,
,simple,210020,,210020,1,,visible,,,,,taxable,,1,1,,,,,,,,,,,40,สินค้าและอุปกรณ์สำหรับเด็ก,,,,,,,,,,,,,,,,,,,,,,,,,,,,,,,,
,simple,210021,,210021,1,,visible,,,,,taxable,,1,1,,,,,,,,,,,40,สินค้าและอุปกรณ์สำหรับเด็ก,,,,,,,,,,,,,,,,,,,,,,,,,,,,,,,,
,simple,210022,,210022,1,,visible,,,,,taxable,,1,1,,,,,,,,,,,60,สินค้าและอุปกรณ์สำหรับเด็ก,,,,,,,,,,,,,,,,,,,,,,,,,,,,,,,,
,simple,210023,,210023,1,,visible,,,,,taxable,,1,1,,,,,,,,,,,60,สินค้าและอุปกรณ์สำหรับเด็ก,,,,,,,,,,,,,,,,,,,,,,,,,,,,,,,,
,simple,210024,,210024,1,,visible,,,,,taxable,,1,1,,,,,,,,,,,60,สินค้าและอุปกรณ์สำหรับเด็ก,,,,,,,,,,,,,,,,,,,,,,,,,,,,,,,,
,simple,210025,,210025,1,,visible,,,,,taxable,,1,1,,,,,,,,,,,60,สินค้าและอุปกรณ์สำหรับเด็ก,,,,,,,,,,,,,,,,,,,,,,,,,,,,,,,,
,simple,210027,,210027,1,,visible,,,,,taxable,,1,1,,,,,,,,,,,60,สินค้าและอุปกรณ์สำหรับเด็ก,,,,,,,,,,,,,,,,,,,,,,,,,,,,,,,,
,simple,210028,,210028,1,,visible,,,,,taxable,,1,1,,,,,,,,,,,10,สินค้าและอุปกรณ์สำหรับเด็ก,,,,,,,,,,,,,,,,,,,,,,,,,,,,,,,,
,simple,210029,,210029,1,,visible,,,,,taxable,,1,1,,,,,,,,,,,40,สินค้าและอุปกรณ์สำหรับเด็ก,,,,,,,,,,,,,,,,,,,,,,,,,,,,,,,,
,simple,210030,,210030,1,,visible,,,,,taxable,,1,1,,,,,,,,,,,40,สินค้าและอุปกรณ์สำหรับเด็ก,,,,,,,,,,,,,,,,,,,,,,,,,,,,,,,,
,simple,210031,,210031,1,,visible,,,,,taxable,,1,1,,,,,,,,,,,60,สินค้าและอุปกรณ์สำหรับเด็ก,,,,,,,,,,,,,,,,,,,,,,,,,,,,,,,,
,simple,210032,,210032,1,,visible,,,,,taxable,,1,1,,,,,,,,,,,40,สินค้าและอุปกรณ์สำหรับเด็ก,,,,,,,,,,,,,,,,,,,,,,,,,,,,,,,,
,simple,210033,,210033,1,,visible,,,,,taxable,,1,1,,,,,,,,,,,60,สินค้าและอุปกรณ์สำหรับเด็ก,,,,,,,,,,,,,,,,,,,,,,,,,,,,,,,,
,simple,210034,,210034,1,,visible,,,,,taxable,,1,1,,,,,,,,,,,100,สินค้าและอุปกรณ์สำหรับเด็ก,,,,,,,,,,,,,,,,,,,,,,,,,,,,,,,,
,simple,210035,,210035,1,,visible,,,,,taxable,,1,1,,,,,,,,,,,40,สินค้าและอุปกรณ์สำหรับเด็ก,,,,,,,,,,,,,,,,,,,,,,,,,,,,,,,,
,simple,210036,,210036,1,,visible,,,,,taxable,,1,1,,,,,,,,,,,80,สินค้าและอุปกรณ์สำหรับเด็ก,,,,,,,,,,,,,,,,,,,,,,,,,,,,,,,,
,simple,210038,,210038,1,,visible,,,,,taxable,,1,1,,,,,,,,,,,80,สินค้าและอุปกรณ์สำหรับเด็ก,,,,,,,,,,,,,,,,,,,,,,,,,,,,,,,,
,simple,210039,,210039,1,,visible,,,,,taxable,,1,1,,,,,,,,,,,40,สินค้าและอุปกรณ์สำหรับเด็ก,,,,,,,,,,,,,,,,,,,,,,,,,,,,,,,,
,simple,210041,,210041,1,,visible,,,,,taxable,,1,1,,,,,,,,,,,40,สินค้าและอุปกรณ์สำหรับเด็ก,,,,,,,,,,,,,,,,,,,,,,,,,,,,,,,,
,simple,210042,,210042,1,,visible,,,,,taxable,,1,1,,,,,,,,,,,60,เสื้อผ้าและเครื่องประดับ,,,,,,,,,,,,,,,,,,,,,,,,,,,,,,,,
,simple,210043,,210043,1,,visible,,,,,taxable,,1,1,,,,,,,,,,,60,สินค้าและอุปกรณ์สำหรับเด็ก,,,,,,,,,,,,,,,,,,,,,,,,,,,,,,,,
,simple,210044,,210044,1,,visible,,,,,taxable,,1,1,,,,,,,,,,,60,สินค้าและอุปกรณ์สำหรับเด็ก,,,,,,,,,,,,,,,,,,,,,,,,,,,,,,,,
,simple,210046,,210046,1,,visible,,,,,taxable,,1,1,,,,,,,,,,,40,สินค้าและอุปกรณ์สำหรับเด็ก,,,,,,,,,,,,,,,,,,,,,,,,,,,,,,,,
,simple,210047,,210047,1,,visible,,,,,taxable,,1,1,,,,,,,,,,,60,สินค้าและอุปกรณ์สำหรับเด็ก,,,,,,,,,,,,,,,,,,,,,,,,,,,,,,,,
,simple,210048,,210048,1,,visible,,,,,taxable,,1,1,,,,,,,,,,,60,สินค้าและอุปกรณ์สำหรับเด็ก,,,,,,,,,,,,,,,,,,,,,,,,,,,,,,,,
,simple,210051,,210051,1,,visible,,,,,taxable,,1,1,,,,,,,,,,,100,สินค้าและอุปกรณ์สำหรับเด็ก,,,,,,,,,,,,,,,,,,,,,,,,,,,,,,,,
,simple,210052,,210052,1,,visible,,,,,taxable,,1,1,,,,,,,,,,,40,สินค้าและอุปกรณ์สำหรับเด็ก,,,,,,,,,,,,,,,,,,,,,,,,,,,,,,,,
,simple,210055,,210055,1,,visible,,,,,taxable,,1,1,,,,,,,,,,,60,สินค้าและอุปกรณ์สำหรับเด็ก,,,,,,,,,,,,,,,,,,,,,,,,,,,,,,,,
,simple,210056,,210056,1,,visible,,,,,taxable,,1,1,,,,,,,,,,,60,สินค้าและอุปกรณ์สำหรับเด็ก,,,,,,,,,,,,,,,,,,,,,,,,,,,,,,,,
,simple,210057,,210057,1,,visible,,,,,taxable,,1,1,,,,,,,,,,,40,สินค้าและอุปกรณ์สำหรับเด็ก,,,,,,,,,,,,,,,,,,,,,,,,,,,,,,,,
,simple,210058,,210058,1,,visible,,,,,taxable,,1,1,,,,,,,,,,,60,สินค้าและอุปกรณ์สำหรับเด็ก,,,,,,,,,,,,,,,,,,,,,,,,,,,,,,,,
,simple,210059,,210059,1,,visible,,,,,taxable,,1,1,,,,,,,,,,,60,สินค้าและอุปกรณ์สำหรับเด็ก,,,,,,,,,,,,,,,,,,,,,,,,,,,,,,,,
,simple,210060,,210060,1,,visible,,,,,taxable,,1,1,,,,,,,,,,,60,สินค้าและอุปกรณ์สำหรับเด็ก,,,,,,,,,,,,,,,,,,,,,,,,,,,,,,,,
,simple,210061,,210061,1,,visible,,,,,taxable,,1,1,,,,,,,,,,,40,สินค้าและอุปกรณ์สำหรับเด็ก,,,,,,,,,,,,,,,,,,,,,,,,,,,,,,,,
,simple,210063,,210063,1,,visible,,,,,taxable,,1,1,,,,,,,,,,,60,สินค้าและอุปกรณ์สำหรับเด็ก,,,,,,,,,,,,,,,,,,,,,,,,,,,,,,,,
,simple,210065,,210065,1,,visible,,,,,taxable,,1,1,,,,,,,,,,,60,สินค้าและอุปกรณ์สำหรับเด็ก,,,,,,,,,,,,,,,,,,,,,,,,,,,,,,,,
,simple,210066,,210066,1,,visible,,,,,taxable,,1,1,,,,,,,,,,,60,สินค้าและอุปกรณ์สำหรับเด็ก,,,,,,,,,,,,,,,,,,,,,,,,,,,,,,,,
,simple,210067,,210067,1,,visible,,,,,taxable,,1,1,,,,,,,,,,,40,สินค้าและอุปกรณ์สำหรับเด็ก,,,,,,,,,,,,,,,,,,,,,,,,,,,,,,,,
,simple,210068,,210068,1,,visible,,,,,taxable,,1,1,,,,,,,,,,,40,สินค้าและอุปกรณ์สำหรับเด็ก,,,,,,,,,,,,,,,,,,,,,,,,,,,,,,,,
,simple,210069,,210069,1,,visible,,,,,taxable,,1,1,,,,,,,,,,,40,สินค้าและอุปกรณ์สำหรับเด็ก,,,,,,,,,,,,,,,,,,,,,,,,,,,,,,,,
,simple,210072,,210072,1,,visible,,,,,taxable,,1,1,,,,,,,,,,,100,สินค้าและอุปกรณ์สำหรับเด็ก,,,,,,,,,,,,,,,,,,,,,,,,,,,,,,,,
,simple,210074,,210074,1,,visible,,,,,taxable,,1,1,,,,,,,,,,,80,สินค้าและอุปกรณ์สำหรับเด็ก,,,,,,,,,,,,,,,,,,,,,,,,,,,,,,,,
,simple,210078,,210078,1,,visible,,,,,taxable,,1,1,,,,,,,,,,,80,สินค้าและอุปกรณ์สำหรับเด็ก,,,,,,,,,,,,,,,,,,,,,,,,,,,,,,,,
,simple,210079,,210079,1,,visible,,,,,taxable,,1,1,,,,,,,,,,,80,สินค้าและอุปกรณ์สำหรับเด็ก,,,,,,,,,,,,,,,,,,,,,,,,,,,,,,,,
,simple,210080,,210080,1,,visible,,,,,taxable,,1,1,,,,,,,,,,,80,สินค้าและอุปกรณ์สำหรับเด็ก,,,,,,,,,,,,,,,,,,,,,,,,,,,,,,,,
,simple,210081,,210081,1,,visible,,,,,taxable,,1,1,,,,,,,,,,,80,สินค้าและอุปกรณ์สำหรับเด็ก,,,,,,,,,,,,,,,,,,,,,,,,,,,,,,,,
,simple,210082,,210082,1,,visible,,,,,taxable,,1,1,,,,,,,,,,,100,สินค้าและอุปกรณ์สำหรับเด็ก,,,,,,,,,,,,,,,,,,,,,,,,,,,,,,,,
,simple,210083,,210083,1,,visible,,,,,taxable,,1,1,,,,,,,,,,,40,สินค้าและอุปกรณ์สำหรับเด็ก,,,,,,,,,,,,,,,,,,,,,,,,,,,,,,,,
,simple,210084,,210084,1,,visible,,,,,taxable,,1,1,,,,,,,,,,,100,สินค้าและอุปกรณ์สำหรับเด็ก,,,,,,,,,,,,,,,,,,,,,,,,,,,,,,,,
,simple,210086,,210086,1,,visible,,,,,taxable,,1,1,,,,,,,,,,,100,สินค้าและอุปกรณ์สำหรับเด็ก,,,,,,,,,,,,,,,,,,,,,,,,,,,,,,,,
,simple,210087,,210087,1,,visible,,,,,taxable,,1,1,,,,,,,,,,,80,สินค้าและอุปกรณ์สำหรับเด็ก,,,,,,,,,,,,,,,,,,,,,,,,,,,,,,,,
,simple,210088,,210088,1,,visible,,,,,taxable,,1,1,,,,,,,,,,,80,สินค้าและอุปกรณ์สำหรับเด็ก,,,,,,,,,,,,,,,,,,,,,,,,,,,,,,,,
,simple,210089,,210089,1,,visible,,,,,taxable,,1,1,,,,,,,,,,,80,สินค้าและอุปกรณ์สำหรับเด็ก,,,,,,,,,,,,,,,,,,,,,,,,,,,,,,,,
,simple,210091,,210091,1,,visible,,,,,taxable,,1,1,,,,,,,,,,,80,สินค้าและอุปกรณ์สำหรับเด็ก,,,,,,,,,,,,,,,,,,,,,,,,,,,,,,,,
,simple,210092,,210092,1,,visible,,,,,taxable,,1,1,,,,,,,,,,,100,สินค้าและอุปกรณ์สำหรับเด็ก,,,,,,,,,,,,,,,,,,,,,,,,,,,,,,,,
,simple,210093,,210093,1,,visible,,,,,taxable,,1,1,,,,,,,,,,,60,สินค้าและอุปกรณ์สำหรับเด็ก,,,,,,,,,,,,,,,,,,,,,,,,,,,,,,,,
,simple,210095,,210095,1,,visible,,,,,taxable,,1,1,,,,,,,,,,,100,สินค้าและอุปกรณ์สำหรับเด็ก,,,,,,,,,,,,,,,,,,,,,,,,,,,,,,,,
,simple,210097,,210097,1,,visible,,,,,taxable,,1,1,,,,,,,,,,,100,สินค้าและอุปกรณ์สำหรับเด็ก,,,,,,,,,,,,,,,,,,,,,,,,,,,,,,,,
,simple,210098,,210098,1,,visible,,,,,taxable,,1,1,,,,,,,,,,,100,สินค้าและอุปกรณ์สำหรับเด็ก,,,,,,,,,,,,,,,,,,,,,,,,,,,,,,,,
,simple,210099,,210099,1,,visible,,,,,taxable,,1,1,,,,,,,,,,,100,สินค้าและอุปกรณ์สำหรับเด็ก,,,,,,,,,,,,,,,,,,,,,,,,,,,,,,,,
,simple,210100,,210100,1,,visible,,,,,taxable,,1,1,,,,,,,,,,,100,สินค้าและอุปกรณ์สำหรับเด็ก,,,,,,,,,,,,,,,,,,,,,,,,,,,,,,,,
,simple,210101,,210101,1,,visible,,,,,taxable,,1,1,,,,,,,,,,,100,สินค้าและอุปกรณ์สำหรับเด็ก,,,,,,,,,,,,,,,,,,,,,,,,,,,,,,,,
,simple,210103,,210103,1,,visible,,,,,taxable,,1,1,,,,,,,,,,,80,สินค้าและอุปกรณ์สำหรับเด็ก,,,,,,,,,,,,,,,,,,,,,,,,,,,,,,,,
,simple,210104,,210104,1,,visible,,,,,taxable,,1,1,,,,,,,,,,,80,สินค้าและอุปกรณ์สำหรับเด็ก,,,,,,,,,,,,,,,,,,,,,,,,,,,,,,,,
,simple,210106,,210106,1,,visible,,,,,taxable,,1,1,,,,,,,,,,,80,สินค้าและอุปกรณ์สำหรับเด็ก,,,,,,,,,,,,,,,,,,,,,,,,,,,,,,,,
,simple,210107,,210107,1,,visible,,,,,taxable,,1,1,,,,,,,,,,,80,สินค้าและอุปกรณ์สำหรับเด็ก,,,,,,,,,,,,,,,,,,,,,,,,,,,,,,,,
,simple,210108,,210108,1,,visible,,,,,taxable,,1,1,,,,,,,,,,,100,สินค้าและอุปกรณ์สำหรับเด็ก,,,,,,,,,,,,,,,,,,,,,,,,,,,,,,,,
,simple,210109,,210109,1,,visible,,,,,taxable,,1,1,,,,,,,,,,,80,สินค้าและอุปกรณ์สำหรับเด็ก,,,,,,,,,,,,,,,,,,,,,,,,,,,,,,,,
,simple,210110,,210110,1,,visible,,,,,taxable,,1,1,,,,,,,,,,,100,สินค้าและอุปกรณ์สำหรับเด็ก,,,,,,,,,,,,,,,,,,,,,,,,,,,,,,,,
,simple,210113,,210113,1,,visible,,,,,taxable,,1,1,,,,,,,,,,,60,สินค้าและอุปกรณ์สำหรับเด็ก,,,,,,,,,,,,,,,,,,,,,,,,,,,,,,,,
,simple,210114,,210114,1,,visible,,,,,taxable,,1,1,,,,,,,,,,,100,สินค้าและอุปกรณ์สำหรับเด็ก,,,,,,,,,,,,,,,,,,,,,,,,,,,,,,,,
,simple,210115,,210115,1,,visible,,,,,taxable,,1,1,,,,,,,,,,,80,สินค้าและอุปกรณ์สำหรับเด็ก,,,,,,,,,,,,,,,,,,,,,,,,,,,,,,,,
,simple,210117,,210117,1,,visible,,,,,taxable,,1,1,,,,,,,,,,,80,สินค้าและอุปกรณ์สำหรับเด็ก,,,,,,,,,,,,,,,,,,,,,,,,,,,,,,,,
,simple,210118,,210118,1,,visible,,,,,taxable,,1,1,,,,,,,,,,,40,สินค้าและอุปกรณ์สำหรับเด็ก,,,,,,,,,,,,,,,,,,,,,,,,,,,,,,,,
,simple,210119,,210119,1,,visible,,,,,taxable,,1,1,,,,,,,,,,,100,สินค้าและอุปกรณ์สำหรับเด็ก,,,,,,,,,,,,,,,,,,,,,,,,,,,,,,,,
,simple,210120,,210120,1,,visible,,,,,taxable,,1,1,,,,,,,,,,,60,สินค้าและอุปกรณ์สำหรับเด็ก,,,,,,,,,,,,,,,,,,,,,,,,,,,,,,,,
,simple,210122,,210122,1,,visible,,,,,taxable,,1,1,,,,,,,,,,,60,สินค้าและอุปกรณ์สำหรับเด็ก,,,,,,,,,,,,,,,,,,,,,,,,,,,,,,,,
,simple,210121,,210121,1,,visible,,,,,taxable,,1,1,,,,,,,,,,,80,สินค้าและอุปกรณ์สำหรับเด็ก,,,,,,,,,,,,,,,,,,,,,,,,,,,,,,,,
,simple,210127,,210127,1,,visible,,,,,taxable,,1,1,,,,,,,,,,,80 1,สินค้าและอุปกรณ์สำหรับเด็ก,,,,,,,,,,,,,,,,,,,,,,,,,,,,,,,,
,simple,210128,,210128,1,,visible,,,,,taxable,,1,1,,,,,,,,,,,80,สินค้าและอุปกรณ์สำหรับเด็ก,,,,,,,,,,,,,,,,,,,,,,,,,,,,,,,,
,simple,210129,,210129,1,,visible,,,,,taxable,,1,1,,,,,,,,,,,120,สินค้าและอุปกรณ์สำหรับเด็ก,,,,,,,,,,,,,,,,,,,,,,,,,,,,,,,,
,simple,210130,,210130,1,,visible,,,,,taxable,,1,1,,,,,,,,,,,120,สินค้าและอุปกรณ์สำหรับเด็ก,,,,,,,,,,,,,,,,,,,,,,,,,,,,,,,,
,simple,210131,,210131,1,,visible,,,,,taxable,,1,1,,,,,,,,,,,80,สินค้าและอุปกรณ์สำหรับเด็ก,,,,,,,,,,,,,,,,,,,,,,,,,,,,,,,,
,simple,210133,,210133,1,,visible,,,,,taxable,,1,1,,,,,,,,,,,60,สินค้าและอุปกรณ์สำหรับเด็ก,,,,,,,,,,,,,,,,,,,,,,,,,,,,,,,,
,simple,210134,,210134,1,,visible,,,,,taxable,,1,1,,,,,,,,,,,80,สินค้าและอุปกรณ์สำหรับเด็ก,,,,,,,,,,,,,,,,,,,,,,,,,,,,,,,,
,simple,210135,,210135,1,,visible,,,,,taxable,,1,1,,,,,,,,,,,80,สินค้าและอุปกรณ์สำหรับเด็ก,,,,,,,,,,,,,,,,,,,,,,,,,,,,,,,,
,simple,210138,,210138,1,,visible,,,,,taxable,,1,1,,,,,,,,,,,60,สินค้าและอุปกรณ์สำหรับเด็ก,,,,,,,,,,,,,,,,,,,,,,,,,,,,,,,,
,simple,210140,,210140,1,,visible,,,,,taxable,,1,1,,,,,,,,,,,80,สินค้าและอุปกรณ์สำหรับเด็ก,,,,,,,,,,,,,,,,,,,,,,,,,,,,,,,,
,simple,210141,,210141,1,,visible,,,,,taxable,,1,1,,,,,,,,,,,60,สินค้าและอุปกรณ์สำหรับเด็ก,,,,,,,,,,,,,,,,,,,,,,,,,,,,,,,,
,simple,210142,,210142,1,,visible,,,,,taxable,,1,1,,,,,,,,,,,60,สินค้าและอุปกรณ์สำหรับเด็ก,,,,,,,,,,,,,,,,,,,,,,,,,,,,,,,,
,simple,210143,,210143,1,,visible,,,,,taxable,,1,1,,,,,,,,,,,80,สินค้าและอุปกรณ์สำหรับเด็ก,,,,,,,,,,,,,,,,,,,,,,,,,,,,,,,,
,simple,210145,,210145,1,,visible,,,,,taxable,,1,1,,,,,,,,,,,90,สินค้าและอุปกรณ์สำหรับเด็ก,,,,,,,,,,,,,,,,,,,,,,,,,,,,,,,,
,simple,210146,,210146,1,,visible,,,,,taxable,,1,1,,,,,,,,,,,40,สินค้าและอุปกรณ์สำหรับเด็ก,,,,,,,,,,,,,,,,,,,,,,,,,,,,,,,,
,simple,210147,,210147,1,,visible,,,,,taxable,,1,1,,,,,,,,,,,60,สินค้าและอุปกรณ์สำหรับเด็ก,,,,,,,,,,,,,,,,,,,,,,,,,,,,,,,,
,simple,210148,,210148,1,,visible,,,,,taxable,,1,1,,,,,,,,,,,40,สินค้าและอุปกรณ์สำหรับเด็ก,,,,,,,,,,,,,,,,,,,,,,,,,,,,,,,,
,simple,210149,,210149,1,,visible,,,,,taxable,,1,1,,,,,,,,,,,60,สินค้าและอุปกรณ์สำหรับเด็ก,,,,,,,,,,,,,,,,,,,,,,,,,,,,,,,,
,simple,210150,,210150,1,,visible,,,,,taxable,,1,1,,,,,,,,,,,80,สินค้าและอุปกรณ์สำหรับเด็ก,,,,,,,,,,,,,,,,,,,,,,,,,,,,,,,,
,simple,210152,,210152,1,,visible,,,,,taxable,,1,1,,,,,,,,,,,40,สินค้าและอุปกรณ์สำหรับเด็ก,,,,,,,,,,,,,,,,,,,,,,,,,,,,,,,,
,simple,210153,,210153,1,,visible,,,,,taxable,,1,1,,,,,,,,,,,40,สินค้าและอุปกรณ์สำหรับเด็ก,,,,,,,,,,,,,,,,,,,,,,,,,,,,,,,,
,simple,210154,,210154,1,,visible,,,,,taxable,,1,1,,,,,,,,,,,40,สินค้าและอุปกรณ์สำหรับเด็ก,,,,,,,,,,,,,,,,,,,,,,,,,,,,,,,,
,simple,210155,,210155,1,,visible,,,,,taxable,,1,1,,,,,,,,,,,40,สินค้าและอุปกรณ์สำหรับเด็ก,,,,,,,,,,,,,,,,,,,,,,,,,,,,,,,,
,simple,210156,,210156,1,,visible,,,,,taxable,,1,1,,,,,,,,,,,40,สินค้าและอุปกรณ์สำหรับเด็ก,,,,,,,,,,,,,,,,,,,,,,,,,,,,,,,,
,simple,210157,,210157,1,,visible,,,,,taxable,,1,1,,,,,,,,,,,40,สินค้าและอุปกรณ์สำหรับเด็ก,,,,,,,,,,,,,,,,,,,,,,,,,,,,,,,,
,simple,210158,,210158,1,,visible,,,,,taxable,,1,1,,,,,,,,,,,40,สินค้าและอุปกรณ์สำหรับเด็ก,,,,,,,,,,,,,,,,,,,,,,,,,,,,,,,,
,simple,210159,,210159,1,,visible,,,,,taxable,,1,1,,,,,,,,,,,40,สินค้าและอุปกรณ์สำหรับเด็ก,,,,,,,,,,,,,,,,,,,,,,,,,,,,,,,,
,simple,210160,,210160,1,,visible,,,,,taxable,,1,1,,,,,,,,,,,40,สินค้าและอุปกรณ์สำหรับเด็ก,,,,,,,,,,,,,,,,,,,,,,,,,,,,,,,,
,simple,210161,,210161,1,,visible,,,,,taxable,,1,1,,,,,,,,,,,40,สินค้าและอุปกรณ์สำหรับเด็ก,,,,,,,,,,,,,,,,,,,,,,,,,,,,,,,,
,simple,210162,,210162,1,,visible,,,,,taxable,,1,1,,,,,,,,,,,40,สินค้าและอุปกรณ์สำหรับเด็ก,,,,,,,,,,,,,,,,,,,,,,,,,,,,,,,,
,simple,210163,,210163,1,,visible,,,,,taxable,,1,1,,,,,,,,,,,40,สินค้าและอุปกรณ์สำหรับเด็ก,,,,,,,,,,,,,,,,,,,,,,,,,,,,,,,,
,simple,210164,,210164,1,,visible,,,,,taxable,,1,1,,,,,,,,,,,40,สินค้าและอุปกรณ์สำหรับเด็ก,,,,,,,,,,,,,,,,,,,,,,,,,,,,,,,,
,simple,210165,,210165,1,,visible,,,,,taxable,,1,1,,,,,,,,,,,40,สินค้าและอุปกรณ์สำหรับเด็ก,,,,,,,,,,,,,,,,,,,,,,,,,,,,,,,,
,simple,210166,,210166,1,,visible,,,,,taxable,,1,1,,,,,,,,,,,40,สินค้าและอุปกรณ์สำหรับเด็ก,,,,,,,,,,,,,,,,,,,,,,,,,,,,,,,,
,simple,210167,,210167,1,,visible,,,,,taxable,,1,1,,,,,,,,,,,40,สินค้าและอุปกรณ์สำหรับเด็ก,,,,,,,,,,,,,,,,,,,,,,,,,,,,,,,,
,simple,210168,,210168,1,,visible,,,,,taxable,,1,1,,,,,,,,,,,100,สินค้าและอุปกรณ์สำหรับเด็ก,,,,,,,,,,,,,,,,,,,,,,,,,,,,,,,,
,simple,210169,,210169,1,,visible,,,,,taxable,,1,1,,,,,,,,,,,40,สินค้าและอุปกรณ์สำหรับเด็ก,,,,,,,,,,,,,,,,,,,,,,,,,,,,,,,,
,simple,210170,,210170,1,,visible,,,,,taxable,,1,1,,,,,,,,,,,40,สินค้าและอุปกรณ์สำหรับเด็ก,,,,,,,,,,,,,,,,,,,,,,,,,,,,,,,,
,simple,210171,,210171,1,,visible,,,,,taxable,,1,1,,,,,,,,,,,40,สินค้าและอุปกรณ์สำหรับเด็ก,,,,,,,,,,,,,,,,,,,,,,,,,,,,,,,,
,simple,210172,,210172,1,,visible,,,,,taxable,,1,1,,,,,,,,,,,40,สินค้าและอุปกรณ์สำหรับเด็ก,,,,,,,,,,,,,,,,,,,,,,,,,,,,,,,,
,simple,210173,,210173,1,,visible,,,,,taxable,,1,1,,,,,,,,,,,60,สินค้าและอุปกรณ์สำหรับเด็ก,,,,,,,,,,,,,,,,,,,,,,,,,,,,,,,,
,simple,210174,,210174,1,,visible,,,,,taxable,,1,1,,,,,,,,,,,60,สินค้าและอุปกรณ์สำหรับเด็ก,,,,,,,,,,,,,,,,,,,,,,,,,,,,,,,,
,simple,210175,,210175,1,,visible,,,,,taxable,,1,1,,,,,,,,,,,60,สินค้าและอุปกรณ์สำหรับเด็ก,,,,,,,,,,,,,,,,,,,,,,,,,,,,,,,,
,simple,210176,,210176,1,,visible,,,,,taxable,,1,1,,,,,,,,,,,100,สินค้าและอุปกรณ์สำหรับเด็ก,,,,,,,,,,,,,,,,,,,,,,,,,,,,,,,,
,simple,210177,,210177,1,,visible,,,,,taxable,,1,1,,,,,,,,,,,60,สินค้าและอุปกรณ์สำหรับเด็ก,,,,,,,,,,,,,,,,,,,,,,,,,,,,,,,,
,simple,210178,,210178,1,,visible,,,,,taxable,,1,1,,,,,,,,,,,60,สินค้าและอุปกรณ์สำหรับเด็ก,,,,,,,,,,,,,,,,,,,,,,,,,,,,,,,,
,simple,210179,,210179,1,,visible,,,,,taxable,,1,1,,,,,,,,,,,60,สินค้าและอุปกรณ์สำหรับเด็ก,,,,,,,,,,,,,,,,,,,,,,,,,,,,,,,,
,simple,210180,,210180,1,,visible,,,,,taxable,,1,1,,,,,,,,,,,60,สินค้าและอุปกรณ์สำหรับเด็ก,,,,,,,,,,,,,,,,,,,,,,,,,,,,,,,,
,simple,210182,,210182,1,,visible,,,,,taxable,,1,1,,,,,,,,,,,60,สินค้าและอุปกรณ์สำหรับเด็ก,,,,,,,,,,,,,,,,,,,,,,,,,,,,,,,,
,simple,210184,,210184,1,,visible,,,,,taxable,,1,1,,,,,,,,,,,60,สินค้าและอุปกรณ์สำหรับเด็ก,,,,,,,,,,,,,,,,,,,,,,,,,,,,,,,,
,simple,210185,,210185,1,,visible,,,,,taxable,,1,1,,,,,,,,,,,60,สินค้าและอุปกรณ์สำหรับเด็ก,,,,,,,,,,,,,,,,,,,,,,,,,,,,,,,,
,simple,210186,,210186,1,,visible,,,,,taxable,,1,1,,,,,,,,,,,60,สินค้าและอุปกรณ์สำหรับเด็ก,,,,,,,,,,,,,,,,,,,,,,,,,,,,,,,,
,simple,210187,,210187,1,,visible,,,,,taxable,,1,1,,,,,,,,,,,80,สินค้าและอุปกรณ์สำหรับเด็ก,,,,,,,,,,,,,,,,,,,,,,,,,,,,,,,,
,simple,210188,,210188,1,,visible,,,,,taxable,,1,1,,,,,,,,,,,60,สินค้าและอุปกรณ์สำหรับเด็ก,,,,,,,,,,,,,,,,,,,,,,,,,,,,,,,,
,simple,210189,,210189,1,,visible,,,,,taxable,,1,1,,,,,,,,,,,60,สินค้าและอุปกรณ์สำหรับเด็ก,,,,,,,,,,,,,,,,,,,,,,,,,,,,,,,,
,simple,210190,,210190,1,,visible,,,,,taxable,,1,1,,,,,,,,,,,60,สินค้าและอุปกรณ์สำหรับเด็ก,,,,,,,,,,,,,,,,,,,,,,,,,,,,,,,,
,simple,210191,,210191,1,,visible,,,,,taxable,,1,1,,,,,,,,,,,60,สินค้าและอุปกรณ์สำหรับเด็ก,,,,,,,,,,,,,,,,,,,,,,,,,,,,,,,,
,simple,210192,,210192,1,,visible,,,,,taxable,,1,1,,,,,,,,,,,60,สินค้าและอุปกรณ์สำหรับเด็ก,,,,,,,,,,,,,,,,,,,,,,,,,,,,,,,,
,simple,210193,,210193,1,,visible,,,,,taxable,,1,1,,,,,,,,,,,60,สินค้าและอุปกรณ์สำหรับเด็ก,,,,,,,,,,,,,,,,,,,,,,,,,,,,,,,,
,simple,210194,,210194,1,,visible,,,,,taxable,,1,1,,,,,,,,,,,60,สินค้าและอุปกรณ์สำหรับเด็ก,,,,,,,,,,,,,,,,,,,,,,,,,,,,,,,,
,simple,210195,,210195,1,,visible,,,,,taxable,,1,1,,,,,,,,,,,60,สินค้าและอุปกรณ์สำหรับเด็ก,,,,,,,,,,,,,,,,,,,,,,,,,,,,,,,,
,simple,210197,,210197,1,,visible,,,,,taxable,,1,1,,,,,,,,,,,60,สินค้าและอุปกรณ์สำหรับเด็ก,,,,,,,,,,,,,,,,,,,,,,,,,,,,,,,,
,simple,210198,,210198,1,,visible,,,,,taxable,,1,1,,,,,,,,,,,60,สินค้าและอุปกรณ์สำหรับเด็ก,,,,,,,,,,,,,,,,,,,,,,,,,,,,,,,,
,simple,210201,,210201,1,,visible,,,,,taxable,,1,1,,,,,,,,,,,60,สินค้าและอุปกรณ์สำหรับเด็ก,,,,,,,,,,,,,,,,,,,,,,,,,,,,,,,,
,simple,210202,,210202,1,,visible,,,,,taxable,,1,1,,,,,,,,,,,60,สินค้าและอุปกรณ์สำหรับเด็ก,,,,,,,,,,,,,,,,,,,,,,,,,,,,,,,,
,simple,210203,,210203,1,,visible,,,,,taxable,,1,1,,,,,,,,,,,60,สินค้าและอุปกรณ์สำหรับเด็ก,,,,,,,,,,,,,,,,,,,,,,,,,,,,,,,,
,simple,210204,,210204,1,,visible,,,,,taxable,,1,1,,,,,,,,,,,60,สินค้าและอุปกรณ์สำหรับเด็ก,,,,,,,,,,,,,,,,,,,,,,,,,,,,,,,,
,simple,210205,,210205,1,,visible,,,,,taxable,,1,1,,,,,,,,,,,60,สินค้าและอุปกรณ์สำหรับเด็ก,,,,,,,,,,,,,,,,,,,,,,,,,,,,,,,,
,simple,210206,,210206,1,,visible,,,,,taxable,,1,1,,,,,,,,,,,60,สินค้าและอุปกรณ์สำหรับเด็ก,,,,,,,,,,,,,,,,,,,,,,,,,,,,,,,,
,simple,210207,,210207,1,,visible,,,,,taxable,,1,1,,,,,,,,,,,60,สินค้าและอุปกรณ์สำหรับเด็ก,,,,,,,,,,,,,,,,,,,,,,,,,,,,,,,,
,simple,210209,,210209,1,,visible,,,,,taxable,,1,1,,,,,,,,,,,60,สินค้าและอุปกรณ์สำหรับเด็ก,,,,,,,,,,,,,,,,,,,,,,,,,,,,,,,,
,simple,210210,,210210,1,,visible,,,,,taxable,,1,1,,,,,,,,,,,60,สินค้าและอุปกรณ์สำหรับเด็ก,,,,,,,,,,,,,,,,,,,,,,,,,,,,,,,,
,simple,210211,,210211,1,,visible,,,,,taxable,,1,1,,,,,,,,,,,60,สินค้าและอุปกรณ์สำหรับเด็ก,,,,,,,,,,,,,,,,,,,,,,,,,,,,,,,,
,simple,210212,,210212,1,,visible,,,,,taxable,,1,1,,,,,,,,,,,60,สินค้าและอุปกรณ์สำหรับเด็ก,,,,,,,,,,,,,,,,,,,,,,,,,,,,,,,,
,simple,210213,,210213,1,,visible,,,,,taxable,,1,1,,,,,,,,,,,60,สินค้าและอุปกรณ์สำหรับเด็ก,,,,,,,,,,,,,,,,,,,,,,,,,,,,,,,,
,simple,210214,,210214,1,,visible,,,,,taxable,,1,1,,,,,,,,,,,60,สินค้าและอุปกรณ์สำหรับเด็ก,,,,,,,,,,,,,,,,,,,,,,,,,,,,,,,,
,simple,210215,,210215,1,,visible,,,,,taxable,,1,1,,,,,,,,,,,60,สินค้าและอุปกรณ์สำหรับเด็ก,,,,,,,,,,,,,,,,,,,,,,,,,,,,,,,,
,simple,210216,,210216,1,,visible,,,,,taxable,,1,1,,,,,,,,,,,60,สินค้าและอุปกรณ์สำหรับเด็ก,,,,,,,,,,,,,,,,,,,,,,,,,,,,,,,,
,simple,210217,,210217,1,,visible,,,,,taxable,,1,1,,,,,,,,,,,60,สินค้าและอุปกรณ์สำหรับเด็ก,,,,,,,,,,,,,,,,,,,,,,,,,,,,,,,,
,simple,210218,,210218,1,,visible,,,,,taxable,,1,1,,,,,,,,,,,60,สินค้าและอุปกรณ์สำหรับเด็ก,,,,,,,,,,,,,,,,,,,,,,,,,,,,,,,,
,simple,210219,,210219,1,,visible,,,,,taxable,,1,1,,,,,,,,,,,60,สินค้าและอุปกรณ์สำหรับเด็ก,,,,,,,,,,,,,,,,,,,,,,,,,,,,,,,,
,simple,210221,,210221,1,,visible,,,,,taxable,,1,1,,,,,,,,,,,60,สินค้าและอุปกรณ์สำหรับเด็ก,,,,,,,,,,,,,,,,,,,,,,,,,,,,,,,,
,simple,210222,,210222,1,,visible,,,,,taxable,,1,1,,,,,,,,,,,60,สินค้าและอุปกรณ์สำหรับเด็ก,,,,,,,,,,,,,,,,,,,,,,,,,,,,,,,,
,simple,210223,,210223,1,,visible,,,,,taxable,,1,1,,,,,,,,,,,60,สินค้าและอุปกรณ์สำหรับเด็ก,,,,,,,,,,,,,,,,,,,,,,,,,,,,,,,,
,simple,210225,,210225,1,,visible,,,,,taxable,,1,1,,,,,,,,,,,60,สินค้าและอุปกรณ์สำหรับเด็ก,,,,,,,,,,,,,,,,,,,,,,,,,,,,,,,,
,simple,210226,,210226,1,,visible,,,,,taxable,,1,1,,,,,,,,,,,60,สินค้าและอุปกรณ์สำหรับเด็ก,,,,,,,,,,,,,,,,,,,,,,,,,,,,,,,,
,simple,210227,,210227,1,,visible,,,,,taxable,,1,1,,,,,,,,,,,60,สินค้าและอุปกรณ์สำหรับเด็ก,,,,,,,,,,,,,,,,,,,,,,,,,,,,,,,,
,simple,210228,,210228,1,,visible,,,,,taxable,,1,1,,,,,,,,,,,60,สินค้าและอุปกรณ์สำหรับเด็ก,,,,,,,,,,,,,,,,,,,,,,,,,,,,,,,,
,simple,210229,,210229,1,,visible,,,,,taxable,,1,1,,,,,,,,,,,60,สินค้าและอุปกรณ์สำหรับเด็ก,,,,,,,,,,,,,,,,,,,,,,,,,,,,,,,,
,simple,210230,,210230,1,,visible,,,,,taxable,,1,1,,,,,,,,,,,60,สินค้าและอุปกรณ์สำหรับเด็ก,,,,,,,,,,,,,,,,,,,,,,,,,,,,,,,,
,simple,210231,,210231,1,,visible,,,,,taxable,,1,1,,,,,,,,,,,60,สินค้าและอุปกรณ์สำหรับเด็ก,,,,,,,,,,,,,,,,,,,,,,,,,,,,,,,,
,simple,210232,,210232,1,,visible,,,,,taxable,,1,1,,,,,,,,,,,40,สินค้าและอุปกรณ์สำหรับเด็ก,,,,,,,,,,,,,,,,,,,,,,,,,,,,,,,,
,simple,210233,,210233,1,,visible,,,,,taxable,,1,1,,,,,,,,,,,60,สินค้าและอุปกรณ์สำหรับเด็ก,,,,,,,,,,,,,,,,,,,,,,,,,,,,,,,,
,simple,210234,,210234,1,,visible,,,,,taxable,,1,1,,,,,,,,,,,60,สินค้าและอุปกรณ์สำหรับเด็ก,,,,,,,,,,,,,,,,,,,,,,,,,,,,,,,,
,simple,210237,,210237,1,,visible,,,,,taxable,,1,1,,,,,,,,,,,60,สินค้าและอุปกรณ์สำหรับเด็ก,,,,,,,,,,,,,,,,,,,,,,,,,,,,,,,,
,simple,210238,,210238,1,,visible,,,,,taxable,,1,1,,,,,,,,,,,60,สินค้าและอุปกรณ์สำหรับเด็ก,,,,,,,,,,,,,,,,,,,,,,,,,,,,,,,,
,simple,210239,,210239,1,,visible,,,,,taxable,,1,1,,,,,,,,,,,40,สินค้าและอุปกรณ์สำหรับเด็ก,,,,,,,,,,,,,,,,,,,,,,,,,,,,,,,,
,simple,210241,,210241,1,,visible,,,,,taxable,,1,1,,,,,,,,,,,60,สินค้าและอุปกรณ์สำหรับเด็ก,,,,,,,,,,,,,,,,,,,,,,,,,,,,,,,,
,simple,210242,,210242,1,,visible,,,,,taxable,,1,1,,,,,,,,,,,60,สินค้าและอุปกรณ์สำหรับเด็ก,,,,,,,,,,,,,,,,,,,,,,,,,,,,,,,,
,simple,210243,,210243,1,,visible,,,,,taxable,,1,1,,,,,,,,,,,40,สินค้าและอุปกรณ์สำหรับเด็ก,,,,,,,,,,,,,,,,,,,,,,,,,,,,,,,,
,simple,210244,,210244,1,,visible,,,,,taxable,,1,1,,,,,,,,,,,60,สินค้าและอุปกรณ์สำหรับเด็ก,,,,,,,,,,,,,,,,,,,,,,,,,,,,,,,,
,simple,210245,,210245,1,,visible,,,,,taxable,,1,1,,,,,,,,,,,40,สินค้าและอุปกรณ์สำหรับเด็ก,,,,,,,,,,,,,,,,,,,,,,,,,,,,,,,,
,simple,210246,,210246,1,,visible,,,,,taxable,,1,1,,,,,,,,,,,40,สินค้าและอุปกรณ์สำหรับเด็ก,,,,,,,,,,,,,,,,,,,,,,,,,,,,,,,,
,simple,210247,,210247,1,,visible,,,,,taxable,,1,1,,,,,,,,,,,60,สินค้าและอุปกรณ์สำหรับเด็ก,,,,,,,,,,,,,,,,,,,,,,,,,,,,,,,,
,simple,210248,,210248,1,,visible,,,,,taxable,,1,1,,,,,,,,,,,60,สินค้าและอุปกรณ์สำหรับเด็ก,,,,,,,,,,,,,,,,,,,,,,,,,,,,,,,,
,simple,210249,,210249,1,,visible,,,,,taxable,,1,1,,,,,,,,,,,60,สินค้าและอุปกรณ์สำหรับเด็ก,,,,,,,,,,,,,,,,,,,,,,,,,,,,,,,,
,simple,210250,,210250,1,,visible,,,,,taxable,,1,1,,,,,,,,,,,60,สินค้าและอุปกรณ์สำหรับเด็ก,,,,,,,,,,,,,,,,,,,,,,,,,,,,,,,,
,simple,210251,,210251,1,,visible,,,,,taxable,,1,1,,,,,,,,,,,60,สินค้าและอุปกรณ์สำหรับเด็ก,,,,,,,,,,,,,,,,,,,,,,,,,,,,,,,,
,simple,210252,,210252,1,,visible,,,,,taxable,,1,1,,,,,,,,,,,40,สินค้าและอุปกรณ์สำหรับเด็ก,,,,,,,,,,,,,,,,,,,,,,,,,,,,,,,,
,simple,210253,,210253,1,,visible,,,,,taxable,,1,1,,,,,,,,,,,40,สินค้าและอุปกรณ์สำหรับเด็ก,,,,,,,,,,,,,,,,,,,,,,,,,,,,,,,,
,simple,210254,,210254,1,,visible,,,,,taxable,,1,1,,,,,,,,,,,40,สินค้าและอุปกรณ์สำหรับเด็ก,,,,,,,,,,,,,,,,,,,,,,,,,,,,,,,,
,simple,210255,,210255,1,,visible,,,,,taxable,,1,1,,,,,,,,,,,60,สินค้าและอุปกรณ์สำหรับเด็ก,,,,,,,,,,,,,,,,,,,,,,,,,,,,,,,,
,simple,210256,,210256,1,,visible,,,,,taxable,,1,1,,,,,,,,,,,60,สินค้าและอุปกรณ์สำหรับเด็ก,,,,,,,,,,,,,,,,,,,,,,,,,,,,,,,,
,simple,210257,,210257,1,,visible,,,,,taxable,,1,1,,,,,,,,,,,60,สินค้าและอุปกรณ์สำหรับเด็ก,,,,,,,,,,,,,,,,,,,,,,,,,,,,,,,,
,simple,210258,,210258,1,,visible,,,,,taxable,,1,1,,,,,,,,,,,60,สินค้าและอุปกรณ์สำหรับเด็ก,,,,,,,,,,,,,,,,,,,,,,,,,,,,,,,,
,simple,210259,,210259,1,,visible,,,,,taxable,,1,1,,,,,,,,,,,60,สินค้าและอุปกรณ์สำหรับเด็ก,,,,,,,,,,,,,,,,,,,,,,,,,,,,,,,,
,simple,210260,,210260,1,,visible,,,,,taxable,,1,1,,,,,,,,,,,60,สินค้าและอุปกรณ์สำหรับเด็ก,,,,,,,,,,,,,,,,,,,,,,,,,,,,,,,,
,simple,210261,,210261,1,,visible,,,,,taxable,,1,1,,,,,,,,,,,60,สินค้าและอุปกรณ์สำหรับเด็ก,,,,,,,,,,,,,,,,,,,,,,,,,,,,,,,,
,simple,210262,,210262,1,,visible,,,,,taxable,,1,1,,,,,,,,,,,60,สินค้าและอุปกรณ์สำหรับเด็ก,,,,,,,,,,,,,,,,,,,,,,,,,,,,,,,,
,simple,210263,,210263,1,,visible,,,,,taxable,,1,1,,,,,,,,,,,60,สินค้าและอุปกรณ์สำหรับเด็ก,,,,,,,,,,,,,,,,,,,,,,,,,,,,,,,,
,simple,210264,,210264,1,,visible,,,,,taxable,,1,1,,,,,,,,,,,60,สินค้าและอุปกรณ์สำหรับเด็ก,,,,,,,,,,,,,,,,,,,,,,,,,,,,,,,,
,simple,210265,,210265,1,,visible,,,,,taxable,,1,1,,,,,,,,,,,60,สินค้าและอุปกรณ์สำหรับเด็ก,,,,,,,,,,,,,,,,,,,,,,,,,,,,,,,,
,simple,210266,,210266,1,,visible,,,,,taxable,,1,1,,,,,,,,,,,60,สินค้าและอุปกรณ์สำหรับเด็ก,,,,,,,,,,,,,,,,,,,,,,,,,,,,,,,,
,simple,210267,,210267,1,,visible,,,,,taxable,,1,1,,,,,,,,,,,140,สินค้าและอุปกรณ์สำหรับเด็ก,,,,,,,,,,,,,,,,,,,,,,,,,,,,,,,,
,simple,210268,,210268,1,,visible,,,,,taxable,,1,1,,,,,,,,,,,140,สินค้าและอุปกรณ์สำหรับเด็ก,,,,,,,,,,,,,,,,,,,,,,,,,,,,,,,,
,simple,210269,,210269,1,,visible,,,,,taxable,,1,1,,,,,,,,,,,80,สินค้าและอุปกรณ์สำหรับเด็ก,,,,,,,,,,,,,,,,,,,,,,,,,,,,,,,,
,simple,210270,,210270,1,,visible,,,,,taxable,,1,1,,,,,,,,,,,400,สินค้าและอุปกรณ์สำหรับเด็ก,,,,,,,,,,,,,,,,,,,,,,,,,,,,,,,,
,simple,210272,,210272,1,,visible,,,,,taxable,,1,1,,,,,,,,,,,40,สินค้าและอุปกรณ์สำหรับเด็ก,,,,,,,,,,,,,,,,,,,,,,,,,,,,,,,,
,simple,210275,,210275,1,,visible,,,,,taxable,,1,1,,,,,,,,,,,40,สินค้าและอุปกรณ์สำหรับเด็ก,,,,,,,,,,,,,,,,,,,,,,,,,,,,,,,,
,simple,210280,,210280,1,,visible,,,,,taxable,,1,1,,,,,,,,,,,40,สินค้าและอุปกรณ์สำหรับเด็ก,,,,,,,,,,,,,,,,,,,,,,,,,,,,,,,,
,simple,210283,,210283,1,,visible,,,,,taxable,,1,1,,,,,,,,,,,40,สินค้าและอุปกรณ์สำหรับเด็ก,,,,,,,,,,,,,,,,,,,,,,,,,,,,,,,,
,simple,210284,,210284,1,,visible,,,,,taxable,,1,1,,,,,,,,,,,60,สินค้าและอุปกรณ์สำหรับเด็ก,,,,,,,,,,,,,,,,,,,,,,,,,,,,,,,,
,simple,210286,,210286,1,,visible,,,,,taxable,,1,1,,,,,,,,,,,40,สินค้าและอุปกรณ์สำหรับเด็ก,,,,,,,,,,,,,,,,,,,,,,,,,,,,,,,,
,simple,210287,,210287,1,,visible,,,,,taxable,,1,1,,,,,,,,,,,40,สินค้าและอุปกรณ์สำหรับเด็ก,,,,,,,,,,,,,,,,,,,,,,,,,,,,,,,,
,simple,210288,,210288,1,,visible,,,,,taxable,,1,1,,,,,,,,,,,40,สินค้าและอุปกรณ์สำหรับเด็ก,,,,,,,,,,,,,,,,,,,,,,,,,,,,,,,,
,simple,210289,,210289,1,,visible,,,,,taxable,,1,1,,,,,,,,,,,40,สินค้าและอุปกรณ์สำหรับเด็ก,,,,,,,,,,,,,,,,,,,,,,,,,,,,,,,,
,simple,210290,,210290,1,,visible,,,,,taxable,,1,1,,,,,,,,,,,40,สินค้าและอุปกรณ์สำหรับเด็ก,,,,,,,,,,,,,,,,,,,,,,,,,,,,,,,,
,simple,110002,,110002,1,,visible,,,,,taxable,,1,1,,,,,,,,,,,60,สินค้าและอุปกรณ์สำหรับเด็ก,,,,,,,,,,,,,,,,,,,,,,,,,,,,,,,,
,simple,110003,,110003,1,,visible,,,,,taxable,,1,1,,,,,,,,,,,120,สินค้าและอุปกรณ์สำหรับเด็ก,,,,,,,,,,,,,,,,,,,,,,,,,,,,,,,,
,simple,110005,,110005,1,,visible,,,,,taxable,,1,1,,,,,,,,,,,60,สินค้าและอุปกรณ์สำหรับเด็ก,,,,,,,,,,,,,,,,,,,,,,,,,,,,,,,,
,simple,110006,,110006,1,,visible,,,,,taxable,,1,1,,,,,,,,,,,80,สินค้าและอุปกรณ์สำหรับเด็ก,,,,,,,,,,,,,,,,,,,,,,,,,,,,,,,,
,simple,110007,,110007,1,,visible,,,,,taxable,,1,1,,,,,,,,,,,80,สินค้าและอุปกรณ์สำหรับเด็ก,,,,,,,,,,,,,,,,,,,,,,,,,,,,,,,,
,simple,110009,,110009,1,,visible,,,,,taxable,,1,1,,,,,,,,,,,100,สินค้าและอุปกรณ์สำหรับเด็ก,,,,,,,,,,,,,,,,,,,,,,,,,,,,,,,,
,simple,110013,,110013,1,,visible,,,,,taxable,,1,1,,,,,,,,,,,60,สินค้าและอุปกรณ์สำหรับเด็ก,,,,,,,,,,,,,,,,,,,,,,,,,,,,,,,,
,simple,110014,,110014,1,,visible,,,,,taxable,,1,1,,,,,,,,,,,80,สินค้าและอุปกรณ์สำหรับเด็ก,,,,,,,,,,,,,,,,,,,,,,,,,,,,,,,,
,simple,110015,,110015,1,,visible,,,,,taxable,,1,1,,,,,,,,,,,60,สินค้าและอุปกรณ์สำหรับเด็ก,,,,,,,,,,,,,,,,,,,,,,,,,,,,,,,,
,simple,110017,,110017,1,,visible,,,,,taxable,,1,1,,,,,,,,,,,60,สินค้าและอุปกรณ์สำหรับเด็ก,,,,,,,,,,,,,,,,,,,,,,,,,,,,,,,,
,simple,110020,,110020,1,,visible,,,,,taxable,,1,1,,,,,,,,,,,80,สินค้าและอุปกรณ์สำหรับเด็ก,,,,,,,,,,,,,,,,,,,,,,,,,,,,,,,,
,simple,110023,,110023,1,,visible,,,,,taxable,,1,1,,,,,,,,,,,40,สินค้าและอุปกรณ์สำหรับเด็ก,,,,,,,,,,,,,,,,,,,,,,,,,,,,,,,,
,simple,110024,,110024,1,,visible,,,,,taxable,,1,1,,,,,,,,,,,40,สินค้าและอุปกรณ์สำหรับเด็ก,,,,,,,,,,,,,,,,,,,,,,,,,,,,,,,,
,simple,110025,,110025,1,,visible,,,,,taxable,,1,1,,,,,,,,,,,40,สินค้าและอุปกรณ์สำหรับเด็ก,,,,,,,,,,,,,,,,,,,,,,,,,,,,,,,,
,simple,110026,,110026,1,,visible,,,,,taxable,,1,1,,,,,,,,,,,60,สินค้าและอุปกรณ์สำหรับเด็ก,,,,,,,,,,,,,,,,,,,,,,,,,,,,,,,,
,simple,110027,,110027,1,,visible,,,,,taxable,,1,1,,,,,,,,,,,60,สินค้าและอุปกรณ์สำหรับเด็ก,,,,,,,,,,,,,,,,,,,,,,,,,,,,,,,,
,simple,110029,,110029,1,,visible,,,,,taxable,,1,1,,,,,,,,,,,60,สินค้าและอุปกรณ์สำหรับเด็ก,,,,,,,,,,,,,,,,,,,,,,,,,,,,,,,,
,simple,110032,,110032,1,,visible,,,,,taxable,,1,1,,,,,,,,,,,200,สินค้าและอุปกรณ์สำหรับเด็ก,,,,,,,,,,,,,,,,,,,,,,,,,,,,,,,,
,simple,110033,,110033,1,,visible,,,,,taxable,,1,1,,,,,,,,,,,60,สินค้าและอุปกรณ์สำหรับเด็ก,,,,,,,,,,,,,,,,,,,,,,,,,,,,,,,,
,simple,110035,,110035,1,,visible,,,,,taxable,,1,1,,,,,,,,,,,80,สินค้าและอุปกรณ์สำหรับเด็ก,,,,,,,,,,,,,,,,,,,,,,,,,,,,,,,,
,simple,110038,,110038,1,,visible,,,,,taxable,,1,1,,,,,,,,,,,60,สินค้าและอุปกรณ์สำหรับเด็ก,,,,,,,,,,,,,,,,,,,,,,,,,,,,,,,,
,simple,110039,,110039,1,,visible,,,,,taxable,,1,1,,,,,,,,,,,100,สินค้าและอุปกรณ์สำหรับเด็ก,,,,,,,,,,,,,,,,,,,,,,,,,,,,,,,,
,simple,110040,,110040,1,,visible,,,,,taxable,,1,1,,,,,,,,,,,60,สินค้าและอุปกรณ์สำหรับเด็ก,,,,,,,,,,,,,,,,,,,,,,,,,,,,,,,,
,simple,110041,,110041,1,,visible,,,,,taxable,,1,1,,,,,,,,,,,60,สินค้าและอุปกรณ์สำหรับเด็ก,,,,,,,,,,,,,,,,,,,,,,,,,,,,,,,,
,simple,110042,,110042,1,,visible,,,,,taxable,,1,1,,,,,,,,,,,60,สินค้าและอุปกรณ์สำหรับเด็ก,,,,,,,,,,,,,,,,,,,,,,,,,,,,,,,,
,simple,110044,,110044,1,,visible,,,,,taxable,,1,1,,,,,,,,,,,40,สินค้าและอุปกรณ์สำหรับเด็ก,,,,,,,,,,,,,,,,,,,,,,,,,,,,,,,,
,simple,110045,,110045,1,,visible,,,,,taxable,,1,1,,,,,,,,,,,60,สินค้าและอุปกรณ์สำหรับเด็ก,,,,,,,,,,,,,,,,,,,,,,,,,,,,,,,,
,simple,110047,,110047,1,,visible,,,,,taxable,,1,1,,,,,,,,,,,60,สินค้าและอุปกรณ์สำหรับเด็ก,,,,,,,,,,,,,,,,,,,,,,,,,,,,,,,,
,simple,110049,,110049,1,,visible,,,,,taxable,,1,1,,,,,,,,,,,60,สินค้าและอุปกรณ์สำหรับเด็ก,,,,,,,,,,,,,,,,,,,,,,,,,,,,,,,,
,simple,110050,,110050,1,,visible,,,,,taxable,,1,1,,,,,,,,,,,80,สินค้าและอุปกรณ์สำหรับเด็ก,,,,,,,,,,,,,,,,,,,,,,,,,,,,,,,,
,simple,110051,,110051,1,,visible,,,,,taxable,,1,1,,,,,,,,,,,60,สินค้าและอุปกรณ์สำหรับเด็ก,,,,,,,,,,,,,,,,,,,,,,,,,,,,,,,,
,simple,110052,,110052,1,,visible,,,,,taxable,,1,1,,,,,,,,,,,60,สินค้าและอุปกรณ์สำหรับเด็ก,,,,,,,,,,,,,,,,,,,,,,,,,,,,,,,,
,simple,110054,,110054,1,,visible,,,,,taxable,,1,1,,,,,,,,,,,60,สินค้าและอุปกรณ์สำหรับเด็ก,,,,,,,,,,,,,,,,,,,,,,,,,,,,,,,,
,simple,110056,,110056,1,,visible,,,,,taxable,,1,1,,,,,,,,,,,60,สินค้าและอุปกรณ์สำหรับเด็ก,,,,,,,,,,,,,,,,,,,,,,,,,,,,,,,,
,simple,110057,,110057,1,,visible,,,,,taxable,,1,1,,,,,,,,,,,60,สินค้าและอุปกรณ์สำหรับเด็ก,,,,,,,,,,,,,,,,,,,,,,,,,,,,,,,,
,simple,110059,,110059,1,,visible,,,,,taxable,,1,1,,,,,,,,,,,60,สินค้าและอุปกรณ์สำหรับเด็ก,,,,,,,,,,,,,,,,,,,,,,,,,,,,,,,,
,simple,110061,,110061,1,,visible,,,,,taxable,,1,1,,,,,,,,,,,60,สินค้าและอุปกรณ์สำหรับเด็ก,,,,,,,,,,,,,,,,,,,,,,,,,,,,,,,,
,simple,110062,,110062,1,,visible,,,,,taxable,,1,1,,,,,,,,,,,40,สินค้าและอุปกรณ์สำหรับเด็ก,,,,,,,,,,,,,,,,,,,,,,,,,,,,,,,,
,simple,110063,,110063,1,,visible,,,,,taxable,,1,1,,,,,,,,,,,40,สินค้าและอุปกรณ์สำหรับเด็ก,,,,,,,,,,,,,,,,,,,,,,,,,,,,,,,,
,simple,110064,,110064,1,,visible,,,,,taxable,,1,1,,,,,,,,,,,60,สินค้าและอุปกรณ์สำหรับเด็ก,,,,,,,,,,,,,,,,,,,,,,,,,,,,,,,,
,simple,110065,,110065,1,,visible,,,,,taxable,,1,1,,,,,,,,,,,40,สินค้าและอุปกรณ์สำหรับเด็ก,,,,,,,,,,,,,,,,,,,,,,,,,,,,,,,,
,simple,110066,,110066,1,,visible,,,,,taxable,,1,1,,,,,,,,,,,60,สินค้าและอุปกรณ์สำหรับเด็ก,,,,,,,,,,,,,,,,,,,,,,,,,,,,,,,,
,simple,110067,,110067,1,,visible,,,,,taxable,,1,1,,,,,,,,,,,60,สินค้าและอุปกรณ์สำหรับเด็ก,,,,,,,,,,,,,,,,,,,,,,,,,,,,,,,,
,simple,110068,,110068,1,,visible,,,,,taxable,,1,1,,,,,,,,,,,40,สินค้าและอุปกรณ์สำหรับเด็ก,,,,,,,,,,,,,,,,,,,,,,,,,,,,,,,,
,simple,110069,,110069,1,,visible,,,,,taxable,,1,1,,,,,,,,,,,40,สินค้าและอุปกรณ์สำหรับเด็ก,,,,,,,,,,,,,,,,,,,,,,,,,,,,,,,,
,simple,110070,,110070,1,,visible,,,,,taxable,,1,1,,,,,,,,,,,40,สินค้าและอุปกรณ์สำหรับเด็ก,,,,,,,,,,,,,,,,,,,,,,,,,,,,,,,,
,simple,110071,,110071,1,,visible,,,,,taxable,,1,1,,,,,,,,,,,60,สินค้าและอุปกรณ์สำหรับเด็ก,,,,,,,,,,,,,,,,,,,,,,,,,,,,,,,,
,simple,110072,,110072,1,,visible,,,,,taxable,,1,1,,,,,,,,,,,60,สินค้าและอุปกรณ์สำหรับเด็ก,,,,,,,,,,,,,,,,,,,,,,,,,,,,,,,,
,simple,110074,,110074,1,,visible,,,,,taxable,,1,1,,,,,,,,,,,40,สินค้าและอุปกรณ์สำหรับเด็ก,,,,,,,,,,,,,,,,,,,,,,,,,,,,,,,,
,simple,110075,,110075,1,,visible,,,,,taxable,,1,1,,,,,,,,,,,40,สินค้าและอุปกรณ์สำหรับเด็ก,,,,,,,,,,,,,,,,,,,,,,,,,,,,,,,,
,simple,110076,,110076,1,,visible,,,,,taxable,,1,1,,,,,,,,,,,40,สินค้าและอุปกรณ์สำหรับเด็ก,,,,,,,,,,,,,,,,,,,,,,,,,,,,,,,,
,simple,110077,,110077,1,,visible,,,,,taxable,,1,1,,,,,,,,,,,40,สินค้าและอุปกรณ์สำหรับเด็ก,,,,,,,,,,,,,,,,,,,,,,,,,,,,,,,,
,simple,110078,,110078,1,,visible,,,,,taxable,,1,1,,,,,,,,,,,40,สินค้าและอุปกรณ์สำหรับเด็ก,,,,,,,,,,,,,,,,,,,,,,,,,,,,,,,,
,simple,110079,,110079,1,,visible,,,,,taxable,,1,1,,,,,,,,,,,40,สินค้าและอุปกรณ์สำหรับเด็ก,,,,,,,,,,,,,,,,,,,,,,,,,,,,,,,,
,simple,110082,,110082,1,,visible,,,,,taxable,,1,1,,,,,,,,,,,60,สินค้าและอุปกรณ์สำหรับเด็ก,,,,,,,,,,,,,,,,,,,,,,,,,,,,,,,,
,simple,110083,,110083,1,,visible,,,,,taxable,,1,1,,,,,,,,,,,60,สินค้าและอุปกรณ์สำหรับเด็ก,,,,,,,,,,,,,,,,,,,,,,,,,,,,,,,,
,simple,110084,,110084,1,,visible,,,,,taxable,,1,1,,,,,,,,,,,60,สินค้าและอุปกรณ์สำหรับเด็ก,,,,,,,,,,,,,,,,,,,,,,,,,,,,,,,,
,simple,310002,,310002,1,,visible,,,,,taxable,,1,1,,,,,,,,,,,60,สินค้าและอุปกรณ์สำหรับเด็ก,,,,,,,,,,,,,,,,,,,,,,,,,,,,,,,,
,simple,310003,,310003,1,,visible,,,,,taxable,,1,1,,,,,,,,,,,60,สินค้าและอุปกรณ์สำหรับเด็ก,,,,,,,,,,,,,,,,,,,,,,,,,,,,,,,,
,simple,310005,,310005,1,,visible,,,,,taxable,,1,1,,,,,,,,,,,60,สินค้าและอุปกรณ์สำหรับเด็ก,,,,,,,,,,,,,,,,,,,,,,,,,,,,,,,,
,simple,310006,,310006,1,,visible,,,,,taxable,,1,1,,,,,,,,,,,40,สินค้าและอุปกรณ์สำหรับเด็ก,,,,,,,,,,,,,,,,,,,,,,,,,,,,,,,,
,simple,310007,,310007,1,,visible,,,,,taxable,,1,1,,,,,,,,,,,40,สินค้าและอุปกรณ์สำหรับเด็ก,,,,,,,,,,,,,,,,,,,,,,,,,,,,,,,,
,simple,310008,,310008,1,,visible,,,,,taxable,,1,1,,,,,,,,,,,40,สินค้าและอุปกรณ์สำหรับเด็ก,,,,,,,,,,,,,,,,,,,,,,,,,,,,,,,,
,simple,610030,,610030,1,,visible,,,,,taxable,,1,1,,,,,,,,,,,60,เสื้อผ้าและเครื่องประดับ,,,,,,,,,,,,,,,,,,,,,,,,,,,,,,,,
,simple,710003,,710003,1,,visible,,,,,taxable,,1,1,,,,,,,,,,,100,สินค้าและอุปกรณ์สำหรับเด็ก,,,,,,,,,,,,,,,,,,,,,,,,,,,,,,,,
,simple,710006,,710006,1,,visible,,,,,taxable,,1,1,,,,,,,,,,,60,สินค้าและอุปกรณ์สำหรับเด็ก,,,,,,,,,,,,,,,,,,,,,,,,,,,,,,,,
,simple,710007,,710007,1,,visible,,,,,taxable,,1,1,,,,,,,,,,,60,สินค้าและอุปกรณ์สำหรับเด็ก,,,,,,,,,,,,,,,,,,,,,,,,,,,,,,,,
,simple,810001,,810001,1,,visible,,,,,taxable,,1,1,,,,,,,,,,,60,สินค้าและอุปกรณ์สำหรับเด็ก,,,,,,,,,,,,,,,,,,,,,,,,,,,,,,,,
,simple,810002,,810002,1,,visible,,,,,taxable,,1,1,,,,,,,,,,,60,สินค้าและอุปกรณ์สำหรับเด็ก,,,,,,,,,,,,,,,,,,,,,,,,,,,,,,,,
,simple,810004,,810004,1,,visible,,,,,taxable,,1,1,,,,,,,,,,,60,สินค้าและอุปกรณ์สำหรับเด็ก,,,,,,,,,,,,,,,,,,,,,,,,,,,,,,,,
,simple,810005,,810005,1,,visible,,,,,taxable,,1,1,,,,,,,,,,,60,สินค้าและอุปกรณ์สำหรับเด็ก,,,,,,,,,,,,,,,,,,,,,,,,,,,,,,,,
,simple,810006,,810006,1,,visible,,,,,taxable,,1,1,,,,,,,,,,,80,สินค้าและอุปกรณ์สำหรับเด็ก,,,,,,,,,,,,,,,,,,,,,,,,,,,,,,,,
,simple,810008,,810008,1,,visible,,,,,taxable,,1,1,,,,,,,,,,,80,สินค้าและอุปกรณ์สำหรับเด็ก,,,,,,,,,,,,,,,,,,,,,,,,,,,,,,,,
,simple,810009,,810009,1,,visible,,,,,taxable,,1,1,,,,,,,,,,,80,สินค้าและอุปกรณ์สำหรับเด็ก,,,,,,,,,,,,,,,,,,,,,,,,,,,,,,,,
,simple,810010,,810010,1,,visible,,,,,taxable,,1,1,,,,,,,,,,,80,สินค้าและอุปกรณ์สำหรับเด็ก,,,,,,,,,,,,,,,,,,,,,,,,,,,,,,,,
,simple,810011,,810011,1,,visible,,,,,taxable,,1,1,,,,,,,,,,,80,สินค้าและอุปกรณ์สำหรับเด็ก,,,,,,,,,,,,,,,,,,,,,,,,,,,,,,,,
,simple,810012,,810012,1,,visible,,,,,taxable,,1,1,,,,,,,,,,,60,สินค้าและอุปกรณ์สำหรับเด็ก,,,,,,,,,,,,,,,,,,,,,,,,,,,,,,,,
,simple,810013,,810013,1,,visible,,,,,taxable,,1,1,,,,,,,,,,,60,สินค้าและอุปกรณ์สำหรับเด็ก,,,,,,,,,,,,,,,,,,,,,,,,,,,,,,,,
,simple,810014,,810014,1,,visible,,,,,taxable,,1,1,,,,,,,,,,,60,สินค้าและอุปกรณ์สำหรับเด็ก,,,,,,,,,,,,,,,,,,,,,,,,,,,,,,,,
,simple,810015,,810015,1,,visible,,,,,taxable,,1,1,,,,,,,,,,,40,สินค้าและอุปกรณ์สำหรับเด็ก,,,,,,,,,,,,,,,,,,,,,,,,,,,,,,,,
,simple,810016,,810016,1,,visible,,,,,taxable,,1,1,,,,,,,,,,,40,สินค้าและอุปกรณ์สำหรับเด็ก,,,,,,,,,,,,,,,,,,,,,,,,,,,,,,,,
,simple,810017,,810017,1,,visible,,,,,taxable,,1,1,,,,,,,,,,,40,สินค้าและอุปกรณ์สำหรับเด็ก,,,,,,,,,,,,,,,,,,,,,,,,,,,,,,,,
,simple,810018,,810018,1,,visible,,,,,taxable,,1,1,,,,,,,,,,,40,สินค้าและอุปกรณ์สำหรับเด็ก,,,,,,,,,,,,,,,,,,,,,,,,,,,,,,,,
,simple,810019,,810019,1,,visible,,,,,taxable,,1,1,,,,,,,,,,,40,สินค้าและอุปกรณ์สำหรับเด็ก,,,,,,,,,,,,,,,,,,,,,,,,,,,,,,,,
,simple,810020,,810020,1,,visible,,,,,taxable,,1,1,,,,,,,,,,,40,สินค้าและอุปกรณ์สำหรับเด็ก,,,,,,,,,,,,,,,,,,,,,,,,,,,,,,,,
,simple,810021,,810021,1,,visible,,,,,taxable,,1,1,,,,,,,,,,,80,สินค้าและอุปกรณ์สำหรับเด็ก,,,,,,,,,,,,,,,,,,,,,,,,,,,,,,,,
,simple,810022,,810022,1,,visible,,,,,taxable,,1,1,,,,,,,,,,,100,สินค้าและอุปกรณ์สำหรับเด็ก,,,,,,,,,,,,,,,,,,,,,,,,,,,,,,,,
,simple,810023,,810023,1,,visible,,,,,taxable,,1,1,,,,,,,,,,,100,สินค้าและอุปกรณ์สำหรับเด็ก,,,,,,,,,,,,,,,,,,,,,,,,,,,,,,,,
,simple,910001,,910001,1,,visible,,,,,taxable,,1,1,,,,,,,,,,,80,สินค้าและอุปกรณ์สำหรับเด็ก,,,,,,,,,,,,,,,,,,,,,,,,,,,,,,,,
,simple,910002,,910002,1,,visible,,,,,taxable,,1,1,,,,,,,,,,,60,สินค้าและอุปกรณ์สำหรับเด็ก,,,,,,,,,,,,,,,,,,,,,,,,,,,,,,,,
,simple,910003,,910003,1,,visible,,,,,taxable,,1,1,,,,,,,,,,,80,สินค้าและอุปกรณ์สำหรับเด็ก,,,,,,,,,,,,,,,,,,,,,,,,,,,,,,,,
,simple,910004,,910004,1,,visible,,,,,taxable,,1,1,,,,,,,,,,,100,สินค้าและอุปกรณ์สำหรับเด็ก,,,,,,,,,,,,,,,,,,,,,,,,,,,,,,,,
,simple,910006,,910006,1,,visible,,,,,taxable,,1,1,,,,,,,,,,,100,สินค้าและอุปกรณ์สำหรับเด็ก,,,,,,,,,,,,,,,,,,,,,,,,,,,,,,,,
,simple,910007,,910007,1,,visible,,,,,taxable,,1,1,,,,,,,,,,,40,สินค้าและอุปกรณ์สำหรับเด็ก,,,,,,,,,,,,,,,,,,,,,,,,,,,,,,,,
,simple,910008,,910008,1,,visible,,,,,taxable,,1,1,,,,,,,,,,,255,สินค้าและอุปกรณ์สำหรับเด็ก,,,,,,,,,,,,,,,,,,,,,,,,,,,,,,,,
,simple,910010,,910010,1,,visible,,,,,taxable,,1,1,,,,,,,,,,,40,สินค้าและอุปกรณ์สำหรับเด็ก,,,,,,,,,,,,,,,,,,,,,,,,,,,,,,,,
,simple,910011,,910011,1,,visible,,,,,taxable,,1,1,,,,,,,,,,,40,สินค้าและอุปกรณ์สำหรับเด็ก,,,,,,,,,,,,,,,,,,,,,,,,,,,,,,,,
,simple,910012,,910012,1,,visible,,,,,taxable,,1,1,,,,,,,,,,,60,สินค้าและอุปกรณ์สำหรับเด็ก,,,,,,,,,,,,,,,,,,,,,,,,,,,,,,,,
,simple,910014,,910014,1,,visible,,,,,taxable,,1,1,,,,,,,,,,,40,สินค้าและอุปกรณ์สำหรับเด็ก,,,,,,,,,,,,,,,,,,,,,,,,,,,,,,,,
,simple,910013,,910013,1,,visible,,,,,taxable,,1,1,,,,,,,,,,,60,สินค้าและอุปกรณ์สำหรับเด็ก,,,,,,,,,,,,,,,,,,,,,,,,,,,,,,,,
,simple,910016,,910016,1,,visible,,,,,taxable,,1,1,,,,,,,,,,,40,สินค้าและอุปกรณ์สำหรับเด็ก,,,,,,,,,,,,,,,,,,,,,,,,,,,,,,,,
,simple,910019,,910019,1,,visible,,,,,taxable,,1,1,,,,,,,,,,,40,สินค้าและอุปกรณ์สำหรับเด็ก,,,,,,,,,,,,,,,,,,,,,,,,,,,,,,,,
,simple,910021,,910021,1,,visible,,,,,taxable,,1,1,,,,,,,,,,,40,สินค้าและอุปกรณ์สำหรับเด็ก,,,,,,,,,,,,,,,,,,,,,,,,,,,,,,,,
,simple,910020,,910020,1,,visible,,,,,taxable,,1,1,,,,,,,,,,,60,สินค้าและอุปกรณ์สำหรับเด็ก,,,,,,,,,,,,,,,,,,,,,,,,,,,,,,,,
,simple,910024,,910024,1,,visible,,,,,taxable,,1,1,,,,,,,,,,,40,สินค้าและอุปกรณ์สำหรับเด็ก,,,,,,,,,,,,,,,,,,,,,,,,,,,,,,,,
,simple,910025,,910025,1,,visible,,,,,taxable,,1,1,,,,,,,,,,,40,สินค้าและอุปกรณ์สำหรับเด็ก,,,,,,,,,,,,,,,,,,,,,,,,,,,,,,,,
,simple,910026,,910026,1,,visible,,,,,taxable,,1,1,,,,,,,,,,,40,สินค้าและอุปกรณ์สำหรับเด็ก,,,,,,,,,,,,,,,,,,,,,,,,,,,,,,,,
,simple,910028,,910028,1,,visible,,,,,taxable,,1,1,,,,,,,,,,,40,สินค้าและอุปกรณ์สำหรับเด็ก,,,,,,,,,,,,,,,,,,,,,,,,,,,,,,,,
,simple,910029,,910029,1,,visible,,,,,taxable,,1,1,,,,,,,,,,,40,สินค้าและอุปกรณ์สำหรับเด็ก,,,,,,,,,,,,,,,,,,,,,,,,,,,,,,,,
,simple,910030,,910030,1,,visible,,,,,taxable,,1,1,,,,,,,,,,,40,หนังสือและดนตรี,,,,,,,,,,,,,,,,,,,,,,,,,,,,,,,,
,simple,910040,,910040,1,,visible,,,,,taxable,,1,1,,,,,,,,,,,40,สินค้าและอุปกรณ์สำหรับเด็ก,,,,,,,,,,,,,,,,,,,,,,,,,,,,,,,,
,simple,1010001,,1010001,1,,visible,,,,,taxable,,1,1,,,,,,,,,,,60,สินค้าและอุปกรณ์สำหรับเด็ก,,,,,,,,,,,,,,,,,,,,,,,,,,,,,,,,
,simple,1010002,,1010002,1,,visible,,,,,taxable,,1,1,,,,,,,,,,,40,สินค้าและอุปกรณ์สำหรับเด็ก,,,,,,,,,,,,,,,,,,,,,,,,,,,,,,,,
,simple,1010003,,1010003,1,,visible,,,,,taxable,,1,1,,,,,,,,,,,40,สินค้าและอุปกรณ์สำหรับเด็ก,,,,,,,,,,,,,,,,,,,,,,,,,,,,,,,,
,simple,1010007,,1010007,1,,visible,,,,,taxable,,1,1,,,,,,,,,,,60,สินค้าและอุปกรณ์สำหรับเด็ก,,,,,,,,,,,,,,,,,,,,,,,,,,,,,,,,
,simple,1010009,,1010009,1,,visible,,,,,taxable,,1,1,,,,,,,,,,,60,สินค้าและอุปกรณ์สำหรับเด็ก,,,,,,,,,,,,,,,,,,,,,,,,,,,,,,,,
,simple,1010011,,1010011,1,,visible,,,,,taxable,,1,1,,,,,,,,,,,60,สินค้าและอุปกรณ์สำหรับเด็ก,,,,,,,,,,,,,,,,,,,,,,,,,,,,,,,,
,simple,1010013,,1010013,1,,visible,,,,,taxable,,1,1,,,,,,,,,,,60,สินค้าและอุปกรณ์สำหรับเด็ก,,,,,,,,,,,,,,,,,,,,,,,,,,,,,,,,
,simple,1010014,,1010014,1,,visible,,,,,taxable,,1,1,,,,,,,,,,,60,สินค้าและอุปกรณ์สำหรับเด็ก,,,,,,,,,,,,,,,,,,,,,,,,,,,,,,,,
,simple,1010016,,1010016,1,,visible,,,,,taxable,,1,1,,,,,,,,,,,80,สินค้าและอุปกรณ์สำหรับเด็ก,,,,,,,,,,,,,,,,,,,,,,,,,,,,,,,,
,simple,1010018,,1010018,1,,visible,,,,,taxable,,1,1,,,,,,,,,,,80,สินค้าและอุปกรณ์สำหรับเด็ก,,,,,,,,,,,,,,,,,,,,,,,,,,,,,,,,
,simple,1010021,,1010021,1,,visible,,,,,taxable,,1,1,,,,,,,,,,,80,สินค้าและอุปกรณ์สำหรับเด็ก,,,,,,,,,,,,,,,,,,,,,,,,,,,,,,,,
,simple,1010023,,1010023,1,,visible,,,,,taxable,,1,1,,,,,,,,,,,80,สินค้าและอุปกรณ์สำหรับเด็ก,,,,,,,,,,,,,,,,,,,,,,,,,,,,,,,,
,simple,1010024,,1010024,1,,visible,,,,,taxable,,1,1,,,,,,,,,,,80,สินค้าและอุปกรณ์สำหรับเด็ก,,,,,,,,,,,,,,,,,,,,,,,,,,,,,,,,
,simple,1010025,,1010025,1,,visible,,,,,taxable,,1,1,,,,,,,,,,,80,สินค้าและอุปกรณ์สำหรับเด็ก,,,,,,,,,,,,,,,,,,,,,,,,,,,,,,,,
,simple,900112,,Music For mothers and babies ดนตรีฟังสบายๆสำหรับคุณแม่และลูกน้อย,1,,visible,The Mozart Effect คนตรีโมสาร์ต สำหรับคุณแม่และลูกน้อย เหมาะสำหรับเด็กในครรภ์ เด็กแรกเกิด และคุณแม่ ความยาวของเพลงประมาณ 1ชั่วโมง,,,,taxable,,1,1,,,,1,,,,,,,240,หนังสือและดนตรี,,,,,,,,,,,,,,,,,,,,,,,,,,,,,,,,Good
,simple,900116,,Kids Flying safe with kids made easy สายขาดรัดเพื่อความปลอดภัยของเด็กๆบนเครื่องบิน,1,,visible,สายคาดรัดเพื่อความปลอดภัยของเด็กบนเครื่องบิน สีดำ CARES kids fly safe ขนาด 22-44 lbs,,,,taxable,,1,1,,,,1,,,,,,,2400,สินค้าและอุปกรณ์สำหรับเด็ก,,,,,,,,,,,,,,,,เพศ,"ชาย, หญิง",1,1,,,,,,,,,,,,,New
,simple,900110,,DVD Bob the Builder ภาพยนต์การ์ตูนสอดแทรกความรู้ Bob ตอน สมบัติของสแครชและเรื่องราวต่างๆ,1,,visible,ภาพยนต์การ์ตูนสอดแทรกความรู้ Bob ตอน สมบัติของสแครชและเรื่องราวต่างๆ มีให้ชม5ตอน,,,,taxable,,1,1,,,,1,,,,,,,95,หนังสือและดนตรี,,,,,,,,,,,,,,,,อายุ,"0เดือน, 4ปี",1,1,เพศ,"ชาย, หญิง",1,1,,,,,,,,,Mint
,simple,900104,,The happiest baby on the block เคล็ดลับจากผู้เชี่ยวชาญ เพื่อเพิ่มความสุขให้ลูกน้อย,1,,visible,เรียนเคล็ดลับจากผู้เชี่ยวชาญเพื่อเพิ่มความสุขให้ลูกของท่าน the happiest baby on the block,,,,taxable,,1,1,,,,1,,,,,,,180,หนังสือและดนตรี,,,,,,,,,,,,,,,,,,,,,,,,,,,,,,,,Good
,simple,900107,,VCD Animation increase english skills วีซีดีเรียนคำศัพท์ภาษาอังกฤษ,1,,visible,VCD อนิเมชั่น เพิ่มทักษะภาษาอังกฤษ แพคคู่,,,,taxable,,1,1,,,,1,,,,,,,40,หนังสือและดนตรี,,,,,,,,,,,,,,,,อายุ,2ปี,1,1,เพศ,"ชาย, หญิง",1,1,,,,,,,,,Good
,simple,900118,,DVD learning materials (Burney) สื่อการเรียนรู้คุณภาพพัฒนา IQ และ EQ แพค5,1,,visible,DVD รายการสำหรับเด็ก สื่อการเรียนรู้คุณภาพ ช่วยพัฒนา IQ and EQ เสริมสร้างจิตนาการ แพค5ตอน,,,,taxable,,1,1,,,,1,,,,,,,500,หนังสือและดนตรี,,,,,,,,,,,,,,,,อายุ,3ปี,1,1,เพศ,"ชาย, หญิง",1,1,,,,,,,,,Good
,simple,900108,,DVD Halloween Spooktacular การ์ตูนเพิ่มทักษะการเรียนรู้ภาษาอังกฤษสำหรับเด็ก,1,,visible,DVD Halloween Spooktacular การ์ตูนเพิ่มทักษะการเรียนรู้สำหรับเด็ก Language English 57 นาที,,,,taxable,,1,1,,,,1,,,,,,,120,หนังสือและดนตรี,,,,,,,,,,,,,,,,อายุ,2ปี,1,1,,,,,,,,,,,,,Good
,simple,900109,,DVD Mid Road Gang มะหมา4ขาครับ,1,,visible,ภาพยนต์ฟอร์มยักษ์ มะหมา4ขาครับ เรื่องราวที่ทรอดแทรกชีวิตชาวแก๊งมะหมา สุข เศร้า และ Comedy ความยาวของภาพยนต์ 93 นาที,,,,taxable,,1,1,,,,1,,,,,,,155,หนังสือและดนตรี,,,,,,,,,,,,,,,,,,,,,,,,,,,,,,,,Good
,simple,900111,,VCD English Fun With Hello Kango รวมเพลงภาษาอังกฤษสำหรับเด็กเล็ก,1,,visible,รวมเพลงหัดพูดภาษาอังกฤษ Hello Kango มีมากถึง12เพลง,,,,taxable,,1,1,,,,1,,,,,,,80,หนังสือและดนตรี,,,,,,,,,,,,,,,,ภาษา,อังกฤษ,1,1,,,,,,,,,,,,,Good
,simple,900115,,BABY(TODDLER) เลกกิ้ง HEATTECH,1,,visible,เลกกิ้ง HEATTECH จากแบรนด์ Uniqlo ขนาด สูง 100 CM ohesoyd 16 ดำ/ม่วง,,,,taxable,,1,1,,,,1,,,,,,,40,สินค้าและอุปกรณ์สำหรับเด็ก,,,,,,,,,,,,,,,,สี,"สีดำ, สีม่วง",1,1,Size (กางเกง),"5Y, 6Y",1,1,เพศ,หญิง,1,1,,,,,Good
,simple,900120,,Crib bedding ผ้ารองนอนกันเปื้อนสำหรับเด็ก,1,,visible,ผ้าปูนอนสำหรับเด็ก สีขาว จากแบรนด์ babybeddingdesign,,,,taxable,,1,1,,,,1,,,,,,,180,สินค้าและอุปกรณ์สำหรับเด็ก,,,,,,,,,,,,,,,,สี,"สีขาว, สีครีม",1,1,,,,,,,,,,,,,Good
,simple,1100017,,Disney Princess Water Bottle กระบอกน้ำเจ้าหญิงดิสนีย์แบบพกพาสำหรับเด็ก,1,,visible,กระบอกน้ำเจ้าหญิงดิสนีย์แบบพกพาสำหรับเด็ก สีชมพู รูปเจ้าหญิงดิสนีย์ ของแท้ 480ml,,,,taxable,,1,1,,,,1,,,,,,,425,สินค้าและอุปกรณ์สำหรับเด็ก,,,,,,,,,,,,,,,,สี,สีชมพู,1,1,เพศ,หญิง,1,1,,,,,,,,,Mint
,simple,1100020,,1100020,1,,visible,,,,,taxable,,1,1,,,,1,,,,,,,160,สินค้าและอุปกรณ์สำหรับเด็ก,,,,,,,,,,,,,,,,สี,"สีกรม, สีชมพู",1,1,,,,,,,,,,,,,
,simple,1100018,,Box for candy Anpanman กล่อง(Anpanman)อเนกประสงค์สหรับใส่ขนม,1,,visible,กล่องอเนกประสงค์ จากแบรนด์ Anpanman สำหรับใส่ขนมของเด็กๆ สีเหลือง/สีส้มCM ขนาดสินค้า 14 x 5 x 5.4 CM ความจุ 200 ml.,,,,taxable,,1,1,,,,1,,,,,,,920,สินค้าและอุปกรณ์สำหรับเด็ก,,,,,,,,,,,,,,,,สี,"สีส้ม, สีเหลือง",1,1,,,,,,,,,,,,,New
,simple,1100019,,Freestyle Spare parts kit ชิ้นส่วนอะไหล่สำหรับเครื่องปั๊มนมคุณแม่,1,,visible,ชิ้นส่วนอะไหล่สำหรับเครื่องปั๊มนม Medela Freestyle Spare parts kit  ขนาดหน่วย/บรรจุภรรฑ์ 5 x 37/8 x 21/4,,,,taxable,,1,1,,,,1,,,,,,,1040,สินค้าและอุปกรณ์สำหรับเด็ก,,,,,,,,,,,,,,,,เพศ,หญิง,1,1,,,,,,,,,,,,,Mint
,simple,1100007,,Mifold Portable car seat คาร์ซีทพับได้ พกพาสะดวก,1,,visible,"<span style=""color: #383838;font-family: Open Sans""><span style=""font-size: 18px"">mifold คาร์ซีท สีชมพู </span></span><span style=""color: #383838;font-family: 'Open Sans';font-size: 18px;background-color: #f7f7f7"">พกพาสะดวก นำไปใช้กับรถคันไหนก็ได้ </span><span style=""font-size: 18px;background-color: #f7f7f7;color: #383838;font-family: 'Open Sans'"">เหมาะสำหรับเด็กตั้งแต่อายุ 4-12 ปี หรือเด็กสูง 100 ซม.ขึ้นไป </span>\n\n<span style=""font-size: 18px;background-color: #f7f7f7;color: #383838;font-family: 'Open Sans'""> </span>\n<div class=""icon-box icon-box-5be2e77de367a icon-box-style1 tal wpb_animate_when_almost_visible wpb_fadeInLeft fadeInLeft wpb_start_animation animated"" style=""margin-bottom: 60px;color: #383838;font-family: 'Open Sans';font-size: 17px;background-color: #f7f7f7""></div>",,,,taxable,,1,1,,,,2,,,,,,,2395,สินค้าและอุปกรณ์สำหรับเด็ก,,,,,,,,,,,,,,,,สี,สีชมพู,1,1,อายุ,"12ปี, 4ปี",1,1,,,,,,,,,New
,simple,1100006,,Bugaboo Bee breezy sun canopy ที่กันแดดสำหรับรถเข็นเด็ก,1,,visible,ที่กันแดดสำหรับรถเข็นเด็ก สีส้ม UPF 50+ Protection rate,,,,taxable,,1,1,,,,1,,,,,,,280,สินค้าและอุปกรณ์สำหรับเด็ก,,,,,,,,,,,,,,,,สี,"สีดำ, สีส้ม",1,1,,,,,,,,,,,,,Good
,simple,300057,,Kenzo Kids Shirt เสื้อยืดเคนโซ่,1,,visible,"เสื้อยืด แบรนด์ Kenzo kids\n\n&nbsp;\n\nสีน้ำเงิน   สุดเทห์ ไซส์ 6เดือน (6M/68)",,,,taxable,,1,1,,,,0.1,,,,,,,810,สินค้าและอุปกรณ์สำหรับเด็ก,,,,,,,,,,,,,,,,สี,สีน้ำเงิน,1,1,Size (เสื้อ),6M,1,1,เพศ,ชาย,1,1,อายุ,6เดือน,1,1,สภาพดี
,simple,300056,,Baby Body suit ชุดบอดี้สูทแขนกุด,1,,visible,"ชุดบอดี้สูทแขนกุด แบรนด์ Burberry สีขาว\n\n&nbsp;\n\nจะใส่อยู่บ้านหรือพาออกไปเที่ยวข้างนอกก็ดูน่ารัก ไซส์ 3เดือน (3M/62)",,,,taxable,,1,1,,,,0.1,,,,,,,600,สินค้าและอุปกรณ์สำหรับเด็ก,,,,,,,,,,,,,,,,สี,สีขาว,1,1,Size (เสื้อ),3M,1,1,เพศ,"ชาย, หญิง",1,1,อายุ,3เดือน,1,1,สภาพดี
,simple,900114,,Star Kids Snack & Play โต๊ะเขียนหนังสือยึดติดกับคาร์ซีทสำหรับเด็ก,1,,visible,Star Kids Snack &amp; Play โต๊ะเขียนหนังสือยึดติดกับคาร์ซีทสำหรับเด็ก สีดำ สำหรับเด็กอายุ1-2ปี ขนาดสินค้า 14x9.5x2,,,,taxable,,1,1,,,,1,,,,,,,880,สินค้าและอุปกรณ์สำหรับเด็ก,,,,,,,,,,,,,,,,สี,สีดำ,1,1,อายุ,"1ปี, 2ปี",1,1,เพศ,"ชาย, หญิง",1,1,,,,,New
,simple,310010,,Kids Academy ชุดเซ็ตเสื้อเชิ้ตแขนสั้นลายตารางและกางเกงขาสั้นสีกรม,1,,visible,เสื้อลายตาราง ปักKids Academy ไซส์S กางเกงขาสั้นสีกรม ไซส์S สำหรับเด็กผู้ชาย1-2ปี,,,,taxable,,1,1,,,,1,,,,,,,80,สินค้าและอุปกรณ์สำหรับเด็ก,,,,,,,,,,,,,,,,สี,สีกรม,1,1,Size (กางเกง),1Y,1,1,Size (เสื้อ),1Y,1,1,เพศ,ชาย,1,1,Fair
,simple,300078,,long-sleeved shirt SANRIO Kerokerokerop เสื้อแขนยาวเด็กผู้ชายลายเคโรโร๊ะ,1,,visible,SANRIO เสื้อแขนยาวเด็กผู้ชาย รุ่น 1108BABE สีขาว ไซส์ 4 ปี ลาย Kerokerokeroppi,,,,taxable,,1,1,,,,1,,,,,,,60,สินค้าและอุปกรณ์สำหรับเด็ก,,,,,,,,,,,,,,,,สี,สีเขียว,1,1,เพศ,ชาย,1,1,Size (เสื้อ),"3Y, 4Y",1,1,อายุ,"3ปี, 4ปี",1,1,Fair
,simple,300079,,leggings กางเกงเลคกิ้ง Uniqlo สำหรับเด็กผู้ชาย,1,,visible,leggings กางเกงเลคกิ้ง Uniqlo สำหรับเด็กผู้ชาย สูง90cm หนัก13kg,,,,taxable,,1,1,,,,1,,,,,,,60,สินค้าและอุปกรณ์สำหรับเด็ก,,,,,,,,,,,,,,,,สี,สีกรม,1,1,Size (กางเกง),"2Y, 3Y",1,1,อายุ,"2ปี, 3ปี",1,1,เพศ,ชาย,1,1,Fair
,simple,300080,,Long Pants SANRIO กางเกงยาวขาจั๊ม เด็กผู้ชาย,1,,visible,กางเกงยาวขาจั๊ม รุ่น BABF NA 60 แบรนด์ SANRIO สำหรับเด็กผู้ชาย 3-4 ปี สีกรม สกีนลายที่ขาซ้าย,,,,taxable,,1,1,,,,1,,,,,,,300,สินค้าและอุปกรณ์สำหรับเด็ก,,,,,,,,,,,,,,,,สี,สีกรม,1,1,Size (กางเกง),"3Y, 4Y",1,1,อายุ,"3ปี, 4ปี",1,1,เพศ,ชาย,1,1,Good
,simple,300082,,BABY (NEWBORN) Uniqlo ชุดบอดี้สูทแขนสั้น ลายทางเขียวฟ้า,1,,visible,ชุดบอดี้สูทแขนสั้น สำหรับเด็กแรกเกิด ส่วนสูง 90 cm. หนัก 13 kg. ผ้าCoton  แบรนด์ Uniqlo ลายทางสีเขียวฟ้า,,,,taxable,,1,1,,,,1,,,,,,,65,สินค้าและอุปกรณ์สำหรับเด็ก,,,,,,,,,,,,,,,,สี,"สีฟ้า, สีเขียว",1,1,Size (เสื้อ),18M,1,1,อายุ,18เดือน,1,1,เพศ,"ชาย, หญิง",1,1,Mint
,simple,300083,,BABY (NEWBORN) Uniqlo ชุดบอดี้สูทแขนสั้น ลายคลื่นสีฟ้า,1,,visible,ชุดบอดี้สูทแขนสั้น สำหรับเด็กแรกเกิด ส่วนสูง 90 cm. หนัก 13 kg. ผ้าCoton  แบรนด์ Uniqlo ลายคลื่นสีฟ้า,,,,taxable,,1,1,,,,1,,,,,,,65,สินค้าและอุปกรณ์สำหรับเด็ก,,,,,,,,,,,,,,,,สี,"สีน้ำเงิน, สีฟ้า",1,1,Size (เสื้อ),12-18M,1,1,อายุ,18เดือน,1,1,เพศ,"ชาย, หญิง",1,1,Mint
,simple,100217,,เสื้อยืดสีม่วงพลาสเทลลายปักแก้วน้ำเก๋ๆ pastel purple t-shirt,1,,visible,เสื้อยืดสีม่วงพลาสเทลลายปักแก้วน้ำเก๋ๆ แบรนด์ uniqlo  ไซส์ สูง90 cm น้ำหนัก 13kg cotton แท้ 100%,,,,taxable,,1,1,,,,1,,,,,,,60,สินค้าและอุปกรณ์สำหรับเด็ก,,,,,,,,,,,,,,,,สี,สีม่วง,1,1,Size (เสื้อ),12-18M,1,1,อายุ,"1ปี, 2ปี",1,1,เพศ,"ชาย, หญิง",1,1,Fair
,simple,100211,,Round Neck White T-shirtเสื้อยืดลายรถกู้ภัย,1,,visible,เสื้อยืดคอกลมสีขาว GAP รวมลายรถกู้ภัย ชิคๆ แบรนด์ Baby Gap ไซส์ 12-18 เดือน ผ้าcotton แท้ 100 %,,,,taxable,,1,1,,,,1,,,,,,,120,สินค้าและอุปกรณ์สำหรับเด็ก,,,,,,,,,,,,,,,,สี,สีขาว,1,1,Size (เสื้อ),12-18M,1,1,อายุ,"12เดือน, 18เดือน",1,1,เพศ,ชาย,1,1,Fair
,simple,100212,,Summer stretcherเสื้อยืดแขนสั้นเด็กผู้ชายสำหรับฤดูร้อน,1,,visible,Mother care เสื้อยืดแขนสั้นผู้ชายสำหรับฤดูร้อน แบรนด์  Mother care ไซส์  3-4 ปี,,,,taxable,,1,1,,,,1,,,,,,,80,สินค้าและอุปกรณ์สำหรับเด็ก,,,,,,,,,,,,,,,,สี,สีเทา,1,1,Size (เสื้อ),"3Y, 4Y",1,1,อายุ,"3ปี, 4ปี",1,1,เพศ,ชาย,1,1,Fair
,simple,100222,,Cotton round neck short sleeve striped t-shirtเสื้อยืดลายทางม่วงขาว,1,,visible,เสื้อยืด uniqlo คอตตอน คอกลม แขนสั้น ลายทาง สีม่วง-ขาว แบรนด์ uniqlo ไซส์ 1-2 ปี ผ้า cotton แท้ 100%,,,,taxable,,1,1,,,,1,,,,,,,120,สินค้าและอุปกรณ์สำหรับเด็ก,,,,,,,,,,,,,,,,สี,"สีขาว, สีม่วง",1,1,Size (เสื้อ),"1Y, 2Y",1,1,อายุ,"1ปี, 2ปี",0,1,เพศ,ชาย,1,1,Fair
,simple,100218,,Cotton round neck short sleeve striped t-shirtเสื้อยืดคอกลมลายขวาง,1,,visible,เสื้อยืด uniqlo คอตตอน คอกลม แขนสั้นลายทาง สีม่วง-ขาว แบรนด์ uniqlo  ไซส์ 1-2 ปี  ผ้า cotton แท้ 100 %,,,,taxable,,1,1,,,,1,,,,,,,80,สินค้าและอุปกรณ์สำหรับเด็ก,,,,,,,,,,,,,,,,สี,"สีขาว, สีม่วง",1,1,Size (เสื้อ),"1Y, 2Y",1,1,อายุ,"1ปี, 2ปี",1,1,เพศ,ชาย,1,1,Fair
,simple,100219,,Round Neck Kids T-shirt striped short sleeveเสื้อยืดเด็กคอกลม แขนสั้นลายทาง,1,,visible,เสื้อยืดเด็กคอกลม แขนสั้นลายทาง   แบรนด์ Baby Gap  ไซส์ 12-18 เดือน ผ้า cotton cmh 100 %,,,,taxable,,1,1,,,,1,,,,,,,390,สินค้าและอุปกรณ์สำหรับเด็ก,,,,,,,,,,,,,,,,สี,สีฟ้า,1,1,Size (เสื้อ),12-18M,1,1,อายุ,"1ปี, 2ปี",1,1,เพศ,ชาย,1,1,Good
,simple,100221,,Zara Button-down Collar T-shirt เสื้อยืด Zara คอติดกระดุมแขนสั้น,1,,visible,เสื้อยืด Zara คอติดกระดุมแขนสั้น สีเหลืองแบบเรียบๆ แบรนด์ Zara  ไซส์ 18-24 เดือน ผ้า cotton แท้ 100 %,,,,taxable,,1,1,,,,1,,,,,,,105,สินค้าและอุปกรณ์สำหรับเด็ก,,,,,,,,,,,,,,,,สี,สีเหลือง,1,1,Size (เสื้อ),"18M, 24M",1,1,อายุ,"18เดือน, 24เดือน",1,1,เพศ,ชาย,1,1,Good
,simple,100209,,Polo shirt cotton on gradient color blue and whiteเสื้อคอปกลายสีฟ้าขาว,1,,visible,เสื้อ โปโล cotton on ลายสีไล่ระดับ ฟ้าขาว แบรนด์ cotton on ไซส์ สำหรับเด็ก 3ปี ขึ้นไป ผ้า cotton แท้ 100%,,,,taxable,,1,1,,,,1,,,,,,,135,สินค้าและอุปกรณ์สำหรับเด็ก,,,,,,,,,,,,,,,,สี,"สีขาว, สีฟ้า",1,1,Size (เสื้อ),3Y,1,1,อายุ,3ปี,1,1,เพศ,ชาย,1,1,Fair
,simple,100207,,"Polo T-shirt, Bear print เสื้อยืดโปโลลายน้องหมีน่ารักๆ",1,,visible,เสื้อยืด โปโล แบร ลายน้องหมีน่ารักมากๆ ต้องสะสมด่วนค่ะ แบรนด์ Ralph Lauren ไซส์ 1-2 ปี ผ้า cotton แท้ 100 %,,,,taxable,,1,1,,,,1,,,,,,,100,สินค้าและอุปกรณ์สำหรับเด็ก,,,,,,,,,,,,,,,,สี,สีขาว,1,1,Size (เสื้อ),"1Y, 2Y",1,1,อายุ,"1ปี, 2ปี",1,1,เพศ,ชาย,1,1,Fair
,simple,100215,,Toddler Boys Cartoon Crab Striped Swimsuitชุดว่ายน้ำเด็กผู้ชายลายการ์ตูนปู,1,,visible,ชุดว่ายน้ำเด็กผู้ชายลายการ์ตูนปู  แบรนด์  Little Me ไซส์ 18 เดือน ผ้า cotton แท้ 100 %,,,,taxable,,1,1,,,,1,,,,,,,360,สินค้าและอุปกรณ์สำหรับเด็ก,,,,,,,,,,,,,,,,สี,"สีขาว, สีน้ำเงิน",1,1,Size (เสื้อ),18M,1,1,อายุ,18เดือน,1,1,เพศ,ชาย,1,1,Fair
,simple,100223,,Kids Captain America Swimwear Bodysuitชุดว่ายน้ำเด็ก,1,,visible,"ชุดว่ายน้ำเด็ก Captain America ชุดบอดี้สูท สกรีนลายชุด Captain America สุดเท่ห์ แบรนด์ Disney ไซส์\n<h1 class=""headerText"" style=""margin: 0px; padding: 0px; line-height: 36px; font-family: TPTankhun; color: #707070; font-size: 36px;""></h1>",,,,taxable,,1,1,,,,1,,,,,,,290,สินค้าและอุปกรณ์สำหรับเด็ก,,,,,,,,,,,,,,,,สี,สีน้ำเงิน,1,1,Size (เสื้อ),12-18M,1,1,อายุ,"12เดือน, 18เดือน",1,1,เพศ,ชาย,1,1,Fair
,simple,100224,,Kids Captain America Swimwear Bodysuitชุดว่ายน้ำเด็ก Captain America ชุดบอดี้สูท,1,,visible,ชุดว่ายน้ำเด็ก Captain America ชุดบอดี้สูท สกรีนลาย Captain America สุดเท่ห์ แบรนด์ Disney ไซส์ 4 ปี,,,,taxable,,1,1,,,,1,,,,,,,290,สินค้าและอุปกรณ์สำหรับเด็ก,,,,,,,,,,,,,,,,สี,สีน้ำเงิน,1,1,Size (เสื้อ),4Y,1,1,อายุ,4ปี,1,1,เพศ,ชาย,1,1,Fair
,,110092,,110092,,,,,,,,,,1,1,,,,,,,,,,,60,,,,,,,,,,,,,,,,,,,,,,,,,,,,,,,,,
,simple,110090,,110090,1,,visible,,,,,taxable,,1,1,,,,1,,,,,,,80,สินค้าและอุปกรณ์สำหรับเด็ก,,,,,,,,,,,,,,,,,,,,,,,,,,,,,,,,New
,simple,110089,,110089,1,,visible,,,,,taxable,,1,1,,,,1,,,,,,,60,สินค้าและอุปกรณ์สำหรับเด็ก,,,,,,,,,,,,,,,,,,,,,,,,,,,,,,,,New
,simple,110085,,110085,1,,visible,,,,,taxable,,1,1,,,,,,,,,,,120,สินค้าและอุปกรณ์สำหรับเด็ก,,,,,,,,,,,,,,,,,,,,,,,,,,,,,,,,New
,simple,110086,,110086,1,,visible,,,,,taxable,,1,1,,,,1,,,,,,,120,สินค้าและอุปกรณ์สำหรับเด็ก,,,,,,,,,,,,,,,,,,,,,,,,,,,,,,,,New
,simple,110087,,110087,1,,visible,,,,,taxable,,1,1,,,,1,,,,,,,120,สินค้าและอุปกรณ์สำหรับเด็ก,,,,,,,,,,,,,,,,,,,,,,,,,,,,,,,,New
,simple,110097,,110097,1,,visible,,,,,taxable,,1,1,,,,1,,,,,,,120,สินค้าและอุปกรณ์สำหรับเด็ก,,,,,,,,,,,,,,,,,,,,,,,,,,,,,,,,
,simple,110104,,110104,1,,visible,,,,,taxable,,1,1,,,,1,,,,,,,180,สินค้าและอุปกรณ์สำหรับเด็ก,,,,,,,,,,,,,,,,,,,,,,,,,,,,,,,,
,simple,110095,,110095,1,,visible,,,,,taxable,,1,1,,,,1,,,,,,,180,สินค้าและอุปกรณ์สำหรับเด็ก,,,,,,,,,,,,,,,,,,,,,,,,,,,,,,,,
,simple,110094,,110094,1,,visible,,,,,taxable,,1,1,,,,1,,,,,,,120,สินค้าและอุปกรณ์สำหรับเด็ก,,,,,,,,,,,,,,,,,,,,,,,,,,,,,,,,
,simple,110100,,110100,1,,visible,,,,,taxable,,1,1,,,,1,,,,,,,180,สินค้าและอุปกรณ์สำหรับเด็ก,,,,,,,,,,,,,,,,,,,,,,,,,,,,,,,,
,simple,110099,,110099,1,,visible,,,,,taxable,,1,1,,,,1,,,,,,,120,สินค้าและอุปกรณ์สำหรับเด็ก,,,,,,,,,,,,,,,,,,,,,,,,,,,,,,,,
,simple,110101,,110101,1,,visible,,,,,taxable,,1,1,,,,1,,,,,,,180,สินค้าและอุปกรณ์สำหรับเด็ก,,,,,,,,,,,,,,,,,,,,,,,,,,,,,,,,
,simple,110098,,110098,1,,visible,,,,,taxable,,1,1,,,,1,,,,,,,180,สินค้าและอุปกรณ์สำหรับเด็ก,,,,,,,,,,,,,,,,,,,,,,,,,,,,,,,,
,simple,110103,,110103,1,,visible,,,,,taxable,,1,1,,,,1,,,,,,,180,สินค้าและอุปกรณ์สำหรับเด็ก,,,,,,,,,,,,,,,,,,,,,,,,,,,,,,,,
,simple,110102,,110102,1,,visible,,,,,taxable,,1,1,,,,1,,,,,,,180,สินค้าและอุปกรณ์สำหรับเด็ก,,,,,,,,,,,,,,,,,,,,,,,,,,,,,,,,
,simple,100226,,Mickey Shoes รองเท้าผ้าใบลายมิกกี้,1,,visible,รองเท้าพิมพ์ลายรูปทรง Mickey Mouse เปิดปิดด้วยเชือกปรับได้ มีซิปด้านข้างรองเท้า ขนาด ไซส์ 15.5 CM,,,,taxable,,1,1,,,,1,,,,,,,450,สินค้าและอุปกรณ์สำหรับเด็ก,,,,,,,,,,,,,,,,สี,"สีกรม, สีขาว, สีดำ, สีเขียว, สีเหลือง",1,1,เพศ,ชาย,1,1,,,,,,,,,Fair
,simple,100231,,Kids Casual Shoes รองเท้าลำลองเด็ก,1,,visible,วัสดุรองเท้าง่ายต่อการทำความสะอาด แห้งเร็ว ไม่เกิดกลิ่นอับชื้น ช่วงบริเวณนิ้วเท้ามีรู ช่วยระบายอากาศได้อย่างดีเยี่ยม สายรัดด้านหลัง เพิ่มความกระชับเมื่อสวมใส่ ขนาดไซส์ C5 อายุ 6 เดือน ถึง 1 ขวบครึ่ง,,,,taxable,,1,1,,,,1,,,,,,,645,สินค้าและอุปกรณ์สำหรับเด็ก,,,,,,,,,,,,,,,,สี,สีกรม,1,1,อายุ,"18เดือน, 1ปี, 6เดือน",1,1,เพศ,ชาย,1,1,,,,,Good
,simple,100230,,Mickey Mouse Boys Shoes รองเท้าเด็กผู้ชายลายมิกกี้เมาส์,1,,visible,ทำจากผ้าสัมผัสนุ่ม มีแถบหนามเตยขนาดใหญ่ในดีไซน์รูปศีรษะของ Mickey น้ำหนักเบา มอบความยืดหยุ่นและรองรับแรงกระแทกให้กับเท้าของเจ้าตัวเล็กขณะเคลื่อนไหว  ไซส์ 14 CM,,,,taxable,,1,1,,,,1,,,,,,,925,สินค้าและอุปกรณ์สำหรับเด็ก,,,,,,,,,,,,,,,,สี,"สีขาว, สีดำ, สีแดง",1,1,เพศ,ชาย,1,1,,,,,,,,,Good
,simple,110131,,110131,1,,visible,,,,,taxable,,1,1,,,,1,,,,,,,90,สินค้าและอุปกรณ์สำหรับเด็ก,,,,,,,,,,,,,,,,,,,,,,,,,,,,,,,,
,simple,110128,,110128,1,,visible,,,,,taxable,,1,1,,,,1,,,,,,,90,สินค้าและอุปกรณ์สำหรับเด็ก,,,,,,,,,,,,,,,,,,,,,,,,,,,,,,,,
,simple,110129,,110129,1,,visible,,,,,taxable,,1,1,,,,,,,,,,,90,สินค้าและอุปกรณ์สำหรับเด็ก,,,,,,,,,,,,,,,,,,,,,,,,,,,,,,,,
,simple,110135,,110135,1,,visible,,,,,taxable,,1,1,,,,1,,,,,,,90,สินค้าและอุปกรณ์สำหรับเด็ก,,,,,,,,,,,,,,,,,,,,,,,,,,,,,,,,
,simple,110134,,110134,1,,visible,,,,,taxable,,1,1,,,,1,,,,,,,90,สินค้าและอุปกรณ์สำหรับเด็ก,,,,,,,,,,,,,,,,,,,,,,,,,,,,,,,,
,simple,110132,,110132,1,,visible,,,,,taxable,,1,1,,,,1,,,,,,,90,สินค้าและอุปกรณ์สำหรับเด็ก,,,,,,,,,,,,,,,,,,,,,,,,,,,,,,,,
,simple,110130,,110130,1,,visible,,,,,taxable,,1,1,,,,1,,,,,,,90,สินค้าและอุปกรณ์สำหรับเด็ก,,,,,,,,,,,,,,,,,,,,,,,,,,,,,,,,
,simple,110140,,110140,1,,visible,,,,,taxable,,1,1,,,,1,,,,,,,50,สินค้าและอุปกรณ์สำหรับเด็ก,,,,,,,,,,,,,,,,,,,,,,,,,,,,,,,,
,simple,110136,,110136,1,,visible,,,,,taxable,,1,1,,,,1,,,,,,,70,สินค้าและอุปกรณ์สำหรับเด็ก,,,,,,,,,,,,,,,,,,,,,,,,,,,,,,,,
,simple,110141,,110141,1,,visible,,,,,taxable,,1,1,,,,1,,,,,,,50,สินค้าและอุปกรณ์สำหรับเด็ก,,,,,,,,,,,,,,,,,,,,,,,,,,,,,,,,
,simple,110143,,110143,1,,visible,,,,,taxable,,1,1,,,,1,,,,,,,50,สินค้าและอุปกรณ์สำหรับเด็ก,,,,,,,,,,,,,,,,,,,,,,,,,,,,,,,,
,simple,110137,,110137,1,,visible,,,,,taxable,,1,1,,,,1,,,,,,,70,สินค้าและอุปกรณ์สำหรับเด็ก,,,,,,,,,,,,,,,,,,,,,,,,,,,,,,,,
,simple,110138,,110138,1,,visible,,,,,taxable,,1,1,,,,1,,,,,,,70,สินค้าและอุปกรณ์สำหรับเด็ก,,,,,,,,,,,,,,,,,,,,,,,,,,,,,,,,
,simple,110142,,110142,1,,visible,,,,,taxable,,1,1,,,,1,,,,,,,50,สินค้าและอุปกรณ์สำหรับเด็ก,,,,,,,,,,,,,,,,,,,,,,,,,,,,,,,,
,simple,110144,,110144,1,,visible,,,,,taxable,,1,1,,,,1,,,,,,,40,สินค้าและอุปกรณ์สำหรับเด็ก,,,,,,,,,,,,,,,,,,,,,,,,,,,,,,,,
,simple,110145,,110145,1,,visible,,,,,taxable,,1,1,,,,1,,,,,,,50,สินค้าและอุปกรณ์สำหรับเด็ก,,,,,,,,,,,,,,,,,,,,,,,,,,,,,,,,
,simple,110105,,110105,1,,visible,,,,,taxable,,1,1,,,,1,,,,,,,40,สินค้าและอุปกรณ์สำหรับเด็ก,,,,,,,,,,,,,,,,,,,,,,,,,,,,,,,,
,simple,110106,,110106,1,,visible,,,,,taxable,,1,1,,,,1,,,,,,,100,สินค้าและอุปกรณ์สำหรับเด็ก,,,,,,,,,,,,,,,,,,,,,,,,,,,,,,,,
,simple,110107,,110107,1,,visible,,,,,taxable,,1,1,,,,1,,,,,,,100,สินค้าและอุปกรณ์สำหรับเด็ก,,,,,,,,,,,,,,,,,,,,,,,,,,,,,,,,
,simple,110108,,110108,1,,visible,,,,,taxable,,1,1,,,,1,,,,,,,100,สินค้าและอุปกรณ์สำหรับเด็ก,,,,,,,,,,,,,,,,,,,,,,,,,,,,,,,,
,simple,110109,,110109,1,,visible,,,,,taxable,,1,1,,,,1,,,,,,,100,สินค้าและอุปกรณ์สำหรับเด็ก,,,,,,,,,,,,,,,,,,,,,,,,,,,,,,,,
,simple,110110,,110110,1,,visible,,,,,taxable,,1,1,,,,1,,,,,,,100,สินค้าและอุปกรณ์สำหรับเด็ก,,,,,,,,,,,,,,,,,,,,,,,,,,,,,,,,
,simple,110111,,110111,1,,visible,,,,,taxable,,1,1,,,,1,,,,,,,100,สินค้าและอุปกรณ์สำหรับเด็ก,,,,,,,,,,,,,,,,,,,,,,,,,,,,,,,,
,simple,110112,,110112,1,,visible,,,,,taxable,,1,1,,,,1,,,,,,,100,สินค้าและอุปกรณ์สำหรับเด็ก,,,,,,,,,,,,,,,,,,,,,,,,,,,,,,,,
,simple,110113,,110113,1,,visible,,,,,taxable,,1,1,,,,1,,,,,,,100,สินค้าและอุปกรณ์สำหรับเด็ก,,,,,,,,,,,,,,,,,,,,,,,,,,,,,,,,
,simple,110114,,110114,1,,visible,,,,,taxable,,1,1,,,,1,,,,,,,100,สินค้าและอุปกรณ์สำหรับเด็ก,,,,,,,,,,,,,,,,,,,,,,,,,,,,,,,,
,simple,110115,,110115,1,,visible,,,,,taxable,,1,1,,,,1,,,,,,,100,สินค้าและอุปกรณ์สำหรับเด็ก,,,,,,,,,,,,,,,,,,,,,,,,,,,,,,,,
,simple,110116,,110116,1,,visible,,,,,taxable,,1,1,,,,1,,,,,,,100,สินค้าและอุปกรณ์สำหรับเด็ก,,,,,,,,,,,,,,,,,,,,,,,,,,,,,,,,
,simple,110117,,110117,1,,visible,,,,,taxable,,1,1,,,,1,,,,,,,100,สินค้าและอุปกรณ์สำหรับเด็ก,,,,,,,,,,,,,,,,,,,,,,,,,,,,,,,,
,simple,110118,,110118,1,,visible,,,,,taxable,,1,1,,,,1,,,,,,,100,สินค้าและอุปกรณ์สำหรับเด็ก,,,,,,,,,,,,,,,,,,,,,,,,,,,,,,,,
,simple,110119,,110119,1,,visible,,,,,taxable,,1,1,,,,1,,,,,,,100,สินค้าและอุปกรณ์สำหรับเด็ก,,,,,,,,,,,,,,,,,,,,,,,,,,,,,,,,
,simple,110120,,110120,1,,visible,,,,,taxable,,1,1,,,,1,,,,,,,100,สินค้าและอุปกรณ์สำหรับเด็ก,,,,,,,,,,,,,,,,,,,,,,,,,,,,,,,,
,simple,110121,,110121,1,,visible,,,,,taxable,,1,1,,,,1,,,,,,,100,สินค้าและอุปกรณ์สำหรับเด็ก,,,,,,,,,,,,,,,,,,,,,,,,,,,,,,,,
,simple,110122,,110122,1,,visible,,,,,taxable,,1,1,,,,1,,,,,,,100,สินค้าและอุปกรณ์สำหรับเด็ก,,,,,,,,,,,,,,,,,,,,,,,,,,,,,,,,
,simple,110123,,110123,1,,visible,,,,,taxable,,1,1,,,,1,,,,,,,100,สินค้าและอุปกรณ์สำหรับเด็ก,,,,,,,,,,,,,,,,,,,,,,,,,,,,,,,,
,simple,110124,,110124,1,,visible,,,,,taxable,,1,1,,,,1,,,,,,,100,สินค้าและอุปกรณ์สำหรับเด็ก,,,,,,,,,,,,,,,,,,,,,,,,,,,,,,,,
,simple,110125,,110125,1,,visible,,,,,taxable,,1,1,,,,1,,,,,,,60,สินค้าและอุปกรณ์สำหรับเด็ก,,,,,,,,,,,,,,,,,,,,,,,,,,,,,,,,
,simple,100239,,Crocs Fun Lab Lightning McQueen Lights Clog รองเท้าลำลองเด็กผู้ชาย ลายแม็คควีน,1,,visible,รองเท้าที่คุณหนูๆชื่นชอบ McQueen จะต้องชอบมาพร้อมกับนวัตกรรม Iconic Crocs Comfort มีน้ำหนักเบาและส่วมใส่สบาย มีไฟ LED ที่ตาด้วย,,,,taxable,,1,1,,,,1,,,,,,,990,สินค้าและอุปกรณ์สำหรับเด็ก,,,,,,,,,,,,,,,,สี,สีดำ,1,1,เพศ,ชาย,1,1,อายุ,2ปี,1,1,,,,,Good
,simple,100241,,Adidas Superstar Black รองเท้าลำลองเด็ก,1,,visible,รองเท้าลำลองเด็ก Adidas สีดำ-ขาว ทำจากผ้าตาข่ายทอสองชั้นที่มีความยืดหยุ่นกระดับรูปเท้า สวมใส่ง่าย มีแถบ Adifit บนแผ่นรองฝ่าเท้าช่วยวัดความพอดีของขนาดเท้า แผ่นรองพื้นรองเท้า OrthoLite ให้ความนุ่มสบายและลดกลิ่นอับชื้น,,,,taxable,,1,1,,,,1,,,,,,,600,สินค้าและอุปกรณ์สำหรับเด็ก,,,,,,,,,,,,,,,,สี,สีดำ,1,1,,,,,,,,,,,,,Good
,simple,100240,,Crocs Fun Lab Spider-Man Lights Clog รองเท้าลำลองเด็กผู้ชาย,1,,visible,รองเท้าที่คุณหนูๆชื่นชอบ Spider-Man จะต้องชอบมาพร้อมกับนวัตกรรม Iconic Crocs Comfort มีน้ำหนักเบาและสวมใส่สบาย,,,,taxable,,1,1,,,,1,,,,,,,1095,สินค้าและอุปกรณ์สำหรับเด็ก,,,,,,,,,,,,,,,,สี,สีแดง,1,1,อายุ,2ปี,1,1,,,,,,,,,Fair
,simple,100235,,Adidas Active Play Mickey Shoes รองเท้ามิกกี้แอคทีฟเพลย์,1,,visible,รองเท้าวิ่งเล่นพร้อมกราฟิกลายการ์ตูน มีสัมผัสนุ่มและรองรับเท้า อัปเปอร์ทำจากตาข่าย สีดำ-แดง มีแถบหนามเตยด้านบนแต่งกราฟิก Mickey Mouse จาก Disney,,,,taxable,,1,1,,,,1,,,,,,,800,สินค้าและอุปกรณ์สำหรับเด็ก,,,,,,,,,,,,,,,,สี,สีดำ,1,1,,,,,,,,,,,,,Mint
,simple,100234,,Adidas Altaventure รองเท้าแตะ,1,,visible,รองเท้าแตะที่กระชับราวสวมถุงเท้า มีสายรัดหนามเตย อัปเปอร์ทำจากผ้าแห้งไว ด้านในรองเท้าซับด้วยผ้า พื้นรองเท้านุ่มพิเศษทำจากโพลียูรีเทน พื้นชั้นล่างกันลื่น สีดำ-เทา,,,,taxable,,1,1,,,,1,,,,,,,550,สินค้าและอุปกรณ์สำหรับเด็ก,,,,,,,,,,,,,,,,สี,สีดำ,1,1,,,,,,,,,,,,,Mint
,simple,100238,,Crocs Fun Lab Disney And Pixar Cars Band Clog รองเท้าลำลองเด็ก,1,,visible,อัปเปอร์น้ำหนักเบาใส่สบายพร้อมดีไซน์ช่องรูเสริมการระบายน้ำและอากาศภายในรองเท้าได้ดียิ่งขึ้น สายรัดส้นเท้าเพิ่มความกระชับอย่างมั่นใจ,,,,taxable,,1,1,,,,1,,,,,,,890,สินค้าและอุปกรณ์สำหรับเด็ก,,,,,,,,,,,,,,,,สี,สีดำ,1,1,อายุ,2ปี,1,1,,,,,,,,,Fair
,simple,100237,,Kids Casual Shoes Mickey Mouse Pattern รองเท้าลำลองเด็ก ลายมิกกี้เม้าส์,1,,visible,อัปเปอร์น้ำหนักเบาใส่สบายพร้อมดีไซน์ช่องรูเสริมการระบายน้ำและอากาศภายในรองเท้าได้ดียิ่งขึ้น สายรัดส้นเท้าเพิ่มความกระชับอย่างมั่นใจ,,,,taxable,,1,1,,,,1,,,,,,,890,สินค้าและอุปกรณ์สำหรับเด็ก,,,,,,,,,,,,,,,,สี,สีน้ำเงิน,1,1,เพศ,ชาย,1,1,อายุ,2ปี,1,1,,,,,Fair
,simple,100242,,Toddler Sandals รองเท้าแตะรัดส้นเด็ก,1,,visible,พื้นรองเท้าด้านบนทำจากผ้าตาข่ายระบายอากาศช่วยให้เท้าของคุณเย็นสบายและนุ่มสบาย สามารถใส่ได้ทุกกิจกรรม ไซส์ เด็ก 2 ปี ถึง 3 ปี,,,,taxable,,1,1,,,,1,,,,,,,400,สินค้าและอุปกรณ์สำหรับเด็ก,,,,,,,,,,,,,,,,อายุ,"2ปี, 3ปี",1,1,สี,"สีกรม, สีเขียว",1,1,เพศ,ชาย,1,1,,,,,Fair
,simple,100243,,Toddler Sandals รองเท้าแตะรัดส้นเด็ก,1,,visible,พื้นรองเท้าด้านบนทำจากผ้าตาข่ายระบายอากาศช่วยให้เท้าของคุณเย็นสบายและนุ่มสบาย สามารถใส่ได้ทุกกิจกรรม ไซส์ เด็ก 4 ปี ถึง 5 ปี,,,,taxable,,1,1,,,,1,,,,,,,400,สินค้าและอุปกรณ์สำหรับเด็ก,,,,,,,,,,,,,,,,สี,"สีน้ำเงิน, สีเขียว",1,1,อายุ,4ปี,1,1,เพศ,ชาย,1,1,,,,,Fair
,simple,100244,,Ralph Lauren Polo Shirt เสื้อเชิ้ตคอปกโปโลสีชมพู,1,,visible,เสื้อโปโล แบรนด์ Ralph Lauren แขนสั้น สีชมพูเข้ม ไซส์ 4 ปี (4Y),,,,taxable,,1,1,,,,1,,,,,,,360,สินค้าและอุปกรณ์สำหรับเด็ก,,,,,,,,,,,,,,,,สี,สีชมพู,1,1,Size (เสื้อ),4Y,1,1,อายุ,4ปี,1,1,,,,,Fair
,simple,100248,,Ralph Lauren Polo Shirt เสื้อเชิ้ตคอปกโปโลสีฟ้า,1,,visible,เสื้อโปโล แบรนด์ Ralph Lauren แขนสั้น สีฟ้า ไซส์ 12 เดือน (1ปี),,,,taxable,,1,1,,,,1,,,,,,,360,สินค้าและอุปกรณ์สำหรับเด็ก,,,,,,,,,,,,,,,,สี,สีฟ้า,1,1,Size (เสื้อ),12M,1,1,อายุ,1ปี,1,1,,,,,Good
,simple,100249,,Ralph Lauren Polo Shirt เสื้อเชิ้ตคอปกโปโลสีน้ำเงิน,1,,visible,เสื้อโปโล แบรนด์ Ralph Lauren แขนสั้น สีน้ำเงิน ไซส์ 12 เดือน (1ปี),,,,taxable,,1,1,,,,1,,,,,,,360,สินค้าและอุปกรณ์สำหรับเด็ก,,,,,,,,,,,,,,,,สี,สีน้ำเงิน,1,1,Size (เสื้อ),12M,1,1,อายุ,1ปี,1,1,,,,,Good
,simple,100250,,Ralph Lauren Polo Shirt เสื้อเชิ้ตคอปกโปโลสีกรม,1,,visible,เสื้อโปโล แบรนด์ Ralph Lauren แขนสั้น สีกรม ไซส์ 12 เดือน (1ปี),,,,taxable,,1,1,,,,1,,,,,,,300,สินค้าและอุปกรณ์สำหรับเด็ก,,,,,,,,,,,,,,,,สี,สีกรม,1,1,Size (เสื้อ),12M,1,1,อายุ,1ปี,1,1,,,,,Good
,simple,100251,,Ralph Lauren Polo Shirt เสื้อเชิ้ตคอปกโปโลสีชมพู,1,,visible,เสื้อโปโล แบรนด์ Ralph Lauren แขนสั้น สีชมพูเข้ม ไซส์ 12เดือน (1ปี),,,,taxable,,1,1,,,,1,,,,,,,300,สินค้าและอุปกรณ์สำหรับเด็ก,,,,,,,,,,,,,,,,สี,สีชมพู,1,1,Size (เสื้อ),12M,1,1,อายุ,1ปี,1,1,,,,,Good
,simple,100252,,Ralph Lauren Polo Shirt เสื้อเชิ้ตคอปกโปโลสีเหลือง,1,,visible,เสื้อโปโล แบรนด์ Ralph Lauren แขนสั้น สีเหลือง ไซส์ 12เดือน (1ปี),,,,taxable,,1,1,,,,1,,,,,,,360,สินค้าและอุปกรณ์สำหรับเด็ก,,,,,,,,,,,,,,,,Size (เสื้อ),12M,1,1,สี,สีเหลือง,1,1,อายุ,1ปี,1,1,,,,,Good
,simple,100253,,Ralph Lauren Polo Shirt เสื้อเชิ้ตคอปกโปโลสีน้ำเงิน,1,,visible,เสื้อโปโล แบรนด์ Ralph Lauren แขนสั้น สีน้ำเงิน ไซส์ 12เดือน (1ปี),,,,taxable,,1,1,,,,1,,,,,,,360,สินค้าและอุปกรณ์สำหรับเด็ก,,,,,,,,,,,,,,,,สี,สีน้ำเงิน,1,1,Size (เสื้อ),12M,1,1,อายุ,1ปี,1,1,,,,,Good
,simple,100254,,Ralph Lauren Polo Shirt เสื้อเชิ้ตคอปกโปโลสีแดง,1,,visible,เสื้อโปโล แบรนด์ Ralph Lauren แขนสั้น สีแดง ไซส์ 12เดือน (1ปี),,,,taxable,,1,1,,,,1,,,,,,,360,สินค้าและอุปกรณ์สำหรับเด็ก,,,,,,,,,,,,,,,,สี,สีแดง,1,1,Size (เสื้อ),12M,1,1,อายุ,1ปี,1,1,,,,,Good
,simple,100261,,Disney Mickey Mouse Scary Cute เสื้อแขนสั้นลายมิกกี้เมาส์,1,,visible,เสื้อแขนสั้น แบรนด์ Disney ลายมิกกี้เมาส์วันฮาโลวีน สกรีนตัวหนังสือ Scary Cute ไซส์ 4ปี (4Y),,,,taxable,,1,1,,,,1,,,,,,,120,สินค้าและอุปกรณ์สำหรับเด็ก,,,,,,,,,,,,,,,,สี,สีส้ม,1,1,Size (เสื้อ),4Y,1,1,อายุ,4ปี,1,1,,,,,Fair
,simple,100262,,Disney Mickey Mouse Scary Cute เสื้อแขนสั้นลายมิกกี้เมาส์,1,,visible,เสื้อแขนสั้น แบรนด์ Disney ลายมิกกี้เมาส์วันฮาโลวีน สกรีนตัวหนังสือ Scary Cute ไซส์ 18เดือน (18M),,,,taxable,,1,1,,,,1,,,,,,,60,สินค้าและอุปกรณ์สำหรับเด็ก,,,,,,,,,,,,,,,,สี,สีส้ม,1,1,Size (เสื้อ),18M,1,1,อายุ,18เดือน,1,1,,,,,Fair
,simple,100263,,T-Shirt Respect The Ocean Dude เสื้อยืดแขนสั้น,1,,visible,เสื้อแขนสั้น แบรนด์ M&amp;S สกรีนตัวหนังสือ Respect The Ocean Dude เสื้อสีขาว ไซส์ 3ปี-4ปี,,,,taxable,,1,1,,,,1,,,,,,,190,สินค้าและอุปกรณ์สำหรับเด็ก,,,,,,,,,,,,,,,,สี,สีขาว,1,1,Size (เสื้อ),"3Y, 4Y",1,1,อายุ,"3ปี, 4ปี",1,1,,,,,Fair
,simple,100264,,T-Shirt 3 Dinosaurs เสื้อยืดลายไดโนเสาร์3ตัว,1,,visible,เสื้อแขนสั้น แบรนด์ M&amp;S สกรีนลายไดโนเสาร์ 3 ตัว เสื้อสีเขียว ไซส์ 3ปี-4ปี,,,,taxable,,1,1,,,,1,,,,,,,190,สินค้าและอุปกรณ์สำหรับเด็ก,,,,,,,,,,,,,,,,สี,สีเขียว,1,1,Size (เสื้อ),"3Y, 4Y",1,1,อายุ,"3ปี, 4ปี",1,1,,,,,Fair
,simple,100266,,T-Shirt Dinosaur Play Skateboard เสื้อยืดลายไดโนเสาร์เล่นสเก็ตบอร์ด,1,,visible,เสื้อแขนสั้น แบรนด์ M&amp;S ปักลายไดโนเสาร์เล่นสเก็ตบอร์ด เสื้อสีน้ำเงิน ไซส์ 3ปี-4ปี,,,,taxable,,1,1,,,,1,,,,,,,190,สินค้าและอุปกรณ์สำหรับเด็ก,,,,,,,,,,,,,,,,สี,สีน้ำเงิน,1,1,อายุ,"3ปี, 4ปี",1,1,Size (เสื้อ),"3Y, 4Y",1,1,,,,,Fair
,simple,100267,,T-Shirt Blue White เสื้อยืดแขนสั้น,1,,visible,เสื้อยืด แบรนด์ M&amp;S ลายทางสีฟ้าตัดด้วยสีขาว ไซส์ 2ปี-3ปี,,,,taxable,,1,1,,,,1,,,,,,,100,สินค้าและอุปกรณ์สำหรับเด็ก,,,,,,,,,,,,,,,,สี,"สีขาว, สีฟ้า",1,1,Size (เสื้อ),"2Y, 3Y",1,1,อายุ,"2ปี, 3ปี",1,1,,,,,Fair
,simple,100268,,T-Shirt Blue White เสื้อยืดแขนสั้น,1,,visible,เสื้อยืด แบรนด์ M&amp;S ลายทางสีฟ้าตัดด้วยสีขาว ไซส์ 3ปี-4ปี,,,,taxable,,1,1,,,,1,,,,,,,190,สินค้าและอุปกรณ์สำหรับเด็ก,,,,,,,,,,,,,,,,สี,"สีขาว, สีฟ้า",1,1,Size (เสื้อ),"3Y, 4Y",1,1,อายุ,"3ปี, 4ปี",1,1,,,,,Fair
,simple,100270,,T-Shirt Respect The Ocean Dude เสื้อยืดแขนสั้น,1,,visible,เสื้อยืด แบรนด์ M&amp;S สกรีนตัวหนังสือ Respect The Ocean Dude เสื้อสีขาว ไซส์ 2ปี-3ปี,,,,taxable,,1,1,,,,1,,,,,,,190,สินค้าและอุปกรณ์สำหรับเด็ก,,,,,,,,,,,,,,,,สี,สีขาว,1,1,Size (เสื้อ),"2Y, 3Y",1,1,อายุ,"2ปี, 3ปี",1,1,,,,,Fair
,simple,100258,,Boys Swimming Trunks กางเกงว่ายน้ำเด็กผู้ชาย,1,,visible,กางเกงว่ายน้ำขาสั้น แบรนด์ Zara สีน้ำเงินลายปลาฉลาม ไซส์  1ปี,,,,taxable,,1,1,,,,1,,,,,,,100,สินค้าและอุปกรณ์สำหรับเด็ก,,,,,,,,,,,,,,,,สี,สีน้ำเงิน,1,1,Size (กางเกง),12M,1,1,เพศ,ชาย,1,1,อายุ,1ปี,1,1,Good
,simple,100259,,Boys Swimming Trunks กางเกงว่ายน้ำเด็กผู้ชาย,1,,visible,กางเกงว่ายน้ำเด็กขาสั้น แบรนด์ Zara สีกรมลายปลา ไซส์ 2ปี-3ปี,,,,taxable,,1,1,,,,1,,,,,,,295,สินค้าและอุปกรณ์สำหรับเด็ก,,,,,,,,,,,,,,,,Size (กางเกง),"2Y, 3Y",1,1,สี,สีกรม,1,1,อายุ,"2ปี, 3ปี",1,1,เพศ,ชาย,1,1,Fair
,simple,100260,,Boys Swimming Trunks กางเกงว่ายน้ำเด็กผู้ชาย,1,,visible,กางเกงว่ายน้ำเด็กขาสั้น แบรนด์ Zara สีกรมลายปลา ไซส์ 3ปี-4ปี,,,,taxable,,1,1,,,,1,,,,,,,295,สินค้าและอุปกรณ์สำหรับเด็ก,,,,,,,,,,,,,,,,สี,สีกรม,1,1,Size (กางเกง),"3Y, 4Y",1,1,อายุ,"3ปี, 4ปี",1,1,เพศ,ชาย,1,1,Good
,simple,100256,,Halloween Pumpkin T-Shirt เสื้อยืดลายฟักทองฮัลโลวีน,1,,visible,เสื้อแขนยาว แบรนด์ H&amp;M ลายฟักทองฮัลโลวีน ไซส์ 2ปี-3ปี,,,,taxable,,1,1,,,,1,,,,,,,190,สินค้าและอุปกรณ์สำหรับเด็ก,,,,,,,,,,,,,,,,สี,สีส้ม,1,1,Size (เสื้อ),"2Y, 3Y",1,1,อายุ,"2ปี, 3ปี",1,1,,,,,Good
,simple,100255,,Halloween Pumpkin T-Shirt เสื้อยืดลายฟักทองฮัลโลวีน,1,,visible,เสื้อแขนยาว แบรนด์ H&amp;M ลายฟักทองฮัลโลวีน ไซส์ 1ปี-2ปี,,,,taxable,,1,1,,,,1,,,,,,,100,สินค้าและอุปกรณ์สำหรับเด็ก,,,,,,,,,,,,,,,,สี,สีส้ม,1,1,Size (เสื้อ),"12M, 2Y",1,1,อายุ,"1ปี, 2ปี",1,1,,,,,Good
,simple,100281,,T-Shirt เสื้อยืดลายทาง,1,,visible,เสื้อยืดแขนสั้น แบรนด์ Uniqlo ลายทางสีส้มตัดด้วยสีขาว ไซส์ 1ปี,,,,taxable,,1,1,,,,1,,,,,,,120,สินค้าและอุปกรณ์สำหรับเด็ก,,,,,,,,,,,,,,,,สี,"สีขาว, สีส้ม",1,1,Size (เสื้อ),12M,1,1,อายุ,1ปี,1,1,,,,,Fair
,simple,100280,,T-Shirt เสื้อยืดสีกรมลายแว่นตาที่กระเป๋า,1,,visible,เสื้อยืดแขนสั้น แบรนด์ Uniqlo มีลายแว่นตาที่กระเป๋า ไซส์ 1ปี,,,,taxable,,1,1,,,,1,,,,,,,60,สินค้าและอุปกรณ์สำหรับเด็ก,,,,,,,,,,,,,,,,สี,สีกรม,1,1,Size (เสื้อ),12M,1,1,อายุ,1ปี,1,1,,,,,Fair
,simple,100279,,T-Shirt เสื้อยืดสีกรมลายแว่นตาที่กระเป๋า,1,,visible,เสื้อยืดแขนสั้น แบรนด์ Uniqlo มีลายแว่นตาที่กระเป๋า ไซส์ 18 เดือน,,,,taxable,,1,1,,,,1,,,,,,,100,สินค้าและอุปกรณ์สำหรับเด็ก,,,,,,,,,,,,,,,,สี,สีกรม,1,1,Size (เสื้อ),12-18M,1,1,อายุ,18เดือน,1,1,,,,,Fair
,simple,100278,,T-Shirt เสื้อยืดสีดำลายมิกกี้เมาส์ที่กระเป๋า,1,,visible,เสื้อยืดแขนสั้น แบรนด์ Uniqlo มีลายมิกกี้เมาส์ที่กระเป๋า ไซส์ 1ปี,,,,taxable,,1,1,,,,1,,,,,,,120,สินค้าและอุปกรณ์สำหรับเด็ก,,,,,,,,,,,,,,,,สี,สีดำ,1,1,Size (เสื้อ),12M,1,1,อายุ,1ปี,1,1,,,,,Fair
,simple,100277,,Ticking Stipe Shorts กางเกงขาสั้นลายทาง,1,,visible,เท่และน่ารักได้กลิ่นอายทะเลด้วยกางเกงขาสั้นลายทางตัวนี้ ใส่สบายตลอดทั้งวันด้วยขอบเอวยางยืด ไซส์ 9เดือน-12เดือน,,,,taxable,,1,1,,,,1,,,,,,,120,สินค้าและอุปกรณ์สำหรับเด็ก,,,,,,,,,,,,,,,,สี,"สีขาว, สีฟ้า",1,1,Size (กางเกง),"12M, 9M",1,1,อายุ,"1ปี, 9เดือน",1,1,,,,,Good
,simple,100275,,Toddler Pull-On Shorts กางเกงขาสั้นเด็ก,1,,visible,กางเกงขาสั้นสวมใส่สบายง่าย มาพร้อมกระเป๋าสารพัดประโยชน์และเชือกผูกเหมาะสำหรับใส่ในทุกๆวัน,,,,taxable,,1,1,,,,1,,,,,,,295,สินค้าและอุปกรณ์สำหรับเด็ก,,,,,,,,,,,,,,,,สี,สีเทา,1,1,Size (กางเกง),2T,1,1,อายุ,2ปี,1,1,,,,,Fair
,simple,100273,,Boys Short Trousers กางเกงขาสั้นเด็กผู้ชาย,1,,visible,กางเกงขาสั้นสวมใส่สบาย มาพร้อมกระเป๋าทั้งสองข้างตกแต่งด้วยกระดุมและซิป เอวสม็อต เหมาะกับการใส่ในทุกๆวัน,,,,taxable,,1,1,,,,1,,,,,,,200,สินค้าและอุปกรณ์สำหรับเด็ก,,,,,,,,,,,,,,,,สี,สีกรม,1,1,Size (กางเกง),3T,1,1,อายุ,3ปี,1,1,,,,,Fair
,simple,100272,,Baby Knit Denim Pants กางเกงยีนส์เด็กถัก,1,,visible,ด้วยดีไซน์ที่สวมใส่ง่ายกางเกงผ้าฝ้ายเนื้อนุ่มตัวนี้ช่วยให้การแต่งตัวได้อย่างรวดเร็ว,,,,taxable,,1,1,,,,1,,,,,,,200,สินค้าและอุปกรณ์สำหรับเด็ก,,,,,,,,,,,,,,,,สี,สีกรม,1,1,Size (กางเกง),18M,1,1,อายุ,18เดือน,1,1,,,,,Fair
,simple,100271,,Baby Organic Cotton Rib Pants กางเกงผ้าฝ้ายออร์แกนิคเด็ก,1,,visible,ผลิตจากผ้าฝ้ายออร์แกนิค 100% ฝ้ายออร์แกนิคดีต่อผู้คนและสิ่งแวดล้อมเพราะปลูกโดยไม่ใช้สารกำจัดศัตรูพืชและปุ๋ยสังเคราะห์ที่เป็นอันตราย,,,,taxable,,1,1,,,,1,,,,,,,120,สินค้าและอุปกรณ์สำหรับเด็ก,,,,,,,,,,,,,,,,สี,สีเขียว,1,1,Size (กางเกง),"12M, 6M",1,1,อายุ,"12เดือน, 6เดือน",1,1,,,,,Fair
,simple,100286,,Baby Cotton Pants กางเกงผ้าฝ้ายเด็ก,1,,visible,ตัดเย็บด้วยผ้าฝ้ายเนื้อนุ่ม สวมใส่ง่าย สบาย เหมาะสำหรับลูกน้อย,,,,taxable,,1,1,,,,1,,,,,,,120,สินค้าและอุปกรณ์สำหรับเด็ก,,,,,,,,,,,,,,,,สี,สีเทา,1,1,Size (กางเกง),12M,1,1,อายุ,12เดือน,1,1,,,,,Good
,simple,100285,,Baby Organic Cotton Jeans กางเกงยีนส์เด็กผ้าฝ้ายออร์แกนิค,1,,visible,ผลิตจากผ้าฝ้ายออร์แกนิค 100% ดีต่อผู้คนและสิ่งแวดล้อมเพราะปลูกโดยไม่ใช้สารกำจัดศัตรูพืชและปุ๋ยสังเคราะห์ที่เป็นอันตราย ดีสำหรับเด็ก ดีสำหรับโลก,,,,taxable,,1,1,,,,1,,,,,,,290,สินค้าและอุปกรณ์สำหรับเด็ก,,,,,,,,,,,,,,,,สี,สีน้ำเงิน,1,1,Size (กางเกง),"12M, 6M",1,1,อายุ,"12เดือน, 6เดือน",1,1,,,,,Fair
,simple,100284,,Denim Joggers กางเกงจ๊อกเกอร์ยีนส์,1,,visible,ด้วยกางเกงที่สวมได้ง่ายและกางเกงจ็อกเกอร์ลุคเท่ กางเกงจ็อกเกอร์เดนิมที่ใส่สบายเป็นพิเศษพร้อมความยืดหยุ่นที่เพิ่มขึ้นนี้จึงจำเป็นสำหรับฤดูหนาว,,,,taxable,,1,1,,,,1,,,,,,,390,สินค้าและอุปกรณ์สำหรับเด็ก,,,,,,,,,,,,,,,,สี,สีกรม,1,1,Size (กางเกง),12M,1,1,อายุ,12เดือน,1,1,,,,,Mint
,simple,100283,,Relaxed Fit Jeans กางเกงยีนส์ทรงรีแลกซ์,1,,visible,กางเกงยีนส์ผ้าฝ้ายเดนิมเนื้อนุ่ม การตัดเย็บที่ดูลุคเท่ เอวสม็อค กระเป๋าใช้งานได้จริง,,,,taxable,,1,1,,,,1,,,,,,,290,สินค้าและอุปกรณ์สำหรับเด็ก,,,,,,,,,,,,,,,,สี,สีน้ำเงิน,1,1,Size (กางเกง),6M,1,1,อายุ,"6เดือน, 7เดือน",1,1,,,,,Good
,simple,100282,,Baby Balloon Denim Jean กางเกงยีนส์ทรงบอลลูนเด็ก,1,,visible,กางเกงยีนส์ทารกเป็นสิ่งที่ต้องมีมาพร้อมกับทรงพอดีตัวที่ใส่สบาย คุณจะต้องชอบและใส่รายละเอียดที่ไม่น่าสนใจสำหรับลุคที่กำลังมาแรงที่คุณจะหลงรัก,,,,taxable,,1,1,,,,1,,,,,,,300,สินค้าและอุปกรณ์สำหรับเด็ก,,,,,,,,,,,,,,,,สี,สีฟ้า,1,1,Size (กางเกง),"12M, 18M",1,1,อายุ,"12เดือน, 18เดือน",1,1,,,,,Good
,simple,100292,,Boys Swim Shirt เสื้อว่ายน้ำเด็กผู้ชาย,1,,visible,เสื้อว่ายน้ำ แบรนด์ Mother Care สีส้ม ไซส์ 18เดือน - 24เดือน,,,,taxable,,1,1,,,,1,,,,,,,100,สินค้าและอุปกรณ์สำหรับเด็ก,,,,,,,,,,,,,,,,สี,สีส้ม,1,1,Size (เสื้อ),"18M, 24M",1,1,อายุ,"18เดือน, 24เดือน",1,1,เพศ,ชาย,1,1,
,simple,100291,,Boys Swim Shirt เสื้อว่ายน้ำเด็กผู้ชาย,1,,visible,เสื้อว่ายน้ำเด็ก แบรนด์ Mother Care สีส้ม ไซส์ 2ปี,,,,taxable,,1,1,,,,1,,,,,,,120,สินค้าและอุปกรณ์สำหรับเด็ก,,,,,,,,,,,,,,,,สี,สีส้ม,1,1,Size (เสื้อ),2Y,1,1,อายุ,2ปี,1,1,เพศ,ชาย,1,1,
,simple,100290,,Boys Swim Shirt เสื้อว่ายน้ำเด็กผู้ชาย,1,,visible,เสื้อว่ายน้ำเด็ก แบรนด์ Mother Care สีเขียว-น้ำเงิน ไซส์ 3ปี-4ปี,,,,taxable,,1,1,,,,1,,,,,,,120,สินค้าและอุปกรณ์สำหรับเด็ก,,,,,,,,,,,,,,,,สี,"สีน้ำเงิน, สีเขียว",1,1,อายุ,"3ปี, 4ปี",1,1,Size (เสื้อ),"3Y, 4Y",1,1,เพศ,ชาย,1,1,
,simple,100289,,Boys Swim Shirt เสื้อว่ายน้ำเด็กผู้ชาย,1,,visible,เสื้อว่ายน้ำเด็กผู้ชาย แบรนด์ Mother Care สีเขียว-น้ำเงิน ไซส์ 8เดือน-12เดือน,,,,taxable,,1,1,,,,1,,,,,,,120,สินค้าและอุปกรณ์สำหรับเด็ก,,,,,,,,,,,,,,,,Size (เสื้อ),12-18M,1,1,สี,"สีน้ำเงิน, สีเขียว",1,1,อายุ,8เดือน,1,1,เพศ,ชาย,1,1,
,simple,100287,,Shark Boys Swimwear ชุดว่ายน้ำเด็กผู้ชายปลาฉลาม,1,,visible,ชุดว่ายน้ำเด็กผู้ชาย แบรนด์ Xiashilian สีเทา สีฟ้า ลายปลาฉลาม ไซส์ 12เดือน-18เดือน,,,,taxable,,1,1,,,,1,,,,,,,300,สินค้าและอุปกรณ์สำหรับเด็ก,,,,,,,,,,,,,,,,สี,"สีฟ้า, สีเทา",1,1,อายุ,"12เดือน, 18เดือน",1,1,เพศ,ชาย,1,1,,,,,
,simple,210181,,เสื้อยืดแขนสั้น ลายดาว,1,,visible,,,,,taxable,,1,1,,,,,,,,,,,60,สินค้าและอุปกรณ์สำหรับเด็ก,,,,,,,,,,,,,,,,,,,,,,,,,,,,,,,,
,simple,26300003,,เสื้อ - real boss,1,,visible,,,,,taxable,,1,1,,,,,,,,,,,100,สินค้าและอุปกรณ์สำหรับเด็ก,,,,,,,,,,,,,,,,สี,สีดำ,1,1,Size (รองเท้า),28,1,1,,,,,,,,,
,simple,26300004,,เสื้อ - real boss,1,,visible,,,,,taxable,,1,1,,,,,,,,,,,210,สินค้าและอุปกรณ์สำหรับเด็ก,,,,,,,,,,,,,,,,สี,สีเทา,1,1,Size (รองเท้า),31,1,1,,,,,,,,,
,simple,26300005,,กางเกง - Tiny Whale,1,,visible,,,,,taxable,,1,1,,,,,,,,,,,80,สินค้าและอุปกรณ์สำหรับเด็ก,,,,,,,,,,,,,,,,สี,สีขาว,1,1,Size (รองเท้า),31,1,1,,,,,,,,,
,simple,26300006,,กางเกง - Tiny Whale,1,,visible,,,,,taxable,,1,1,,,,,,,,,,,80,สินค้าและอุปกรณ์สำหรับเด็ก,,,,,,,,,,,,,,,,สี,สีขาว,1,1,Size (รองเท้า),26.5,1,1,,,,,,,,,
,simple,26300008,,กางเกง - BabenistA,1,,visible,,,,,taxable,,1,1,,,,,,,,,,,80,สินค้าและอุปกรณ์สำหรับเด็ก,,,,,,,,,,,,,,,,สี,สีเหลือง,1,1,Size (รองเท้า),26.5,1,1,,,,,,,,,
,simple,26300011,,กางเกง - real boss,1,,visible,,,,,taxable,,1,1,,,,,,,,,,,80,สินค้าและอุปกรณ์สำหรับเด็ก,,,,,,,,,,,,,,,,สี,สีขาว,1,1,Size (รองเท้า),24,1,1,,,,,,,,,
,simple,26300012,,ชุดลายซานต้า,1,,visible,,,,,taxable,,1,1,,,,,,,,,,,80,สินค้าและอุปกรณ์สำหรับเด็ก,,,,,,,,,,,,,,,,สี,สีขาว ลาย Hulk,1,1,Size (รองเท้า),24,1,1,,,,,,,,,
,simple,26300013,,เสื้อยืด - GAP,1,,visible,,,,,taxable,,1,1,,,,,,,,,,,100,สินค้าและอุปกรณ์สำหรับเด็ก,,,,,,,,,,,,,,,,สี,สีดำ,1,1,Size (รองเท้า),21,1,1,,,,,,,,,
,simple,26300014,,เสื้อยืด - GAP,1,,visible,,,,,taxable,,1,1,,,,,,,,,,,180,สินค้าและอุปกรณ์สำหรับเด็ก,,,,,,,,,,,,,,,,สี,สีดำ,1,1,Size (รองเท้า),20,1,1,,,,,,,,,
,simple,26300015,,กางเกง - UNIQLO,1,,visible,,,,,taxable,,1,1,,,,,,,,,,,100,สินค้าและอุปกรณ์สำหรับเด็ก,,,,,,,,,,,,,,,,สี,สีน้ำเงิน,1,1,Size (รองเท้า),5,1,1,,,,,,,,,
,simple,26300016,,เสื้อยืด - ไม่มี,1,,visible,,,,,taxable,,1,1,,,,,,,,,,,80,สินค้าและอุปกรณ์สำหรับเด็ก,,,,,,,,,,,,,,,,สี,สีขาว,1,1,Size (รองเท้า),20,1,1,,,,,,,,,
,simple,26300023,,เสื้อยืด - UNIQLO,1,,visible,,,,,taxable,,1,1,,,,,,,,,,,100,สินค้าและอุปกรณ์สำหรับเด็ก,,,,,,,,,,,,,,,,สี,สีน้ำเงิน,1,1,Size (รองเท้า),7,1,1,,,,,,,,,
,simple,26300027,,เสื้อยืด - ZARA,1,,visible,,,,,taxable,,1,1,,,,,,,,,,,100,สินค้าและอุปกรณ์สำหรับเด็ก,,,,,,,,,,,,,,,,สี,สีดำ,1,1,Size (รองเท้า),7,1,1,,,,,,,,,
,simple,26300029,,กางเกง - ไม่มี,1,,visible,,,,,taxable,,1,1,,,,,,,,,,,80,สินค้าและอุปกรณ์สำหรับเด็ก,,,,,,,,,,,,,,,,สี,สีน้ำเงิน,1,1,Size (รองเท้า),22.5,1,1,,,,,,,,,
,simple,26300030,,กางเกง - ไม่มี,1,,visible,,,,,taxable,,1,1,,,,,,,,,,,80,สินค้าและอุปกรณ์สำหรับเด็ก,,,,,,,,,,,,,,,,สี,สีดำ/แดง,1,1,Size (รองเท้า),22,1,1,,,,,,,,,
,simple,26300031,,เสื้อยืด - Tiny Tale,1,,visible,,,,,taxable,,1,1,,,,,,,,,,,60,สินค้าและอุปกรณ์สำหรับเด็ก,,,,,,,,,,,,,,,,สี,สีน้ำเงิน,1,1,Size (รองเท้า),7,1,1,,,,,,,,,
,simple,26300032,,เสื้อยืด - Tiny Tale,1,,visible,,,,,taxable,,1,1,,,,,,,,,,,80,สินค้าและอุปกรณ์สำหรับเด็ก,,,,,,,,,,,,,,,,สี,เทา-ขาว,1,1,,,,,,,,,,,,,
,simple,26300033,,กางเกง - ไม่มี,1,,visible,,,,,taxable,,1,1,,,,,,,,,,,80,สินค้าและอุปกรณ์สำหรับเด็ก,,,,,,,,,,,,,,,,สี,เขียว,1,1,,,,,,,,,,,,,
,simple,26300034,,ชุด - NICKELODEON,1,,visible,,,,,taxable,,1,1,,,,,,,,,,,100,สินค้าและอุปกรณ์สำหรับเด็ก,,,,,,,,,,,,,,,,สี,ขาว,1,1,,,,,,,,,,,,,
,simple,26300035,,ชุด - NICKELODEON,1,,visible,,,,,taxable,,1,1,,,,,,,,,,,100,สินค้าและอุปกรณ์สำหรับเด็ก,,,,,,,,,,,,,,,,สี,ขาว,1,1,,,,,,,,,,,,,
,simple,26300036,,เสื้อ - ZARA,1,,visible,,,,,taxable,,1,1,,,,,,,,,,,100,สินค้าและอุปกรณ์สำหรับเด็ก,,,,,,,,,,,,,,,,สี,เทา-ขาว,1,1,,,,,,,,,,,,,
,simple,26300037,,เสื้อยืด - ZARA,1,,visible,,,,,taxable,,1,1,,,,,,,,,,,100,สินค้าและอุปกรณ์สำหรับเด็ก,,,,,,,,,,,,,,,,สี,เทา-แดง,1,1,,,,,,,,,,,,,
,simple,26300039,,เสื้อยืด - ROAMING,1,,visible,,,,,taxable,,1,1,,,,,,,,,,,100,สินค้าและอุปกรณ์สำหรับเด็ก,,,,,,,,,,,,,,,,สี,เขียว,1,1,,,,,,,,,,,,,
,simple,26300041,,กางเกง - UNIQLO,1,,visible,,,,,taxable,,1,1,,,,,,,,,,,80,สินค้าและอุปกรณ์สำหรับเด็ก,,,,,,,,,,,,,,,,สี,น้ำตาล,1,1,,,,,,,,,,,,,
,simple,26300043,,กางเกง - H&M,1,,visible,,,,,taxable,,1,1,,,,,,,,,,,100,สินค้าและอุปกรณ์สำหรับเด็ก,,,,,,,,,,,,,,,,สี,ครีม,1,1,,,,,,,,,,,,,
,simple,26300044,,กางเกง - GAP,1,,visible,,,,,taxable,,1,1,,,,,,,,,,,80,สินค้าและอุปกรณ์สำหรับเด็ก,,,,,,,,,,,,,,,,สี,ดำ,1,1,,,,,,,,,,,,,
,simple,26300045,,กางเกง - GAP,1,,visible,,,,,taxable,,1,1,,,,,,,,,,,80,สินค้าและอุปกรณ์สำหรับเด็ก,,,,,,,,,,,,,,,,สี,ขาว-เทา,1,1,,,,,,,,,,,,,
,simple,26300047,,เสื้อยืด - ZARA,1,,visible,,,,,taxable,,1,1,,,,,,,,,,,100,สินค้าและอุปกรณ์สำหรับเด็ก,,,,,,,,,,,,,,,,สี,น้ำเงิน,1,1,,,,,,,,,,,,,
,simple,26300048,,เสื้อยืด - ZARA,1,,visible,,,,,taxable,,1,1,,,,,,,,,,,100,สินค้าและอุปกรณ์สำหรับเด็ก,,,,,,,,,,,,,,,,สี,ดำ,1,1,,,,,,,,,,,,,
,simple,26300049,,เสื้อแจ็คเก็ต - Disney,1,,visible,,,,,taxable,,1,1,,,,,,,,,,,500,สินค้าและอุปกรณ์สำหรับเด็ก,,,,,,,,,,,,,,,,สี,เทา,1,1,,,,,,,,,,,,,
,simple,26300050,,เสื้อแจ็คเก็ต - ZARA,1,,visible,,,,,taxable,,1,1,,,,,,,,,,,500,สินค้าและอุปกรณ์สำหรับเด็ก,,,,,,,,,,,,,,,,สี,ส้ม,1,1,,,,,,,,,,,,,
,simple,26300051,,เสื้อยืด - ZARA,1,,visible,,,,,taxable,,1,1,,,,,,,,,,,100,สินค้าและอุปกรณ์สำหรับเด็ก,,,,,,,,,,,,,,,,สี,กรม,1,1,,,,,,,,,,,,,
,simple,26300052,,กางเกง - H&M,1,,visible,,,,,taxable,,1,1,,,,,,,,,,,100,สินค้าและอุปกรณ์สำหรับเด็ก,,,,,,,,,,,,,,,,สี,เขียว,1,1,,,,,,,,,,,,,
,simple,26300053,,เสื้อยืด - H&M,1,,visible,,,,,taxable,,1,1,,,,,,,,,,,100,สินค้าและอุปกรณ์สำหรับเด็ก,,,,,,,,,,,,,,,,สี,ดำ,1,1,Size (กางเกง),12-18 เดือน,1,1,,,,,,,,,
,simple,26300054,,กางเกง - ZARA,1,,visible,,,,,taxable,,1,1,,,,,,,,,,,100,สินค้าและอุปกรณ์สำหรับเด็ก,,,,,,,,,,,,,,,,สี,ยีนส์,1,1,,,,,,,,,,,,,
,simple,26300055,,เสื้อยืด - ZARA,1,,visible,,,,,taxable,,1,1,,,,,,,,,,,100,สินค้าและอุปกรณ์สำหรับเด็ก,,,,,,,,,,,,,,,,สี,น้ำเงิน,1,1,,,,,,,,,,,,,
,simple,26300057,,เสื้อแจ็คเก็ต - ZARA,1,,visible,,,,,taxable,,1,1,,,,,,,,,,,500,สินค้าและอุปกรณ์สำหรับเด็ก,,,,,,,,,,,,,,,,สี,น้ำเงิน,1,1,Size (กางเกง),3-4 ปี,1,1,,,,,,,,,
,simple,26300058,,ถุงมือ - ZARA,1,,visible,,,,,taxable,,1,1,,,,,,,,,,,150,สินค้าและอุปกรณ์สำหรับเด็ก,,,,,,,,,,,,,,,,สี,ดำ,1,1,,,,,,,,,,,,,
,simple,26300059,,ถุงมือ - GAP,1,,visible,,,,,taxable,,1,1,,,,,,,,,,,150,สินค้าและอุปกรณ์สำหรับเด็ก,,,,,,,,,,,,,,,,สี,ฟ้า,1,1,,,,,,,,,,,,,
,simple,26300060,,เสื้อแจ็คเก็ต - Columbia,1,,visible,,,,,taxable,,1,1,,,,,,,,,,,500,สินค้าและอุปกรณ์สำหรับเด็ก,,,,,,,,,,,,,,,,สี,เขียว,1,1,,,,,,,,,,,,,
,simple,26300061,,เสื้อแจ็คเก็ต - ZARA,1,,visible,,,,,taxable,,1,1,,,,,,,,,,,500,สินค้าและอุปกรณ์สำหรับเด็ก,,,,,,,,,,,,,,,,สี,ครีม,1,1,,,,,,,,,,,,,
,simple,26300062,,เสื้อแจ็คเก็ต - Crazy8,1,,visible,,,,,taxable,,1,1,,,,,,,,,,,500,สินค้าและอุปกรณ์สำหรับเด็ก,,,,,,,,,,,,,,,,สี,ส้ม,1,1,,,,,,,,,,,,,
,simple,26300063,,เสื้อแจ็คเก็ต - baby Gap,1,,visible,,,,,taxable,,1,1,,,,,,,,,,,500,สินค้าและอุปกรณ์สำหรับเด็ก,,,,,,,,,,,,,,,,สี,ขาว,1,1,,,,,,,,,,,,,
,simple,26300064,,เสื้อแจ็คเก็ต - ZARA,1,,visible,,,,,taxable,,1,1,,,,,,,,,,,500,สินค้าและอุปกรณ์สำหรับเด็ก,,,,,,,,,,,,,,,,สี,น้ำเงิน,1,1,,,,,,,,,,,,,
,simple,26300066,,เสื้อแจ็คเก็ต - under armour,1,,visible,,,,,taxable,,1,1,,,,,,,,,,,500,สินค้าและอุปกรณ์สำหรับเด็ก,,,,,,,,,,,,,,,,สี,ครีม,1,1,,,,,,,,,,,,,
,simple,26300067,,เสื้อแจ็คเก็ต - ZARA,1,,visible,,,,,taxable,,1,1,,,,,,,,,,,500,สินค้าและอุปกรณ์สำหรับเด็ก,,,,,,,,,,,,,,,,สี,แดง,1,1,,,,,,,,,,,,,
,simple,26300069,,เสื้อแจ็คเก็ต - ZARA,1,,visible,,,,,taxable,,1,1,,,,,,,,,,,500,สินค้าและอุปกรณ์สำหรับเด็ก,,,,,,,,,,,,,,,,สี,ส้ม,1,1,,,,,,,,,,,,,
,simple,26300070,,เสื้อแจ็คเก็ต - THE NORTH FACE,1,,visible,,,,,taxable,,1,1,,,,,,,,,,,500,สินค้าและอุปกรณ์สำหรับเด็ก,,,,,,,,,,,,,,,,สี,ขาว,1,1,,,,,,,,,,,,,
,simple,26300071,,กางเกง - M&S,1,,visible,,,,,taxable,,1,1,,,,,,,,,,,250,สินค้าและอุปกรณ์สำหรับเด็ก,,,,,,,,,,,,,,,,สี,เขียว,1,1,,,,,,,,,,,,,
,simple,26300072,,กางเกง - M&S,1,,visible,,,,,taxable,,1,1,,,,,,,,,,,250,สินค้าและอุปกรณ์สำหรับเด็ก,,,,,,,,,,,,,,,,สี,สีดำ,1,1,Size (รองเท้า),29.5,1,1,,,,,,,,,
,simple,26300073,,กางเกง - ZARA,1,,visible,,,,,taxable,,1,1,,,,,,,,,,,300,สินค้าและอุปกรณ์สำหรับเด็ก,,,,,,,,,,,,,,,,สี,ขาว,1,1,Size (เสื้อ),6,1,1,,,,,,,,,
,simple,26300074,,กางเกง - M&S,1,,visible,,,,,taxable,,1,1,,,,,,,,,,,300,สินค้าและอุปกรณ์สำหรับเด็ก,,,,,,,,,,,,,,,,สี,ดำ,1,1,Size (เสื้อ),ไม่มี,1,1,,,,,,,,,
,simple,26300075,,กางเกง - M&S,1,,visible,,,,,taxable,,1,1,,,,,,,,,,,300,สินค้าและอุปกรณ์สำหรับเด็ก,,,,,,,,,,,,,,,,สี,ดำ,1,1,Size (เสื้อ),ไม่มี,1,1,,,,,,,,,
,simple,26300076,,กางเกง - ZARA,1,,visible,,,,,taxable,,1,1,,,,,,,,,,,300,สินค้าและอุปกรณ์สำหรับเด็ก,,,,,,,,,,,,,,,,สี,น้ำตาล,1,1,Size (เสื้อ),4,1,1,,,,,,,,,
,simple,26300077,,กางเกง - M&S,1,,visible,,,,,taxable,,1,1,,,,,,,,,,,300,สินค้าและอุปกรณ์สำหรับเด็ก,,,,,,,,,,,,,,,,สี,น้ำเงิน,1,1,Size (เสื้อ),4,1,1,,,,,,,,,
,simple,26300078,,กางเกง - M&S,1,,visible,,,,,taxable,,1,1,,,,,,,,,,,300,สินค้าและอุปกรณ์สำหรับเด็ก,,,,,,,,,,,,,,,,สี,เทา,1,1,Size (เสื้อ),5t,1,1,,,,,,,,,
,simple,26300080,,กางเกง - ZARA,1,,visible,,,,,taxable,,1,1,,,,,,,,,,,85,สินค้าและอุปกรณ์สำหรับเด็ก,,,,,,,,,,,,,,,,สี,ดำ,1,1,Size (เสื้อ),4,1,1,,,,,,,,,
,simple,26300082,,กางเกง - real boss,1,,visible,,,,,taxable,,1,1,,,,,,,,,,,80,สินค้าและอุปกรณ์สำหรับเด็ก,,,,,,,,,,,,,,,,สี,แดง,1,1,Size (เสื้อ),5t,1,1,,,,,,,,,
,simple,26300084,,เสื้อยืด - SMALL BUT CHIC,1,,visible,,,,,taxable,,1,1,,,,,,,,,,,80,สินค้าและอุปกรณ์สำหรับเด็ก,,,,,,,,,,,,,,,,สี,เขียว,1,1,Size (เสื้อ),2,1,1,,,,,,,,,
,simple,26300085,,เสื้อยืด - SMALL BUT CHIC,1,,visible,,,,,taxable,,1,1,,,,,,,,,,,80,สินค้าและอุปกรณ์สำหรับเด็ก,,,,,,,,,,,,,,,,สี,เขียว,1,1,Size (เสื้อ),6,1,1,,,,,,,,,
,simple,26300086,,เสื้อยืด - LEMONADETM,1,,visible,,,,,taxable,,1,1,,,,,,,,,,,80,สินค้าและอุปกรณ์สำหรับเด็ก,,,,,,,,,,,,,,,,สี,ขาว-ดำ,1,1,Size (เสื้อ),10,1,1,,,,,,,,,
,simple,26300087,,เสื้อยืด - LEMONADETM,1,,visible,,,,,taxable,,1,1,,,,,,,,,,,80,สินค้าและอุปกรณ์สำหรับเด็ก,,,,,,,,,,,,,,,,สี,ดำ,1,1,Size (เสื้อ),6,1,1,,,,,,,,,
,simple,26300088,,เสื้อยืด - disney,1,,visible,,,,,taxable,,1,1,,,,,,,,,,,100,สินค้าและอุปกรณ์สำหรับเด็ก,,,,,,,,,,,,,,,,สี,หลากสี,1,1,Size (เสื้อ),120,1,1,,,,,,,,,
,simple,26300097,,เสื้อยืด - ZARA,1,,visible,,,,,taxable,,1,1,,,,,,,,,,,100,สินค้าและอุปกรณ์สำหรับเด็ก,,,,,,,,,,,,,,,,สี,สีขาว,1,1,Size (รองเท้า),23.5,1,1,,,,,,,,,
,simple,26300098,,เสื้อยืด - GAP,1,,visible,,,,,taxable,,1,1,,,,,,,,,,,100,สินค้าและอุปกรณ์สำหรับเด็ก,,,,,,,,,,,,,,,,สี,หลากสี,1,1,Size (เสื้อ),SS,1,1,,,,,,,,,
,simple,26300099,,กางเกง - Crazy8,1,,visible,,,,,taxable,,1,1,,,,,,,,,,,100,สินค้าและอุปกรณ์สำหรับเด็ก,,,,,,,,,,,,,,,,สี,น้ำเงิน,1,1,Size (เสื้อ),5,1,1,,,,,,,,,
,simple,26300100,,เสื้อยืด - ZARA,1,,visible,,,,,taxable,,1,1,,,,,,,,,,,100,สินค้าและอุปกรณ์สำหรับเด็ก,,,,,,,,,,,,,,,,สี,ดำ,1,1,Size (เสื้อ),130,1,1,,,,,,,,,
,simple,26300105,,เสื้อยืด - ZARA,1,,visible,,,,,taxable,,1,1,,,,,,,,,,,100,สินค้าและอุปกรณ์สำหรับเด็ก,,,,,,,,,,,,,,,,สี,ดำ,1,1,Size (เสื้อ),2-4Y,1,1,,,,,,,,,
,simple,26300108,,เสื้อยืด - ZARA,1,,visible,,,,,taxable,,1,1,,,,,,,,,,,100,สินค้าและอุปกรณ์สำหรับเด็ก,,,,,,,,,,,,,,,,สี,น้ำตาล,1,1,Size (เสื้อ),M,1,1,,,,,,,,,
,simple,26300109,,เสื้อยืด - ZARA,1,,visible,,,,,taxable,,1,1,,,,,,,,,,,100,สินค้าและอุปกรณ์สำหรับเด็ก,,,,,,,,,,,,,,,,สี,หลากสี,1,1,Size (เสื้อ),L,1,1,,,,,,,,,
,simple,26300110,,เสื้อยืด - ZARA,1,,visible,,,,,taxable,,1,1,,,,,,,,,,,100,สินค้าและอุปกรณ์สำหรับเด็ก,,,,,,,,,,,,,,,,สี,หลากสี,1,1,Size (เสื้อ),S,1,1,,,,,,,,,
,simple,26300111,,กางเกง - Crazy8,1,,visible,,,,,taxable,,1,1,,,,,,,,,,,100,สินค้าและอุปกรณ์สำหรับเด็ก,,,,,,,,,,,,,,,,สี,หลากสี,1,1,Size (เสื้อ),L,1,1,,,,,,,,,
,simple,26300112,,กางเกง - UNIQLO,1,,visible,,,,,taxable,,1,1,,,,,,,,,,,100,สินค้าและอุปกรณ์สำหรับเด็ก,,,,,,,,,,,,,,,,สี,แดง,1,1,Size (เสื้อ),5,1,1,,,,,,,,,
,simple,26300113,,กางเกง - UNIQLO,1,,visible,,,,,taxable,,1,1,,,,,,,,,,,80,สินค้าและอุปกรณ์สำหรับเด็ก,,,,,,,,,,,,,,,,สี,ฟ้า,1,1,Size (กางเกง),C11,1,1,,,,,,,,,
,simple,26300115,,เสื้อยืด - SEVEN BRIDGE,1,,visible,,,,,taxable,,1,1,,,,,,,,,,,100,สินค้าและอุปกรณ์สำหรับเด็ก,,,,,,,,,,,,,,,,สี,เขียว,1,1,Size (กางเกง),C11,1,1,,,,,,,,,
,simple,26300116,,เสื้อยืด - ZARA,1,,visible,,,,,taxable,,1,1,,,,,,,,,,,100,สินค้าและอุปกรณ์สำหรับเด็ก,,,,,,,,,,,,,,,,สี,ฟ้า,1,1,Size (กางเกง),C13,1,1,,,,,,,,,
,simple,26300117,,เสื้อยืด - H&M,1,,visible,,,,,taxable,,1,1,,,,,,,,,,,100,สินค้าและอุปกรณ์สำหรับเด็ก,,,,,,,,,,,,,,,,สี,ฟ้า,1,1,Size (กางเกง),C10,1,1,,,,,,,,,
,simple,26300118,,เสื้อยืด - H&M,1,,visible,,,,,taxable,,1,1,,,,,,,,,,,100,สินค้าและอุปกรณ์สำหรับเด็ก,,,,,,,,,,,,,,,,สี,ฟ้า,1,1,Size (กางเกง),C11,1,1,,,,,,,,,
,simple,26300119,,เสื้อแจ็คเก็ต - Crazy8,1,,visible,,,,,taxable,,1,1,,,,,,,,,,,100,สินค้าและอุปกรณ์สำหรับเด็ก,,,,,,,,,,,,,,,,สี,แดง,1,1,Size (กางเกง),29,1,1,,,,,,,,,
,simple,26300121,,เสื้อแจ็คเก็ต - Cat&Jack,1,,visible,,,,,taxable,,1,1,,,,,,,,,,,500,สินค้าและอุปกรณ์สำหรับเด็ก,,,,,,,,,,,,,,,,สี,เทา,0,0,,,,,,,,,,,,,
,simple,26300122,,ชุด - UNIQLO,1,,visible,,,,,taxable,,1,1,,,,,,,,,,,80,สินค้าและอุปกรณ์สำหรับเด็ก,,,,,,,,,,,,,,,,สี,เทา,0,0,,,,,,,,,,,,,
,simple,26300123,,กางเกง - UNIQLO,1,,visible,,,,,taxable,,1,1,,,,,,,,,,,80,สินค้าและอุปกรณ์สำหรับเด็ก,,,,,,,,,,,,,,,,สี,เทา,0,0,,,,,,,,,,,,,
,simple,26300124,,กางเกง - UNIQLO,1,,visible,,,,,taxable,,1,1,,,,,,,,,,,80,สินค้าและอุปกรณ์สำหรับเด็ก,,,,,,,,,,,,,,,,สี,ขาว,0,0,,,,,,,,,,,,,
,simple,26300125,,เสื้อแจ็คเก็ต - adidas,1,,visible,,,,,taxable,,1,1,,,,,,,,,,,500,สินค้าและอุปกรณ์สำหรับเด็ก,,,,,,,,,,,,,,,,สี,ขาว,0,0,,,,,,,,,,,,,
,simple,26300126,,เสื้อแจ็คเก็ต - Cat&Jack,1,,visible,,,,,taxable,,1,1,,,,,,,,,,,500,สินค้าและอุปกรณ์สำหรับเด็ก,,,,,,,,,,,,,,,,สี,ดำ,0,0,,,,,,,,,,,,,
,simple,26300128,,เสื้อ - ไม่มี,1,,visible,,,,,taxable,,1,1,,,,,,,,,,,80,สินค้าและอุปกรณ์สำหรับเด็ก,,,,,,,,,,,,,,,,สี,ฟ้า,0,0,,,,,,,,,,,,,
,simple,26300129,,เสื้อแจ็คเก็ต - Cat&Jack,1,,visible,,,,,taxable,,1,1,,,,,,,,,,,500,สินค้าและอุปกรณ์สำหรับเด็ก,,,,,,,,,,,,,,,,สี,เทา,0,0,,,,,,,,,,,,,
,simple,26300130,,เสื้อแจ็คเก็ต - Cat&Jack,1,,visible,,,,,taxable,,1,1,,,,,,,,,,,500,สินค้าและอุปกรณ์สำหรับเด็ก,,,,,,,,,,,,,,,,สี,เทา,0,0,,,,,,,,,,,,,
,simple,26300131,,ชุด - adidas,1,,visible,,,,,taxable,,1,1,,,,,,,,,,,600,สินค้าและอุปกรณ์สำหรับเด็ก,,,,,,,,,,,,,,,,สี,ดำ,0,0,,,,,,,,,,,,,
,simple,26300132,,ชุด - adidas,1,,visible,,,,,taxable,,1,1,,,,,,,,,,,600,สินค้าและอุปกรณ์สำหรับเด็ก,,,,,,,,,,,,,,,,สี,น้ำเงิน,0,0,,,,,,,,,,,,,
,simple,26300133,,เสื้อแจ็คเก็ต - ZARA,1,,visible,,,,,taxable,,1,1,,,,,,,,,,,500,สินค้าและอุปกรณ์สำหรับเด็ก,,,,,,,,,,,,,,,,สี,แดง,0,0,,,,,,,,,,,,,
,simple,26300134,,ชุด - UNIQLO,1,,visible,,,,,taxable,,1,1,,,,,,,,,,,80,สินค้าและอุปกรณ์สำหรับเด็ก,,,,,,,,,,,,,,,,สี,เทา,0,0,,,,,,,,,,,,,
,simple,26300135,,ชุด - UNIQLO,1,,visible,,,,,taxable,,1,1,,,,,,,,,,,80,สินค้าและอุปกรณ์สำหรับเด็ก,,,,,,,,,,,,,,,,สี,ดำ,0,0,,,,,,,,,,,,,
,simple,26300136,,ชุด - UNIQLO,1,,visible,,,,,taxable,,1,1,,,,,,,,,,,80,สินค้าและอุปกรณ์สำหรับเด็ก,,,,,,,,,,,,,,,,สี,ดำ,0,0,,,,,,,,,,,,,
,simple,26300137,,เสื้อแจ็คเก็ต - ZARA,1,,visible,,,,,taxable,,1,1,,,,,,,,,,,500,สินค้าและอุปกรณ์สำหรับเด็ก,,,,,,,,,,,,,,,,สี,แดง,0,0,,,,,,,,,,,,,
,simple,26300138,,ชุด - adidas,1,,visible,,,,,taxable,,1,1,,,,,,,,,,,600,สินค้าและอุปกรณ์สำหรับเด็ก,,,,,,,,,,,,,,,,สี,เทา,0,0,,,,,,,,,,,,,
,simple,26300139,,เสื้อแจ็คเก็ต - ZARA,1,,visible,,,,,taxable,,1,1,,,,,,,,,,,500,สินค้าและอุปกรณ์สำหรับเด็ก,,,,,,,,,,,,,,,,สี,ดำ,0,0,,,,,,,,,,,,,
,simple,26300140,,ชุด - adidas,1,,visible,,,,,taxable,,1,1,,,,,,,,,,,600,สินค้าและอุปกรณ์สำหรับเด็ก,,,,,,,,,,,,,,,,สี,ดำ,0,0,,,,,,,,,,,,,
,simple,26300141,,เสื้อแจ็คเก็ต - HANYIMIDOO,1,,visible,,,,,taxable,,1,1,,,,,,,,,,,500,สินค้าและอุปกรณ์สำหรับเด็ก,,,,,,,,,,,,,,,,สี,แดง,0,0,,,,,,,,,,,,,
,simple,26300143,,เสื้อแจ็คเก็ต - HANYIMIDOO,1,,visible,,,,,taxable,,1,1,,,,,,,,,,,500,สินค้าและอุปกรณ์สำหรับเด็ก,,,,,,,,,,,,,,,,สี,เทา,0,0,,,,,,,,,,,,,
,simple,26300144,,ชุด - adidas,1,,visible,,,,,taxable,,1,1,,,,,,,,,,,600,สินค้าและอุปกรณ์สำหรับเด็ก,,,,,,,,,,,,,,,,สี,ดำ,0,0,,,,,,,,,,,,,
,simple,26300145,,เสื้อแจ็คเก็ต - Disney,1,,visible,,,,,taxable,,1,1,,,,,,,,,,,500,สินค้าและอุปกรณ์สำหรับเด็ก,,,,,,,,,,,,,,,,สี,เทา,0,0,,,,,,,,,,,,,
,simple,26300146,,เสื้อแจ็คเก็ต - ZARA,1,,visible,,,,,taxable,,1,1,,,,,,,,,,,500,สินค้าและอุปกรณ์สำหรับเด็ก,,,,,,,,,,,,,,,,สี,ดำ,0,0,,,,,,,,,,,,,
,simple,26300147,,เสื้อแจ็คเก็ต - ZARA,1,,visible,,,,,taxable,,1,1,,,,,,,,,,,500,สินค้าและอุปกรณ์สำหรับเด็ก,,,,,,,,,,,,,,,,สี,เทา,0,0,,,,,,,,,,,,,
,simple,26300148,,เสื้อแจ็คเก็ต - ZARA,1,,visible,,,,,taxable,,1,1,,,,,,,,,,,500,สินค้าและอุปกรณ์สำหรับเด็ก,,,,,,,,,,,,,,,,สี,เทา,0,0,,,,,,,,,,,,,
,simple,26300149,,เสื้อแจ็คเก็ต - ZARA,1,,visible,,,,,taxable,,1,1,,,,,,,,,,,500,สินค้าและอุปกรณ์สำหรับเด็ก,,,,,,,,,,,,,,,,สี,ฟ้า,1,1,Size (กางเกง),C10,1,1,,,,,,,,,
,simple,26300151,,เสื้อแจ็คเก็ต - H&M,1,,visible,,,,,taxable,,1,1,,,,,,,,,,,500,สินค้าและอุปกรณ์สำหรับเด็ก,,,,,,,,,,,,,,,,สี,ขาว,1,1,Size (กางเกง),C10,1,1,,,,,,,,,
,simple,26300153,,เสื้อแจ็คเก็ต - H&M,1,,visible,,,,,taxable,,1,1,,,,,,,,,,,500,สินค้าและอุปกรณ์สำหรับเด็ก,,,,,,,,,,,,,,,,สี,ดำ,1,1,Size (กางเกง),28,1,1,,,,,,,,,
,simple,26300154,,เสื้อแจ็คเก็ต - ไม่มี,1,,visible,,,,,taxable,,1,1,,,,,,,,,,,500,สินค้าและอุปกรณ์สำหรับเด็ก,,,,,,,,,,,,,,,,สี,ดำ,1,1,Size (กางเกง),32,1,1,,,,,,,,,
,simple,26300155,,เสื้อแจ็คเก็ต - ไม่มี,1,,visible,,,,,taxable,,1,1,,,,,,,,,,,500,สินค้าและอุปกรณ์สำหรับเด็ก,,,,,,,,,,,,,,,,สี,เทา,1,1,Size (กางเกง),10,1,1,,,,,,,,,
,simple,26300156,,เสื้อแจ็คเก็ต - H&M,1,,visible,,,,,taxable,,1,1,,,,,,,,,,,500,สินค้าและอุปกรณ์สำหรับเด็ก,,,,,,,,,,,,,,,,สี,ขาว,1,1,Size (กางเกง),27,1,1,,,,,,,,,
,simple,26300157,,เสื้อแจ็คเก็ต - ไม่มี,1,,visible,,,,,taxable,,1,1,,,,,,,,,,,500,สินค้าและอุปกรณ์สำหรับเด็ก,,,,,,,,,,,,,,,,สี,ดำ,1,1,Size (กางเกง),31,1,1,,,,,,,,,
,simple,26300158,,เสื้อแจ็คเก็ต - Disney,1,,visible,,,,,taxable,,1,1,,,,,,,,,,,500,สินค้าและอุปกรณ์สำหรับเด็ก,,,,,,,,,,,,,,,,สี,แดง,1,1,Size (กางเกง),33,1,1,,,,,,,,,
,simple,26300159,,เสื้อแจ็คเก็ต - H&M,1,,visible,,,,,taxable,,1,1,,,,,,,,,,,500,สินค้าและอุปกรณ์สำหรับเด็ก,,,,,,,,,,,,,,,,สี,เทา,1,1,Size (กางเกง),0,1,1,,,,,,,,,
,simple,26300160,,เสื้อแจ็คเก็ต - H&M,1,,visible,,,,,taxable,,1,1,,,,,,,,,,,500,สินค้าและอุปกรณ์สำหรับเด็ก,,,,,,,,,,,,,,,,สี,ดำ,1,1,Size (กางเกง),28,1,1,,,,,,,,,
,simple,26300161,,กางเกง - ZARA,1,,visible,,,,,taxable,,1,1,,,,,,,,,,,300,สินค้าและอุปกรณ์สำหรับเด็ก,,,,,,,,,,,,,,,,สี,ดำ,1,1,Size (กางเกง),33,1,1,,,,,,,,,
,simple,26300162,,กางเกง - M&S,1,,visible,,,,,taxable,,1,1,,,,,,,,,,,300,สินค้าและอุปกรณ์สำหรับเด็ก,,,,,,,,,,,,,,,,สี,ดำ,1,1,Size (กางเกง),33.5,1,1,,,,,,,,,
,simple,26300163,,กางเกง - M&S,1,,visible,,,,,taxable,,1,1,,,,,,,,,,,300,สินค้าและอุปกรณ์สำหรับเด็ก,,,,,,,,,,,,,,,,สี,น้ำเงิน,1,1,Size (กางเกง),12,1,1,,,,,,,,,
,simple,26300164,,กางเกง - ZARA,1,,visible,,,,,taxable,,1,1,,,,,,,,,,,300,สินค้าและอุปกรณ์สำหรับเด็ก,,,,,,,,,,,,,,,,สี,น้ำเงิน,1,1,Size (กางเกง),10,1,1,,,,,,,,,
,simple,26300165,,กางเกง - M&S,1,,visible,,,,,taxable,,1,1,,,,,,,,,,,300,สินค้าและอุปกรณ์สำหรับเด็ก,,,,,,,,,,,,,,,,สี,ฟ้า,1,1,Size (กางเกง),C11,1,1,,,,,,,,,
,simple,26300166,,กางเกง - M&S,1,,visible,,,,,taxable,,1,1,,,,,,,,,,,300,สินค้าและอุปกรณ์สำหรับเด็ก,,,,,,,,,,,,,,,,สี,น้ำตาล,1,1,Size (กางเกง),34,1,1,,,,,,,,,
,simple,26300167,,กางเกง - ZARA,1,,visible,,,,,taxable,,1,1,,,,,,,,,,,300,สินค้าและอุปกรณ์สำหรับเด็ก,,,,,,,,,,,,,,,,สี,ดำ,1,1,Size (กางเกง),9K,1,1,,,,,,,,,
,simple,26300168,,กางเกง - M&S,1,,visible,,,,,taxable,,1,1,,,,,,,,,,,250,สินค้าและอุปกรณ์สำหรับเด็ก,,,,,,,,,,,,,,,,สี,ขาว,1,1,Size (กางเกง),26,1,1,,,,,,,,,
,simple,26300169,,กางเกง - M&S,1,,visible,,,,,taxable,,1,1,,,,,,,,,,,250,สินค้าและอุปกรณ์สำหรับเด็ก,,,,,,,,,,,,,,,,สี,ขาว,1,1,Size (กางเกง),26.5,1,1,,,,,,,,,
,simple,26300171,,กางเกง - CARTER'S,1,,visible,,,,,taxable,,1,1,,,,,,,,,,,300,สินค้าและอุปกรณ์สำหรับเด็ก,,,,,,,,,,,,,,,,สี,ดำ,1,1,Size (กางเกง),31,1,1,,,,,,,,,
,simple,26300172,,กางเกง - ZARA,1,,visible,,,,,taxable,,1,1,,,,,,,,,,,300,สินค้าและอุปกรณ์สำหรับเด็ก,,,,,,,,,,,,,,,,สี,น้ำตาล,1,1,Size (กางเกง),17.5,1,1,,,,,,,,,
,simple,26300173,,กางเกง - CARTER'S,1,,visible,,,,,taxable,,1,1,,,,,,,,,,,300,สินค้าและอุปกรณ์สำหรับเด็ก,,,,,,,,,,,,,,,,สี,ขาว,1,1,Size (กางเกง),30,1,1,,,,,,,,,
,simple,26300174,,กางเกง - ZARA,1,,visible,,,,,taxable,,1,1,,,,,,,,,,,300,สินค้าและอุปกรณ์สำหรับเด็ก,,,,,,,,,,,,,,,,สี,น้ำตาล,1,1,Size (กางเกง),31,1,1,,,,,,,,,
,simple,26300175,,กางเกง - GYMBOREE,1,,visible,,,,,taxable,,1,1,,,,,,,,,,,300,สินค้าและอุปกรณ์สำหรับเด็ก,,,,,,,,,,,,,,,,สี,น้ำเงิน,1,1,Size (กางเกง),31,1,1,,,,,,,,,
,simple,26300178,,กางเกง - ZARA,1,,visible,,,,,taxable,,1,1,,,,,,,,,,,250,สินค้าและอุปกรณ์สำหรับเด็ก,,,,,,,,,,,,,,,,สี,ดำ,1,1,Size (กางเกง),33,1,1,,,,,,,,,
,simple,26300179,,เสื้อยืด - RALPH LAUREN,1,,visible,,,,,taxable,,1,1,,,,,,,,,,,250,สินค้าและอุปกรณ์สำหรับเด็ก,,,,,,,,,,,,,,,,สี,เขียว,1,1,Size (เสื้อ),M,1,1,,,,,,,,,
,simple,26300182,,เสื้อเชิ้ต - RALPH LAUREN,1,,visible,,,,,taxable,,1,1,,,,,,,,,,,300,สินค้าและอุปกรณ์สำหรับเด็ก,,,,,,,,,,,,,,,,สี,เขียว,1,1,Size (เสื้อ),3T,1,1,,,,,,,,,
,simple,26300183,,เสื้อเชิ้ต - RALPH LAUREN,1,,visible,,,,,taxable,,1,1,,,,,,,,,,,300,สินค้าและอุปกรณ์สำหรับเด็ก,,,,,,,,,,,,,,,,สี,เขียว,1,1,Size (เสื้อ),5t,1,1,,,,,,,,,
,simple,26300187,,เสื้อยืด - POLO,1,,visible,,,,,taxable,,1,1,,,,,,,,,,,250,สินค้าและอุปกรณ์สำหรับเด็ก,,,,,,,,,,,,,,,,สี,น้ำตาล,1,1,Size (เสื้อ),5t,1,1,,,,,,,,,
,simple,26300199,,เสื้อยืด - POLO,1,,visible,,,,,taxable,,1,1,,,,,,,,,,,230,สินค้าและอุปกรณ์สำหรับเด็ก,,,,,,,,,,,,,,,,สี,ดำ,1,1,Size (เสื้อ),5t,1,1,,,,,,,,,
,simple,26300203,,คอสเพลย์เจ้าหน้าที่ดับเพลิง - ไม่มี,1,,visible,,,,,taxable,,1,1,,,,,,,,,,,500,สินค้าและอุปกรณ์สำหรับเด็ก,,,,,,,,,,,,,,,,สี,แดง,1,1,Size (เสื้อ),4T,1,1,,,,,,,,,
,simple,26300204,,คอสเพลย์นักบินอวกาศ - ไม่มี,1,,visible,,,,,taxable,,1,1,,,,,,,,,,,500,สินค้าและอุปกรณ์สำหรับเด็ก,,,,,,,,,,,,,,,,สี,เขียว,1,1,Size (เสื้อ),4T,1,1,,,,,,,,,
,simple,26300206,,เสื้อยืด - Cat&Jack,1,,visible,,,,,taxable,,1,1,,,,,,,,,,,100,สินค้าและอุปกรณ์สำหรับเด็ก,,,,,,,,,,,,,,,,สี,น้ำเงิน,1,1,Size (เสื้อ),4T,1,1,,,,,,,,,
,simple,26300207,,เสื้อยืด - Cat&Jack,1,,visible,,,,,taxable,,1,1,,,,,,,,,,,100,สินค้าและอุปกรณ์สำหรับเด็ก,,,,,,,,,,,,,,,,สี,ชมพู,1,1,Size (เสื้อ),2T,1,1,,,,,,,,,
,simple,26300211,,เสื้อยืด - ไม่มี,1,,visible,,,,,taxable,,1,1,,,,,,,,,,,230,สินค้าและอุปกรณ์สำหรับเด็ก,,,,,,,,,,,,,,,,สี,เขียว,1,1,Size (เสื้อ),ไม่มี,1,1,,,,,,,,,
,simple,26300212,,กางเกง - M&S,1,,visible,,,,,taxable,,1,1,,,,,,,,,,,250,สินค้าและอุปกรณ์สำหรับเด็ก,,,,,,,,,,,,,,,,สี,เขียว,1,1,Size (เสื้อ),ไม่มี,1,1,,,,,,,,,
,simple,26300214,,กางเกง - ZARA,1,,visible,,,,,taxable,,1,1,,,,,,,,,,,300,สินค้าและอุปกรณ์สำหรับเด็ก,,,,,,,,,,,,,,,,สี,แดง,1,1,Size (เสื้อ),ไม่มี,1,1,,,,,,,,,
,simple,26300218,,กางเกง - M&S,1,,visible,,,,,taxable,,1,1,,,,,,,,,,,250,สินค้าและอุปกรณ์สำหรับเด็ก,,,,,,,,,,,,,,,,สี,แดง,1,1,Size (เสื้อ),ไม่มี,1,1,,,,,,,,,
,simple,26300219,,เสื้อยืด - Disney,1,,visible,,,,,taxable,,1,1,,,,,,,,,,,230,สินค้าและอุปกรณ์สำหรับเด็ก,,,,,,,,,,,,,,,,สี,เขียว,1,1,Size (เสื้อ),ไม่มี,1,1,,,,,,,,,
,simple,26300220,,เสื้อเชิ้ต - RALPH LAUREN,1,,visible,,,,,taxable,,1,1,,,,,,,,,,,400,สินค้าและอุปกรณ์สำหรับเด็ก,,,,,,,,,,,,,,,,สี,แดง,1,1,Size (เสื้อ),M,1,1,,,,,,,,,
,simple,26300221,,เสื้อยืด - Disney,1,,visible,,,,,taxable,,1,1,,,,,,,,,,,230,สินค้าและอุปกรณ์สำหรับเด็ก,,,,,,,,,,,,,,,,สี,แดง,1,1,Size (เสื้อ),XS,1,1,,,,,,,,,
,simple,26300222,,กางเกง - ZARA,1,,visible,,,,,taxable,,1,1,,,,,,,,,,,300,สินค้าและอุปกรณ์สำหรับเด็ก,,,,,,,,,,,,,,,,สี,แดง,1,1,Size (เสื้อ),M,1,1,,,,,,,,,
,simple,26300223,,กางเกง - Kidsplanat,1,,visible,,,,,taxable,,1,1,,,,,,,,,,,300,สินค้าและอุปกรณ์สำหรับเด็ก,,,,,,,,,,,,,,,,สี,แดง,1,1,Size (เสื้อ),L,1,1,,,,,,,,,
,simple,26300224,,ชุด - adidas,1,,visible,,,,,taxable,,1,1,,,,,,,,,,,450,สินค้าและอุปกรณ์สำหรับเด็ก,,,,,,,,,,,,,,,,สี,ชมพู,1,1,Size (เสื้อ),3T,1,1,,,,,,,,,
,simple,26300225,,เสื้อเชิ้ต - RALPH LAUREN,1,,visible,,,,,taxable,,1,1,,,,,,,,,,,400,สินค้าและอุปกรณ์สำหรับเด็ก,,,,,,,,,,,,,,,,สี,ฟ้า,1,1,Size (เสื้อ),3T,1,1,,,,,,,,,
,simple,26300226,,เสื้อ - POLO,1,,visible,,,,,taxable,,1,1,,,,,,,,,,,250,สินค้าและอุปกรณ์สำหรับเด็ก,,,,,,,,,,,,,,,,สี,ฟ้า,1,1,Size (เสื้อ),3T,1,1,,,,,,,,,
,simple,26300227,,ชุด - adidas,1,,visible,,,,,taxable,,1,1,,,,,,,,,,,450,สินค้าและอุปกรณ์สำหรับเด็ก,,,,,,,,,,,,,,,,สี,ครีม,1,1,Size (เสื้อ),L,1,1,,,,,,,,,
,simple,26300228,,กางเกง - M&S,1,,visible,,,,,taxable,,1,1,,,,,,,,,,,250,สินค้าและอุปกรณ์สำหรับเด็ก,,,,,,,,,,,,,,,,สี,ครีม,1,1,Size (เสื้อ),XL,1,1,,,,,,,,,
,simple,26300229,,ชุด - adidas,1,,visible,,,,,taxable,,1,1,,,,,,,,,,,450,สินค้าและอุปกรณ์สำหรับเด็ก,,,,,,,,,,,,,,,,สี,ครีม,1,1,Size (เสื้อ),M,1,1,,,,,,,,,
,simple,26300230,,กางเกง - ZARA,1,,visible,,,,,taxable,,1,1,,,,,,,,,,,300,สินค้าและอุปกรณ์สำหรับเด็ก,,,,,,,,,,,,,,,,สี,เทา,1,1,Size (เสื้อ),L,1,1,,,,,,,,,
,simple,26300231,,กางเกง - GAP,1,,visible,,,,,taxable,,1,1,,,,,,,,,,,250,สินค้าและอุปกรณ์สำหรับเด็ก,,,,,,,,,,,,,,,,สี,เทา,1,1,Size (เสื้อ),M,1,1,,,,,,,,,
,simple,26300232,,กางเกง - M&S,1,,visible,,,,,taxable,,1,1,,,,,,,,,,,300,สินค้าและอุปกรณ์สำหรับเด็ก,,,,,,,,,,,,,,,,สี,เทา,1,1,Size (เสื้อ),M,1,1,,,,,,,,,
,simple,26300234,,กางเกง - ZARA,1,,visible,,,,,taxable,,1,1,,,,,,,,,,,300,สินค้าและอุปกรณ์สำหรับเด็ก,,,,,,,,,,,,,,,,สี,ขาว,1,1,Size (เสื้อ),12M,1,1,,,,,,,,,
,simple,26300237,,กางเกง - M&S,1,,visible,,,,,taxable,,1,1,,,,,,,,,,,250,สินค้าและอุปกรณ์สำหรับเด็ก,,,,,,,,,,,,,,,,สี,เขียว,1,1,Size (เสื้อ),XL,1,1,,,,,,,,,
,simple,26300238,,กางเกง - ZARA,1,,visible,,,,,taxable,,1,1,,,,,,,,,,,300,สินค้าและอุปกรณ์สำหรับเด็ก,,,,,,,,,,,,,,,,สี,เขียว,1,1,Size (เสื้อ),M,1,1,,,,,,,,,
,simple,26300239,,กางเกง - M&S,1,,visible,,,,,taxable,,1,1,,,,,,,,,,,250,สินค้าและอุปกรณ์สำหรับเด็ก,,,,,,,,,,,,,,,,สี,หลากสี,1,1,Size (เสื้อ),XL,1,1,,,,,,,,,
,simple,26300241,,เสื้อยืด - POLO,1,,visible,,,,,taxable,,1,1,,,,,,,,,,,230,สินค้าและอุปกรณ์สำหรับเด็ก,,,,,,,,,,,,,,,,สี,หลากสี,1,1,Size (เสื้อ),XL,1,1,,,,,,,,,
,simple,26300243,,เสื้อยืด - POLO,1,,visible,,,,,taxable,,1,1,,,,,,,,,,,230,สินค้าและอุปกรณ์สำหรับเด็ก,,,,,,,,,,,,,,,,สี,ฟ้า,0,0,,,,,,,,,,,,,
,simple,26300244,,เสื้อยืด - POLO,1,,visible,,,,,taxable,,1,1,,,,,,,,,,,230,สินค้าและอุปกรณ์สำหรับเด็ก,,,,,,,,,,,,,,,,สี,เทา,0,0,,,,,,,,,,,,,
,simple,26300246,,เสื้อ - POLO,1,,visible,,,,,taxable,,1,1,,,,,,,,,,,250,สินค้าและอุปกรณ์สำหรับเด็ก,,,,,,,,,,,,,,,,สี,ขาว,1,1,Size (กางเกง),4-5Y,1,1,,,,,,,,,
,simple,26300248,,เสื้อยืด - RALPH LAUREN,1,,visible,,,,,taxable,,1,1,,,,,,,,,,,230,สินค้าและอุปกรณ์สำหรับเด็ก,,,,,,,,,,,,,,,,สี,ขาว,1,1,Size (กางเกง),3-4Y,1,1,,,,,,,,,
,simple,26300249,,เสื้อเชิ้ต - RALPH LAUREN,1,,visible,,,,,taxable,,1,1,,,,,,,,,,,400,สินค้าและอุปกรณ์สำหรับเด็ก,,,,,,,,,,,,,,,,สี,ขาว,1,1,Size (กางเกง),5-6Y,1,1,,,,,,,,,
,simple,26300250,,เสื้อยืด - PLAY,1,,visible,,,,,taxable,,1,1,,,,,,,,,,,230,สินค้าและอุปกรณ์สำหรับเด็ก,,,,,,,,,,,,,,,,สี,ยีนส์,1,1,Size (กางเกง),3-4Y,1,1,,,,,,,,,
,simple,26300251,,กางเกง - M&S,1,,visible,,,,,taxable,,1,1,,,,,,,,,,,300,สินค้าและอุปกรณ์สำหรับเด็ก,,,,,,,,,,,,,,,,สี,ฟ้า,1,1,Size (กางเกง),4-5Y,1,1,,,,,,,,,
,simple,26300252,,กางเกง - ZARA,1,,visible,,,,,taxable,,1,1,,,,,,,,,,,300,สินค้าและอุปกรณ์สำหรับเด็ก,,,,,,,,,,,,,,,,สี,น้ำเงิน,1,1,Size (เสื้อ),3T,1,1,,,,,,,,,
,simple,26300253,,เสื้อ - POLO,1,,visible,,,,,taxable,,1,1,,,,,,,,,,,250,สินค้าและอุปกรณ์สำหรับเด็ก,,,,,,,,,,,,,,,,สี,ขาว,1,1,Size (เสื้อ),5t,1,1,,,,,,,,,
,simple,26300254,,กางเกง - M&S,1,,visible,,,,,taxable,,1,1,,,,,,,,,,,300,สินค้าและอุปกรณ์สำหรับเด็ก,,,,,,,,,,,,,,,,สี,ดำ,1,1,Size (เสื้อ),6-8Y,1,1,,,,,,,,,
,simple,26300256,,เสื้อเชิ้ต - RALPH LAUREN,1,,visible,,,,,taxable,,1,1,,,,,,,,,,,400,สินค้าและอุปกรณ์สำหรับเด็ก,,,,,,,,,,,,,,,,สี,เทา,1,1,Size (เสื้อ),XS,1,1,,,,,,,,,
,simple,26300257,,กางเกง - M&S,1,,visible,,,,,taxable,,1,1,,,,,,,,,,,250,สินค้าและอุปกรณ์สำหรับเด็ก,,,,,,,,,,,,,,,,สี,ดำ,1,1,Size (เสื้อ),S,1,1,,,,,,,,,
,simple,26300258,,กางเกง - M&S,1,,visible,,,,,taxable,,1,1,,,,,,,,,,,250,สินค้าและอุปกรณ์สำหรับเด็ก,,,,,,,,,,,,,,,,สี,เทา,1,1,Size (กางเกง),2-3Y,1,1,,,,,,,,,
,simple,26300260,,กางเกง - M&S,1,,visible,,,,,taxable,,1,1,,,,,,,,,,,300,สินค้าและอุปกรณ์สำหรับเด็ก,,,,,,,,,,,,,,,,สี,ยีนส์,1,1,Size (กางเกง),3-4Y,1,1,,,,,,,,,
,simple,26300261,,กางเกง - ZARA,1,,visible,,,,,taxable,,1,1,,,,,,,,,,,300,สินค้าและอุปกรณ์สำหรับเด็ก,,,,,,,,,,,,,,,,สี,เทา,1,1,Size (เสื้อ),XS,1,1,,,,,,,,,
,simple,26300262,,เสื้อยืด - Disney,1,,visible,,,,,taxable,,1,1,,,,,,,,,,,60,สินค้าและอุปกรณ์สำหรับเด็ก,,,,,,,,,,,,,,,,สี,เขียว,1,1,Size (กางเกง),4-5Y,1,1,,,,,,,,,
,simple,26300263,,กางเกง - M&S,1,,visible,,,,,taxable,,1,1,,,,,,,,,,,300,สินค้าและอุปกรณ์สำหรับเด็ก,,,,,,,,,,,,,,,,สี,น้ำตาล,1,1,Size (กางเกง),2-3Y,1,1,,,,,,,,,
,simple,26300264,,กางเกง - M&S,1,,visible,,,,,taxable,,1,1,,,,,,,,,,,250,สินค้าและอุปกรณ์สำหรับเด็ก,,,,,,,,,,,,,,,,สี,ฟ้า,1,1,Size (เสื้อ),4T,1,1,,,,,,,,,
,simple,26300265,,กางเกง - M&S,1,,visible,,,,,taxable,,1,1,,,,,,,,,,,250,สินค้าและอุปกรณ์สำหรับเด็ก,,,,,,,,,,,,,,,,สี,ยีนส์,1,1,Size (กางเกง),5-6Y,1,1,,,,,,,,,
,simple,26300266,,เสื้อยืด - Disney,1,,visible,,,,,taxable,,1,1,,,,,,,,,,,230,สินค้าและอุปกรณ์สำหรับเด็ก,,,,,,,,,,,,,,,,สี,เทา,1,1,Size (กางเกง),5-6Y,1,1,,,,,,,,,
,simple,26300267,,เสื้อยืด - Disney,1,,visible,,,,,taxable,,1,1,,,,,,,,,,,200,สินค้าและอุปกรณ์สำหรับเด็ก,,,,,,,,,,,,,,,,สี,ฟ้า,1,1,Size (เสื้อ),3T,1,1,,,,,,,,,
,simple,26300268,,กางเกง - M&S,1,,visible,,,,,taxable,,1,1,,,,,,,,,,,250,สินค้าและอุปกรณ์สำหรับเด็ก,,,,,,,,,,,,,,,,สี,น้ำเงิน,1,1,Size (เสื้อ),4T,1,1,,,,,,,,,
,simple,26300269,,เสื้อยืด - H&M,1,,visible,,,,,taxable,,1,1,,,,,,,,,,,230,สินค้าและอุปกรณ์สำหรับเด็ก,,,,,,,,,,,,,,,,สี,ยีนส์,1,1,Size (กางเกง),4-5Y,1,1,,,,,,,,,
,simple,26300271,,ชุดเซ็ทเสื้อ กางเกงมิกกี้เม้าส์,1,,visible,,,,,taxable,,1,1,,,,,,,,,,,300,สินค้าและอุปกรณ์สำหรับเด็ก,,,,,,,,,,,,,,,,สี,เขียว,1,1,Size (กางเกง),5-6Y,1,1,,,,,,,,,
,simple,26300272,,กางเกง - ZARA,1,,visible,,,,,taxable,,1,1,,,,,,,,,,,250,สินค้าและอุปกรณ์สำหรับเด็ก,,,,,,,,,,,,,,,,สี,ยีนส์,1,1,Size (กางเกง),4-5Y,1,1,,,,,,,,,
,simple,26300273,,กางเกง - M&S,1,,visible,,,,,taxable,,1,1,,,,,,,,,,,300,สินค้าและอุปกรณ์สำหรับเด็ก,,,,,,,,,,,,,,,,สี,ขาว,1,1,Size (เสื้อ),ไม่มี,1,1,,,,,,,,,
,simple,26300274,,กางเกง - ZARA,1,,visible,,,,,taxable,,1,1,,,,,,,,,,,300,สินค้าและอุปกรณ์สำหรับเด็ก,,,,,,,,,,,,,,,,สี,เขียว,1,1,Size (เสื้อ),24M,1,1,,,,,,,,,
,simple,26300275,,กางเกง - ZARA,1,,visible,,,,,taxable,,1,1,,,,,,,,,,,300,สินค้าและอุปกรณ์สำหรับเด็ก,,,,,,,,,,,,,,,,สี,ฟ้า,1,1,Size (เสื้อ),12M,1,1,,,,,,,,,
,simple,26300276,,กางเกง - ZARA,1,,visible,,,,,taxable,,1,1,,,,,,,,,,,300,สินค้าและอุปกรณ์สำหรับเด็ก,,,,,,,,,,,,,,,,สี,ดำ,1,1,Size (เสื้อ),3T,1,1,,,,,,,,,
,simple,26300277,,กางเกง - M&S,1,,visible,,,,,taxable,,1,1,,,,,,,,,,,250,สินค้าและอุปกรณ์สำหรับเด็ก,,,,,,,,,,,,,,,,สี,เหลือง,1,1,Size (เสื้อ),3T,1,1,,,,,,,,,
,simple,26300278,,กางเกง - M&S,1,,visible,,,,,taxable,,1,1,,,,,,,,,,,250,สินค้าและอุปกรณ์สำหรับเด็ก,,,,,,,,,,,,,,,,สี,ขาว,1,1,Size (เสื้อ),4T,1,1,,,,,,,,,
,simple,26300279,,ถุงเท้า - ไม่มี,1,,visible,,,,,taxable,,1,1,,,,,,,,,,,20,สินค้าและอุปกรณ์สำหรับเด็ก,,,,,,,,,,,,,,,,สี,ม่วง,1,1,Size (เสื้อ),4T,1,1,,,,,,,,,
,simple,26300280,,ถุงเท้า - ไม่มี,1,,visible,,,,,taxable,,1,1,,,,,,,,,,,20,สินค้าและอุปกรณ์สำหรับเด็ก,,,,,,,,,,,,,,,,สี,ฟ้า,1,1,Size (เสื้อ),4T,1,1,,,,,,,,,
,simple,26300281,,เสื้อ - Tiny Tale,1,,visible,,,,,taxable,,1,1,,,,,,,,,,,300,สินค้าและอุปกรณ์สำหรับเด็ก,,,,,,,,,,,,,,,,สี,ฟ้า,1,1,Size (เสื้อ),4T,1,1,,,,,,,,,
,simple,26300282,,เสื้อ - Tiny Tale,1,,visible,,,,,taxable,,1,1,,,,,,,,,,,300,สินค้าและอุปกรณ์สำหรับเด็ก,,,,,,,,,,,,,,,,สี,ชมพู,1,1,Size (เสื้อ),4T,1,1,,,,,,,,,
,simple,26300283,,เสื้อ - Tiny Tale,1,,visible,,,,,taxable,,1,1,,,,,,,,,,,300,สินค้าและอุปกรณ์สำหรับเด็ก,,,,,,,,,,,,,,,,สี,แดง,1,1,Size (เสื้อ),5Y,1,1,,,,,,,,,
,simple,26300284,,เสื้อ - Tiny Tale,1,,visible,,,,,taxable,,1,1,,,,,,,,,,,300,สินค้าและอุปกรณ์สำหรับเด็ก,,,,,,,,,,,,,,,,สี,ขาว,1,1,Size (กางเกง),3-4Y,1,1,,,,,,,,,
,simple,26300285,,เสื้อ - Tiny Tale,1,,visible,,,,,taxable,,1,1,,,,,,,,,,,300,สินค้าและอุปกรณ์สำหรับเด็ก,,,,,,,,,,,,,,,,สี,เขียว,1,1,Size (กางเกง),4-5Y,1,1,,,,,,,,,
,simple,26300286,,เสื้อ - Tiny Tale,1,,visible,,,,,taxable,,1,1,,,,,,,,,,,300,สินค้าและอุปกรณ์สำหรับเด็ก,,,,,,,,,,,,,,,,สี,ยีนส์,1,1,Size (กางเกง),5-6Y,1,1,,,,,,,,,
,simple,26300287,,เสื้อ - Tiny Tale,1,,visible,,,,,taxable,,1,1,,,,,,,,,,,300,สินค้าและอุปกรณ์สำหรับเด็ก,,,,,,,,,,,,,,,,สี,เทา,1,1,Size (กางเกง),4-5Y,1,1,,,,,,,,,
,simple,26300288,,เสื้อ - Tiny Tale,1,,visible,,,,,taxable,,1,1,,,,,,,,,,,300,สินค้าและอุปกรณ์สำหรับเด็ก,,,,,,,,,,,,,,,,สี,แดง,1,1,Size (เสื้อ),4T,1,1,,,,,,,,,
,simple,26300289,,เสื้อเชิ้ต - RALPH LAUREN,1,,visible,,,,,taxable,,1,1,,,,,,,,,,,300,สินค้าและอุปกรณ์สำหรับเด็ก,,,,,,,,,,,,,,,,สี,เขียว,1,1,Size (กางเกง),3-4Y,1,1,,,,,,,,,
,simple,26300291,,เสื้อ - Tiny Tale,1,,visible,,,,,taxable,,1,1,,,,,,,,,,,300,สินค้าและอุปกรณ์สำหรับเด็ก,,,,,,,,,,,,,,,,สี,ยีนส์,1,1,Size (กางเกง),4-5Y,1,1,,,,,,,,,
,simple,26300292,,เสื้อ - Tiny Tale,1,,visible,,,,,taxable,,1,1,,,,,,,,,,,300,สินค้าและอุปกรณ์สำหรับเด็ก,,,,,,,,,,,,,,,,สี,ยีนส์,1,1,Size (กางเกง),5Y,1,1,,,,,,,,,
,simple,26300293,,เสื้อ - Tiny Tale,1,,visible,,,,,taxable,,1,1,,,,,,,,,,,300,สินค้าและอุปกรณ์สำหรับเด็ก,,,,,,,,,,,,,,,,สี,น้ำตาล,1,1,Size (กางเกง),3-4Y,1,1,,,,,,,,,
,simple,26300294,,เสื้อ - Tiny Tale,1,,visible,,,,,taxable,,1,1,,,,,,,,,,,250,สินค้าและอุปกรณ์สำหรับเด็ก,,,,,,,,,,,,,,,,สี,แดง,1,1,Size (เสื้อ),4T,1,1,,,,,,,,,
,simple,26300295,,เสื้อ - Tiny Tale,1,,visible,,,,,taxable,,1,1,,,,,,,,,,,300,สินค้าและอุปกรณ์สำหรับเด็ก,,,,,,,,,,,,,,,,สี,น้ำตาล,1,1,Size (กางเกง),5-6Y,1,1,,,,,,,,,
,simple,26300296,,เสื้อ - Tiny Tale,1,,visible,,,,,taxable,,1,1,,,,,,,,,,,300,สินค้าและอุปกรณ์สำหรับเด็ก,,,,,,,,,,,,,,,,สี,ขาว,1,1,Size (เสื้อ),3T,1,1,,,,,,,,,
,simple,26300300,,เสื้อ - Papillon,1,,visible,,,,,taxable,,1,1,,,,,,,,,,,300,สินค้าและอุปกรณ์สำหรับเด็ก,,,,,,,,,,,,,,,,สี,น้ำตาล,1,1,Size (กางเกง),5Y,1,1,,,,,,,,,
,simple,26300301,,เสื้อ - Papillon,1,,visible,,,,,taxable,,1,1,,,,,,,,,,,300,สินค้าและอุปกรณ์สำหรับเด็ก,,,,,,,,,,,,,,,,สี,ดำ,1,1,Size (กางเกง),4-5Y,1,1,,,,,,,,,
,simple,26300302,,เสื้อ - Papillon,1,,visible,,,,,taxable,,1,1,,,,,,,,,,,300,สินค้าและอุปกรณ์สำหรับเด็ก,,,,,,,,,,,,,,,,สี,แดง,1,1,Size (เสื้อ),XS,1,1,,,,,,,,,
,simple,26300303,,เสื้อ - Papillon,1,,visible,,,,,taxable,,1,1,,,,,,,,,,,300,สินค้าและอุปกรณ์สำหรับเด็ก,,,,,,,,,,,,,,,,สี,น้ำเงิน,1,1,Size (เสื้อ),2T,1,1,,,,,,,,,
,simple,26300305,,เสื้อ - ไม่มี,1,,visible,,,,,taxable,,1,1,,,,,,,,,,,300,สินค้าและอุปกรณ์สำหรับเด็ก,,,,,,,,,,,,,,,,สี,น้ำตาล,1,1,Size (กางเกง),4-5Y,1,1,,,,,,,,,
,simple,26300306,,เสื้อ - ไม่มี,1,,visible,,,,,taxable,,1,1,,,,,,,,,,,250,สินค้าและอุปกรณ์สำหรับเด็ก,,,,,,,,,,,,,,,,สี,เหลือง,1,1,Size (เสื้อ),XS,1,1,,,,,,,,,
,simple,26300307,,เสื้อ - ไม่มี,1,,visible,,,,,taxable,,1,1,,,,,,,,,,,250,สินค้าและอุปกรณ์สำหรับเด็ก,,,,,,,,,,,,,,,,สี,ขาว,1,1,Size (กางเกง),4-5Y,1,1,,,,,,,,,
,simple,26300308,,เสื้อ - ไม่มี,1,,visible,,,,,taxable,,1,1,,,,,,,,,,,300,สินค้าและอุปกรณ์สำหรับเด็ก,,,,,,,,,,,,,,,,สี,น้ำเงิน,1,1,Size (กางเกง),6Y,1,1,,,,,,,,,
,simple,26300309,,เสื้อ - ไม่มี,1,,visible,,,,,taxable,,1,1,,,,,,,,,,,250,สินค้าและอุปกรณ์สำหรับเด็ก,,,,,,,,,,,,,,,,สี,ดำ,1,1,Size (กางเกง),3-4Y,1,1,,,,,,,,,
,simple,26300310,,ชุด - BABY LOVETT,1,,visible,,,,,taxable,,1,1,,,,,,,,,,,300,สินค้าและอุปกรณ์สำหรับเด็ก,,,,,,,,,,,,,,,,สี,ยีนส์,1,1,Size (กางเกง),2-3Y,1,1,,,,,,,,,
,simple,26300311,,ชุด - BABY LOVETT,1,,visible,,,,,taxable,,1,1,,,,,,,,,,,300,สินค้าและอุปกรณ์สำหรับเด็ก,,,,,,,,,,,,,,,,สี,ส้ม,1,1,Size (กางเกง),2-3 ปี,1,1,,,,,,,,,
,simple,26300312,,ชุด - ไม่มี,1,,visible,,,,,taxable,,1,1,,,,,,,,,,,300,สินค้าและอุปกรณ์สำหรับเด็ก,,,,,,,,,,,,,,,,สี,เขียว,1,1,Size (กางเกง),5-6Y,1,1,,,,,,,,,
,simple,26300313,,ชุด - ไม่มี,1,,visible,,,,,taxable,,1,1,,,,,,,,,,,300,สินค้าและอุปกรณ์สำหรับเด็ก,,,,,,,,,,,,,,,,สี,เทา,1,1,Size (เสื้อ),ไม่มี,1,1,,,,,,,,,
,simple,26300314,,เสื้อเชิ้ต - RALPH LAUREN,1,,visible,,,,,taxable,,1,1,,,,,,,,,,,300,สินค้าและอุปกรณ์สำหรับเด็ก,,,,,,,,,,,,,,,,สี,เขียว,1,1,Size (กางเกง),2-3Y,1,1,,,,,,,,,
,simple,26300315,,เสื้อเชิ้ต - RALPH LAUREN,1,,visible,,,,,taxable,,1,1,,,,,,,,,,,300,สินค้าและอุปกรณ์สำหรับเด็ก,,,,,,,,,,,,,,,,สี,น้ำเงิน,1,1,Size (เสื้อ),4T,1,1,,,,,,,,,
,simple,26300317,,เสื้อเชิ้ต - RALPH LAUREN,1,,visible,,,,,taxable,,1,1,,,,,,,,,,,300,สินค้าและอุปกรณ์สำหรับเด็ก,,,,,,,,,,,,,,,,สี,น้ำเงิน,1,1,Size (เสื้อ),XS,1,1,,,,,,,,,
,simple,26300319,,เสื้อเชิ้ต - RALPH LAUREN,1,,visible,,,,,taxable,,1,1,,,,,,,,,,,300,สินค้าและอุปกรณ์สำหรับเด็ก,,,,,,,,,,,,,,,,สี,น้ำตาล,1,1,Size (เสื้อ),S,1,1,,,,,,,,,
,simple,26300321,,เสื้อเชิ้ต - RALPH LAUREN,1,,visible,,,,,taxable,,1,1,,,,,,,,,,,250,สินค้าและอุปกรณ์สำหรับเด็ก,,,,,,,,,,,,,,,,สี,เทา,1,1,Size (เสื้อ),3T,1,1,,,,,,,,,
,simple,26300324,,เสื้อ - BABY MORNING,1,,visible,,,,,taxable,,1,1,,,,,,,,,,,300,สินค้าและอุปกรณ์สำหรับเด็ก,,,,,,,,,,,,,,,,สี,ส้ม,1,1,Size (เสื้อ),4T,1,1,,,,,,,,,
,simple,26300325,,เสื้อ - BabenistA,1,,visible,,,,,taxable,,1,1,,,,,,,,,,,300,สินค้าและอุปกรณ์สำหรับเด็ก,,,,,,,,,,,,,,,,สี,เหลือง,1,1,Size (เสื้อ),3T,1,1,,,,,,,,,
,simple,26300326,,เสื้อ - BabenistA,1,,visible,,,,,taxable,,1,1,,,,,,,,,,,300,สินค้าและอุปกรณ์สำหรับเด็ก,,,,,,,,,,,,,,,,สี,ฟ้า,1,1,Size (เสื้อ),18M,1,1,,,,,,,,,
,simple,26300327,,เสื้อ - Tiny Whale,1,,visible,,,,,taxable,,1,1,,,,,,,,,,,250,สินค้าและอุปกรณ์สำหรับเด็ก,,,,,,,,,,,,,,,,สี,น้ำเงิน,1,1,Size (เสื้อ),18M,1,1,,,,,,,,,
,simple,26300328,,เสื้อ - Tiny Whale,1,,visible,,,,,taxable,,1,1,,,,,,,,,,,250,สินค้าและอุปกรณ์สำหรับเด็ก,,,,,,,,,,,,,,,,สี,เทา,1,1,Size (เสื้อ),18M,1,1,,,,,,,,,
,simple,26300329,,เสื้อ - Tiny Whale,1,,visible,,,,,taxable,,1,1,,,,,,,,,,,300,สินค้าและอุปกรณ์สำหรับเด็ก,,,,,,,,,,,,,,,,สี,น้ำเงิน,1,1,Size (เสื้อ),18M,1,1,,,,,,,,,
,simple,26300330,,เสื้อ - Tiny Whale,1,,visible,,,,,taxable,,1,1,,,,,,,,,,,300,สินค้าและอุปกรณ์สำหรับเด็ก,,,,,,,,,,,,,,,,สี,ขาว,1,1,Size (เสื้อ),18M,1,1,,,,,,,,,
,simple,26300333,,รองเท้า - NIKE,1,,visible,,,,,taxable,,1,1,,,,,,,,,,,600,สินค้าและอุปกรณ์สำหรับเด็ก,,,,,,,,,,,,,,,,สี,เทา,1,1,Size (กางเกง),18-24M,1,1,,,,,,,,,
,simple,26300334,,รองเท้า - SPERRY,1,,visible,,,,,taxable,,1,1,,,,,,,,,,,450,สินค้าและอุปกรณ์สำหรับเด็ก,,,,,,,,,,,,,,,,สี,เทา,1,1,Size (กางเกง),4-5Y,1,1,,,,,,,,,
,simple,26300335,,รองเท้า - NIKE,1,,visible,,,,,taxable,,1,1,,,,,,,,,,,600,สินค้าและอุปกรณ์สำหรับเด็ก,,,,,,,,,,,,,,,,สี,น้ำเงิน,1,1,Size (กางเกง),24M,1,1,,,,,,,,,
,simple,26300337,,รองเท้า - SPERRY,1,,visible,,,,,taxable,,1,1,,,,,,,,,,,600,สินค้าและอุปกรณ์สำหรับเด็ก,,,,,,,,,,,,,,,,สี,น้ำเงิน,1,1,Size (กางเกง),24M,1,1,,,,,,,,,
,simple,26300338,,รองเท้า - ASLCS,1,,visible,,,,,taxable,,1,1,,,,,,,,,,,600,สินค้าและอุปกรณ์สำหรับเด็ก,,,,,,,,,,,,,,,,สี,เทา,1,1,Size (กางเกง),2-3Y,1,1,,,,,,,,,
,simple,26300339,,รองเท้า - NIKE,1,,visible,,,,,taxable,,1,1,,,,,,,,,,,600,สินค้าและอุปกรณ์สำหรับเด็ก,,,,,,,,,,,,,,,,สี,เทา,1,1,Size (กางเกง),2-3Y,1,1,,,,,,,,,
,simple,26300340,,รองเท้า - COMVERSE,1,,visible,,,,,taxable,,1,1,,,,,,,,,,,600,สินค้าและอุปกรณ์สำหรับเด็ก,,,,,,,,,,,,,,,,สี,ฟ้า,1,1,Size (กางเกง),2-3Y,1,1,,,,,,,,,
,simple,26300344,,รองเท้า - MARVEL,1,,visible,,,,,taxable,,1,1,,,,,,,,,,,250,สินค้าและอุปกรณ์สำหรับเด็ก,,,,,,,,,,,,,,,,สี,น้ำเงิน,1,1,Size (กางเกง),3-4Y,1,1,,,,,,,,,
,simple,26300347,,รองเท้า - CAKE CUSH,1,,visible,,,,,taxable,,1,1,,,,,,,,,,,600,สินค้าและอุปกรณ์สำหรับเด็ก,,,,,,,,,,,,,,,,สี,ดำ,1,1,Size (กางเกง),3-4Y,1,1,,,,,,,,,
,simple,26300349,,รองเท้า - ASLCS,1,,visible,,,,,taxable,,1,1,,,,,,,,,,,600,สินค้าและอุปกรณ์สำหรับเด็ก,,,,,,,,,,,,,,,,สี,แดง,1,1,Size (เสื้อ),2T,1,1,,,,,,,,,
,simple,26300350,,รองเท้า - NEW BALANCE,1,,visible,,,,,taxable,,1,1,,,,,,,,,,,600,สินค้าและอุปกรณ์สำหรับเด็ก,,,,,,,,,,,,,,,,สี,ครีม,1,1,Size (เสื้อ),6-8Y,1,1,,,,,,,,,
,simple,26300351,,รองเท้า - adidas,1,,visible,,,,,taxable,,1,1,,,,,,,,,,,600,สินค้าและอุปกรณ์สำหรับเด็ก,,,,,,,,,,,,,,,,สี,น้ำเงิน,1,1,Size (เสื้อ),104CM,1,1,,,,,,,,,
,simple,26300352,,รองเท้า - adidas,1,,visible,,,,,taxable,,1,1,,,,,,,,,,,600,สินค้าและอุปกรณ์สำหรับเด็ก,,,,,,,,,,,,,,,,สี,เทา,1,1,Size (เสื้อ),ไม่มี,1,1,,,,,,,,,
,simple,26300353,,รองเท้า - NIKE,1,,visible,,,,,taxable,,1,1,,,,,,,,,,,600,สินค้าและอุปกรณ์สำหรับเด็ก,,,,,,,,,,,,,,,,สี,ครีม,1,1,Size (เสื้อ),2-4Y,1,1,,,,,,,,,
,simple,26300354,,รองเท้า - NEW BALANCE,1,,visible,,,,,taxable,,1,1,,,,,,,,,,,600,สินค้าและอุปกรณ์สำหรับเด็ก,,,,,,,,,,,,,,,,สี,เทา,1,1,Size (เสื้อ),ไม่มี,1,1,,,,,,,,,
,simple,26300355,,รองเท้า - NIKE,1,,visible,,,,,taxable,,1,1,,,,,,,,,,,600,สินค้าและอุปกรณ์สำหรับเด็ก,,,,,,,,,,,,,,,,สี,ดำ,1,1,Size (เสื้อ),ไม่มี,1,1,,,,,,,,,
,simple,26300360,,รองเท้า - NATIVE,1,,visible,,,,,taxable,,1,1,,,,,,,,,,,450,สินค้าและอุปกรณ์สำหรับเด็ก,,,,,,,,,,,,,,,,สี,น้ำตาล,1,1,Size (เสื้อ),18-24M,1,1,,,,,,,,,
,simple,26300361,,ถุงเท้า - ไม่มี,1,,visible,,,,,taxable,,1,1,,,,,,,,,,,20,สินค้าและอุปกรณ์สำหรับเด็ก,,,,,,,,,,,,,,,,สี,เทา,1,1,Size (เสื้อ),18-24M,1,1,,,,,,,,,
,simple,26300362,,ถุงเท้า - ไม่มี,1,,visible,,,,,taxable,,1,1,,,,,,,,,,,150,สินค้าและอุปกรณ์สำหรับเด็ก,,,,,,,,,,,,,,,,สี,น้ำเงิน,1,1,Size (เสื้อ),4-5Y,1,1,,,,,,,,,
,simple,26300363,,ถุงเท้า - ไม่มี,1,,visible,,,,,taxable,,1,1,,,,,,,,,,,20,สินค้าและอุปกรณ์สำหรับเด็ก,,,,,,,,,,,,,,,,สี,น้ำเงิน,1,1,Size (เสื้อ),2-3Y,1,1,,,,,,,,,
,simple,26300364,,ถุงเท้า - ไม่มี,1,,visible,,,,,taxable,,1,1,,,,,,,,,,,150,สินค้าและอุปกรณ์สำหรับเด็ก,,,,,,,,,,,,,,,,สี,ครีม,1,1,Size (เสื้อ),XS,1,1,,,,,,,,,
,simple,26300365,,ถุงเท้า - ไม่มี,1,,visible,,,,,taxable,,1,1,,,,,,,,,,,20,สินค้าและอุปกรณ์สำหรับเด็ก,,,,,,,,,,,,,,,,สี,เขียว,1,1,Size (เสื้อ),18-24M,1,1,,,,,,,,,
,simple,26300366,,ถุงเท้า - ไม่มี,1,,visible,,,,,taxable,,1,1,,,,,,,,,,,20,สินค้าและอุปกรณ์สำหรับเด็ก,,,,,,,,,,,,,,,,สี,แดง,1,1,Size (เสื้อ),ไม่มี,1,1,,,,,,,,,
,simple,26300367,,ถุงเท้า - ไม่มี,1,,visible,,,,,taxable,,1,1,,,,,,,,,,,20,สินค้าและอุปกรณ์สำหรับเด็ก,,,,,,,,,,,,,,,,สี,ดำ,1,1,Size (เสื้อ),12-18M,1,1,,,,,,,,,
,simple,26300368,,ถุงเท้า - ไม่มี,1,,visible,,,,,taxable,,1,1,,,,,,,,,,,20,สินค้าและอุปกรณ์สำหรับเด็ก,,,,,,,,,,,,,,,,สี,แดง,1,1,Size (เสื้อ),ไม่มี,1,1,,,,,,,,,
,simple,26300369,,ถุงเท้า - ไม่มี,1,,visible,,,,,taxable,,1,1,,,,,,,,,,,20,สินค้าและอุปกรณ์สำหรับเด็ก,,,,,,,,,,,,,,,,สี,เขียว,1,1,Size (เสื้อ),2-3Y,1,1,,,,,,,,,
,simple,26300370,,ถุงเท้า - ไม่มี,1,,visible,,,,,taxable,,1,1,,,,,,,,,,,20,สินค้าและอุปกรณ์สำหรับเด็ก,,,,,,,,,,,,,,,,สี,น้ำตาล,1,1,Size (เสื้อ),4-5Y,1,1,,,,,,,,,
,simple,26300371,,ถุงเท้า - ไม่มี,1,,visible,,,,,taxable,,1,1,,,,,,,,,,,20,สินค้าและอุปกรณ์สำหรับเด็ก,,,,,,,,,,,,,,,,สี,เขียว,1,1,Size (เสื้อ),12-18M,1,1,,,,,,,,,
,simple,26300372,,ถุงเท้า - ไม่มี,1,,visible,,,,,taxable,,1,1,,,,,,,,,,,20,สินค้าและอุปกรณ์สำหรับเด็ก,,,,,,,,,,,,,,,,สี,เทา,1,1,Size (เสื้อ),4-5Y,1,1,,,,,,,,,
,simple,26300373,,ถุงเท้า - ไม่มี,1,,visible,,,,,taxable,,1,1,,,,,,,,,,,20,สินค้าและอุปกรณ์สำหรับเด็ก,,,,,,,,,,,,,,,,สี,ดำ,1,1,Size (เสื้อ),90CM,1,1,,,,,,,,,
,simple,26300374,,ถุงเท้า - ไม่มี,1,,visible,,,,,taxable,,1,1,,,,,,,,,,,20,สินค้าและอุปกรณ์สำหรับเด็ก,,,,,,,,,,,,,,,,สี,เทา,1,1,Size (เสื้อ),18-24M,1,1,,,,,,,,,
,simple,26300375,,ถุงเท้า - ไม่มี,1,,visible,,,,,taxable,,1,1,,,,,,,,,,,20,สินค้าและอุปกรณ์สำหรับเด็ก,,,,,,,,,,,,,,,,สี,ดำ,1,1,Size (เสื้อ),90CM,1,1,,,,,,,,,
,simple,26300376,,ถุงเท้า - ไม่มี,1,,visible,,,,,taxable,,1,1,,,,,,,,,,,20,สินค้าและอุปกรณ์สำหรับเด็ก,,,,,,,,,,,,,,,,สี,เทา,1,1,Size (เสื้อ),18-24M,1,1,,,,,,,,,
,simple,26300377,,ถุงเท้า - ไม่มี,1,,visible,,,,,taxable,,1,1,,,,,,,,,,,20,สินค้าและอุปกรณ์สำหรับเด็ก,,,,,,,,,,,,,,,,สี,แดง,1,1,Size (เสื้อ),18-24M,1,1,,,,,,,,,
,simple,26300378,,ถุงเท้า - ไม่มี,1,,visible,,,,,taxable,,1,1,,,,,,,,,,,20,สินค้าและอุปกรณ์สำหรับเด็ก,,,,,,,,,,,,,,,,สี,เหลือง,1,1,Size (เสื้อ),12-18M,1,1,,,,,,,,,
,simple,26300379,,ถุงเท้า - ไม่มี,1,,visible,,,,,taxable,,1,1,,,,,,,,,,,20,สินค้าและอุปกรณ์สำหรับเด็ก,,,,,,,,,,,,,,,,สี,เทา,1,1,Size (เสื้อ),3T,1,1,,,,,,,,,
,simple,26300380,,ถุงเท้า - ไม่มี,1,,visible,,,,,taxable,,1,1,,,,,,,,,,,20,สินค้าและอุปกรณ์สำหรับเด็ก,,,,,,,,,,,,,,,,สี,เทา,1,1,Size (เสื้อ),18M,1,1,,,,,,,,,
,simple,26300381,,ถุงเท้า - ไม่มี,1,,visible,,,,,taxable,,1,1,,,,,,,,,,,20,สินค้าและอุปกรณ์สำหรับเด็ก,,,,,,,,,,,,,,,,สี,น้ำเงิน,1,1,Size (เสื้อ),ไม่มี,1,1,,,,,,,,,
,simple,26300382,,ถุงเท้า - ไม่มี,1,,visible,,,,,taxable,,1,1,,,,,,,,,,,20,สินค้าและอุปกรณ์สำหรับเด็ก,,,,,,,,,,,,,,,,สี,ส้ม,1,1,Size (เสื้อ),12-18M,1,1,,,,,,,,,
,simple,26300384,,ถุงเท้า - ไม่มี,1,,visible,,,,,taxable,,1,1,,,,,,,,,,,20,สินค้าและอุปกรณ์สำหรับเด็ก,,,,,,,,,,,,,,,,สี,ฟ้า,1,1,Size (เสื้อ),18M,1,1,,,,,,,,,
,simple,26300385,,ถุงเท้า - ไม่มี,1,,visible,,,,,taxable,,1,1,,,,,,,,,,,20,สินค้าและอุปกรณ์สำหรับเด็ก,,,,,,,,,,,,,,,,สี,ดำ,1,1,Size (กางเกง),100CM,1,1,,,,,,,,,
,simple,26300386,,ถุงเท้า - ไม่มี,1,,visible,,,,,taxable,,1,1,,,,,,,,,,,20,สินค้าและอุปกรณ์สำหรับเด็ก,,,,,,,,,,,,,,,,สี,เทา,1,1,Size (กางเกง),18-24M,1,1,,,,,,,,,
,simple,26300387,,ถุงเท้า - ไม่มี,1,,visible,,,,,taxable,,1,1,,,,,,,,,,,20,สินค้าและอุปกรณ์สำหรับเด็ก,,,,,,,,,,,,,,,,สี,ดำ,1,1,Size (เสื้อ),18-24M,1,1,,,,,,,,,
,simple,26300388,,ถุงเท้า - ไม่มี,1,,visible,,,,,taxable,,1,1,,,,,,,,,,,20,สินค้าและอุปกรณ์สำหรับเด็ก,,,,,,,,,,,,,,,,สี,น้ำเงิน,1,1,Size (เสื้อ),18M,1,1,,,,,,,,,
,simple,26300389,,ถุงเท้า - ไม่มี,1,,visible,,,,,taxable,,1,1,,,,,,,,,,,20,สินค้าและอุปกรณ์สำหรับเด็ก,,,,,,,,,,,,,,,,สี,เทา,1,1,Size (กางเกง),120,1,1,,,,,,,,,
,simple,26300390,,รองเท้า - adidas,1,,visible,,,,,taxable,,1,1,,,,,,,,,,,600,สินค้าและอุปกรณ์สำหรับเด็ก,,,,,,,,,,,,,,,,สี,ขาว,1,1,Size (เสื้อ),3T,1,1,,,,,,,,,
,simple,26300395,,รองเท้า - MONT-BELL,1,,visible,,,,,taxable,,1,1,,,,,,,,,,,800,สินค้าและอุปกรณ์สำหรับเด็ก,,,,,,,,,,,,,,,,สี,ดำ,1,1,Size (กางเกง),120,1,1,,,,,,,,,
,simple,26300404,,เสื้อยืด - ROAMING,1,,visible,,,,,taxable,,1,1,,,,,,,,,,,100,สินค้าและอุปกรณ์สำหรับเด็ก,,,,,,,,,,,,,,,,สี,เหลือง,1,1,Size (เสื้อ),4-5Y,1,1,,,,,,,,,
,simple,26300405,,คอสเพลย์ตำรวจ - ไม่มี,1,,visible,,,,,taxable,,1,1,,,,,,,,,,,500,สินค้าและอุปกรณ์สำหรับเด็ก,,,,,,,,,,,,,,,,สี,ขาว,1,1,Size (เสื้อ),4-5Y,1,1,,,,,,,,,
,simple,26300406,,เสื้อยืด - ไม่มี,1,,visible,,,,,taxable,,1,1,,,,,,,,,,,80,สินค้าและอุปกรณ์สำหรับเด็ก,,,,,,,,,,,,,,,,สี,เขียว,1,1,Size (เสื้อ),4-5Y,1,1,,,,,,,,,
,simple,26300407,,เสื้อแจ็คเก็ต - ไม่มี,1,,visible,,,,,taxable,,1,1,,,,,,,,,,,500,สินค้าและอุปกรณ์สำหรับเด็ก,,,,,,,,,,,,,,,,สี,ขาว,1,1,Size (เสื้อ),4-5Y,1,1,,,,,,,,,
,simple,26300408,,เสื้อแจ็คเก็ต - H&M,1,,visible,,,,,taxable,,1,1,,,,,,,,,,,500,สินค้าและอุปกรณ์สำหรับเด็ก,,,,,,,,,,,,,,,,สี,ครีม,1,1,Size (เสื้อ),4-5Y,1,1,,,,,,,,,
,simple,26300409,,กางเกง - ไม่มี,1,,visible,,,,,taxable,,1,1,,,,,,,,,,,100,สินค้าและอุปกรณ์สำหรับเด็ก,,,,,,,,,,,,,,,,สี,เขียว,1,1,Size (เสื้อ),4-5Y,1,1,,,,,,,,,
,simple,26300413,,เสื้อยืด - ไม่มี,1,,visible,,,,,taxable,,1,1,,,,,,,,,,,100,สินค้าและอุปกรณ์สำหรับเด็ก,,,,,,,,,,,,,,,,สี,ส้ม,1,1,Size (เสื้อ),4-5Y,1,1,,,,,,,,,
,simple,26300415,,เสื้อ - PHAHURAT.COM,1,,visible,,,,,taxable,,1,1,,,,,,,,,,,150,สินค้าและอุปกรณ์สำหรับเด็ก,,,,,,,,,,,,,,,,สี,ขาว,1,1,Size (เสื้อ),XL,1,1,,,,,,,,,
,simple,26300417,,คอสเพลย์ทหารบก - ไม่มี,1,,visible,,,,,taxable,,1,1,,,,,,,,,,,600,สินค้าและอุปกรณ์สำหรับเด็ก,,,,,,,,,,,,,,,,สี,แดง,1,1,Size (เสื้อ),4T,1,1,,,,,,,,,
,simple,26300418,,รองเท้าผ้าใบ - adidas,1,,visible,,,,,taxable,,1,1,,,,,,,,,,,600,สินค้าและอุปกรณ์สำหรับเด็ก,,,,,,,,,,,,,,,,สี,แดง,1,1,Size (เสื้อ),S,1,1,,,,,,,,,
,simple,26300419,,ชุด - ไม่มี,1,,visible,,,,,taxable,,1,1,,,,,,,,,,,250,สินค้าและอุปกรณ์สำหรับเด็ก,,,,,,,,,,,,,,,,สี,แดง,1,1,Size (เสื้อ),2A,1,1,,,,,,,,,
,simple,26300421,,เสื้อยืด - ROAMING,1,,visible,,,,,taxable,,1,1,,,,,,,,,,,100,สินค้าและอุปกรณ์สำหรับเด็ก,,,,,,,,,,,,,,,,สี,เขียว,1,1,Size (กางเกง),5T,1,1,,,,,,,,,
,simple,26300422,,เสื้อยืด - ROAMING,1,,visible,,,,,taxable,,1,1,,,,,,,,,,,100,สินค้าและอุปกรณ์สำหรับเด็ก,,,,,,,,,,,,,,,,สี,ดำ,1,1,Size (กางเกง),3-4Y,1,1,,,,,,,,,
,simple,26300425,,คอสเพลย์นักร้อง - ไม่มี,1,,visible,,,,,taxable,,1,1,,,,,,,,,,,500,สินค้าและอุปกรณ์สำหรับเด็ก,,,,,,,,,,,,,,,,สี,เทา,1,1,Size (กางเกง),3-4Y,1,1,,,,,,,,,
,simple,26300426,,คอสเพลย์ตำรวจ - ไม่มี,1,,visible,,,,,taxable,,1,1,,,,,,,,,,,500,สินค้าและอุปกรณ์สำหรับเด็ก,,,,,,,,,,,,,,,,สี,เทา,1,1,Size (กางเกง),4-5Y,1,1,,,,,,,,,
,simple,26300427,,คอสเพลย์นักบิน - ไม่มี,1,,visible,,,,,taxable,,1,1,,,,,,,,,,,500,สินค้าและอุปกรณ์สำหรับเด็ก,,,,,,,,,,,,,,,,สี,ขาว,1,1,Size (เสื้อ),4-5 Y,1,1,,,,,,,,,
,simple,26300428,,คอสเพลย์พิซซ่า - ไม่มี,1,,visible,,,,,taxable,,1,1,,,,,,,,,,,600,สินค้าและอุปกรณ์สำหรับเด็ก,,,,,,,,,,,,,,,,สี,ขาว,1,1,Size (เสื้อ),12-18 M,1,1,,,,,,,,,
,simple,26300429,,คอสเพลย์พิซซ่า - ไม่มี,1,,visible,,,,,taxable,,1,1,,,,,,,,,,,500,สินค้าและอุปกรณ์สำหรับเด็ก,,,,,,,,,,,,,,,,สี,ดำ,1,1,Size (เสื้อ),ไม่มี,1,1,,,,,,,,,
,simple,26300430,,คอสเพลย์นักบิน - ไม่มี,1,,visible,,,,,taxable,,1,1,,,,,,,,,,,500,สินค้าและอุปกรณ์สำหรับเด็ก,,,,,,,,,,,,,,,,สี,น้ำเงิน,1,1,Size (เสื้อ),12-18M,1,1,,,,,,,,,
,simple,26300432,,คอสเพลย์นักบิน - ไม่มี,1,,visible,,,,,taxable,,1,1,,,,,,,,,,,500,สินค้าและอุปกรณ์สำหรับเด็ก,,,,,,,,,,,,,,,,สี,แดง,0,0,,,,,,,,,,,,,
,simple,26300433,,เสื้อยืด - TRUE RELIGION,1,,visible,,,,,taxable,,1,1,,,,,,,,,,,100,สินค้าและอุปกรณ์สำหรับเด็ก,,,,,,,,,,,,,,,,สี,ครีม,1,1,Size (เสื้อ),3-4 Y,1,1,,,,,,,,,
,simple,26300434,,เสื้อยืด - H&M,1,,visible,,,,,taxable,,1,1,,,,,,,,,,,100,สินค้าและอุปกรณ์สำหรับเด็ก,,,,,,,,,,,,,,,,สี,ฟ้า,1,1,Size (เสื้อ),4-5Y,1,1,,,,,,,,,
,simple,26300435,,เสื้อยืด - H&M,1,,visible,,,,,taxable,,1,1,,,,,,,,,,,100,สินค้าและอุปกรณ์สำหรับเด็ก,,,,,,,,,,,,,,,,สี,เขียว,1,1,Size (เสื้อ),6-7Y,1,1,,,,,,,,,
,simple,26300436,,คอสเพลย์นักแข่งรถ - ไม่มี,1,,visible,,,,,taxable,,1,1,,,,,,,,,,,500,สินค้าและอุปกรณ์สำหรับเด็ก,,,,,,,,,,,,,,,,สี,ครีม,1,1,Size (เสื้อ),4-5 Y,1,1,,,,,,,,,
,simple,26300438,,คอสเพลย์แดร์กคิวล่า - ไม่มี,1,,visible,,,,,taxable,,1,1,,,,,,,,,,,500,สินค้าและอุปกรณ์สำหรับเด็ก,,,,,,,,,,,,,,,,สี,เขียว,1,1,Size (เสื้อ),2-3Y,1,1,,,,,,,,,
,simple,26300439,,คอสเพลย์แดร์กคิวล่า - ไม่มี,1,,visible,,,,,taxable,,1,1,,,,,,,,,,,500,สินค้าและอุปกรณ์สำหรับเด็ก,,,,,,,,,,,,,,,,สี,น้ำเงิน,1,1,Size (กางเกง),5Y,1,1,,,,,,,,,
,simple,26300440,,คอสเพลย์ตำรวจ - ไม่มี,1,,visible,,,,,taxable,,1,1,,,,,,,,,,,100,สินค้าและอุปกรณ์สำหรับเด็ก,,,,,,,,,,,,,,,,สี,เทา,1,1,Size (กางเกง),100,1,1,,,,,,,,,
,simple,26300441,,รองเท้าผ้าใบ adidas LEGO - adidas,1,,visible,,,,,taxable,,1,1,,,,,,,,,,,600,สินค้าและอุปกรณ์สำหรับเด็ก,,,,,,,,,,,,,,,,สี,เทา,1,1,Size (กางเกง),120,1,1,,,,,,,,,
,simple,26300442,,รองเท้าผ้าใบ SPERRY  - SPERRY,1,,visible,,,,,taxable,,1,1,,,,,,,,,,,600,สินค้าและอุปกรณ์สำหรับเด็ก,,,,,,,,,,,,,,,,สี,หลากสี,1,1,Size (เสื้อ),M,1,1,,,,,,,,,
,simple,26300444,,รองเท้า crocs - crocs,1,,visible,,,,,taxable,,1,1,,,,,,,,,,,250,สินค้าและอุปกรณ์สำหรับเด็ก,,,,,,,,,,,,,,,,สี,ดำ,1,1,Size (เสื้อ),6,1,1,,,,,,,,,
,simple,26300447,,รองเท้าแตะ ลาย Spider Man - Disney S,1,,visible,,,,,taxable,,1,1,,,,,,,,,,,250,สินค้าและอุปกรณ์สำหรับเด็ก,,,,,,,,,,,,,,,,สี,ขาว,1,1,Size (เสื้อ),4-5Y,1,1,,,,,,,,,
,simple,26300448,,รองเท้าผ้าใบ adidas - adidas,1,,visible,,,,,taxable,,1,1,,,,,,,,,,,600,สินค้าและอุปกรณ์สำหรับเด็ก,,,,,,,,,,,,,,,,สี,หลากสี,1,1,Size (เสื้อ),ไม่มี,1,1,,,,,,,,,
,simple,26300450,,รองเท้าผ้าใบ adidas Toy Story - adidas,1,,visible,,,,,taxable,,1,1,,,,,,,,,,,600,สินค้าและอุปกรณ์สำหรับเด็ก,,,,,,,,,,,,,,,,สี,น้ำตาล,1,1,Size (กางเกง),110,1,1,,,,,,,,,
,simple,26300451,,รองเท้าผ้าใบ adidas ลาย Mickey Mouse  - adidas,1,,visible,,,,,taxable,,1,1,,,,,,,,,,,600,สินค้าและอุปกรณ์สำหรับเด็ก,,,,,,,,,,,,,,,,สี,แดง,1,1,Size (เสื้อ),M,1,1,,,,,,,,,
,simple,26300453,,รองเท้า MAX+ JAKE - MAX+ JAKE,1,,visible,,,,,taxable,,1,1,,,,,,,,,,,450,สินค้าและอุปกรณ์สำหรับเด็ก,,,,,,,,,,,,,,,,สี,แดง,1,1,Size (กางเกง),110,1,1,,,,,,,,,
,simple,26300454,,รองเท้าผ้าใบ adidas - adidas,1,,visible,,,,,taxable,,1,1,,,,,,,,,,,450,สินค้าและอุปกรณ์สำหรับเด็ก,,,,,,,,,,,,,,,,สี,แดง,1,1,Size (กางเกง),ไม่มี,1,1,,,,,,,,,
,simple,26300455,,รองเท้า adidas - adidas,1,,visible,,,,,taxable,,1,1,,,,,,,,,,,450,สินค้าและอุปกรณ์สำหรับเด็ก,,,,,,,,,,,,,,,,สี,เขียว,1,1,Size (เสื้อ),3T,1,1,,,,,,,,,
,simple,26300458,,รองเท้า SPERRY  - SPERRY,1,,visible,,,,,taxable,,1,1,,,,,,,,,,,450,สินค้าและอุปกรณ์สำหรับเด็ก,,,,,,,,,,,,,,,,สี,ดำ,1,1,Size (เสื้อ),3,1,1,,,,,,,,,
,simple,26300460,,รองเท้าผ้าใบ adidas LEGO - adidas,1,,visible,,,,,taxable,,1,1,,,,,,,,,,,600,สินค้าและอุปกรณ์สำหรับเด็ก,,,,,,,,,,,,,,,,สี,น้ำเงิน,1,1,Size (เสื้อ),120,1,1,,,,,,,,,
,simple,26300462,,รองเท้าผ้าใบ adidas - adidas,1,,visible,,,,,taxable,,1,1,,,,,,,,,,,600,สินค้าและอุปกรณ์สำหรับเด็ก,,,,,,,,,,,,,,,,สี,น้ำเงิน,1,1,Size (เสื้อ),110,1,1,,,,,,,,,
,simple,26300480,,รองเท้าผ้าใบ NIKE - NIKE,1,,visible,,,,,taxable,,1,1,,,,,,,,,,,600,สินค้าและอุปกรณ์สำหรับเด็ก,,,,,,,,,,,,,,,,สี,ฟ้า,1,1,Size (เสื้อ),100,1,1,,,,,,,,,
,simple,26300482,,รองเท้าผ้าใบ NIKE - NIKE,1,,visible,,,,,taxable,,1,1,,,,,,,,,,,600,สินค้าและอุปกรณ์สำหรับเด็ก,,,,,,,,,,,,,,,,สี,ฟ้า,1,1,Size (เสื้อ),100,1,1,,,,,,,,,
,simple,26300483,,รองเท้า SPERRY  - SPERRY,1,,visible,,,,,taxable,,1,1,,,,,,,,,,,450,สินค้าและอุปกรณ์สำหรับเด็ก,,,,,,,,,,,,,,,,สี,เหลือง,1,1,Size (เสื้อ),100,1,1,,,,,,,,,
,simple,26300485,,รองเท้าผ้าใบ  - NIKE,1,,visible,,,,,taxable,,1,1,,,,,,,,,,,450,สินค้าและอุปกรณ์สำหรับเด็ก,,,,,,,,,,,,,,,,สี,ครีม,1,1,Size (กางเกง),110CM,1,1,,,,,,,,,
,simple,26300487,,เสื้อเชิ้ตคอปกโปโลสีเขียว - Ralph Lauren,1,,visible,,,,,taxable,,1,1,,,,,,,,,,,80,สินค้าและอุปกรณ์สำหรับเด็ก,,,,,,,,,,,,,,,,สี,ฟ้า,1,1,Size (เสื้อ),S,1,1,,,,,,,,,
,simple,26300488,,เสื้อยืดแขนสั้นสกรีน - Ralph Lauren,1,,visible,,,,,taxable,,1,1,,,,,,,,,,,80,สินค้าและอุปกรณ์สำหรับเด็ก,,,,,,,,,,,,,,,,สี,ฟ้า,1,1,Size (เสื้อ),XS,1,1,,,,,,,,,
,simple,26300489,,เสื้อแขนสั้นมีถุงข้างหน้า - ZARA,1,,visible,,,,,taxable,,1,1,,,,,,,,,,,80,สินค้าและอุปกรณ์สำหรับเด็ก,,,,,,,,,,,,,,,,สี,แดง,1,1,Size (เสื้อ),M,1,1,,,,,,,,,
,simple,26300490,,กางเกงขายาว - Uniqlo,1,,visible,,,,,taxable,,1,1,,,,,,,,,,,80,สินค้าและอุปกรณ์สำหรับเด็ก,,,,,,,,,,,,,,,,สี,ดำ,1,1,Size (กางเกง),3T,1,1,,,,,,,,,
,simple,26300492,,เสื้อกันหนาว - ZARA,1,,visible,,,,,taxable,,1,1,,,,,,,,,,,350,สินค้าและอุปกรณ์สำหรับเด็ก,,,,,,,,,,,,,,,,สี,น้ำตาล,1,1,Size (เสื้อ),2-3Y,1,1,,,,,,,,,
,simple,26300493,,เสื้อยืดลายขวาง - ZARA,1,,visible,,,,,taxable,,1,1,,,,,,,,,,,80,สินค้าและอุปกรณ์สำหรับเด็ก,,,,,,,,,,,,,,,,สี,ดำ,1,1,Size (กางเกง),ไม่มี,1,1,,,,,,,,,
,simple,26300494,,กางเกงขายาว - Uniqlo,1,,visible,,,,,taxable,,1,1,,,,,,,,,,,80,สินค้าและอุปกรณ์สำหรับเด็ก,,,,,,,,,,,,,,,,สี,ดำ,1,1,Size (กางเกง),5T,1,1,,,,,,,,,
,simple,26300496,,กางเกงขาสั้น - H&M,1,,visible,,,,,taxable,,1,1,,,,,,,,,,,80,สินค้าและอุปกรณ์สำหรับเด็ก,,,,,,,,,,,,,,,,สี,เขียว,1,1,Size (กางเกง),5T,1,1,,,,,,,,,
,simple,26300498,,กางเกงขาสั้น - carter's,1,,visible,,,,,taxable,,1,1,,,,,,,,,,,100,สินค้าและอุปกรณ์สำหรับเด็ก,,,,,,,,,,,,,,,,สี,แดง,1,1,Size (เสื้อ),3T,1,1,,,,,,,,,
,simple,26300500,,กางเกงขายาว - GAP,1,,visible,,,,,taxable,,1,1,,,,,,,,,,,80,สินค้าและอุปกรณ์สำหรับเด็ก,,,,,,,,,,,,,,,,สี,ขาว,1,1,Size (เสื้อ),5t,1,1,,,,,,,,,
,simple,26300501,,กางเกงยีนส์ขาสั้นลายต้นมะพร้าว - M&S,1,,visible,,,,,taxable,,1,1,,,,,,,,,,,200,สินค้าและอุปกรณ์สำหรับเด็ก,,,,,,,,,,,,,,,,สี,เขียว,1,1,Size (กางเกง),3-4Y,1,1,,,,,,,,,
,simple,26300502,,กางเกงขายาว - Uniqlo,1,,visible,,,,,taxable,,1,1,,,,,,,,,,,80,สินค้าและอุปกรณ์สำหรับเด็ก,,,,,,,,,,,,,,,,สี,สีน้ำเงิน,1,1,Size (รองเท้า),19,1,1,,,,,,,,,
,simple,26300505,,กางเกงยีนส์ขายาว - M&S,1,,visible,,,,,taxable,,1,1,,,,,,,,,,,80,สินค้าและอุปกรณ์สำหรับเด็ก,,,,,,,,,,,,,,,,สี,สีเขียวลายทหาร,1,1,Size (รองเท้า),23,1,1,,,,,,,,,
,simple,26300506,,กางเกงขาสั้น - ไม่มี,1,,visible,,,,,taxable,,1,1,,,,,,,,,,,150,สินค้าและอุปกรณ์สำหรับเด็ก,,,,,,,,,,,,,,,,สี,สีแดง,1,1,Size (รองเท้า),25,1,1,,,,,,,,,
,simple,26300507,,กางเกงขาสั้น - ไม่มี,1,,visible,,,,,taxable,,1,1,,,,,,,,,,,80,สินค้าและอุปกรณ์สำหรับเด็ก,,,,,,,,,,,,,,,,สี,สี่น้ำเงิน/แดง,1,1,Size (รองเท้า),26,1,1,,,,,,,,,
,simple,26300508,,กางเกงขาสั้น - ไม่มี,1,,visible,,,,,taxable,,1,1,,,,,,,,,,,100,สินค้าและอุปกรณ์สำหรับเด็ก,,,,,,,,,,,,,,,,สี,สีดำ,1,1,Size (รองเท้า),22,1,1,,,,,,,,,
,simple,26300509,,กางเกงขายาว - ไม่มี,1,,visible,,,,,taxable,,1,1,,,,,,,,,,,100,สินค้าและอุปกรณ์สำหรับเด็ก,,,,,,,,,,,,,,,,สี,สีแดง,1,1,Size (รองเท้า),19,1,1,,,,,,,,,
,simple,26300510,,กางเกงขายาว - ไม่มี,1,,visible,,,,,taxable,,1,1,,,,,,,,,,,80,สินค้าและอุปกรณ์สำหรับเด็ก,,,,,,,,,,,,,,,,สี,สีแดง,1,1,Size (รองเท้า),19,1,1,,,,,,,,,
,simple,26300511,,กางเกงขายาว ลายพราง - GAP,1,,visible,,,,,taxable,,1,1,,,,,,,,,,,100,สินค้าและอุปกรณ์สำหรับเด็ก,,,,,,,,,,,,,,,,สี,สีแดง,1,1,Size (รองเท้า),23,1,1,,,,,,,,,
,simple,26300514,,กางเกงขายาวลายขวาง - Uniqlo,1,,visible,,,,,taxable,,1,1,,,,,,,,,,,80,สินค้าและอุปกรณ์สำหรับเด็ก,,,,,,,,,,,,,,,,สี,สีฟ้า,1,1,Size (รองเท้า),29,1,1,,,,,,,,,
,simple,26300516,,เสื้อกันหนาว - ZARA,1,,visible,,,,,taxable,,1,1,,,,,,,,,,,80,สินค้าและอุปกรณ์สำหรับเด็ก,,,,,,,,,,,,,,,,สี,สีฟ้า,1,1,Size (รองเท้า),29,1,1,,,,,,,,,
,simple,26300517,,เสื้อเชิ้ตคอปกโปโลสีเขียว - POLO,1,,visible,,,,,taxable,,1,1,,,,,,,,,,,80,สินค้าและอุปกรณ์สำหรับเด็ก,,,,,,,,,,,,,,,,สี,สีม่วง,1,1,Size (รองเท้า),29-31,1,1,,,,,,,,,
,simple,26300519,,เสื้อแขนสั้น - ZARA,1,,visible,,,,,taxable,,1,1,,,,,,,,,,,80,สินค้าและอุปกรณ์สำหรับเด็ก,,,,,,,,,,,,,,,,สี,สีชมพู,1,1,Size (รองเท้า),20,1,1,,,,,,,,,
,simple,26300520,,เสื้อแขนสั้น - ZARA,1,,visible,,,,,taxable,,1,1,,,,,,,,,,,80,สินค้าและอุปกรณ์สำหรับเด็ก,,,,,,,,,,,,,,,,สี,สีชมพู,1,1,Size (รองเท้า),20,1,1,,,,,,,,,
,simple,26300521,,เสื้อแขนสั้นมีถุงข้างหน้า - ZARA,1,,visible,,,,,taxable,,1,1,,,,,,,,,,,80,สินค้าและอุปกรณ์สำหรับเด็ก,,,,,,,,,,,,,,,,สี,สีแดง,1,1,Size (รองเท้า),23,1,1,,,,,,,,,
,simple,26300522,,เสื้อแขนสั้นลายซุปเปอร์ฮีโร่ - MARVEL,1,,visible,,,,,taxable,,1,1,,,,,,,,,,,80,สินค้าและอุปกรณ์สำหรับเด็ก,,,,,,,,,,,,,,,,สี,สีดำ,1,1,Size (รองเท้า),23,1,1,,,,,,,,,
,simple,26300523,,เสื้อยืดลายขวาง - ไม่มี,1,,visible,,,,,taxable,,1,1,,,,,,,,,,,80,สินค้าและอุปกรณ์สำหรับเด็ก,,,,,,,,,,,,,,,,สี,สีชมพู,1,1,Size (รองเท้า),26,1,1,,,,,,,,,
,simple,26300524,,เสื้อแขนสั้นลายขวางมีถุงข้างหน้า - ZARA,1,,visible,,,,,taxable,,1,1,,,,,,,,,,,80,สินค้าและอุปกรณ์สำหรับเด็ก,,,,,,,,,,,,,,,,สี,สีดำ,1,1,Size (รองเท้า),25,1,1,,,,,,,,,
,simple,26300525,,เสื้อยืดลายหมี - Ralph Lauren,1,,visible,,,,,taxable,,1,1,,,,,,,,,,,80,สินค้าและอุปกรณ์สำหรับเด็ก,,,,,,,,,,,,,,,,สี,สีดำ,1,1,Size (รองเท้า),26,1,1,,,,,,,,,
,simple,26300526,,เสื้อยืดแขนสั้น - ZARA,1,,visible,,,,,taxable,,1,1,,,,,,,,,,,80,สินค้าและอุปกรณ์สำหรับเด็ก,,,,,,,,,,,,,,,,สี,สีชมพู,1,1,Size (รองเท้า),26,1,1,,,,,,,,,
,simple,26300527,,เสื้อยืดลายขวาง - UNI QLO,1,,visible,,,,,taxable,,1,1,,,,,,,,,,,100,สินค้าและอุปกรณ์สำหรับเด็ก,,,,,,,,,,,,,,,,สี,แดง,1,1,Size (เสื้อ),2XL,1,1,,,,,,,,,
