ID,Type,SKU,"GTIN, UPC, EAN, or ISBN",Name,Published,Is featured?,Visibility in catalog,Short description,Description,Date sale price starts,Date sale price ends,Tax status,Tax class,In stock?,Stock,Low stock amount,Backorders allowed?,Sold individually?,Weight (kg),Length (cm),Width (cm),Height (cm),Allow customer reviews?,Purchase note,Sale price,Regular price,Categories,Tags,Collections,Shipping class,Images,Download limit,Download expiry days,Parent,Grouped products,Upsells,Cross-sells,External URL,Button text,Position,Brands,Seller,Attribute 1 name,Attribute 1 value(s),Attribute 1 visible,Attribute 1 global,Attribute 2 name,Attribute 2 value(s),Attribute 2 visible,Attribute 2 global,Attribute 3 name,Attribute 3 value(s),Attribute 3 visible,Attribute 3 global,Attribute 4 name,Attribute 4 value(s),Attribute 4 visible,Attribute 4 global,Meta: condition
,,300058,,Car Body suit 3pieces ชุดบอดี้สูทลายรถ3 ชิ้น,,,,,,,,,,1,1,,,,,,,,,,,235,,,,,,,,,,,,,,,,,,,,,,,,,,,,,,,,,
,,300055,,Ralph Lauren Shirt เสื้อยืดคอกลมโปโลสีน้ำเงิน,,,,,,,,,,1,1,,,,,,,,,,,360,,,,,,,,,,,,,,,,,,,,,,,,,,,,,,,,,
,,300054,,Car&amp;Tree Body suit ชุดบอดี้สูทรถและต้นไม้,,,,,,,,,,1,1,,,,,,,,,,,90,,,,,,,,,,,,,,,,,,,,,,,,,,,,,,,,,
,,300053,,Ralph Lauren Polo Shirt เสื้อเชิ้ตคอปกโปโลสีน้ำเงิน,,,,,,,,,,1,1,,,,,,,,,,,360,,,,,,,,,,,,,,,,,,,,,,,,,,,,,,,,,
,,300051,,Ralph Lauren Shirt เสื้อเชิ้ตโปโลคอปกลายทาง,,,,,,,,,,1,1,,,,,,,,,,,360,,,,,,,,,,,,,,,,,,,,,,,,,,,,,,,,,
,,300050,,Baby First Favorite Print Footed One-Piece ชุดนอนแขนยาวลายน้องหมี,,,,,,,,,,1,1,,,,,,,,,,,175,,,,,,,,,,,,,,,,,,,,,,,,,,,,,,,,,
,,300049,,Car Boys Bodysuit ชุดบอดี้สูทขาสั้นลายรถ,,,,,,,,,,1,1,,,,,,,,,,,90,,,,,,,,,,,,,,,,,,,,,,,,,,,,,,,,,
,,300048,,Awesome Mom Collectible Bodysuit ชุดบอดี้สูทขาสั้นลายพิมพ์,,,,,,,,,,1,1,,,,,,,,,,,115,,,,,,,,,,,,,,,,,,,,,,,,,,,,,,,,,
,,300047,,2-Way Zip Cotton Sleep &amp; Play ชุดนอนลายน้องหมี,,,,,,,,,,1,1,,,,,,,,,,,180,,,,,,,,,,,,,,,,,,,,,,,,,,,,,,,,,
,,300046,,Baby Print Body suit ชุดบอดี้สูทลายหุ่นยนต์,,,,,,,,,,1,1,,,,,,,,,,,120,,,,,,,,,,,,,,,,,,,,,,,,,,,,,,,,,
,,300045,,Ralph Lauren Shirt เสื้อเชิ้ตคอปกลายสก็อต,,,,,,,,,,1,1,,,,,,,,,,,250,,,,,,,,,,,,,,,,,,,,,,,,,,,,,,,,,
,,300044,,Ralph Lauren Shirt เสื้อเชิ้ตคอปกรุ่นยีนส์,,,,,,,,,,1,1,,,,,,,,,,,600,,,,,,,,,,,,,,,,,,,,,,,,,,,,,,,,,
,,300043,,Plane Body suit ชุดบอดี้สูทรูปเครื่องบิน,,,,,,,,,,1,1,,,,,,,,,,,90,,,,,,,,,,,,,,,,,,,,,,,,,,,,,,,,,
,,300040,,Aircraft Body suit 3pieces ชุดบอดี้สูทลายเครื่องบิน 3 ชิ้น,,,,,,,,,,1,1,,,,,,,,,,,270,,,,,,,,,,,,,,,,,,,,,,,,,,,,,,,,,
,,300039,,Striped Body suit ชุดบอดี้สูทคอกลมขาสั้นลายขวาง,,,,,,,,,,1,1,,,,,,,,,,,105,,,,,,,,,,,,,,,,,,,,,,,,,,,,,,,,,
,,300038,,Let's Snuggle Body suit ชุดบอดี้สูทลายสกรีนSnuggle,,,,,,,,,,1,1,,,,,,,,,,,60,,,,,,,,,,,,,,,,,,,,,,,,,,,,,,,,,
,,300036,,Dog Pajamas ชุดนอนคอกลมขายาวลายน้องหมา,,,,,,,,,,1,1,,,,,,,,,,,225,,,,,,,,,,,,,,,,,,,,,,,,,,,,,,,,,
,,300035,,Dinosaur Pajamas ชุดนอนคอกลมขายาวลายไดโนเสาร์,,,,,,,,,,1,1,,,,,,,,,,,330,,,,,,,,,,,,,,,,,,,,,,,,,,,,,,,,,
,,300034,,Construction Pajamas ชุดนอนคอกลมขายาวลายรถเครน,,,,,,,,,,1,1,,,,,,,,,,,990,,,,,,,,,,,,,,,,,,,,,,,,,,,,,,,,,
,,300033,,Dinosaur Pajamas ชุดนอนคอกลมขายาวลายไดโนเสาร์,,,,,,,,,,1,1,,,,,,,,,,,570,,,,,,,,,,,,,,,,,,,,,,,,,,,,,,,,,
,,300032,,The sky Pajamas ชุดนอนคอกลมขายาวลายท้องฟ้า,,,,,,,,,,1,1,,,,,,,,,,,175,,,,,,,,,,,,,,,,,,,,,,,,,,,,,,,,,
,,300030,,Au-Star Pajamas ชุดนอนคอกลมขายาวลายปัก Au-Star,,,,,,,,,,1,1,,,,,,,,,,,235,,,,,,,,,,,,,,,,,,,,,,,,,,,,,,,,,
,,300028,,Striped Body suit ชุดบอดี้สูทคอจีนขาสั้นลายทาง,,,,,,,,,,1,1,,,,,,,,,,,180,,,,,,,,,,,,,,,,,,,,,,,,,,,,,,,,,
,,300026,,Striped Body suits ชุดบอดี้สูทคอปกลายทางสีน้ำเงิน,,,,,,,,,,1,1,,,,,,,,,,,175,,,,,,,,,,,,,,,,,,,,,,,,,,,,,,,,,
,,300025,,Elephants &amp; Star Body suit ชุดบอดี้สูทขาสั้นลายช้างและดวงดาว,,,,,,,,,,1,1,,,,,,,,,,,225,,,,,,,,,,,,,,,,,,,,,,,,,,,,,,,,,
,,300024,,Port Pants กางเกงขายาว ลายสมอเรือ,,,,,,,,,,1,1,,,,,,,,,,,105,,,,,,,,,,,,,,,,,,,,,,,,,,,,,,,,,
,,300023,,Raccoon Pajamas ชุดนอนคอกลมขายาวลายปักแร็กคูณ,,,,,,,,,,1,1,,,,,,,,,,,180,,,,,,,,,,,,,,,,,,,,,,,,,,,,,,,,,
,,300022,,Au-Star Pajamas ชุดนอนคอกลมขายาวลายปัก Au-Star,,,,,,,,,,1,1,,,,,,,,,,,180,,,,,,,,,,,,,,,,,,,,,,,,,,,,,,,,,
,,300019,,Big deal Body suit ชุดบอดี้สูทขาสั้นลาย Big deal,,,,,,,,,,1,1,,,,,,,,,,,120,,,,,,,,,,,,,,,,,,,,,,,,,,,,,,,,,
,,300018,,Car Body suit ชุดบอดี้สูทขาสั้นลายรถ,,,,,,,,,,1,1,,,,,,,,,,,180,,,,,,,,,,,,,,,,,,,,,,,,,,,,,,,,,
,,300017,,Dinosaur Body suit ชุดบอดี้สูทขาสั้นลายไดโนเสาร์,,,,,,,,,,1,1,,,,,,,,,,,120,,,,,,,,,,,,,,,,,,,,,,,,,,,,,,,,,
,,300016,,Lion Body suit ชุดบอดี้สูทขาสั้นลายสิงโต,,,,,,,,,,1,1,,,,,,,,,,,180,,,,,,,,,,,,,,,,,,,,,,,,,,,,,,,,,
,,300015,,Hero Body suit ชุดบอดี้สูทขาสั้นลายฮีโร่,,,,,,,,,,1,1,,,,,,,,,,,590,,,,,,,,,,,,,,,,,,,,,,,,,,,,,,,,,
,,300013,,Striped Body suit ชุดบอดี้สูทขาสั้นลายทาง,,,,,,,,,,1,1,,,,,,,,,,,255,,,,,,,,,,,,,,,,,,,,,,,,,,,,,,,,,
,,300012,,Star &amp; Mickey Pants กางเกงขายาว ลายดวงดาวและมิกกี้เมาส์,,,,,,,,,,1,1,,,,,,,,,,,165,,,,,,,,,,,,,,,,,,,,,,,,,,,,,,,,,
,,300011,,Hero Unit Pants กางเกงขายาว ลายHero Unit,,,,,,,,,,1,1,,,,,,,,,,,120,,,,,,,,,,,,,,,,,,,,,,,,,,,,,,,,,
,,300010,,Car Matching Tops &amp; Bottoms เซตเสื้อและกางเกงลายรถ,,,,,,,,,,1,1,,,,,,,,,,,270,,,,,,,,,,,,,,,,,,,,,,,,,,,,,,,,,
,,300009,,Striped Matching Body suits &amp; Bottoms เซตบอดี้สูทและกางเกงลายขวาง,,,,,,,,,,1,1,,,,,,,,,,,85,,,,,,,,,,,,,,,,,,,,,,,,,,,,,,,,,
,,300008,,Striped Pants กางเกงขายาว ลายขวาง,,,,,,,,,,1,1,,,,,,,,,,,120,,,,,,,,,,,,,,,,,,,,,,,,,,,,,,,,,
,,300007,,Black Pants กางเกงขายาว สีดำ,,,,,,,,,,1,1,,,,,,,,,,,80,,,,,,,,,,,,,,,,,,,,,,,,,,,,,,,,,
,,300006,,Striped Pants กางเกงขายาว ลายขวาง,,,,,,,,,,1,1,,,,,,,,,,,120,,,,,,,,,,,,,,,,,,,,,,,,,,,,,,,,,
,,300005,,Striped Pants 2pieces กางเกงขายาว,,,,,,,,,,1,1,,,,,,,,,,,195,,,,,,,,,,,,,,,,,,,,,,,,,,,,,,,,,
,,300003,,Set Pants 3pieces เซตกางเกงขายาว 3ชิ้น,,,,,,,,,,1,1,,,,,,,,,,,255,,,,,,,,,,,,,,,,,,,,,,,,,,,,,,,,,
,,100071,,Ralph Lauren Polo Shirt เสื้อเชิ้ตคอปกโปโลสีแดง,,,,,,,,,,1,1,,,,,,,,,,,360,,,,,,,,,,,,,,,,,,,,,,,,,,,,,,,,,
,,100070,,Ralph Lauren Polo Shirt เสื้อเชิ้ตคอปกโปโลสีน้ำเงิน,,,,,,,,,,1,1,,,,,,,,,,,360,,,,,,,,,,,,,,,,,,,,,,,,,,,,,,,,,
,,100069,,Ralph Lauren Polo Shirt เสื้อเชิ้ตคอปกโปโลสีเหลือง,,,,,,,,,,1,1,,,,,,,,,,,360,,,,,,,,,,,,,,,,,,,,,,,,,,,,,,,,,
,,100068,,Ralph Lauren Polo Shirt เสื้อเชิ้ตคอปกโปโลสีฟ้า,,,,,,,,,,1,1,,,,,,,,,,,360,,,,,,,,,,,,,,,,,,,,,,,,,,,,,,,,,
,,100067,,Ralph Lauren Polo Shirt เสื้อเชิ้ตคอปกโปโลสีแดง,,,,,,,,,,1,1,,,,,,,,,,,360,,,,,,,,,,,,,,,,,,,,,,,,,,,,,,,,,
,,100066,,BearT-shirt เสื้อยืดคอกลมลายหมี,,,,,,,,,,1,1,,,,,,,,,,,600,,,,,,,,,,,,,,,,,,,,,,,,,,,,,,,,,
,,100065,,5P STAR TRUNKS กางเกงชั้นใน 5 ชิ้น,,,,,,,,,,1,1,,,,,,,,,,,600,,,,,,,,,,,,,,,,,,,,,,,,,,,,,,,,,
,,100064,,Port Swimsuit ชุดว่ายน้ำลายสมอเรือ,,,,,,,,,,1,1,,,,,,,,,,,600,,,,,,,,,,,,,,,,,,,,,,,,,,,,,,,,,
,,100063,,Bow Bodysuit ชุดบอดี้สูทขาสั้นลายโบว์,,,,,,,,,,1,1,,,,,,,,,,,240,,,,,,,,,,,,,,,,,,,,,,,,,,,,,,,,,
,,100062,,Brown Corduroy Pants กางเกงขายาว สีน้ำตาล,,,,,,,,,,1,1,,,,,,,,,,,360,,,,,,,,,,,,,,,,,,,,,,,,,,,,,,,,,
,,100060,,Whale Swim Trunks กางเกงว่ายน้ำขาสั้นลายวาฬ,,,,,,,,,,1,1,,,,,,,,,,,100,,,,,,,,,,,,,,,,,,,,,,,,,,,,,,,,,
,,100059,,Black Pants กางเกงขายาว สีดำ,,,,,,,,,,1,1,,,,,,,,,,,270,,,,,,,,,,,,,,,,,,,,,,,,,,,,,,,,,
,,100058,,Blue Pants กางเกงขาสั้น สีฟ้า,,,,,,,,,,1,1,,,,,,,,,,,180,,,,,,,,,,,,,,,,,,,,,,,,,,,,,,,,,
,,100057,,Orange Pants กางเกงขายาว สีส้ม,,,,,,,,,,1,1,,,,,,,,,,,90,,,,,,,,,,,,,,,,,,,,,,,,,,,,,,,,,
,,100056,,Blue Pants กางเกงขาสั้น สีกรม,,,,,,,,,,1,1,,,,,,,,,,,300,,,,,,,,,,,,,,,,,,,,,,,,,,,,,,,,,
,,100055,,Blue Pants กางเกงขายาว สีน้ำเงิน,,,,,,,,,,1,1,,,,,,,,,,,270,,,,,,,,,,,,,,,,,,,,,,,,,,,,,,,,,
,,100052,,Converse All Star for kids รองเท้าลำลองเด็ก,,,,,,,,,,1,1,,,,,,,,,,,460,,,,,,,,,,,,,,,,,,,,,,,,,,,,,,,,,
,,100050,,Nike Cortes Baby รองเท้าลำลองเด็ก,,,,,,,,,,1,1,,,,,,,,,,,600,,,,,,,,,,,,,,,,,,,,,,,,,,,,,,,,,
,,100049,,Adidas Shoes fir kids รองเท้าลำลองเด็ก,,,,,,,,,,1,1,,,,,,,,,,,805,,,,,,,,,,,,,,,,,,,,,,,,,,,,,,,,,
,,100047,,รองเท้าผ้าใบเบบี้พื้นกันลื่น Adidas,,,,,,,,,,1,1,,,,,,,,,,,525,,,,,,,,,,,,,,,,,,,,,,,,,,,,,,,,,
,,100046,,Infant Converse Chuck allstar รองเท้าลำลองเด็ก,,,,,,,,,,1,1,,,,,,,,,,,1190,,,,,,,,,,,,,,,,,,,,,,,,,,,,,,,,,
,,100045,,Converse Infants All Star รองเท้าลำลองเด็ก,,,,,,,,,,1,1,,,,,,,,,,,1400,,,,,,,,,,,,,,,,,,,,,,,,,,,,,,,,,
,,100044,,Philips Avent ขวดนมเบบี้,,,,,,,,,,1,1,,,,,,,,,,,345,,,,,,,,,,,,,,,,,,,,,,,,,,,,,,,,,
,,300002,,Ca Lypso Double Plus เครื่องปั๊มน้ำนมสำหรับคุณแม่,,,,,,,,,,1,1,,,,,,,,,,,11175,,,,,,,,,,,,,,,,,,,,,,,,,,,,,,,,,
,,100043,,Extra Wide Gummi Crib Rail Cover ที่ครอบรางเปล 3 ชิ้น,,,,,,,,,,1,1,,,,,,,,,,,440,,,,,,,,,,,,,,,,,,,,,,,,,,,,,,,,,
,,100042,,Disney Store Mickey Mouse Yellow Baby Toddler Costume Dress Up Shoes รองเท้ามิกกี้ เมาส์ สีเหลือง,,,,,,,,,,1,1,,,,,,,,,,,600,,,,,,,,,,,,,,,,,,,,,,,,,,,,,,,,,
,,100041,,Disney Store Tigger orange Baby Toddler Costume Dress Up Shoes รองเท้าทิกเกอร์ สีส้ม,,,,,,,,,,1,1,,,,,,,,,,,865,,,,,,,,,,,,,,,,,,,,,,,,,,,,,,,,,
,,100040,,Gray and Black Pants กางเกงขาสั้น สีดำและสีเทา 2 ชิ้น,,,,,,,,,,1,1,,,,,,,,,,,160,,,,,,,,,,,,,,,,,,,,,,,,,,,,,,,,,
,,100039,,Striped Shirt เสื้อยืด สีลายขวาง,,,,,,,,,,1,1,,,,,,,,,,,180,,,,,,,,,,,,,,,,,,,,,,,,,,,,,,,,,
,,100038,,Red and orange Body suit ชุดบอดี้สูทขาสั้นแขนยาว สีแดงและสีส้ม 3 ชิ้น,,,,,,,,,,1,1,,,,,,,,,,,240,,,,,,,,,,,,,,,,,,,,,,,,,,,,,,,,,
,,100036,,Adidas Jacket เสื้อแจ็คเก็ต อาดิดาส,,,,,,,,,,1,1,,,,,,,,,,,760,,,,,,,,,,,,,,,,,,,,,,,,,,,,,,,,,
,,100035,,Gray Bodysuit ชุดบอดี้สูทขาสั้น สีเทา,,,,,,,,,,1,1,,,,,,,,,,,160,,,,,,,,,,,,,,,,,,,,,,,,,,,,,,,,,
,,100034,,Striped Bodysuit ชุดบอดี้สูทขาสั้น ลายขวาง,,,,,,,,,,1,1,,,,,,,,,,,200,,,,,,,,,,,,,,,,,,,,,,,,,,,,,,,,,
,,100033,,Jacket เสื้อแจ็คเก็ต,,,,,,,,,,1,1,,,,,,,,,,,280,,,,,,,,,,,,,,,,,,,,,,,,,,,,,,,,,
,,100032,,Set Shirt and Pants 5pieces เซตเสื้อและกางเกง 5ชิ้น,,,,,,,,,,1,1,,,,,,,,,,,240,,,,,,,,,,,,,,,,,,,,,,,,,,,,,,,,,
,,100031,,Set Shirt and Pants เซตเสื้อและกางเกง,,,,,,,,,,1,1,,,,,,,,,,,370,,,,,,,,,,,,,,,,,,,,,,,,,,,,,,,,,
,,100030,,Striped Pajamas ชุดนอนขายาวแขนยาว ลายขวาง,,,,,,,,,,1,1,,,,,,,,,,,120,,,,,,,,,,,,,,,,,,,,,,,,,,,,,,,,,
,,100029,,Checkered Shirt เสื้อเชิ้ต รุ่นตาราง,,,,,,,,,,1,1,,,,,,,,,,,455,,,,,,,,,,,,,,,,,,,,,,,,,,,,,,,,,
,,100027,,All Star Body suit ชุดบอดี้สูทขาสั้นลาย All Star,,,,,,,,,,1,1,,,,,,,,,,,120,,,,,,,,,,,,,,,,,,,,,,,,,,,,,,,,,
,,100026,,Checkered Pants กางเกงขาสั้น ลายตาราง,,,,,,,,,,1,1,,,,,,,,,,,200,,,,,,,,,,,,,,,,,,,,,,,,,,,,,,,,,
,,100025,,Sharks Set Body suit and Pants เซตบอดี้สูทและกางเกง 2 ชิ้น ลายฉลาม,,,,,,,,,,1,1,,,,,,,,,,,160,,,,,,,,,,,,,,,,,,,,,,,,,,,,,,,,,
,,100024,,Striped Pants กางเกงขายาว ลายขวาง,,,,,,,,,,1,1,,,,,,,,,,,160,,,,,,,,,,,,,,,,,,,,,,,,,,,,,,,,,
,,100023,,Blue Pants กางเกงขายาว สีกรม,,,,,,,,,,1,1,,,,,,,,,,,120,,,,,,,,,,,,,,,,,,,,,,,,,,,,,,,,,
,,100022,,Blue Pants กางเกงขาสั้น สีน้ำเงิน,,,,,,,,,,1,1,,,,,,,,,,,200,,,,,,,,,,,,,,,,,,,,,,,,,,,,,,,,,
,,100021,,Set Pants 2pieces เซตกางเกงขาสั้น 2ชิ้น,,,,,,,,,,1,1,,,,,,,,,,,240,,,,,,,,,,,,,,,,,,,,,,,,,,,,,,,,,
,,100015,,Ralph Lauren Polo Shirt เสื้อเชิ้ตคอปกโปโลสีขาว,,,,,,,,,,1,1,,,,,,,,,,,360,,,,,,,,,,,,,,,,,,,,,,,,,,,,,,,,,
,,100014,,Dinosaurs Bodysuit ชุดบอดี้สูทขาสั้นลายไดโนเสาร์,,,,,,,,,,1,1,,,,,,,,,,,150,,,,,,,,,,,,,,,,,,,,,,,,,,,,,,,,,
,,300065,,Ralph Lauren Polo Shirt เสื้อเชิ้ตคอปกโปโล ลายขวาง,,,,,,,,,,1,1,,,,,,,,,,,240,,,,,,,,,,,,,,,,,,,,,,,,,,,,,,,,,
,,300064,,Ralph Lauren Polo Shirt เสื้อเชิ้ตคอปกโปโล ลายขวาง,,,,,,,,,,1,1,,,,,,,,,,,360,,,,,,,,,,,,,,,,,,,,,,,,,,,,,,,,,
,,100011,,Stars Pajamas ชุดนอนคอกลมขายาวลายดวงดาว,,,,,,,,,,1,1,,,,,,,,,,,180,,,,,,,,,,,,,,,,,,,,,,,,,,,,,,,,,
,,100009,,Pink Shirt เสื้อยืด สีชมพู,,,,,,,,,,1,1,,,,,,,,,,,175,,,,,,,,,,,,,,,,,,,,,,,,,,,,,,,,,
,,200116,,Elephants Set Shirt and Pants เซตเสื้อและกางเกง ลายช้าง,,,,,,,,,,1,1,,,,,,,,,,,120,,,,,,,,,,,,,,,,,,,,,,,,,,,,,,,,,
,,200115,,Cuddles with mummy Pajamas ชุดนอนคอวีขายาว ลายCuddles with mummy,,,,,,,,,,1,1,,,,,,,,,,,150,,,,,,,,,,,,,,,,,,,,,,,,,,,,,,,,,
,,200113,,Miss cute sweater เสื้อกันหนาว ลายMiss cute,,,,,,,,,,1,1,,,,,,,,,,,150,,,,,,,,,,,,,,,,,,,,,,,,,,,,,,,,,
,,200112,,Rabbit Pajamas ชุดนอนคอกลมขายาว ลายกระต่าย,,,,,,,,,,1,1,,,,,,,,,,,150,,,,,,,,,,,,,,,,,,,,,,,,,,,,,,,,,
,,200111,,Point Pants กางเกงขายาว ลายจุด,,,,,,,,,,1,1,,,,,,,,,,,120,,,,,,,,,,,,,,,,,,,,,,,,,,,,,,,,,
,,200110,,Little sunshine Body suit ชุดบอดี้สูทลายLittle sunshine,,,,,,,,,,1,1,,,,,,,,,,,100,,,,,,,,,,,,,,,,,,,,,,,,,,,,,,,,,
,,200109,,Cheeky monkey Body suit ชุดบอดี้สูท ลายCheeky monkey,,,,,,,,,,1,1,,,,,,,,,,,100,,,,,,,,,,,,,,,,,,,,,,,,,,,,,,,,,
,,200108,,Adidas Shirt เสื้อยืด สกรีนAdidas,,,,,,,,,,1,1,,,,,,,,,,,230,,,,,,,,,,,,,,,,,,,,,,,,,,,,,,,,,
,,200107,,Mumy's handsome little Man Shirt เสื้อยืด สกรีนMumy's handsome little Man,,,,,,,,,,1,1,,,,,,,,,,,105,,,,,,,,,,,,,,,,,,,,,,,,,,,,,,,,,
,,200106,,Adidas Shirt เสื้อยืด สกรีนAdidas,,,,,,,,,,1,1,,,,,,,,,,,160,,,,,,,,,,,,,,,,,,,,,,,,,,,,,,,,,
,,200105,,Mickey Mouse Bodysuit ชุดบอดี้สูทขาสั้นลายมิกกี้เม้าส์,,,,,,,,,,1,1,,,,,,,,,,,60,,,,,,,,,,,,,,,,,,,,,,,,,,,,,,,,,
,,200104,,Minnie Mouse Bodysuit ชุดบอดี้สูทขาสั้นลายมินนี่ เมาส์,,,,,,,,,,1,1,,,,,,,,,,,60,,,,,,,,,,,,,,,,,,,,,,,,,,,,,,,,,
,,200103,,Circle Pants กางเกงขาสั้น ลายวางกลม,,,,,,,,,,1,1,,,,,,,,,,,60,,,,,,,,,,,,,,,,,,,,,,,,,,,,,,,,,
,,200102,,Boat Pajamas ชุดนอนคอวีขายาว ลายเรือ,,,,,,,,,,1,1,,,,,,,,,,,105,,,,,,,,,,,,,,,,,,,,,,,,,,,,,,,,,
,,200101,,Anchor Pajamas ชุดนอนคอวีขายาว ลายสมอเรือ,,,,,,,,,,1,1,,,,,,,,,,,105,,,,,,,,,,,,,,,,,,,,,,,,,,,,,,,,,
,,200100,,Little nugget Bodysuit ชุดบอดี้สูทขาสั้น ลายLittle nugget,,,,,,,,,,1,1,,,,,,,,,,,120,,,,,,,,,,,,,,,,,,,,,,,,,,,,,,,,,
,,200099,,Striped Body suits บอดี้สูท ลายขวาง,,,,,,,,,,1,1,,,,,,,,,,,120,,,,,,,,,,,,,,,,,,,,,,,,,,,,,,,,,
,,200098,,Car Pants กางเกงขาสั้น ลายรถ,,,,,,,,,,1,1,,,,,,,,,,,90,,,,,,,,,,,,,,,,,,,,,,,,,,,,,,,,,
,,200097,,Rabbit Shirt เสื้อแขนยาว ลายกระต่าย,,,,,,,,,,1,1,,,,,,,,,,,105,,,,,,,,,,,,,,,,,,,,,,,,,,,,,,,,,
,,200096,,Straight line Shirt เสื้อเชิ้ต ลายเส้นตรง,,,,,,,,,,1,1,,,,,,,,,,,60,,,,,,,,,,,,,,,,,,,,,,,,,,,,,,,,,
,,200095,,Straight line Dresses ชุดเดรส ลายตรง,,,,,,,,,,1,1,,,,,,,,,,,200,,,,,,,,,,,,,,,,,,,,,,,,,,,,,,,,,
,,200093,,Purple Shirt เสื้อเชิ้ตคอกลม สีม่วง,,,,,,,,,,1,1,,,,,,,,,,,105,,,,,,,,,,,,,,,,,,,,,,,,,,,,,,,,,
,,200092,,Heart Pants กางเกงขายาว ปักหัวใจ,,,,,,,,,,1,1,,,,,,,,,,,105,,,,,,,,,,,,,,,,,,,,,,,,,,,,,,,,,
,,200091,,Space Pajamas ชุดนอนคอกลมขายาว ลายอวกาศ,,,,,,,,,,1,1,,,,,,,,,,,105,,,,,,,,,,,,,,,,,,,,,,,,,,,,,,,,,
,,200090,,The runabouts Shirt เสื้อยืด ลายThe runabouts,,,,,,,,,,1,1,,,,,,,,,,,120,,,,,,,,,,,,,,,,,,,,,,,,,,,,,,,,,
,,200088,,Baby Body suit ชุดบอดี้สูทขาสั้น สำหรับเบบี๋,,,,,,,,,,1,1,,,,,,,,,,,120,,,,,,,,,,,,,,,,,,,,,,,,,,,,,,,,,
,,200087,,Bow Pants กางเกงขายาว ปักโบว์,,,,,,,,,,1,1,,,,,,,,,,,290,,,,,,,,,,,,,,,,,,,,,,,,,,,,,,,,,
,,200086,,Linear Pajamas ชุดนอนคอกลมขายาวลายเส้นตรง,,,,,,,,,,1,1,,,,,,,,,,,120,,,,,,,,,,,,,,,,,,,,,,,,,,,,,,,,,
,,200085,,Linear Pajamas ชุดนอนคอกลมขายาวลายดวงดาว,,,,,,,,,,1,1,,,,,,,,,,,120,,,,,,,,,,,,,,,,,,,,,,,,,,,,,,,,,
,,200084,,Gray Pants กางเกงขาสั้น สีเทา,,,,,,,,,,1,1,,,,,,,,,,,120,,,,,,,,,,,,,,,,,,,,,,,,,,,,,,,,,
,,200083,,Striped Pajamas ชุดนอนคอกลมขายาว ลายขวาง,,,,,,,,,,1,1,,,,,,,,,,,150,,,,,,,,,,,,,,,,,,,,,,,,,,,,,,,,,
,,200080,,Anchor Pajamas ชุดนอนคอกลมขายาว ลายปักสมอเรือ,,,,,,,,,,1,1,,,,,,,,,,,120,,,,,,,,,,,,,,,,,,,,,,,,,,,,,,,,,
,,200079,,Bear Pajamas ชุดนอนคอกลมขายาวลายปักหมี,,,,,,,,,,1,1,,,,,,,,,,,120,,,,,,,,,,,,,,,,,,,,,,,,,,,,,,,,,
,,200078,,Monkey Bodysuit ชุดบอดี้สูทขาสั้นลายลิง,,,,,,,,,,1,1,,,,,,,,,,,90,,,,,,,,,,,,,,,,,,,,,,,,,,,,,,,,,
,,200077,,Spaceman Pajamas ชุดนอนคอกลมขายาวลายมนุษย์อวกาศ,,,,,,,,,,1,1,,,,,,,,,,,120,,,,,,,,,,,,,,,,,,,,,,,,,,,,,,,,,
,,200076,,Unicorn Dresses ชุดเดรส ลายปักยูนิคอร์น,,,,,,,,,,1,1,,,,,,,,,,,180,,,,,,,,,,,,,,,,,,,,,,,,,,,,,,,,,
,,200075,,Car Bodysuit ชุดบอดี้สูทขาสั้น ปักลายรถ,,,,,,,,,,1,1,,,,,,,,,,,90,,,,,,,,,,,,,,,,,,,,,,,,,,,,,,,,,
,,200074,,Bear Pajamas ชุดนอนคอกลมขายาวลายหมี,,,,,,,,,,1,1,,,,,,,,,,,120,,,,,,,,,,,,,,,,,,,,,,,,,,,,,,,,,
,,200073,,Shirt เสื้อยืด ระบายชาย,,,,,,,,,,1,1,,,,,,,,,,,120,,,,,,,,,,,,,,,,,,,,,,,,,,,,,,,,,
,,200072,,G Sleep &amp; Play ชุดนอนลายปัก G,,,,,,,,,,1,1,,,,,,,,,,,120,,,,,,,,,,,,,,,,,,,,,,,,,,,,,,,,,
,,200071,,Tiger Shirt เสื้อยืด ลายเสือ,,,,,,,,,,1,1,,,,,,,,,,,120,,,,,,,,,,,,,,,,,,,,,,,,,,,,,,,,,
,,200070,,Flowers Bodysuit ชุดบอดี้สูทขาสั้นลายดอกไม้,,,,,,,,,,1,1,,,,,,,,,,,120,,,,,,,,,,,,,,,,,,,,,,,,,,,,,,,,,
,,200069,,All star Bodysuit ชุดบอดี้สูทขาสั้นลายปักAll star,,,,,,,,,,1,1,,,,,,,,,,,90,,,,,,,,,,,,,,,,,,,,,,,,,,,,,,,,,
,,200067,,Bodysuit ขาวยาวลายขวาง,,,,,,,,,,1,1,,,,,,,,,,,120,,,,,,,,,,,,,,,,,,,,,,,,,,,,,,,,,
,,200066,,Bumkins baby mickey mouse ผ้ากันเปื้อนเด็กลายมิกกี้เมาส์,,,,,,,,,,1,1,,,,,,,,,,,45,,,,,,,,,,,,,,,,,,,,,,,,,,,,,,,,,
,,200065,,Bodysuit Love Bandit ชุดบอดี้สูทขาสั้น,,,,,,,,,,1,1,,,,,,,,,,,120,,,,,,,,,,,,,,,,,,,,,,,,,,,,,,,,,
,,200064,,Star pattern pants set เซตกางเกงขายาว รูปดาว,,,,,,,,,,1,1,,,,,,,,,,,120,,,,,,,,,,,,,,,,,,,,,,,,,,,,,,,,,
,,200063,,Monkey Bodysuit ชุดบอดี้สูทขาสั้น ลายลิง,,,,,,,,,,1,1,,,,,,,,,,,90,,,,,,,,,,,,,,,,,,,,,,,,,,,,,,,,,
,,200062,,Bumkins baby set เซตผ้ากันเปื้อนเด็ก,,,,,,,,,,1,1,,,,,,,,,,,75,,,,,,,,,,,,,,,,,,,,,,,,,,,,,,,,,
,,200061,,Pants set เชตกางเกงขาวยาว,,,,,,,,,,1,1,,,,,,,,,,,90,,,,,,,,,,,,,,,,,,,,,,,,,,,,,,,,,
,,200060,,Bumkins baby rabbit set เซตผ้ากันเปื้อนเด็ก ลายกระต่าย,,,,,,,,,,1,1,,,,,,,,,,,60,,,,,,,,,,,,,,,,,,,,,,,,,,,,,,,,,
,,200059,,Bumkins baby set เซตผ้ากันเปื้อนเด็ก,,,,,,,,,,1,1,,,,,,,,,,,75,,,,,,,,,,,,,,,,,,,,,,,,,,,,,,,,,
,,200057,,Bumkins baby bear set เซตผ้ากันเปื้อนเด็ก ลายหมี,,,,,,,,,,1,1,,,,,,,,,,,45,,,,,,,,,,,,,,,,,,,,,,,,,,,,,,,,,
,,200056,,Bumkins baby bear set เซตผ้ากันเปื้อนเด็ก ลายหมี,,,,,,,,,,1,1,,,,,,,,,,,45,,,,,,,,,,,,,,,,,,,,,,,,,,,,,,,,,
,,200055,,Baby hat buck หมวกเด็ก ลายเป็ด,,,,,,,,,,1,1,,,,,,,,,,,45,,,,,,,,,,,,,,,,,,,,,,,,,,,,,,,,,
,,200054,,Baby hat car หมวกเด็ก ลายรถ,,,,,,,,,,1,1,,,,,,,,,,,45,,,,,,,,,,,,,,,,,,,,,,,,,,,,,,,,,
,,200052,,Baby hat buck set เซตหมวกเด็ก,,,,,,,,,,1,1,,,,,,,,,,,115,,,,,,,,,,,,,,,,,,,,,,,,,,,,,,,,,
,,200051,,Baby hat หมวกเด็ก,,,,,,,,,,1,1,,,,,,,,,,,75,,,,,,,,,,,,,,,,,,,,,,,,,,,,,,,,,
,,200050,,Pants กางเกงขายาว,,,,,,,,,,1,1,,,,,,,,,,,90,,,,,,,,,,,,,,,,,,,,,,,,,,,,,,,,,
,,200049,,Car pants กางเกงขาวยาว ลายรถ,,,,,,,,,,1,1,,,,,,,,,,,60,,,,,,,,,,,,,,,,,,,,,,,,,,,,,,,,,
,,200048,,Pants กางเกงขาวยาว,,,,,,,,,,1,1,,,,,,,,,,,90,,,,,,,,,,,,,,,,,,,,,,,,,,,,,,,,,
,,200047,,Bumkins bear ผ้ากันเปื้อนเด็ก ลายหมี,,,,,,,,,,1,1,,,,,,,,,,,75,,,,,,,,,,,,,,,,,,,,,,,,,,,,,,,,,
,,200046,,Bumkins baby duck ผ้ากันเปื้อนเด็ก ลายเป็ด,,,,,,,,,,1,1,,,,,,,,,,,75,,,,,,,,,,,,,,,,,,,,,,,,,,,,,,,,,
,,200045,,Bumkins baby mickey mouse ผ้ากันเปื้อนเด็ก ลายมิกกี้เมาส์,,,,,,,,,,1,1,,,,,,,,,,,75,,,,,,,,,,,,,,,,,,,,,,,,,,,,,,,,,
,,200044,,Bodysuit ชุดบอดี้สูทขาสั้น,,,,,,,,,,1,1,,,,,,,,,,,120,,,,,,,,,,,,,,,,,,,,,,,,,,,,,,,,,
,,200042,,Pants กางเกงขาวยาว,,,,,,,,,,1,1,,,,,,,,,,,60,,,,,,,,,,,,,,,,,,,,,,,,,,,,,,,,,
,,200040,,Rabbit pants กางเกงขาวยาว ลายกระต่าย,,,,,,,,,,1,1,,,,,,,,,,,115,,,,,,,,,,,,,,,,,,,,,,,,,,,,,,,,,
,,200039,,Forg pants กางเกงขาวยาว ลายกบ,,,,,,,,,,1,1,,,,,,,,,,,75,,,,,,,,,,,,,,,,,,,,,,,,,,,,,,,,,
,,200038,,Pants set เซตกางเกงขาวยาว,,,,,,,,,,1,1,,,,,,,,,,,120,,,,,,,,,,,,,,,,,,,,,,,,,,,,,,,,,
,,200037,,Pants กางเกงขาสั้น,,,,,,,,,,1,1,,,,,,,,,,,90,,,,,,,,,,,,,,,,,,,,,,,,,,,,,,,,,
,,200036,,Bumkins baby set เซตผ้ากันเปื้อนเด็ก ลายสัตว์,,,,,,,,,,1,1,,,,,,,,,,,75,,,,,,,,,,,,,,,,,,,,,,,,,,,,,,,,,
,,200035,,Bumkins baby dinosaur Set เซตผ้ากันเปื้อนเด็ก ลายไดโนเสาร์,,,,,,,,,,1,1,,,,,,,,,,,75,,,,,,,,,,,,,,,,,,,,,,,,,,,,,,,,,
,,400010,,Crayola สีเทียนเคยอล่าไร้สารพิษเซตใหญ่ 152 สี,,,,,,,,,,1,1,,,,,,,,,,,1080,,,,,,,,,,,,,,,,,,,,,,,,,,,,,,,,,
,,400009,,"Thermos Funtainer Steel Water Bottle with Straw (12 oz, Minions) กระติกน้ำสแตนเลส เก็บอุณหภูมิ ลายมินเนี่ยน",,,,,,,,,,1,1,,,,,,,,,,,1235,,,,,,,,,,,,,,,,,,,,,,,,,,,,,,,,,
,,400007,,Evolving Neoprene Swim Vest เสื้อชูชีพเด็ก,,,,,,,,,,1,1,,,,,,,,,,,1045,,,,,,,,,,,,,,,,,,,,,,,,,,,,,,,,,
,,400006,,Colouring Play pimrs Princess สมุดระบายสี สติ๊กเกอร์ เจ้าหญิงดิสนีย์,,,,,,,,,,1,1,,,,,,,,,,,295,,,,,,,,,,,,,,,,,,,,,,,,,,,,,,,,,
,,400005,,Evolving Neoprene Swim Vest เสื้อชูชีพสําหรับว่ายน้ำเด็ก,,,,,,,,,,1,1,,,,,,,,,,,1435,,,,,,,,,,,,,,,,,,,,,,,,,,,,,,,,,
,,400003,,Flower pants กางเกงขาสั้น ลายดอกไม้,,,,,,,,,,1,1,,,,,,,,,,,135,,,,,,,,,,,,,,,,,,,,,,,,,,,,,,,,,
,,200029,,Baby and Kids Food Processon เครื่องทำอาหารเสริมสำหรับเด็กแบบอเนกประสงค์,,,,,,,,,,1,1,,,,,,,,,,,3000,,,,,,,,,,,,,,,,,,,,,,,,,,,,,,,,,
,,200027,,ฺBaby Stool hipseat เป้อุ้มเด็กแบบคาดเอว,,,,,,,,,,1,1,,,,,,,,,,,540,,,,,,,,,,,,,,,,,,,,,,,,,,,,,,,,,
,,400002,,Dinosaurs Set Shirt and Pants เซตเสื้อและกางเกง ลายไดโนเสาร์,,,,,,,,,,1,1,,,,,,,,,,,300,,,,,,,,,,,,,,,,,,,,,,,,,,,,,,,,,
,,200026,,The original Hip seat เป้อุ้มเด็กแบบคาดเอว,,,,,,,,,,1,1,,,,,,,,,,,1020,,,,,,,,,,,,,,,,,,,,,,,,,,,,,,,,,
,,400001,,Blue Pants กางเกงขาสั้น สีน้ำเงิน,,,,,,,,,,1,1,,,,,,,,,,,100,,,,,,,,,,,,,,,,,,,,,,,,,,,,,,,,,
,,200023,,Brid Shirt เสื้อยืด ลายนก,,,,,,,,,,1,1,,,,,,,,,,,100,,,,,,,,,,,,,,,,,,,,,,,,,,,,,,,,,
,,200022,,Breaker Bodysuit ชุดบอดี้สูท ลายBreaker,,,,,,,,,,1,1,,,,,,,,,,,135,,,,,,,,,,,,,,,,,,,,,,,,,,,,,,,,,
,,200021,,Pants กางเกงขาวยาว,,,,,,,,,,1,1,,,,,,,,,,,120,,,,,,,,,,,,,,,,,,,,,,,,,,,,,,,,,
,,200020,,Striped Pajamas ชุดนอนลายขวาง,,,,,,,,,,1,1,,,,,,,,,,,180,,,,,,,,,,,,,,,,,,,,,,,,,,,,,,,,,
,,200019,,Crown Bodysuit ชุดบอดี้สูทขาสั้น ลายมงกุฎ,,,,,,,,,,1,1,,,,,,,,,,,120,,,,,,,,,,,,,,,,,,,,,,,,,,,,,,,,,
,,200018,,Bear Bumkins baby ผ้ากันเปื้อนเด็ก ลายหมี,,,,,,,,,,1,1,,,,,,,,,,,30,,,,,,,,,,,,,,,,,,,,,,,,,,,,,,,,,
,,200017,,NEW BALANCE รองเท้าลำลองเด็ก,,,,,,,,,,1,1,,,,,,,,,,,745,,,,,,,,,,,,,,,,,,,,,,,,,,,,,,,,,
,,200012,,Total support headrest หมอนรองคอเด็ก,,,,,,,,,,1,1,,,,,,,,,,,360,,,,,,,,,,,,,,,,,,,,,,,,,,,,,,,,,
,,200011,,Total support headrest หมอนรองคอเด็กรูปตัว U ลายสิงโต,,,,,,,,,,1,1,,,,,,,,,,,415,,,,,,,,,,,,,,,,,,,,,,,,,,,,,,,,,
,,200010,,Total support headrest หมอนรองคอเด็ก,,,,,,,,,,1,1,,,,,,,,,,,360,,,,,,,,,,,,,,,,,,,,,,,,,,,,,,,,,
,,200009,,Skip hop bandana buddies activity fox ของเล่นแขวนผ้า,,,,,,,,,,1,1,,,,,,,,,,,595,,,,,,,,,,,,,,,,,,,,,,,,,,,,,,,,,
,,200008,,Camera Baby MOM Bag กระเป๋าเก็บความเย็น,,,,,,,,,,1,1,,,,,,,,,,,660,,,,,,,,,,,,,,,,,,,,,,,,,,,,,,,,,
,,200007,,HUGGIES ผ้าห่มเด็กมีฮู้ดหมี,,,,,,,,,,1,1,,,,,,,,,,,140,,,,,,,,,,,,,,,,,,,,,,,,,,,,,,,,,
,,500003,,Babymoov หมอนป้องกันศรีษะสำหรับเด็ก,,,,,,,,,,1,1,,,,,,,,,,,780,,,,,,,,,,,,,,,,,,,,,,,,,,,,,,,,,
,,500002,,Almofada de banho baleia เบาะอาบน้ำปลาวาฬ,,,,,,,,,,1,1,,,,,,,,,,,720,,,,,,,,,,,,,,,,,,,,,,,,,,,,,,,,,
,,200001,,Anti GERD Baby Pillow หมอนกันกรดไหลย้อน,,,,,,,,,,1,1,,,,,,,,,,,1395,,,,,,,,,,,,,,,,,,,,,,,,,,,,,,,,,
,,300059,,Striped Pajamas ชุดนอนคอวีขายาว ลายขวาง,,,,,,,,,,1,1,,,,,,,,,,,180,,,,,,,,,,,,,,,,,,,,,,,,,,,,,,,,,
,,100072,,Jum pair กางเกงขาจัมพ์,,,,,,,,,,1,1,,,,,,,,,,,150,,,,,,,,,,,,,,,,,,,,,,,,,,,,,,,,,
,,300060,,Raccoon Pajamas ชุดนอนคอกลมขายาวลายปักแร็กคูณ,,,,,,,,,,1,1,,,,,,,,,,,180,,,,,,,,,,,,,,,,,,,,,,,,,,,,,,,,,
,,300061,,Striped Pants กางเกงขายาว ลายขวาง,,,,,,,,,,1,1,,,,,,,,,,,60,,,,,,,,,,,,,,,,,,,,,,,,,,,,,,,,,
,,300062,,Summer Pants กางเกงขาสั้น ลายซัมเมอร์,,,,,,,,,,1,1,,,,,,,,,,,150,,,,,,,,,,,,,,,,,,,,,,,,,,,,,,,,,
,,300063,,Elephants Pajamas ชุดนอนคอวีขายาว ลายช้าง,,,,,,,,,,1,1,,,,,,,,,,,105,,,,,,,,,,,,,,,,,,,,,,,,,,,,,,,,,
,,100073,,Set LEN Mattress protector and Pillow for cot ผ้ารองกันเปื้อนที่นอนและหมอนเด็กอ่อน,,,,,,,,,,1,1,,,,,,,,,,,315,,,,,,,,,,,,,,,,,,,,,,,,,,,,,,,,,
,,100074,,Captivating Crab ที่ครอบกล้อง สำหรับถ่ายรูปเด็ก,,,,,,,,,,1,1,,,,,,,,,,,420,,,,,,,,,,,,,,,,,,,,,,,,,,,,,,,,,
,,400011,,ADVANTAGE รองเท้าเด็ก,,,,,,,,,,1,1,,,,,,,,,,,650,,,,,,,,,,,,,,,,,,,,,,,,,,,,,,,,,
,,200119,,Cat Pajamas ชุดนอนคอวีขายาว ลายแมว,,,,,,,,,,1,1,,,,,,,,,,,495,,,,,,,,,,,,,,,,,,,,,,,,,,,,,,,,,
,,200120,,Wave Pajamas ชุดนอนคอวีขายาว ลายคลื่น,,,,,,,,,,1,1,,,,,,,,,,,105,,,,,,,,,,,,,,,,,,,,,,,,,,,,,,,,,
,,200121,,My Auntie much fun Body suit ชุดบอดี้สูทขาสั้นลาย My Auntie much fun,,,,,,,,,,1,1,,,,,,,,,,,120,,,,,,,,,,,,,,,,,,,,,,,,,,,,,,,,,
,,700001,,Super light Taekwondo Uniform Kids and adult ชุดเทควันโด,,,,,,,,,,1,1,,,,,,,,,,,240,,,,,,,,,,,,,,,,,,,,,,,,,,,,,,,,,
,,700002,,Taekwondo Uniform Kids ชุดเทควันโด,,,,,,,,,,1,1,,,,,,,,,,,240,,,,,,,,,,,,,,,,,,,,,,,,,,,,,,,,,
,,700005,,Folable tatami เก้าอี้เอนกายพับเก็บได้,,,,,,,,,,1,1,,,,,,,,,,,995,,,,,,,,,,,,,,,,,,,,,,,,,,,,,,,,,
,,700006,,Toys for children ของเล่นสำหรับเด็ก,,,,,,,,,,1,1,,,,,,,,,,,60,,,,,,,,,,,,,,,,,,,,,,,,,,,,,,,,,
,,700009,,lantern garland โคมไฟสำหรับตกแต่ง,,,,,,,,,,1,1,,,,,,,,,,,130,,,,,,,,,,,,,,,,,,,,,,,,,,,,,,,,,
,,700010,,Plates flowers จานลายดอกไม้สำหรับเด็ก,,,,,,,,,,1,1,,,,,,,,,,,200,,,,,,,,,,,,,,,,,,,,,,,,,,,,,,,,,
,,800024,,Bows Detailing Sandals รองเท้าแตะติดโบว์,,,,,,,,,,1,1,,,,,,,,,,,760,,,,,,,,,,,,,,,,,,,,,,,,,,,,,,,,,
,,800013,,Mini Beach Slide Dino รองเท้าแตะลายไดโนเสาร์,,,,,,,,,,1,1,,,,,,,,,,,1020,,,,,,,,,,,,,,,,,,,,,,,,,,,,,,,,,
,,800012,,Baby Girl Patent Leather T รองเท้าหนังหุ้มข้อติดโบว์,,,,,,,,,,1,1,,,,,,,,,,,450,,,,,,,,,,,,,,,,,,,,,,,,,,,,,,,,,
,,800007,,Bright Starts Shake And Glow Monkey Toy ที่แขวนคาร์ซีทและรถเข็นเด็ก,,,,,,,,,,1,1,,,,,,,,,,,560,,,,,,,,,,,,,,,,,,,,,,,,,,,,,,,,,
,,800017,,wed-3084 transport matching game ของเล่นเพื่อฝึกออกกำลังนิ้ว,,,,,,,,,,1,1,,,,,,,,,,,410,,,,,,,,,,,,,,,,,,,,,,,,,,,,,,,,,
,,800021,,Belly Bandit ผ้ายืดรัดหน้าท้องหลังคลอด,,,,,,,,,,1,1,,,,,,,,,,,2800,,,,,,,,,,,,,,,,,,,,,,,,,,,,,,,,,
,,800027,,Electronic music snail piano ออแกนหอยหอยทาก,,,,,,,,,,1,1,,,,,,,,,,,390,,,,,,,,,,,,,,,,,,,,,,,,,,,,,,,,,
,,800005,,Cozy Caterpillar Neck Support หมอนรองคอหนอนผีเสื้อ,,,,,,,,,,1,1,,,,,,,,,,,240,,,,,,,,,,,,,,,,,,,,,,,,,,,,,,,,,
,,800003,,Spectra S1 Plus เครื่องปั๊มน้ำนมสำหรับคุณแม่,,,,,,,,,,1,1,,,,,,,,,,,4000,,,,,,,,,,,,,,,,,,,,,,,,,,,,,,,,,
,,800023,,Beaming Buggie Take-Along Toy ผึ้งของเล่นสำหรับเด็ก,,,,,,,,,,1,1,,,,,,,,,,,600,,,,,,,,,,,,,,,,,,,,,,,,,,,,,,,,,
,,800004,,Hamleys Movers and Shakers Poodle-Pink ตุ๊กตาหุ่นยนต์สุนัขสีชมพู,,,,,,,,,,1,1,,,,,,,,,,,780,,,,,,,,,,,,,,,,,,,,,,,,,,,,,,,,,
,,800029,,Breast milk Storage Bags ถุงเก็บน้ำนมแม่,,,,,,,,,,1,1,,,,,,,,,,,45,,,,,,,,,,,,,,,,,,,,,,,,,,,,,,,,,
,,800032,,Sea Squad ชุดว่ายน้ำเด็ก,,,,,,,,,,1,1,,,,,,,,,,,625,,,,,,,,,,,,,,,,,,,,,,,,,,,,,,,,,
,,800033,,ZOGGS Jacket For Swim Zoggyjacket ชุดชูชีพสำหรับเด็กหญิง,,,,,,,,,,1,1,,,,,,,,,,,1500,,,,,,,,,,,,,,,,,,,,,,,,,,,,,,,,,
,,800034,,Sea Squad ชุดว่ายน้ำเด็ก,,,,,,,,,,1,1,,,,,,,,,,,750,,,,,,,,,,,,,,,,,,,,,,,,,,,,,,,,,
,,800036,,Numbers and Chef's Kitchen book หนังสือตัวเลขและพ่อครัว,,,,,,,,,,1,1,,,,,,,,,,,350,,,,,,,,,,,,,,,,,,,,,,,,,,,,,,,,,
,,800037,,IF I were a puppy book หนังสือถ้าฉันเป็นลูกสุนัข,,,,,,,,,,1,1,,,,,,,,,,,255,,,,,,,,,,,,,,,,,,,,,,,,,,,,,,,,,
,,800038,,"Let's share, Working together, Plase and thank you หนังสือ",,,,,,,,,,1,1,,,,,,,,,,,380,,,,,,,,,,,,,,,,,,,,,,,,,,,,,,,,,
,,800041,,Twinkle Twinkle baby หนังสือนิทานภาษาอังกฤษสำหรับเด็ก,,,,,,,,,,1,1,,,,,,,,,,,125,,,,,,,,,,,,,,,,,,,,,,,,,,,,,,,,,
,,800049,,Skill toys ของเล่นเสริมทักษะ,,,,,,,,,,1,1,,,,,,,,,,,165,,,,,,,,,,,,,,,,,,,,,,,,,,,,,,,,,
,,800051,,Bag กระเป๋าถือและสะพายรูปแกะ,,,,,,,,,,1,1,,,,,,,,,,,295,,,,,,,,,,,,,,,,,,,,,,,,,,,,,,,,,
,,800042,,Soft Shapes Ocean หนังสือนิทานภาษาอังกฤษสำหรับเด็ก,,,,,,,,,,1,1,,,,,,,,,,,180,,,,,,,,,,,,,,,,,,,,,,,,,,,,,,,,,
,,800052,,Wiggle &amp; Crawl Ball ลูกบอลของเล่น,,,,,,,,,,1,1,,,,,,,,,,,810,,,,,,,,,,,,,,,,,,,,,,,,,,,,,,,,,
,,800053,,HAB SPIN GIGGLE PUP ของเล่นรถจานหมุน,,,,,,,,,,1,1,,,,,,,,,,,1170,,,,,,,,,,,,,,,,,,,,,,,,,,,,,,,,,
,,800055,,Sleepy Bear Sweet Dreams โปรเจคเตอร์,,,,,,,,,,1,1,,,,,,,,,,,1200,,,,,,,,,,,,,,,,,,,,,,,,,,,,,,,,,
,,800044,,Children's Development Cloth Book หนังสือผ้าเสริมพัฒนาการเด็ก,,,,,,,,,,1,1,,,,,,,,,,,120,,,,,,,,,,,,,,,,,,,,,,,,,,,,,,,,,
,,800045,,Children's Development Cloth Book หนังสือผ้าเสริมพัฒนาการเด็ก,,,,,,,,,,1,1,,,,,,,,,,,120,,,,,,,,,,,,,,,,,,,,,,,,,,,,,,,,,
,,800046,,Garden Tails Book หนังสือนิทานสำหรับเด็ก,,,,,,,,,,1,1,,,,,,,,,,,290,,,,,,,,,,,,,,,,,,,,,,,,,,,,,,,,,
,,800058,,Paw Patrol Cushion ตุ๊กตา,,,,,,,,,,1,1,,,,,,,,,,,675,,,,,,,,,,,,,,,,,,,,,,,,,,,,,,,,,
,,800060,,Care Bears Good Luck Bear ตุ๊กตาแคร์แบร์,,,,,,,,,,1,1,,,,,,,,,,,775,,,,,,,,,,,,,,,,,,,,,,,,,,,,,,,,,
,,800061,,Hello Kitty Candy Fan ของเล่นพัดลม,,,,,,,,,,1,1,,,,,,,,,,,130,,,,,,,,,,,,,,,,,,,,,,,,,,,,,,,,,
,,800062,,Smiggle Squishy Hug-A-Buds ตุ๊กตา,,,,,,,,,,1,1,,,,,,,,,,,700,,,,,,,,,,,,,,,,,,,,,,,,,,,,,,,,,
,,800064,,Copenhagen Up กระต่ายขนนุ่ม,,,,,,,,,,1,1,,,,,,,,,,,355,,,,,,,,,,,,,,,,,,,,,,,,,,,,,,,,,
,,800079,,The hanging doll has a sound ตุ๊กตาแขวนมีเสียง,,,,,,,,,,1,1,,,,,,,,,,,690,,,,,,,,,,,,,,,,,,,,,,,,,,,,,,,,,
,,800065,,My Little Pony Plush Toy Spike Dragon พวงกุญแจ,,,,,,,,,,1,1,,,,,,,,,,,120,,,,,,,,,,,,,,,,,,,,,,,,,,,,,,,,,
,,800066,,RAINBOW HUGS BEAR หมีเรนโบว์,,,,,,,,,,1,1,,,,,,,,,,,565,,,,,,,,,,,,,,,,,,,,,,,,,,,,,,,,,
,,800067,,Flummi rabbit กระต่ายฟลัม,,,,,,,,,,1,1,,,,,,,,,,,1280,,,,,,,,,,,,,,,,,,,,,,,,,,,,,,,,,
,,800080,,Wish Factory Kawaii Cube DC comics jerry&amp;rabbit ตุ๊กตาเจอร์รี่&amp;กระต่าย,,,,,,,,,,1,1,,,,,,,,,,,660,,,,,,,,,,,,,,,,,,,,,,,,,,,,,,,,,
,,800068,,Munchkin Bath Bobbers ของเล่นในน้ำ,,,,,,,,,,1,1,,,,,,,,,,,320,,,,,,,,,,,,,,,,,,,,,,,,,,,,,,,,,
,,800069,,Freddie Teddy Duck ตุ๊กตาเป็ด,,,,,,,,,,1,1,,,,,,,,,,,715,,,,,,,,,,,,,,,,,,,,,,,,,,,,,,,,,
,,800070,,Puppito Cutetitos ของเล่นนุ่ม,,,,,,,,,,1,1,,,,,,,,,,,1380,,,,,,,,,,,,,,,,,,,,,,,,,,,,,,,,,
,,800082,,Hello Kitty Doll Set เซ็ตตุ๊กตาคิตตี้,,,,,,,,,,1,1,,,,,,,,,,,420,,,,,,,,,,,,,,,,,,,,,,,,,,,,,,,,,
,,800071,,Musical RRH Wolf Doll ตุ๊กตาหมาป่ากางขา,,,,,,,,,,1,1,,,,,,,,,,,150,,,,,,,,,,,,,,,,,,,,,,,,,,,,,,,,,
,,800072,,Rabbit Doll ตุ๊กตากระต่าย,,,,,,,,,,1,1,,,,,,,,,,,450,,,,,,,,,,,,,,,,,,,,,,,,,,,,,,,,,
,,800083,,Penguin doll set เซ็ตตุ๊กตานกเพนกวิน,,,,,,,,,,1,1,,,,,,,,,,,480,,,,,,,,,,,,,,,,,,,,,,,,,,,,,,,,,
,,800073,,Teddy Bear ตุ๊กตาหมีเท็ดดี้,,,,,,,,,,1,1,,,,,,,,,,,415,,,,,,,,,,,,,,,,,,,,,,,,,,,,,,,,,
,,800074,,Pikmi Pops Lollipop ตุ๊กตา,,,,,,,,,,1,1,,,,,,,,,,,240,,,,,,,,,,,,,,,,,,,,,,,,,,,,,,,,,
,,800084,,Pajamas for children ถุงนอนเด็ก,,,,,,,,,,1,1,,,,,,,,,,,540,,,,,,,,,,,,,,,,,,,,,,,,,,,,,,,,,
,,800075,,Sheep Doll ตุ๊กตาแกะ,,,,,,,,,,1,1,,,,,,,,,,,115,,,,,,,,,,,,,,,,,,,,,,,,,,,,,,,,,
,,800076,,Peperico Daily พวงกุญแจเพนกวิน,,,,,,,,,,1,1,,,,,,,,,,,150,,,,,,,,,,,,,,,,,,,,,,,,,,,,,,,,,
,,800077,,LOL Fluky Purse Kittyqueen ตุ๊กตานุ่ม,,,,,,,,,,1,1,,,,,,,,,,,230,,,,,,,,,,,,,,,,,,,,,,,,,,,,,,,,,
,,800078,,Unicorn ตุ๊กตายูนิคอร์น,,,,,,,,,,1,1,,,,,,,,,,,565,,,,,,,,,,,,,,,,,,,,,,,,,,,,,,,,,
,,800050,,Sleep Tight Bunny หนังสือนิทาน,,,,,,,,,,1,1,,,,,,,,,,,175,,,,,,,,,,,,,,,,,,,,,,,,,,,,,,,,,
,,900024,,Astronaut Suit w/Embroidered Cap ชุดนักบินอวกาศ,,,,,,,,,,1,1,,,,,,,,,,,930,,,,,,,,,,,,,,,,,,,,,,,,,,,,,,,,,
,,900047,,Beanies หมวกไหมพรม,,,,,,,,,,1,1,,,,,,,,,,,135,,,,,,,,,,,,,,,,,,,,,,,,,,,,,,,,,
,,900049,,BABY SWIMMING UV PROTECTION CAP หมวกกันยูวีว่ายน้ำเด็ก,,,,,,,,,,1,1,,,,,,,,,,,75,,,,,,,,,,,,,,,,,,,,,,,,,,,,,,,,,
,,900048,,Children’s Baseball Cap with White Tiger design หมวกเบสบอลเด็กลายเสือ,,,,,,,,,,1,1,,,,,,,,,,,240,,,,,,,,,,,,,,,,,,,,,,,,,,,,,,,,,
,,900096,,Knitted Jumper เสื้อไหมพรม,,,,,,,,,,1,1,,,,,,,,,,,300,,,,,,,,,,,,,,,,,,,,,,,,,,,,,,,,,
,,900040,,American T-shirt เสื้อยืดแขนสั้น,,,,,,,,,,1,1,,,,,,,,,,,100,,,,,,,,,,,,,,,,,,,,,,,,,,,,,,,,,
,,900014,,Ninja Warrior ชุดนักรบนินจาชาย,,,,,,,,,,1,1,,,,,,,,,,,360,,,,,,,,,,,,,,,,,,,,,,,,,,,,,,,,,
,,900092,,SPIDERMAN FAR FROM HOME ชุดคอมตูมสไปเดอร์แมน,,,,,,,,,,1,1,,,,,,,,,,,450,,,,,,,,,,,,,,,,,,,,,,,,,,,,,,,,,
,,900018,,Ladybug Halloween Costume ชุดเจ้าแมลงตัวน้อยแสนน่ารัก,,,,,,,,,,1,1,,,,,,,,,,,650,,,,,,,,,,,,,,,,,,,,,,,,,,,,,,,,,
,,900022,,Pilot Role Play Costume Set ชุดสวมบทบาทนักบิน,,,,,,,,,,1,1,,,,,,,,,,,350,,,,,,,,,,,,,,,,,,,,,,,,,,,,,,,,,
,,900056,,Towel ผ้าขนหนูลายสายรุ้ง,,,,,,,,,,1,1,,,,,,,,,,,475,,,,,,,,,,,,,,,,,,,,,,,,,,,,,,,,,
,,900064,,Nike Fast กางเกงเลกกิ้ง,,,,,,,,,,1,1,,,,,,,,,,,510,,,,,,,,,,,,,,,,,,,,,,,,,,,,,,,,,
,,900021,,Power Rangers Robo Knight Megaforce Classic Muscle Child Halloween Costume ชุดฮัลโลวีนพาวเวอร์เรนเจอร์,,,,,,,,,,1,1,,,,,,,,,,,470,,,,,,,,,,,,,,,,,,,,,,,,,,,,,,,,,
,,900013,,Lady Bug Cape ชุดคลุมพร้อมหมวกแมลงเต่าทอง,,,,,,,,,,1,1,,,,,,,,,,,480,,,,,,,,,,,,,,,,,,,,,,,,,,,,,,,,,
,,900012,,Honorable Prince ชุดเจ้าชาย,,,,,,,,,,1,1,,,,,,,,,,,210,,,,,,,,,,,,,,,,,,,,,,,,,,,,,,,,,
,,900066,,Basic Legging กางเกงเลกกิ้งลายรองเท้า,,,,,,,,,,1,1,,,,,,,,,,,90,,,,,,,,,,,,,,,,,,,,,,,,,,,,,,,,,
,,900025,,Captain Hook Costume for Kids ชุดกัปตันฮุกสำหรับเด็ก,,,,,,,,,,1,1,,,,,,,,,,,240,,,,,,,,,,,,,,,,,,,,,,,,,,,,,,,,,
,,900023,,CAPTAIN AMERICA ชุดกัปตันอเมริกา,,,,,,,,,,1,1,,,,,,,,,,,480,,,,,,,,,,,,,,,,,,,,,,,,,,,,,,,,,
,,900069,,Leggings กางเกงเลกกิ้งลายวิวภูเขา,,,,,,,,,,1,1,,,,,,,,,,,125,,,,,,,,,,,,,,,,,,,,,,,,,,,,,,,,,
,,900017,,Stormtrooper Deluxe Boys Costume ชุดเด็กผู้ชาย สตอร์มทรูปเปอร์,,,,,,,,,,1,1,,,,,,,,,,,345,,,,,,,,,,,,,,,,,,,,,,,,,,,,,,,,,
,,900072,,Ultra Stretch Pants กางเกงยีนส์,,,,,,,,,,1,1,,,,,,,,,,,180,,,,,,,,,,,,,,,,,,,,,,,,,,,,,,,,,
,,900015,,Justice Batman Costume ชุดแบทแมน,,,,,,,,,,1,1,,,,,,,,,,,375,,,,,,,,,,,,,,,,,,,,,,,,,,,,,,,,,
,,900003,,Go Fishing เกมส์ตกเป็ด,,,,,,,,,,1,1,,,,,,,,,,,260,,,,,,,,,,,,,,,,,,,,,,,,,,,,,,,,,
,,900073,,Soft Cotton Dungarees ชุดเอี๊ยมผ้าฝ้ายเนื้อนุ่ม,,,,,,,,,,1,1,,,,,,,,,,,320,,,,,,,,,,,,,,,,,,,,,,,,,,,,,,,,,
,,900055,,Swiss Cross in Gray Bed Sheet ผ้าปูที่นอนสำหรับเด็ก,,,,,,,,,,1,1,,,,,,,,,,,540,,,,,,,,,,,,,,,,,,,,,,,,,,,,,,,,,
,,900060,,Printed Mesh Racer Run Short กางเกงขาสั้น,,,,,,,,,,1,1,,,,,,,,,,,460,,,,,,,,,,,,,,,,,,,,,,,,,,,,,,,,,
,,900052,,Cotton Muslin Dream Blanket ผ้าห่ม,,,,,,,,,,1,1,,,,,,,,,,,1560,,,,,,,,,,,,,,,,,,,,,,,,,,,,,,,,,
,,900034,,Bonnie Jean Dress/Vestido ชุดเดรสเด็ก,,,,,,,,,,1,1,,,,,,,,,,,375,,,,,,,,,,,,,,,,,,,,,,,,,,,,,,,,,
,,900054,,Bed Sheet ผ้าปูที่นอนสำหรับเด็ก,,,,,,,,,,1,1,,,,,,,,,,,540,,,,,,,,,,,,,,,,,,,,,,,,,,,,,,,,,
,,900051,,Rabbit Blanket ผ้าห่มเด็กคู่กระต่ายน้อย,,,,,,,,,,1,1,,,,,,,,,,,180,,,,,,,,,,,,,,,,,,,,,,,,,,,,,,,,,
,,900057,,Blue Blanket Polka dots ผ้าห่มผืนยาวลายจุด,,,,,,,,,,1,1,,,,,,,,,,,400,,,,,,,,,,,,,,,,,,,,,,,,,,,,,,,,,
,,900058,,Cotton Muslin Dream Blanket ผ้าห่ม,,,,,,,,,,1,1,,,,,,,,,,,1040,,,,,,,,,,,,,,,,,,,,,,,,,,,,,,,,,
,,900086,,Women's Big Ruffle - Vintage Blue กางเกงทรงวินเทจ,,,,,,,,,,1,1,,,,,,,,,,,100,,,,,,,,,,,,,,,,,,,,,,,,,,,,,,,,,
,,900088,,Vintage navy shirt เสื้อเชิ้ตนาวี,,,,,,,,,,1,1,,,,,,,,,,,135,,,,,,,,,,,,,,,,,,,,,,,,,,,,,,,,,
,,900059,,Bed Sheet ผ้าปูที่นอนลายจุด,,,,,,,,,,1,1,,,,,,,,,,,415,,,,,,,,,,,,,,,,,,,,,,,,,,,,,,,,,
,,900070,,Adidas Ultra กางเกงวิ่งขาสั้น,,,,,,,,,,1,1,,,,,,,,,,,280,,,,,,,,,,,,,,,,,,,,,,,,,,,,,,,,,
,,900089,,Elbow-patch Cotton Jacket เสื้อแจ็คเก็ต and roll-up trousers กางเกงขายาว แพคคู่,,,,,,,,,,1,1,,,,,,,,,,,630,,,,,,,,,,,,,,,,,,,,,,,,,,,,,,,,,
,,900019,,Blue Astronaut Flight Suit ชุดนักบินอวกาศ,,,,,,,,,,1,1,,,,,,,,,,,330,,,,,,,,,,,,,,,,,,,,,,,,,,,,,,,,,
,,900061,,Cotton Stretch เสื้อยืดแขนยาว,,,,,,,,,,1,1,,,,,,,,,,,90,,,,,,,,,,,,,,,,,,,,,,,,,,,,,,,,,
,,900078,,Otis Muscle Tank Wash เสื้อกล้าม,,,,,,,,,,1,1,,,,,,,,,,,125,,,,,,,,,,,,,,,,,,,,,,,,,,,,,,,,,
,,900011,,Black &amp; White &amp; Conetines Red หนังสือผ้า,,,,,,,,,,1,1,,,,,,,,,,,90,,,,,,,,,,,,,,,,,,,,,,,,,,,,,,,,,
,,900085,,Gingham Sleeveless Dress เดรสแขนกุดลายตาราง,,,,,,,,,,1,1,,,,,,,,,,,620,,,,,,,,,,,,,,,,,,,,,,,,,,,,,,,,,
,,900020,,Superman Costume ชุดซุปเปอร์แมน,,,,,,,,,,1,1,,,,,,,,,,,285,,,,,,,,,,,,,,,,,,,,,,,,,,,,,,,,,
,,900008,,Little Owl แว่นตากรองแสงสีฟ้าทรงเหลี่ยมสำหรับเด็ก,,,,,,,,,,1,1,,,,,,,,,,,720,,,,,,,,,,,,,,,,,,,,,,,,,,,,,,,,,
,,900041,,Baby Girl กางเกงยีนส์ขาสั้น,,,,,,,,,,1,1,,,,,,,,,,,210,,,,,,,,,,,,,,,,,,,,,,,,,,,,,,,,,
,,900010,,Mini Roller รถบดถนนเล็ก,,,,,,,,,,1,1,,,,,,,,,,,295,,,,,,,,,,,,,,,,,,,,,,,,,,,,,,,,,
,,900009,,Clatter Orchard ของเล่นไม้กรับสายรุ้ง,,,,,,,,,,1,1,,,,,,,,,,,450,,,,,,,,,,,,,,,,,,,,,,,,,,,,,,,,,
,,900006,,Get Ready for School Connecting Cards: Letters การ์ดเตรียมความพร้อมสำหรับโรงเรียน,,,,,,,,,,1,1,,,,,,,,,,,245,,,,,,,,,,,,,,,,,,,,,,,,,,,,,,,,,
,,900063,,Kids Tank Top เสื้อกล้ามเด็ก,,,,,,,,,,1,1,,,,,,,,,,,470,,,,,,,,,,,,,,,,,,,,,,,,,,,,,,,,,
,,900005,,Dr. Seuss Beginner Counting Cards การ์ดนับตัวเลข,,,,,,,,,,1,1,,,,,,,,,,,210,,,,,,,,,,,,,,,,,,,,,,,,,,,,,,,,,
,,900090,,Le'marine Shirt เสื้อแขนยาว,,,,,,,,,,1,1,,,,,,,,,,,210,,,,,,,,,,,,,,,,,,,,,,,,,,,,,,,,,
,,900102,,Camera T-Shirt เสื้อแขนสั้นลายกล้อง,,,,,,,,,,1,1,,,,,,,,,,,145,,,,,,,,,,,,,,,,,,,,,,,,,,,,,,,,,
,,900077,,Crewneck T-Shirt เสื้อยืดคอกลม,,,,,,,,,,1,1,,,,,,,,,,,150,,,,,,,,,,,,,,,,,,,,,,,,,,,,,,,,,
,,900037,,Vest Tops เสื้อกล้าามเด็ก,,,,,,,,,,1,1,,,,,,,,,,,60,,,,,,,,,,,,,,,,,,,,,,,,,,,,,,,,,
,,900062,,Vest Tops เสื้อกล้ามเด็ก,,,,,,,,,,1,1,,,,,,,,,,,80,,,,,,,,,,,,,,,,,,,,,,,,,,,,,,,,,
,,900065,,Kids T-Shirt เสื้อยืดแขนสั้น,,,,,,,,,,1,1,,,,,,,,,,,100,,,,,,,,,,,,,,,,,,,,,,,,,,,,,,,,,
,,900076,,Kids T-Shirt เสื้อยืดแขนสั้น,,,,,,,,,,1,1,,,,,,,,,,,60,,,,,,,,,,,,,,,,,,,,,,,,,,,,,,,,,
,,900032,,Legging Set ชุดเลกกิ้ง,,,,,,,,,,1,1,,,,,,,,,,,265,,,,,,,,,,,,,,,,,,,,,,,,,,,,,,,,,
,,900084,,Blue Shirt เสื้อแขนสั้น,,,,,,,,,,1,1,,,,,,,,,,,75,,,,,,,,,,,,,,,,,,,,,,,,,,,,,,,,,
,,900101,,Kids T-Shirt เสื้อยืดแขนสั้น,,,,,,,,,,1,1,,,,,,,,,,,160,,,,,,,,,,,,,,,,,,,,,,,,,,,,,,,,,
,,900097,,T-shirt Shorts เสื้อแขนสั้นกับกางเกง,,,,,,,,,,1,1,,,,,,,,,,,290,,,,,,,,,,,,,,,,,,,,,,,,,,,,,,,,,
,,900043,,Point Shorts กางเกงขาสั้น,,,,,,,,,,1,1,,,,,,,,,,,300,,,,,,,,,,,,,,,,,,,,,,,,,,,,,,,,,
,,900042,,Jumping Fences กางเกงขายาว,,,,,,,,,,1,1,,,,,,,,,,,100,,,,,,,,,,,,,,,,,,,,,,,,,,,,,,,,,
,,900030,,Dress ชุดเดรสลวดลายสวยงาม,,,,,,,,,,1,1,,,,,,,,,,,205,,,,,,,,,,,,,,,,,,,,,,,,,,,,,,,,,
,,900039,,Dress ชุดเดรสลูกไม้,,,,,,,,,,1,1,,,,,,,,,,,660,,,,,,,,,,,,,,,,,,,,,,,,,,,,,,,,,
,,900100,,Dress ชุดเดรสพื้นบ้าน,,,,,,,,,,1,1,,,,,,,,,,,205,,,,,,,,,,,,,,,,,,,,,,,,,,,,,,,,,
,,900068,,Dress ชุดเดรสลูกไม้,,,,,,,,,,1,1,,,,,,,,,,,115,,,,,,,,,,,,,,,,,,,,,,,,,,,,,,,,,
,,900091,,Dress Florals ชุดเดรสลายดอกไม้,,,,,,,,,,1,1,,,,,,,,,,,395,,,,,,,,,,,,,,,,,,,,,,,,,,,,,,,,,
,,900028,,Baby Swimsuit Two Piece ชุดว่ายน้ำเด็กทูพีช,,,,,,,,,,1,1,,,,,,,,,,,100,,,,,,,,,,,,,,,,,,,,,,,,,,,,,,,,,
,,900095,,Sweater เสื้อกันหนาว,,,,,,,,,,1,1,,,,,,,,,,,395,,,,,,,,,,,,,,,,,,,,,,,,,,,,,,,,,
,,900036,,Ruffle Neck Dress ชุดเดรสคอระบาย,,,,,,,,,,1,1,,,,,,,,,,,100,,,,,,,,,,,,,,,,,,,,,,,,,,,,,,,,,
,,900098,,Swimming Wetsuit Shorty ชุดดำน้ำชอร์ตี้,,,,,,,,,,1,1,,,,,,,,,,,120,,,,,,,,,,,,,,,,,,,,,,,,,,,,,,,,,
,,900074,,SST TRACK SUIT ชุดวอร์ม,,,,,,,,,,1,1,,,,,,,,,,,400,,,,,,,,,,,,,,,,,,,,,,,,,,,,,,,,,
,,900044,,Faux Fur Scarf ผ้าพันคอขนเทียม,,,,,,,,,,1,1,,,,,,,,,,,300,,,,,,,,,,,,,,,,,,,,,,,,,,,,,,,,,
,,900046,,Faux fur bolero โบเลโรขนเทียม,,,,,,,,,,1,1,,,,,,,,,,,300,,,,,,,,,,,,,,,,,,,,,,,,,,,,,,,,,
,,900083,,Michael Jackson T-shirt Thriller Zombie เสื้อยืดไมเคิล แจ็คสัน,,,,,,,,,,1,1,,,,,,,,,,,100,,,,,,,,,,,,,,,,,,,,,,,,,,,,,,,,,
,,900035,,Sweater เสื้อกันหนาว,,,,,,,,,,1,1,,,,,,,,,,,150,,,,,,,,,,,,,,,,,,,,,,,,,,,,,,,,,
,,900033,,Organic Shirt เสื้อเชิ้ต,,,,,,,,,,1,1,,,,,,,,,,,235,,,,,,,,,,,,,,,,,,,,,,,,,,,,,,,,,
,,900093,,Sea Shirt เสื้อยืดลายทะเล,,,,,,,,,,1,1,,,,,,,,,,,90,,,,,,,,,,,,,,,,,,,,,,,,,,,,,,,,,
,,900087,,Shirt and Pants เซตเสื้อและกางเกง,,,,,,,,,,1,1,,,,,,,,,,,270,,,,,,,,,,,,,,,,,,,,,,,,,,,,,,,,,
,,900081,,Happy Shirt เสื้อยืด ลายHappy,,,,,,,,,,1,1,,,,,,,,,,,100,,,,,,,,,,,,,,,,,,,,,,,,,,,,,,,,,
,,900038,,Ralph Lauren Shirt เสื้อเชิ้ตแขนยาว,,,,,,,,,,1,1,,,,,,,,,,,570,,,,,,,,,,,,,,,,,,,,,,,,,,,,,,,,,
,,100079,,Rainbow Shirt เสื้อเชิ้ตลายทางขวางสายรุ้ง,,,,,,,,,,1,1,,,,,,,,,,,195,,,,,,,,,,,,,,,,,,,,,,,,,,,,,,,,,
,,100078,,Striped Shirt เสื้อเชิ้ตลายขวาง,,,,,,,,,,1,1,,,,,,,,,,,195,,,,,,,,,,,,,,,,,,,,,,,,,,,,,,,,,
,,100080,,Ralph Lauren Polo Shirt เสื้อเชิ้ตคอปกโปโลสีน้ำเงิน,,,,,,,,,,1,1,,,,,,,,,,,360,,,,,,,,,,,,,,,,,,,,,,,,,,,,,,,,,
,,100081,,Mike Sulley T-shirt เสื้อยืดสกรีนซัลลิแวน ไมค์,,,,,,,,,,1,1,,,,,,,,,,,120,,,,,,,,,,,,,,,,,,,,,,,,,,,,,,,,,
,,100085,,Ralph Lauren Shirt เสื้อเชิ้ตโปโล,,,,,,,,,,1,1,,,,,,,,,,,300,,,,,,,,,,,,,,,,,,,,,,,,,,,,,,,,,
,,100083,,Ralph Lauren Shirt เสื้อโปโล,,,,,,,,,,1,1,,,,,,,,,,,190,,,,,,,,,,,,,,,,,,,,,,,,,,,,,,,,,
,,100084,,Ralph Lauren Polo Shirt เสื้อเชิ้ตคอปกโปโลสีน้ำเงิน,,,,,,,,,,1,1,,,,,,,,,,,300,,,,,,,,,,,,,,,,,,,,,,,,,,,,,,,,,
,,100082,,Yellow T-shirt เสื้อยืดสีเหลืองลายการ์ตูน,,,,,,,,,,1,1,,,,,,,,,,,60,,,,,,,,,,,,,,,,,,,,,,,,,,,,,,,,,
,,100077,,Construction Pajamas ชุดนอนคอกลมขายาวลายรถเครน,,,,,,,,,,1,1,,,,,,,,,,,210,,,,,,,,,,,,,,,,,,,,,,,,,,,,,,,,,
,,100103,,Mickey Shoes รองเท้าผ้าใบลายมิกกี้,,,,,,,,,,1,1,,,,,,,,,,,845,,,,,,,,,,,,,,,,,,,,,,,,,,,,,,,,,
,,100102,,Body Glove Shark Shoes รองเท้าผ้าใบบอดี้โกบลายฉลาม,,,,,,,,,,1,1,,,,,,,,,,,900,,,,,,,,,,,,,,,,,,,,,,,,,,,,,,,,,
,,100099,,Scott's body suit เสื้อบอดี้สูทลายสก๊อต,,,,,,,,,,1,1,,,,,,,,,,,120,,,,,,,,,,,,,,,,,,,,,,,,,,,,,,,,,
,,100118,,Adidas Trousers กางเกงขายาว,,,,,,,,,,1,1,,,,,,,,,,,390,,,,,,,,,,,,,,,,,,,,,,,,,,,,,,,,,
,,100117,,Disney Mickey Mouse Baby Boys’ Awesome 2-Piece Sweatsuit Outfit ชุดสเวตสูท 2 ชิ้น สำหรับเด็ก,,,,,,,,,,1,1,,,,,,,,,,,120,,,,,,,,,,,,,,,,,,,,,,,,,,,,,,,,,
,,100120,,Green Shirt long เสื้อแขนยาวสีเขียว,,,,,,,,,,1,1,,,,,,,,,,,150,,,,,,,,,,,,,,,,,,,,,,,,,,,,,,,,,
,,100121,,Body suit long sleeve shirt เสื้อบอดี้สูทยาวลายขวาง,,,,,,,,,,1,1,,,,,,,,,,,120,,,,,,,,,,,,,,,,,,,,,,,,,,,,,,,,,
,,100122,,Flynn Long Sleeve Raglan Rash Vest เสื้อว่ายน้ำ,,,,,,,,,,1,1,,,,,,,,,,,170,,,,,,,,,,,,,,,,,,,,,,,,,,,,,,,,,
,,100088,,Body suit Green Navy blue เสื้อบอดี้สูทแขนยาว2สี,,,,,,,,,,1,1,,,,,,,,,,,120,,,,,,,,,,,,,,,,,,,,,,,,,,,,,,,,,
,,100087,,Long sleeve t-shirt with car print เสื้อยืดแขนยาวลายรถ,,,,,,,,,,1,1,,,,,,,,,,,100,,,,,,,,,,,,,,,,,,,,,,,,,,,,,,,,,
,,100101,,Body suit long sleeve shirt เสื้อบอดี้สูทยาวลายสีน้ำเงินสีเทา,,,,,,,,,,1,1,,,,,,,,,,,120,,,,,,,,,,,,,,,,,,,,,,,,,,,,,,,,,
,,100086,,Yellow Shirt เสื้อเชิ้ตแขนสั้นคอปก,,,,,,,,,,1,1,,,,,,,,,,,210,,,,,,,,,,,,,,,,,,,,,,,,,,,,,,,,,
,,100098,,Green T-shirt เสื้อยืดสีเขียว,,,,,,,,,,1,1,,,,,,,,,,,100,,,,,,,,,,,,,,,,,,,,,,,,,,,,,,,,,
,,100116,,Short pants กางเกงขาสั้นลายขวาง,,,,,,,,,,1,1,,,,,,,,,,,100,,,,,,,,,,,,,,,,,,,,,,,,,,,,,,,,,
,,100195,,Inside Scoop Suction ถ้วยจานเด็กเล็ก,,,,,,,,,,1,1,,,,,,,,,,,980,,,,,,,,,,,,,,,,,,,,,,,,,,,,,,,,,
,,100203,,Nuby 360 Max Cup แก้วน้ำ,,,,,,,,,,1,1,,,,,,,,,,,320,,,,,,,,,,,,,,,,,,,,,,,,,,,,,,,,,
,,100190,,Miracle 360° Trainer Cup แก้วน้ำพลาสติก2ชั้น,,,,,,,,,,1,1,,,,,,,,,,,220,,,,,,,,,,,,,,,,,,,,,,,,,,,,,,,,,
,,100204,,Spill Proof 2 Handle cup แก้วน้ำสำหรับเด็กมีหูจับ,,,,,,,,,,1,1,,,,,,,,,,,360,,,,,,,,,,,,,,,,,,,,,,,,,,,,,,,,,
,,100199,,Miracle 360 Trainer Cup ถ้วยหัดดื่ม,,,,,,,,,,1,1,,,,,,,,,,,405,,,,,,,,,,,,,,,,,,,,,,,,,,,,,,,,,
,,100196,,Evenflo Balance ขวดนมเด็กทารก,,,,,,,,,,1,1,,,,,,,,,,,290,,,,,,,,,,,,,,,,,,,,,,,,,,,,,,,,,
,,100197,,Nuby no-spill and Nuby anti-finger ขวดน้ำเด็ก,,,,,,,,,,1,1,,,,,,,,,,,795,,,,,,,,,,,,,,,,,,,,,,,,,,,,,,,,,
,,100198,,Any Angle Click Lock Weighted Straw Trainer Cup แก้วน้ำหัดดื่มแบบมีหลอด,,,,,,,,,,1,1,,,,,,,,,,,270,,,,,,,,,,,,,,,,,,,,,,,,,,,,,,,,,
,,100202,,Asobu juicy drink box กล่องใส่น้ำ/แก้วน้ำ,,,,,,,,,,1,1,,,,,,,,,,,345,,,,,,,,,,,,,,,,,,,,,,,,,,,,,,,,,
,,100200,,Baby Sipsters Spill ขวดนมหัดดื่มป้องกันการหก,,,,,,,,,,1,1,,,,,,,,,,,425,,,,,,,,,,,,,,,,,,,,,,,,,,,,,,,,,
,,100186,,Teether Toddle ของเล่นเด็ก,,,,,,,,,,1,1,,,,,,,,,,,360,,,,,,,,,,,,,,,,,,,,,,,,,,,,,,,,,
,,100162,,Teether Toddle ของเล่นเด็กรูปเรือใบ,,,,,,,,,,1,1,,,,,,,,,,,360,,,,,,,,,,,,,,,,,,,,,,,,,,,,,,,,,
,,100164,,Taglet Security Blanket ผ้าห่มรักษาความปลอดภัย,,,,,,,,,,1,1,,,,,,,,,,,420,,,,,,,,,,,,,,,,,,,,,,,,,,,,,,,,,
,,100133,,Silky Soft Muslin Swaddle ผ้าห่อตัวมัสลินเนื้อนุ่ม,,,,,,,,,,1,1,,,,,,,,,,,465,,,,,,,,,,,,,,,,,,,,,,,,,,,,,,,,,
,,100106,,Jeans กางเกงยีนส์,,,,,,,,,,1,1,,,,,,,,,,,300,,,,,,,,,,,,,,,,,,,,,,,,,,,,,,,,,
,,200124,,Tommee Tippee-Closer to Nature Sooter Holder 2Pack จุกนมปลอมพร้อมสายห้อย,,,,,,,,,,1,1,,,,,,,,,,,210,,,,,,,,,,,,,,,,,,,,,,,,,,,,,,,,,
,,200125,,Ange Monkey Banana and Fish ยางกัดแปรงรูปกล้วยและปลาแบบวงกลม,,,,,,,,,,1,1,,,,,,,,,,,660,,,,,,,,,,,,,,,,,,,,,,,,,,,,,,,,,
,,200130,,Similac Infant Nipple&Ring จุกขวดนมสำหรับเบบี้2ชิ้น,,,,,,,,,,1,1,,,,,,,,,,,200,,,,,,,,,,,,,,,,,,,,,,,,,,,,,,,,,
,,200127,,Dr.Browns Options Narrow Feedind Set ขวดนมป้อนอาหารและขวดนมเบบี้,,,,,,,,,,1,1,,,,,,,,,,,825,,,,,,,,,,,,,,,,,,,,,,,,,,,,,,,,,
,,200129,,Enfamil Standard Flow Soft Nipplesจุกขวดนม,,,,,,,,,,1,1,,,,,,,,,,,280,,,,,,,,,,,,,,,,,,,,,,,,,,,,,,,,,
,,100137,,Blue Pants กางเกงขายาว สีกรม,,,,,,,,,,1,1,,,,,,,,,,,120,,,,,,,,,,,,,,,,,,,,,,,,,,,,,,,,,
,,100144,,Jum pair กางเกงขาจัมพ์สีดำ,,,,,,,,,,1,1,,,,,,,,,,,120,,,,,,,,,,,,,,,,,,,,,,,,,,,,,,,,,
,,100105,,Blue Pants กางเกงขาสั้น สีน้ำเงิน,,,,,,,,,,1,1,,,,,,,,,,,150,,,,,,,,,,,,,,,,,,,,,,,,,,,,,,,,,
,,100135,,Blue Pants กางเกงขายาว สีน้ำเงิน,,,,,,,,,,1,1,,,,,,,,,,,90,,,,,,,,,,,,,,,,,,,,,,,,,,,,,,,,,
,,100183,,Blue Pants กางเกงขายาว สีกรม,,,,,,,,,,1,1,,,,,,,,,,,90,,,,,,,,,,,,,,,,,,,,,,,,,,,,,,,,,
,,100154,,Green Leggings กางเกงเลกกิ้ง สีเขียว,,,,,,,,,,1,1,,,,,,,,,,,90,,,,,,,,,,,,,,,,,,,,,,,,,,,,,,,,,
,,100176,,Golden zebra กางเกงลายพราง,,,,,,,,,,1,1,,,,,,,,,,,150,,,,,,,,,,,,,,,,,,,,,,,,,,,,,,,,,
,,100163,,Uniqlo Murakami เสื้อยืดมุราคามิ,,,,,,,,,,1,1,,,,,,,,,,,475,,,,,,,,,,,,,,,,,,,,,,,,,,,,,,,,,
,,100140,,Infant Baby Halloween บอดี้สูทเฮโลวีน,,,,,,,,,,1,1,,,,,,,,,,,180,,,,,,,,,,,,,,,,,,,,,,,,,,,,,,,,,
,,100134,,Gymboree Pants กางเกงขายาว สีเทา,,,,,,,,,,1,1,,,,,,,,,,,150,,,,,,,,,,,,,,,,,,,,,,,,,,,,,,,,,
,,100146,,Baby Romper (Fish&amp;Shark) บอดี้สูทรูปปลาฉลามลายขวาง,,,,,,,,,,1,1,,,,,,,,,,,150,,,,,,,,,,,,,,,,,,,,,,,,,,,,,,,,,
,,100142,,Striped Pajamas ชุดนอนคอวีขายาว ลายขวาง,,,,,,,,,,1,1,,,,,,,,,,,180,,,,,,,,,,,,,,,,,,,,,,,,,,,,,,,,,
,,100145,,Animais Pajamas ชุดนอนคอกลมขายาว ลายสัตว์,,,,,,,,,,1,1,,,,,,,,,,,180,,,,,,,,,,,,,,,,,,,,,,,,,,,,,,,,,
,,100147,,Whales Pajamas ชุดนอนคอวีขายาว ลายวาฬ,,,,,,,,,,1,1,,,,,,,,,,,180,,,,,,,,,,,,,,,,,,,,,,,,,,,,,,,,,
,,100139,,Fuzzy Plush Blanket ผ้าห่มหนานุ่ม,,,,,,,,,,1,1,,,,,,,,,,,720,,,,,,,,,,,,,,,,,,,,,,,,,,,,,,,,,
,,100109,,Mickey Romper ชุดหมีแขนยาว ลายมิกกี้เม้าส์,,,,,,,,,,1,1,,,,,,,,,,,405,,,,,,,,,,,,,,,,,,,,,,,,,,,,,,,,,
,,100185,,Mommy's Wild One Body suit เสื้อบอดี้สูทสีกรม,,,,,,,,,,1,1,,,,,,,,,,,150,,,,,,,,,,,,,,,,,,,,,,,,,,,,,,,,,
,,300069,,Dinosaur Bodysuite บอดี้สูทผ้านิ่มลายไดโนเสาร์,,,,,,,,,,1,1,,,,,,,,,,,120,,,,,,,,,,,,,,,,,,,,,,,,,,,,,,,,,
,,300072,,All-in-one Pyjamas ชุดนอนลายไดโนเสาร์สีสันสดใส,,,,,,,,,,1,1,,,,,,,,,,,105,,,,,,,,,,,,,,,,,,,,,,,,,,,,,,,,,
,,100151,,Baby Romper (Fish&amp;Shark) บอดี้สูทรูปปลาฉลามลายขวาง,,,,,,,,,,1,1,,,,,,,,,,,150,,,,,,,,,,,,,,,,,,,,,,,,,,,,,,,,,
,,100171,,Grid long sleeve เสื้อแขนยาวสีกรม,,,,,,,,,,1,1,,,,,,,,,,,120,,,,,,,,,,,,,,,,,,,,,,,,,,,,,,,,,
,,100132,,White long sleeve เสื้อแขนยาวสีขาว,,,,,,,,,,1,1,,,,,,,,,,,135,,,,,,,,,,,,,,,,,,,,,,,,,,,,,,,,,
,,100159,,Coollision shirt เสื้อลายดอก,,,,,,,,,,1,1,,,,,,,,,,,120,,,,,,,,,,,,,,,,,,,,,,,,,,,,,,,,,
,,100143,,White long sleeve เสื้อว่ายน้ำแขนยาว,,,,,,,,,,1,1,,,,,,,,,,,240,,,,,,,,,,,,,,,,,,,,,,,,,,,,,,,,,
,,100188,,Winter Vintage plan shirt เสื้อวินเทจ,,,,,,,,,,1,1,,,,,,,,,,,100,,,,,,,,,,,,,,,,,,,,,,,,,,,,,,,,,
,,100141,,Paths Body suit บอดี้สูทลายทาง,,,,,,,,,,1,1,,,,,,,,,,,105,,,,,,,,,,,,,,,,,,,,,,,,,,,,,,,,,
,,100112,,Christmas body suit ชุดนอนคอกลมขายาว ลายคริสต์มาส,,,,,,,,,,1,1,,,,,,,,,,,175,,,,,,,,,,,,,,,,,,,,,,,,,,,,,,,,,
,,100182,,Beary Handsome Baby Bib ผ้ากันเปื้อนเด็ก,,,,,,,,,,1,1,,,,,,,,,,,100,,,,,,,,,,,,,,,,,,,,,,,,,,,,,,,,,
,,100180,,My First Ever Thanks Giving Teething Bib ผ้ากันเปื้อนเด็ก,,,,,,,,,,1,1,,,,,,,,,,,295,,,,,,,,,,,,,,,,,,,,,,,,,,,,,,,,,
,,100181,,Bear Teething Bib ผ้ากันเปื้อนเด็ก,,,,,,,,,,1,1,,,,,,,,,,,85,,,,,,,,,,,,,,,,,,,,,,,,,,,,,,,,,
,,100173,,"""Too Cute to Spook"" Baby Bib ผ้ากันเปื้อนเด็ก",,,,,,,,,,1,1,,,,,,,,,,,100,,,,,,,,,,,,,,,,,,,,,,,,,,,,,,,,,
,,100179,,baby wooly hats หมวกไหมพรมเด็ก,,,,,,,,,,1,1,,,,,,,,,,,50,,,,,,,,,,,,,,,,,,,,,,,,,,,,,,,,,
,,100150,,Bear Ear Hat หมวกไหมพรม,,,,,,,,,,1,1,,,,,,,,,,,215,,,,,,,,,,,,,,,,,,,,,,,,,,,,,,,,,
,,100175,,Giraffe body suit เสื้อบอดี้สูท ลายยีราฟ,,,,,,,,,,1,1,,,,,,,,,,,150,,,,,,,,,,,,,,,,,,,,,,,,,,,,,,,,,
,,100165,,Dinosaur body suit บอดี้สูทไดโนเสาร์,,,,,,,,,,1,1,,,,,,,,,,,100,,,,,,,,,,,,,,,,,,,,,,,,,,,,,,,,,
,,300068,,Leggings เลคกิ้งขาจั๊มเบบี้,,,,,,,,,,1,1,,,,,,,,,,,45,,,,,,,,,,,,,,,,,,,,,,,,,,,,,,,,,
,,100128,,Christmas Set Shirt and Pants เซตเสื้อและกางเกง ลายคริสต์มาส,,,,,,,,,,1,1,,,,,,,,,,,305,,,,,,,,,,,,,,,,,,,,,,,,,,,,,,,,,
,,100177,,White&amp;Black long sleeve เสื้อแขนยาวขาวดำ,,,,,,,,,,1,1,,,,,,,,,,,120,,,,,,,,,,,,,,,,,,,,,,,,,,,,,,,,,
,,300070,,Cotton Bodysuits บอดี้สูทคอปกลายทางสุดเท่ห์,,,,,,,,,,1,1,,,,,,,,,,,90,,,,,,,,,,,,,,,,,,,,,,,,,,,,,,,,,
,,300071,,Leggings เลคกิ้งขาจั๊มยาวเบ้บี้,,,,,,,,,,1,1,,,,,,,,,,,40,,,,,,,,,,,,,,,,,,,,,,,,,,,,,,,,,
,,300075,,BABY NEWBORN ชุดบอดี้สูทแขนยาวขายาวลายภูเขา,,,,,,,,,,1,1,,,,,,,,,,,60,,,,,,,,,,,,,,,,,,,,,,,,,,,,,,,,,
,,100187,,Backseat Driver Jersey Tee เสื้อแขนยาว,,,,,,,,,,1,1,,,,,,,,,,,150,,,,,,,,,,,,,,,,,,,,,,,,,,,,,,,,,
,,100156,,HUNK Sweater เสื้อกันหนาว,,,,,,,,,,1,1,,,,,,,,,,,345,,,,,,,,,,,,,,,,,,,,,,,,,,,,,,,,,
,,100161,,Sea body suit บอดี้สูท ลายทะเล,,,,,,,,,,1,1,,,,,,,,,,,150,,,,,,,,,,,,,,,,,,,,,,,,,,,,,,,,,
,,100184,,Peacock Zip-Up Cotton Footless Sleep &amp; Play ชุดบอดี้สูทแขนยาวขายาว ลายนกยูง,,,,,,,,,,1,1,,,,,,,,,,,155,,,,,,,,,,,,,,,,,,,,,,,,,,,,,,,,,
,,100129,,Brown Bear Hood หมวกหมีสีน้ำตาล,,,,,,,,,,1,1,,,,,,,,,,,210,,,,,,,,,,,,,,,,,,,,,,,,,,,,,,,,,
,,100124,,Animal Puppets Large ตุ๊กตามือสิงโตและกบ,,,,,,,,,,1,1,,,,,,,,,,,145,,,,,,,,,,,,,,,,,,,,,,,,,,,,,,,,,
,,100130,,Hello Kitty Cap หมวกคิตตี้,,,,,,,,,,1,1,,,,,,,,,,,400,,,,,,,,,,,,,,,,,,,,,,,,,,,,,,,,,
,,100131,,Hello Kitty Cap หมวกคิตตี้,,,,,,,,,,1,1,,,,,,,,,,,400,,,,,,,,,,,,,,,,,,,,,,,,,,,,,,,,,
,,100126,,Wolf Headband Ears ที่คาดผมหมาป่า,,,,,,,,,,1,1,,,,,,,,,,,180,,,,,,,,,,,,,,,,,,,,,,,,,,,,,,,,,
,,100125,,Minion Keychain พวงกุญแจมินเนี่ยน,,,,,,,,,,1,1,,,,,,,,,,,160,,,,,,,,,,,,,,,,,,,,,,,,,,,,,,,,,
,,100172,,Yellow t-shirt เสื้อยืดสีเหลือง,,,,,,,,,,1,1,,,,,,,,,,,240,,,,,,,,,,,,,,,,,,,,,,,,,,,,,,,,,
,,100167,,Orange long sleeve shirt and hat เสื้อแขนยาวสีส้มพร้อมหมวก,,,,,,,,,,1,1,,,,,,,,,,,135,,,,,,,,,,,,,,,,,,,,,,,,,,,,,,,,,
,,100158,,Boat body suit บอดี้สูทรูปเรือ,,,,,,,,,,1,1,,,,,,,,,,,150,,,,,,,,,,,,,,,,,,,,,,,,,,,,,,,,,
,,100152,,Baby Romper (Fish&amp;Shark) บอดี้สูทรูปปลาฉลามลายขวาง,,,,,,,,,,1,1,,,,,,,,,,,150,,,,,,,,,,,,,,,,,,,,,,,,,,,,,,,,,
,,100138,,Striped Pajamas ชุดนอนคอกลมขายาว ลายขวาง,,,,,,,,,,1,1,,,,,,,,,,,180,,,,,,,,,,,,,,,,,,,,,,,,,,,,,,,,,
,,100113,,Adidas Jacket เสื้อแจ็คเก็ต อาดิดาส,,,,,,,,,,1,1,,,,,,,,,,,570,,,,,,,,,,,,,,,,,,,,,,,,,,,,,,,,,
,,100178,,Car Set Shirt and Pants เซตเสื้อและกางเกง ลายรถ,,,,,,,,,,1,1,,,,,,,,,,,305,,,,,,,,,,,,,,,,,,,,,,,,,,,,,,,,,
,,100136,,Penguin Pajamas ชุดนอนคอกลมขายาว ลายแพนกวิน,,,,,,,,,,1,1,,,,,,,,,,,100,,,,,,,,,,,,,,,,,,,,,,,,,,,,,,,,,
,,100111,,Car Pajamas ชุดนอนคอกลมขายาว ลายรถ,,,,,,,,,,1,1,,,,,,,,,,,300,,,,,,,,,,,,,,,,,,,,,,,,,,,,,,,,,
,,100170,,Necktie body suit บอดี้สูทลายเนคไท,,,,,,,,,,1,1,,,,,,,,,,,120,,,,,,,,,,,,,,,,,,,,,,,,,,,,,,,,,
,,100169,,Navy blue Hooded ชุดฮู้ด สีกรม,,,,,,,,,,1,1,,,,,,,,,,,465,,,,,,,,,,,,,,,,,,,,,,,,,,,,,,,,,
,,100166,,Yellow long sleeve shirt เสื้อแขนยาวสีเหลืองรูปรถ,,,,,,,,,,1,1,,,,,,,,,,,120,,,,,,,,,,,,,,,,,,,,,,,,,,,,,,,,,
,,100168,,Zip-Up Sherpa Vest เสื้อกั๊กเชอร์ปาแบบมีซิป,,,,,,,,,,1,1,,,,,,,,,,,140,,,,,,,,,,,,,,,,,,,,,,,,,,,,,,,,,
,,1000015,,Cherry T-shirt เสือยืดพิมพ์ลายเชอร์รี่,,,,,,,,,,1,1,,,,,,,,,,,90,,,,,,,,,,,,,,,,,,,,,,,,,,,,,,,,,
,,1000041,,Bib Jeans Zara Girl เอี๊ยมยีนส์ขายาวเด็กผู้หญิง,,,,,,,,,,1,1,,,,,,,,,,,360,,,,,,,,,,,,,,,,,,,,,,,,,,,,,,,,,
,,1000069,,Whale pants กางเกงขายาว ลายวาฬ,,,,,,,,,,1,1,,,,,,,,,,,120,,,,,,,,,,,,,,,,,,,,,,,,,,,,,,,,,
,,1000042,,Juniors' One Piece Swimsuit ชุดว่ายน้ำวันพีซสำหรับเด็ก,,,,,,,,,,1,1,,,,,,,,,,,360,,,,,,,,,,,,,,,,,,,,,,,,,,,,,,,,,
,,1000045,,Printed Cotton Dress ชุดกระโปรงลายขวางแนวตรงแขนกุด,,,,,,,,,,1,1,,,,,,,,,,,90,,,,,,,,,,,,,,,,,,,,,,,,,,,,,,,,,
,,1000023,,Dress Polo ชุดกระโปรงคอปกเชิ้ต,,,,,,,,,,1,1,,,,,,,,,,,900,,,,,,,,,,,,,,,,,,,,,,,,,,,,,,,,,
,,1000083,,Minnie Mouse Leggings กางเกงเลกกิ้ง ลายมินนี่เมาส์,,,,,,,,,,1,1,,,,,,,,,,,150,,,,,,,,,,,,,,,,,,,,,,,,,,,,,,,,,
,,1000049,,Fantasia Abelhinha Koala kids ชุดแฟนตาซีผึ้งน้อยสำหรับเบบี้,,,,,,,,,,1,1,,,,,,,,,,,360,,,,,,,,,,,,,,,,,,,,,,,,,,,,,,,,,
,,1000038,,Toddler Organic Cotton Mix and Match Pull-On Leggings กางเกงเลกกิ้งลายจุด,,,,,,,,,,1,1,,,,,,,,,,,195,,,,,,,,,,,,,,,,,,,,,,,,,,,,,,,,,
,,1000026,,Jersey Dress Organic Cotton ชุดกระโปรงลายสก๊อตสดใส,,,,,,,,,,1,1,,,,,,,,,,,75,,,,,,,,,,,,,,,,,,,,,,,,,,,,,,,,,
,,1000048,,Hello Kitty Dresses Girl ชุดกระโปรงเฮลโหลคิตตี้สุดคิวส์,,,,,,,,,,1,1,,,,,,,,,,,465,,,,,,,,,,,,,,,,,,,,,,,,,,,,,,,,,
,,1000034,,Black pants กางเกงขายาว สีดำ,,,,,,,,,,1,1,,,,,,,,,,,120,,,,,,,,,,,,,,,,,,,,,,,,,,,,,,,,,
,,1000017,,Gingham Leggings กางเกงเลกกิ้ง ลายตาราง,,,,,,,,,,1,1,,,,,,,,,,,210,,,,,,,,,,,,,,,,,,,,,,,,,,,,,,,,,
,,1000035,,Sun Surf Salt Shirt เสื้อแขนกุดเด็กผู้หญิงเซ็กส์ซี่,,,,,,,,,,1,1,,,,,,,,,,,120,,,,,,,,,,,,,,,,,,,,,,,,,,,,,,,,,
,,1000074,,Point Leggings กางเกงเลกกิ้งลายจุด,,,,,,,,,,1,1,,,,,,,,,,,90,,,,,,,,,,,,,,,,,,,,,,,,,,,,,,,,,
,,1000050,,Kimono Dress Kids ชุดกิโมโนเด็ก,,,,,,,,,,1,1,,,,,,,,,,,250,,,,,,,,,,,,,,,,,,,,,,,,,,,,,,,,,
,,1000019,,Classic Button-Down Shirt เสื้อเชิ้ตคลาสสิก,,,,,,,,,,1,1,,,,,,,,,,,300,,,,,,,,,,,,,,,,,,,,,,,,,,,,,,,,,
,,1000008,,Minnie Mouse Toddler Blue Denim Vest Jacket Hoodie เสื้อแจ็คเก็ตมินนี่เม้าส์ยีนส์,,,,,,,,,,1,1,,,,,,,,,,,280,,,,,,,,,,,,,,,,,,,,,,,,,,,,,,,,,
,,1000004,,Jersey Dress Flowers ชุดกระโปรงลายดอกไม้เล็ก,,,,,,,,,,1,1,,,,,,,,,,,75,,,,,,,,,,,,,,,,,,,,,,,,,,,,,,,,,
,,1000043,,Gap Fit kid Fit Hoodie เสื้อกันหนาวแขนยาวแก๊ป,,,,,,,,,,1,1,,,,,,,,,,,190,,,,,,,,,,,,,,,,,,,,,,,,,,,,,,,,,
,,1000005,,Bow Mini Dress ชุดกระโปรงติดโบว์ด้านหน้า,,,,,,,,,,1,1,,,,,,,,,,,145,,,,,,,,,,,,,,,,,,,,,,,,,,,,,,,,,
,,1000011,,Flowers Shirt เสื้อคอวีลายดอกไม้,,,,,,,,,,1,1,,,,,,,,,,,600,,,,,,,,,,,,,,,,,,,,,,,,,,,,,,,,,
,,1000016,,Flowers Dress for kid ชุดกระโปรงลายใบไม้และดอกไม้,,,,,,,,,,1,1,,,,,,,,,,,420,,,,,,,,,,,,,,,,,,,,,,,,,,,,,,,,,
,,1000032,,Table Leggings In Blue เลคกิ้งลายตาราง,,,,,,,,,,1,1,,,,,,,,,,,270,,,,,,,,,,,,,,,,,,,,,,,,,,,,,,,,,
,,1000001,,Rainbow Skirt One Piece Suit ชุดว่ายน้ำกระโปรงสายรุ้ง,,,,,,,,,,1,1,,,,,,,,,,,440,,,,,,,,,,,,,,,,,,,,,,,,,,,,,,,,,
,,1000018,,Short Sleeve Dress Pink shorts เดรสแขนสั้น กางเกงขาสั้นสีชมพู,,,,,,,,,,1,1,,,,,,,,,,,900,,,,,,,,,,,,,,,,,,,,,,,,,,,,,,,,,
,,1000072,,TRACK SUIT ชุดวอร์ม,,,,,,,,,,1,1,,,,,,,,,,,660,,,,,,,,,,,,,,,,,,,,,,,,,,,,,,,,,
,,1000025,,Ultra Light Down เสื้อกั๊ก,,,,,,,,,,1,1,,,,,,,,,,,450,,,,,,,,,,,,,,,,,,,,,,,,,,,,,,,,,
,,1000057,,One Piece Suit ชุดว่ายน้ำกางเกงขาสั้น,,,,,,,,,,1,1,,,,,,,,,,,210,,,,,,,,,,,,,,,,,,,,,,,,,,,,,,,,,
,,1000059,,Sunset Rush Guard 2-pieceSwimsuit ชุดว่ายน้ำยามพระอาทิตย์ตก,,,,,,,,,,1,1,,,,,,,,,,,660,,,,,,,,,,,,,,,,,,,,,,,,,,,,,,,,,
,,1000054,,2 piece Swimsuit ชุดว่ายน้ำ,,,,,,,,,,1,1,,,,,,,,,,,240,,,,,,,,,,,,,,,,,,,,,,,,,,,,,,,,,
,,1000047,,Hello Kitty Sweater เสื้อกันหนาวเด็กผู้หญิง,,,,,,,,,,1,1,,,,,,,,,,,480,,,,,,,,,,,,,,,,,,,,,,,,,,,,,,,,,
,,100010,,DISNEY TIGGER DIE CAST COLLECTOR CAR รถของเล่นหมีพูห์,,,,,,,,,,1,1,,,,,,,,,,,280,,,,,,,,,,,,,,,,,,,,,,,,,,,,,,,,,
,,1000007,,Striped T-shirt เสื้อยืด ลายขวาง,,,,,,,,,,1,1,,,,,,,,,,,360,,,,,,,,,,,,,,,,,,,,,,,,,,,,,,,,,
,,1000081,,Length Leggings เลกกิ้งยาว,,,,,,,,,,1,1,,,,,,,,,,,60,,,,,,,,,,,,,,,,,,,,,,,,,,,,,,,,,
,,1000030,,Floral pants กางเกงขายาว ลายดอกไม้,,,,,,,,,,1,1,,,,,,,,,,,150,,,,,,,,,,,,,,,,,,,,,,,,,,,,,,,,,
,,1000036,,Flower Dress ชุดเดรส ลายดอกไม้,,,,,,,,,,1,1,,,,,,,,,,,230,,,,,,,,,,,,,,,,,,,,,,,,,,,,,,,,,
,,1000013,,Blue Dress ชุดเดรสสีกรม,,,,,,,,,,1,1,,,,,,,,,,,150,,,,,,,,,,,,,,,,,,,,,,,,,,,,,,,,,
,,1000033,,Leggings with all-over stars เลกกิ้งพิมพ์ลายดาว,,,,,,,,,,1,1,,,,,,,,,,,100,,,,,,,,,,,,,,,,,,,,,,,,,,,,,,,,,
,,1000053,,Toddler Tie-Dye Gap Logo Hoodie เสื้อฮู้ ลายโลโก้,,,,,,,,,,1,1,,,,,,,,,,,500,,,,,,,,,,,,,,,,,,,,,,,,,,,,,,,,,
,,1000039,,Ribbed Leggings กางเกงเลกกิ้ง,,,,,,,,,,1,1,,,,,,,,,,,300,,,,,,,,,,,,,,,,,,,,,,,,,,,,,,,,,
,,1000065,,Yellow t-shirt เสื้อยืดสีเหลือง,,,,,,,,,,1,1,,,,,,,,,,,100,,,,,,,,,,,,,,,,,,,,,,,,,,,,,,,,,
,,1000029,,Shirt Set เซตเสื้อกระโปรง ลายดอกไม้,,,,,,,,,,1,1,,,,,,,,,,,1500,,,,,,,,,,,,,,,,,,,,,,,,,,,,,,,,,
,,1000082,,Girls' Lacoste Scalloped Collar Mini Piqué Polo Shirt เสื้อโปโลหญิง คอปก,,,,,,,,,,1,1,,,,,,,,,,,1080,,,,,,,,,,,,,,,,,,,,,,,,,,,,,,,,,
,,1000044,,RUFFLE STRAP TOP เสื้อครอปสายเดี่ยว,,,,,,,,,,1,1,,,,,,,,,,,600,,,,,,,,,,,,,,,,,,,,,,,,,,,,,,,,,
,,1000022,,2-Piece Glow Halloween 100% Snug Fit Cotton PJs ชุดฮาโลวีนแรงแสง,,,,,,,,,,1,1,,,,,,,,,,,360,,,,,,,,,,,,,,,,,,,,,,,,,,,,,,,,,
,,1000055,,Super Star Dress ชุดเดรส,,,,,,,,,,1,1,,,,,,,,,,,210,,,,,,,,,,,,,,,,,,,,,,,,,,,,,,,,,
,,1000051,,Dress Polo Ralph Lauren ชุดกระโปรงคอปกเชิ้ต,,,,,,,,,,1,1,,,,,,,,,,,900,,,,,,,,,,,,,,,,,,,,,,,,,,,,,,,,,
,,1000078,,Mango Dress เดรสแขนกุด,,,,,,,,,,1,1,,,,,,,,,,,240,,,,,,,,,,,,,,,,,,,,,,,,,,,,,,,,,
,,1000037,,OVS Stretch cotton กางเกงผ้ายืด,,,,,,,,,,1,1,,,,,,,,,,,60,,,,,,,,,,,,,,,,,,,,,,,,,,,,,,,,,
,,1000066,,Kenzo Joggers กางเกงขายาว,,,,,,,,,,1,1,,,,,,,,,,,120,,,,,,,,,,,,,,,,,,,,,,,,,,,,,,,,,
,,1000080,,Jersey Dress ชุดเดรสเจอร์ซีย์,,,,,,,,,,1,1,,,,,,,,,,,90,,,,,,,,,,,,,,,,,,,,,,,,,,,,,,,,,
,,1000003,,Light Blue Dress ชุดเดรสสีฟ้า,,,,,,,,,,1,1,,,,,,,,,,,75,,,,,,,,,,,,,,,,,,,,,,,,,,,,,,,,,
,,1000067,,Printed Built-In Tough Full-Length Leggings เลกกิ้งขายาวทรงยาวพิมพ์ลาย,,,,,,,,,,1,1,,,,,,,,,,,100,,,,,,,,,,,,,,,,,,,,,,,,,,,,,,,,,
,,1000024,,Skinny Cutoff Shorts กางเกงขาสั้น,,,,,,,,,,1,1,,,,,,,,,,,565,,,,,,,,,,,,,,,,,,,,,,,,,,,,,,,,,
,,1000027,,Grey Leggings กางเกงเลกกิ้ง สีเทา,,,,,,,,,,1,1,,,,,,,,,,,180,,,,,,,,,,,,,,,,,,,,,,,,,,,,,,,,,
,,1000040,,Toddler Elasticized Pull-On Slim Taper Jeans with Stretch กางเกงยีนส์,,,,,,,,,,1,1,,,,,,,,,,,420,,,,,,,,,,,,,,,,,,,,,,,,,,,,,,,,,
,,1000071,,Floral pants กางเกงขายาว ลายดอกไม้,,,,,,,,,,1,1,,,,,,,,,,,150,,,,,,,,,,,,,,,,,,,,,,,,,,,,,,,,,
,,1000009,,Rita dress เดรสทรง ผ้าลายสวย,,,,,,,,,,1,1,,,,,,,,,,,380,,,,,,,,,,,,,,,,,,,,,,,,,,,,,,,,,
,,1000046,,Purple T-shirt เสื้อยืดสีม่วง,,,,,,,,,,1,1,,,,,,,,,,,360,,,,,,,,,,,,,,,,,,,,,,,,,,,,,,,,,
,,1000012,,The Dark Skeleton Pajamas Sets Short Sleeve Summer Black ชุดนอนฮาโลวีน,,,,,,,,,,1,1,,,,,,,,,,,285,,,,,,,,,,,,,,,,,,,,,,,,,,,,,,,,,
,,1000075,,Light blue pants กางเกงขายาว สีฟ้า,,,,,,,,,,1,1,,,,,,,,,,,150,,,,,,,,,,,,,,,,,,,,,,,,,,,,,,,,,
,,1000061,,Sleep Suit Disney Minnie Mouse ชุดนอน มินนี่เม้าส์,,,,,,,,,,1,1,,,,,,,,,,,255,,,,,,,,,,,,,,,,,,,,,,,,,,,,,,,,,
,,210278,,210278,,,,,,,,,,1,1,,,,,,,,,,,60,,,,,,,,,,,,,,,,,,,,,,,,,,,,,,,,,
,,810007,,810007,,,,,,,,,,1,1,,,,,,,,,,,120,,,,,,,,,,,,,,,,,,,,,,,,,,,,,,,,,
,,210001,,210001,,,,,,,,,,1,1,,,,,,,,,,,120,,,,,,,,,,,,,,,,,,,,,,,,,,,,,,,,,
,,210003,,210003,,,,,,,,,,1,1,,,,,,,,,,,80,,,,,,,,,,,,,,,,,,,,,,,,,,,,,,,,,
,,210004,,210004,,,,,,,,,,1,1,,,,,,,,,,,40,,,,,,,,,,,,,,,,,,,,,,,,,,,,,,,,,
,,210007,,210007,,,,,,,,,,1,1,,,,,,,,,,,40,,,,,,,,,,,,,,,,,,,,,,,,,,,,,,,,,
,,210010,,210010,,,,,,,,,,1,1,,,,,,,,,,,120,,,,,,,,,,,,,,,,,,,,,,,,,,,,,,,,,
,,210011,,210011,,,,,,,,,,1,1,,,,,,,,,,,100,,,,,,,,,,,,,,,,,,,,,,,,,,,,,,,,,
,,210014,,210014,,,,,,,,,,1,1,,,,,,,,,,,100,,,,,,,,,,,,,,,,,,,,,,,,,,,,,,,,,
,,210015,,210015,,,,,,,,,,1,1,,,,,,,,,,,40,,,,,,,,,,,,,,,,,,,,,,,,,,,,,,,,,
,,210016,,210016,,,,,,,,,,1,1,,,,,,,,,,,80,,,,,,,,,,,,,,,,,,,,,,,,,,,,,,,,,
,,210017,,210017,,,,,,,,,,1,1,,,,,,,,,,,60,,,,,,,,,,,,,,,,,,,,,,,,,,,,,,,,,
,,210018,,210018,,,,,,,,,,1,1,,,,,,,,,,,60,,,,,,,,,,,,,,,,,,,,,,,,,,,,,,,,,
,,210020,,210020,,,,,,,,,,1,1,,,,,,,,,,,40,,,,,,,,,,,,,,,,,,,,,,,,,,,,,,,,,
,,210021,,210021,,,,,,,,,,1,1,,,,,,,,,,,40,,,,,,,,,,,,,,,,,,,,,,,,,,,,,,,,,
,,210022,,210022,,,,,,,,,,1,1,,,,,,,,,,,60,,,,,,,,,,,,,,,,,,,,,,,,,,,,,,,,,
,,210023,,210023,,,,,,,,,,1,1,,,,,,,,,,,60,,,,,,,,,,,,,,,,,,,,,,,,,,,,,,,,,
,,210024,,210024,,,,,,,,,,1,1,,,,,,,,,,,60,,,,,,,,,,,,,,,,,,,,,,,,,,,,,,,,,
,,210025,,210025,,,,,,,,,,1,1,,,,,,,,,,,60,,,,,,,,,,,,,,,,,,,,,,,,,,,,,,,,,
,,210027,,210027,,,,,,,,,,1,1,,,,,,,,,,,60,,,,,,,,,,,,,,,,,,,,,,,,,,,,,,,,,
,,210028,,210028,,,,,,,,,,1,1,,,,,,,,,,,10,,,,,,,,,,,,,,,,,,,,,,,,,,,,,,,,,
,,210029,,210029,,,,,,,,,,1,1,,,,,,,,,,,40,,,,,,,,,,,,,,,,,,,,,,,,,,,,,,,,,
,,210030,,210030,,,,,,,,,,1,1,,,,,,,,,,,40,,,,,,,,,,,,,,,,,,,,,,,,,,,,,,,,,
,,210031,,210031,,,,,,,,,,1,1,,,,,,,,,,,60,,,,,,,,,,,,,,,,,,,,,,,,,,,,,,,,,
,,210032,,210032,,,,,,,,,,1,1,,,,,,,,,,,40,,,,,,,,,,,,,,,,,,,,,,,,,,,,,,,,,
,,210033,,210033,,,,,,,,,,1,1,,,,,,,,,,,60,,,,,,,,,,,,,,,,,,,,,,,,,,,,,,,,,
,,210034,,210034,,,,,,,,,,1,1,,,,,,,,,,,100,,,,,,,,,,,,,,,,,,,,,,,,,,,,,,,,,
,,210035,,210035,,,,,,,,,,1,1,,,,,,,,,,,40,,,,,,,,,,,,,,,,,,,,,,,,,,,,,,,,,
,,210036,,210036,,,,,,,,,,1,1,,,,,,,,,,,80,,,,,,,,,,,,,,,,,,,,,,,,,,,,,,,,,
,,210038,,210038,,,,,,,,,,1,1,,,,,,,,,,,80,,,,,,,,,,,,,,,,,,,,,,,,,,,,,,,,,
,,210039,,210039,,,,,,,,,,1,1,,,,,,,,,,,40,,,,,,,,,,,,,,,,,,,,,,,,,,,,,,,,,
,,210041,,210041,,,,,,,,,,1,1,,,,,,,,,,,40,,,,,,,,,,,,,,,,,,,,,,,,,,,,,,,,,
,,210042,,210042,,,,,,,,,,1,1,,,,,,,,,,,60,,,,,,,,,,,,,,,,,,,,,,,,,,,,,,,,,
,,210043,,210043,,,,,,,,,,1,1,,,,,,,,,,,60,,,,,,,,,,,,,,,,,,,,,,,,,,,,,,,,,
,,210044,,210044,,,,,,,,,,1,1,,,,,,,,,,,60,,,,,,,,,,,,,,,,,,,,,,,,,,,,,,,,,
,,210046,,210046,,,,,,,,,,1,1,,,,,,,,,,,40,,,,,,,,,,,,,,,,,,,,,,,,,,,,,,,,,
,,210047,,210047,,,,,,,,,,1,1,,,,,,,,,,,60,,,,,,,,,,,,,,,,,,,,,,,,,,,,,,,,,
,,210048,,210048,,,,,,,,,,1,1,,,,,,,,,,,60,,,,,,,,,,,,,,,,,,,,,,,,,,,,,,,,,
,,210051,,210051,,,,,,,,,,1,1,,,,,,,,,,,100,,,,,,,,,,,,,,,,,,,,,,,,,,,,,,,,,
,,210052,,210052,,,,,,,,,,1,1,,,,,,,,,,,40,,,,,,,,,,,,,,,,,,,,,,,,,,,,,,,,,
,,210055,,210055,,,,,,,,,,1,1,,,,,,,,,,,60,,,,,,,,,,,,,,,,,,,,,,,,,,,,,,,,,
,,210056,,210056,,,,,,,,,,1,1,,,,,,,,,,,60,,,,,,,,,,,,,,,,,,,,,,,,,,,,,,,,,
,,210057,,210057,,,,,,,,,,1,1,,,,,,,,,,,40,,,,,,,,,,,,,,,,,,,,,,,,,,,,,,,,,
,,210058,,210058,,,,,,,,,,1,1,,,,,,,,,,,60,,,,,,,,,,,,,,,,,,,,,,,,,,,,,,,,,
,,210059,,210059,,,,,,,,,,1,1,,,,,,,,,,,60,,,,,,,,,,,,,,,,,,,,,,,,,,,,,,,,,
,,210060,,210060,,,,,,,,,,1,1,,,,,,,,,,,60,,,,,,,,,,,,,,,,,,,,,,,,,,,,,,,,,
,,210061,,210061,,,,,,,,,,1,1,,,,,,,,,,,40,,,,,,,,,,,,,,,,,,,,,,,,,,,,,,,,,
,,210063,,210063,,,,,,,,,,1,1,,,,,,,,,,,60,,,,,,,,,,,,,,,,,,,,,,,,,,,,,,,,,
,,210065,,210065,,,,,,,,,,1,1,,,,,,,,,,,60,,,,,,,,,,,,,,,,,,,,,,,,,,,,,,,,,
,,210066,,210066,,,,,,,,,,1,1,,,,,,,,,,,60,,,,,,,,,,,,,,,,,,,,,,,,,,,,,,,,,
,,210067,,210067,,,,,,,,,,1,1,,,,,,,,,,,40,,,,,,,,,,,,,,,,,,,,,,,,,,,,,,,,,
,,210068,,210068,,,,,,,,,,1,1,,,,,,,,,,,40,,,,,,,,,,,,,,,,,,,,,,,,,,,,,,,,,
,,210069,,210069,,,,,,,,,,1,1,,,,,,,,,,,40,,,,,,,,,,,,,,,,,,,,,,,,,,,,,,,,,
,,210072,,210072,,,,,,,,,,1,1,,,,,,,,,,,100,,,,,,,,,,,,,,,,,,,,,,,,,,,,,,,,,
,,210074,,210074,,,,,,,,,,1,1,,,,,,,,,,,80,,,,,,,,,,,,,,,,,,,,,,,,,,,,,,,,,
,,210078,,210078,,,,,,,,,,1,1,,,,,,,,,,,80,,,,,,,,,,,,,,,,,,,,,,,,,,,,,,,,,
,,210079,,210079,,,,,,,,,,1,1,,,,,,,,,,,80,,,,,,,,,,,,,,,,,,,,,,,,,,,,,,,,,
,,210080,,210080,,,,,,,,,,1,1,,,,,,,,,,,80,,,,,,,,,,,,,,,,,,,,,,,,,,,,,,,,,
,,210081,,210081,,,,,,,,,,1,1,,,,,,,,,,,80,,,,,,,,,,,,,,,,,,,,,,,,,,,,,,,,,
,,210082,,210082,,,,,,,,,,1,1,,,,,,,,,,,100,,,,,,,,,,,,,,,,,,,,,,,,,,,,,,,,,
,,210083,,210083,,,,,,,,,,1,1,,,,,,,,,,,40,,,,,,,,,,,,,,,,,,,,,,,,,,,,,,,,,
,,210084,,210084,,,,,,,,,,1,1,,,,,,,,,,,100,,,,,,,,,,,,,,,,,,,,,,,,,,,,,,,,,
,,210086,,210086,,,,,,,,,,1,1,,,,,,,,,,,100,,,,,,,,,,,,,,,,,,,,,,,,,,,,,,,,,
,,210087,,210087,,,,,,,,,,1,1,,,,,,,,,,,80,,,,,,,,,,,,,,,,,,,,,,,,,,,,,,,,,
,,210088,,210088,,,,,,,,,,1,1,,,,,,,,,,,80,,,,,,,,,,,,,,,,,,,,,,,,,,,,,,,,,
,,210089,,210089,,,,,,,,,,1,1,,,,,,,,,,,80,,,,,,,,,,,,,,,,,,,,,,,,,,,,,,,,,
,,210091,,210091,,,,,,,,,,1,1,,,,,,,,,,,80,,,,,,,,,,,,,,,,,,,,,,,,,,,,,,,,,
,,210092,,210092,,,,,,,,,,1,1,,,,,,,,,,,100,,,,,,,,,,,,,,,,,,,,,,,,,,,,,,,,,
,,210093,,210093,,,,,,,,,,1,1,,,,,,,,,,,60,,,,,,,,,,,,,,,,,,,,,,,,,,,,,,,,,
,,210095,,210095,,,,,,,,,,1,1,,,,,,,,,,,100,,,,,,,,,,,,,,,,,,,,,,,,,,,,,,,,,
,,210097,,210097,,,,,,,,,,1,1,,,,,,,,,,,100,,,,,,,,,,,,,,,,,,,,,,,,,,,,,,,,,
,,210098,,210098,,,,,,,,,,1,1,,,,,,,,,,,100,,,,,,,,,,,,,,,,,,,,,,,,,,,,,,,,,
,,210099,,210099,,,,,,,,,,1,1,,,,,,,,,,,100,,,,,,,,,,,,,,,,,,,,,,,,,,,,,,,,,
,,210100,,210100,,,,,,,,,,1,1,,,,,,,,,,,100,,,,,,,,,,,,,,,,,,,,,,,,,,,,,,,,,
,,210101,,210101,,,,,,,,,,1,1,,,,,,,,,,,100,,,,,,,,,,,,,,,,,,,,,,,,,,,,,,,,,
,,210103,,210103,,,,,,,,,,1,1,,,,,,,,,,,80,,,,,,,,,,,,,,,,,,,,,,,,,,,,,,,,,
,,210104,,210104,,,,,,,,,,1,1,,,,,,,,,,,80,,,,,,,,,,,,,,,,,,,,,,,,,,,,,,,,,
,,210106,,210106,,,,,,,,,,1,1,,,,,,,,,,,80,,,,,,,,,,,,,,,,,,,,,,,,,,,,,,,,,
,,210107,,210107,,,,,,,,,,1,1,,,,,,,,,,,80,,,,,,,,,,,,,,,,,,,,,,,,,,,,,,,,,
,,210108,,210108,,,,,,,,,,1,1,,,,,,,,,,,100,,,,,,,,,,,,,,,,,,,,,,,,,,,,,,,,,
,,210109,,210109,,,,,,,,,,1,1,,,,,,,,,,,80,,,,,,,,,,,,,,,,,,,,,,,,,,,,,,,,,
,,210110,,210110,,,,,,,,,,1,1,,,,,,,,,,,100,,,,,,,,,,,,,,,,,,,,,,,,,,,,,,,,,
,,210113,,210113,,,,,,,,,,1,1,,,,,,,,,,,60,,,,,,,,,,,,,,,,,,,,,,,,,,,,,,,,,
,,210114,,210114,,,,,,,,,,1,1,,,,,,,,,,,100,,,,,,,,,,,,,,,,,,,,,,,,,,,,,,,,,
,,210115,,210115,,,,,,,,,,1,1,,,,,,,,,,,80,,,,,,,,,,,,,,,,,,,,,,,,,,,,,,,,,
,,210117,,210117,,,,,,,,,,1,1,,,,,,,,,,,80,,,,,,,,,,,,,,,,,,,,,,,,,,,,,,,,,
,,210118,,210118,,,,,,,,,,1,1,,,,,,,,,,,40,,,,,,,,,,,,,,,,,,,,,,,,,,,,,,,,,
,,210119,,210119,,,,,,,,,,1,1,,,,,,,,,,,100,,,,,,,,,,,,,,,,,,,,,,,,,,,,,,,,,
,,210120,,210120,,,,,,,,,,1,1,,,,,,,,,,,60,,,,,,,,,,,,,,,,,,,,,,,,,,,,,,,,,
,,210122,,210122,,,,,,,,,,1,1,,,,,,,,,,,60,,,,,,,,,,,,,,,,,,,,,,,,,,,,,,,,,
,,210121,,210121,,,,,,,,,,1,1,,,,,,,,,,,80,,,,,,,,,,,,,,,,,,,,,,,,,,,,,,,,,
,,210127,,210127,,,,,,,,,,1,1,,,,,,,,,,,80 1,,,,,,,,,,,,,,,,,,,,,,,,,,,,,,,,,
,,210128,,210128,,,,,,,,,,1,1,,,,,,,,,,,80,,,,,,,,,,,,,,,,,,,,,,,,,,,,,,,,,
,,210129,,210129,,,,,,,,,,1,1,,,,,,,,,,,120,,,,,,,,,,,,,,,,,,,,,,,,,,,,,,,,,
,,210130,,210130,,,,,,,,,,1,1,,,,,,,,,,,120,,,,,,,,,,,,,,,,,,,,,,,,,,,,,,,,,
,,210131,,210131,,,,,,,,,,1,1,,,,,,,,,,,80,,,,,,,,,,,,,,,,,,,,,,,,,,,,,,,,,
,,210133,,210133,,,,,,,,,,1,1,,,,,,,,,,,60,,,,,,,,,,,,,,,,,,,,,,,,,,,,,,,,,
,,210134,,210134,,,,,,,,,,1,1,,,,,,,,,,,80,,,,,,,,,,,,,,,,,,,,,,,,,,,,,,,,,
,,210135,,210135,,,,,,,,,,1,1,,,,,,,,,,,80,,,,,,,,,,,,,,,,,,,,,,,,,,,,,,,,,
,,210138,,210138,,,,,,,,,,1,1,,,,,,,,,,,60,,,,,,,,,,,,,,,,,,,,,,,,,,,,,,,,,
,,210140,,210140,,,,,,,,,,1,1,,,,,,,,,,,80,,,,,,,,,,,,,,,,,,,,,,,,,,,,,,,,,
,,210141,,210141,,,,,,,,,,1,1,,,,,,,,,,,60,,,,,,,,,,,,,,,,,,,,,,,,,,,,,,,,,
,,210142,,210142,,,,,,,,,,1,1,,,,,,,,,,,60,,,,,,,,,,,,,,,,,,,,,,,,,,,,,,,,,
,,210143,,210143,,,,,,,,,,1,1,,,,,,,,,,,80,,,,,,,,,,,,,,,,,,,,,,,,,,,,,,,,,
,,210145,,210145,,,,,,,,,,1,1,,,,,,,,,,,90,,,,,,,,,,,,,,,,,,,,,,,,,,,,,,,,,
,,210146,,210146,,,,,,,,,,1,1,,,,,,,,,,,40,,,,,,,,,,,,,,,,,,,,,,,,,,,,,,,,,
,,210147,,210147,,,,,,,,,,1,1,,,,,,,,,,,60,,,,,,,,,,,,,,,,,,,,,,,,,,,,,,,,,
,,210148,,210148,,,,,,,,,,1,1,,,,,,,,,,,40,,,,,,,,,,,,,,,,,,,,,,,,,,,,,,,,,
,,210149,,210149,,,,,,,,,,1,1,,,,,,,,,,,60,,,,,,,,,,,,,,,,,,,,,,,,,,,,,,,,,
,,210150,,210150,,,,,,,,,,1,1,,,,,,,,,,,80,,,,,,,,,,,,,,,,,,,,,,,,,,,,,,,,,
,,210152,,210152,,,,,,,,,,1,1,,,,,,,,,,,40,,,,,,,,,,,,,,,,,,,,,,,,,,,,,,,,,
,,210153,,210153,,,,,,,,,,1,1,,,,,,,,,,,40,,,,,,,,,,,,,,,,,,,,,,,,,,,,,,,,,
,,210154,,210154,,,,,,,,,,1,1,,,,,,,,,,,40,,,,,,,,,,,,,,,,,,,,,,,,,,,,,,,,,
,,210155,,210155,,,,,,,,,,1,1,,,,,,,,,,,40,,,,,,,,,,,,,,,,,,,,,,,,,,,,,,,,,
,,210156,,210156,,,,,,,,,,1,1,,,,,,,,,,,40,,,,,,,,,,,,,,,,,,,,,,,,,,,,,,,,,
,,210157,,210157,,,,,,,,,,1,1,,,,,,,,,,,40,,,,,,,,,,,,,,,,,,,,,,,,,,,,,,,,,
,,210158,,210158,,,,,,,,,,1,1,,,,,,,,,,,40,,,,,,,,,,,,,,,,,,,,,,,,,,,,,,,,,
,,210159,,210159,,,,,,,,,,1,1,,,,,,,,,,,40,,,,,,,,,,,,,,,,,,,,,,,,,,,,,,,,,
,,210160,,210160,,,,,,,,,,1,1,,,,,,,,,,,40,,,,,,,,,,,,,,,,,,,,,,,,,,,,,,,,,
,,210161,,210161,,,,,,,,,,1,1,,,,,,,,,,,40,,,,,,,,,,,,,,,,,,,,,,,,,,,,,,,,,
,,210162,,210162,,,,,,,,,,1,1,,,,,,,,,,,40,,,,,,,,,,,,,,,,,,,,,,,,,,,,,,,,,
,,210163,,210163,,,,,,,,,,1,1,,,,,,,,,,,40,,,,,,,,,,,,,,,,,,,,,,,,,,,,,,,,,
,,210164,,210164,,,,,,,,,,1,1,,,,,,,,,,,40,,,,,,,,,,,,,,,,,,,,,,,,,,,,,,,,,
,,210165,,210165,,,,,,,,,,1,1,,,,,,,,,,,40,,,,,,,,,,,,,,,,,,,,,,,,,,,,,,,,,
,,210166,,210166,,,,,,,,,,1,1,,,,,,,,,,,40,,,,,,,,,,,,,,,,,,,,,,,,,,,,,,,,,
,,210167,,210167,,,,,,,,,,1,1,,,,,,,,,,,40,,,,,,,,,,,,,,,,,,,,,,,,,,,,,,,,,
,,210168,,210168,,,,,,,,,,1,1,,,,,,,,,,,100,,,,,,,,,,,,,,,,,,,,,,,,,,,,,,,,,
,,210169,,210169,,,,,,,,,,1,1,,,,,,,,,,,40,,,,,,,,,,,,,,,,,,,,,,,,,,,,,,,,,
,,210170,,210170,,,,,,,,,,1,1,,,,,,,,,,,40,,,,,,,,,,,,,,,,,,,,,,,,,,,,,,,,,
,,210171,,210171,,,,,,,,,,1,1,,,,,,,,,,,40,,,,,,,,,,,,,,,,,,,,,,,,,,,,,,,,,
,,210172,,210172,,,,,,,,,,1,1,,,,,,,,,,,40,,,,,,,,,,,,,,,,,,,,,,,,,,,,,,,,,
,,210173,,210173,,,,,,,,,,1,1,,,,,,,,,,,60,,,,,,,,,,,,,,,,,,,,,,,,,,,,,,,,,
,,210174,,210174,,,,,,,,,,1,1,,,,,,,,,,,60,,,,,,,,,,,,,,,,,,,,,,,,,,,,,,,,,
,,210175,,210175,,,,,,,,,,1,1,,,,,,,,,,,60,,,,,,,,,,,,,,,,,,,,,,,,,,,,,,,,,
,,210176,,210176,,,,,,,,,,1,1,,,,,,,,,,,100,,,,,,,,,,,,,,,,,,,,,,,,,,,,,,,,,
,,210177,,210177,,,,,,,,,,1,1,,,,,,,,,,,60,,,,,,,,,,,,,,,,,,,,,,,,,,,,,,,,,
,,210178,,210178,,,,,,,,,,1,1,,,,,,,,,,,60,,,,,,,,,,,,,,,,,,,,,,,,,,,,,,,,,
,,210179,,210179,,,,,,,,,,1,1,,,,,,,,,,,60,,,,,,,,,,,,,,,,,,,,,,,,,,,,,,,,,
,,210180,,210180,,,,,,,,,,1,1,,,,,,,,,,,60,,,,,,,,,,,,,,,,,,,,,,,,,,,,,,,,,
,,210182,,210182,,,,,,,,,,1,1,,,,,,,,,,,60,,,,,,,,,,,,,,,,,,,,,,,,,,,,,,,,,
,,210184,,210184,,,,,,,,,,1,1,,,,,,,,,,,60,,,,,,,,,,,,,,,,,,,,,,,,,,,,,,,,,
,,210185,,210185,,,,,,,,,,1,1,,,,,,,,,,,60,,,,,,,,,,,,,,,,,,,,,,,,,,,,,,,,,
,,210186,,210186,,,,,,,,,,1,1,,,,,,,,,,,60,,,,,,,,,,,,,,,,,,,,,,,,,,,,,,,,,
,,210187,,210187,,,,,,,,,,1,1,,,,,,,,,,,80,,,,,,,,,,,,,,,,,,,,,,,,,,,,,,,,,
,,210188,,210188,,,,,,,,,,1,1,,,,,,,,,,,60,,,,,,,,,,,,,,,,,,,,,,,,,,,,,,,,,
,,210189,,210189,,,,,,,,,,1,1,,,,,,,,,,,60,,,,,,,,,,,,,,,,,,,,,,,,,,,,,,,,,
,,210190,,210190,,,,,,,,,,1,1,,,,,,,,,,,60,,,,,,,,,,,,,,,,,,,,,,,,,,,,,,,,,
,,210191,,210191,,,,,,,,,,1,1,,,,,,,,,,,60,,,,,,,,,,,,,,,,,,,,,,,,,,,,,,,,,
,,210192,,210192,,,,,,,,,,1,1,,,,,,,,,,,60,,,,,,,,,,,,,,,,,,,,,,,,,,,,,,,,,
,,210193,,210193,,,,,,,,,,1,1,,,,,,,,,,,60,,,,,,,,,,,,,,,,,,,,,,,,,,,,,,,,,
,,210194,,210194,,,,,,,,,,1,1,,,,,,,,,,,60,,,,,,,,,,,,,,,,,,,,,,,,,,,,,,,,,
,,210195,,210195,,,,,,,,,,1,1,,,,,,,,,,,60,,,,,,,,,,,,,,,,,,,,,,,,,,,,,,,,,
,,210197,,210197,,,,,,,,,,1,1,,,,,,,,,,,60,,,,,,,,,,,,,,,,,,,,,,,,,,,,,,,,,
,,210198,,210198,,,,,,,,,,1,1,,,,,,,,,,,60,,,,,,,,,,,,,,,,,,,,,,,,,,,,,,,,,
,,210201,,210201,,,,,,,,,,1,1,,,,,,,,,,,60,,,,,,,,,,,,,,,,,,,,,,,,,,,,,,,,,
,,210202,,210202,,,,,,,,,,1,1,,,,,,,,,,,60,,,,,,,,,,,,,,,,,,,,,,,,,,,,,,,,,
,,210203,,210203,,,,,,,,,,1,1,,,,,,,,,,,60,,,,,,,,,,,,,,,,,,,,,,,,,,,,,,,,,
,,210204,,210204,,,,,,,,,,1,1,,,,,,,,,,,60,,,,,,,,,,,,,,,,,,,,,,,,,,,,,,,,,
,,210205,,210205,,,,,,,,,,1,1,,,,,,,,,,,60,,,,,,,,,,,,,,,,,,,,,,,,,,,,,,,,,
,,210206,,210206,,,,,,,,,,1,1,,,,,,,,,,,60,,,,,,,,,,,,,,,,,,,,,,,,,,,,,,,,,
,,210207,,210207,,,,,,,,,,1,1,,,,,,,,,,,60,,,,,,,,,,,,,,,,,,,,,,,,,,,,,,,,,
,,210209,,210209,,,,,,,,,,1,1,,,,,,,,,,,60,,,,,,,,,,,,,,,,,,,,,,,,,,,,,,,,,
,,210210,,210210,,,,,,,,,,1,1,,,,,,,,,,,60,,,,,,,,,,,,,,,,,,,,,,,,,,,,,,,,,
,,210211,,210211,,,,,,,,,,1,1,,,,,,,,,,,60,,,,,,,,,,,,,,,,,,,,,,,,,,,,,,,,,
,,210212,,210212,,,,,,,,,,1,1,,,,,,,,,,,60,,,,,,,,,,,,,,,,,,,,,,,,,,,,,,,,,
,,210213,,210213,,,,,,,,,,1,1,,,,,,,,,,,60,,,,,,,,,,,,,,,,,,,,,,,,,,,,,,,,,
,,210214,,210214,,,,,,,,,,1,1,,,,,,,,,,,60,,,,,,,,,,,,,,,,,,,,,,,,,,,,,,,,,
,,210215,,210215,,,,,,,,,,1,1,,,,,,,,,,,60,,,,,,,,,,,,,,,,,,,,,,,,,,,,,,,,,
,,210216,,210216,,,,,,,,,,1,1,,,,,,,,,,,60,,,,,,,,,,,,,,,,,,,,,,,,,,,,,,,,,
,,210217,,210217,,,,,,,,,,1,1,,,,,,,,,,,60,,,,,,,,,,,,,,,,,,,,,,,,,,,,,,,,,
,,210218,,210218,,,,,,,,,,1,1,,,,,,,,,,,60,,,,,,,,,,,,,,,,,,,,,,,,,,,,,,,,,
,,210219,,210219,,,,,,,,,,1,1,,,,,,,,,,,60,,,,,,,,,,,,,,,,,,,,,,,,,,,,,,,,,
,,210221,,210221,,,,,,,,,,1,1,,,,,,,,,,,60,,,,,,,,,,,,,,,,,,,,,,,,,,,,,,,,,
,,210222,,210222,,,,,,,,,,1,1,,,,,,,,,,,60,,,,,,,,,,,,,,,,,,,,,,,,,,,,,,,,,
,,210223,,210223,,,,,,,,,,1,1,,,,,,,,,,,60,,,,,,,,,,,,,,,,,,,,,,,,,,,,,,,,,
,,210225,,210225,,,,,,,,,,1,1,,,,,,,,,,,60,,,,,,,,,,,,,,,,,,,,,,,,,,,,,,,,,
,,210226,,210226,,,,,,,,,,1,1,,,,,,,,,,,60,,,,,,,,,,,,,,,,,,,,,,,,,,,,,,,,,
,,210227,,210227,,,,,,,,,,1,1,,,,,,,,,,,60,,,,,,,,,,,,,,,,,,,,,,,,,,,,,,,,,
,,210228,,210228,,,,,,,,,,1,1,,,,,,,,,,,60,,,,,,,,,,,,,,,,,,,,,,,,,,,,,,,,,
,,210229,,210229,,,,,,,,,,1,1,,,,,,,,,,,60,,,,,,,,,,,,,,,,,,,,,,,,,,,,,,,,,
,,210230,,210230,,,,,,,,,,1,1,,,,,,,,,,,60,,,,,,,,,,,,,,,,,,,,,,,,,,,,,,,,,
,,210231,,210231,,,,,,,,,,1,1,,,,,,,,,,,60,,,,,,,,,,,,,,,,,,,,,,,,,,,,,,,,,
,,210232,,210232,,,,,,,,,,1,1,,,,,,,,,,,40,,,,,,,,,,,,,,,,,,,,,,,,,,,,,,,,,
,,210233,,210233,,,,,,,,,,1,1,,,,,,,,,,,60,,,,,,,,,,,,,,,,,,,,,,,,,,,,,,,,,
,,210234,,210234,,,,,,,,,,1,1,,,,,,,,,,,60,,,,,,,,,,,,,,,,,,,,,,,,,,,,,,,,,
,,210237,,210237,,,,,,,,,,1,1,,,,,,,,,,,60,,,,,,,,,,,,,,,,,,,,,,,,,,,,,,,,,
,,210238,,210238,,,,,,,,,,1,1,,,,,,,,,,,60,,,,,,,,,,,,,,,,,,,,,,,,,,,,,,,,,
,,210239,,210239,,,,,,,,,,1,1,,,,,,,,,,,40,,,,,,,,,,,,,,,,,,,,,,,,,,,,,,,,,
,,210241,,210241,,,,,,,,,,1,1,,,,,,,,,,,60,,,,,,,,,,,,,,,,,,,,,,,,,,,,,,,,,
,,210242,,210242,,,,,,,,,,1,1,,,,,,,,,,,60,,,,,,,,,,,,,,,,,,,,,,,,,,,,,,,,,
,,210243,,210243,,,,,,,,,,1,1,,,,,,,,,,,40,,,,,,,,,,,,,,,,,,,,,,,,,,,,,,,,,
,,210244,,210244,,,,,,,,,,1,1,,,,,,,,,,,60,,,,,,,,,,,,,,,,,,,,,,,,,,,,,,,,,
,,210245,,210245,,,,,,,,,,1,1,,,,,,,,,,,40,,,,,,,,,,,,,,,,,,,,,,,,,,,,,,,,,
,,210246,,210246,,,,,,,,,,1,1,,,,,,,,,,,40,,,,,,,,,,,,,,,,,,,,,,,,,,,,,,,,,
,,210247,,210247,,,,,,,,,,1,1,,,,,,,,,,,60,,,,,,,,,,,,,,,,,,,,,,,,,,,,,,,,,
,,210248,,210248,,,,,,,,,,1,1,,,,,,,,,,,60,,,,,,,,,,,,,,,,,,,,,,,,,,,,,,,,,
,,210249,,210249,,,,,,,,,,1,1,,,,,,,,,,,60,,,,,,,,,,,,,,,,,,,,,,,,,,,,,,,,,
,,210250,,210250,,,,,,,,,,1,1,,,,,,,,,,,60,,,,,,,,,,,,,,,,,,,,,,,,,,,,,,,,,
,,210251,,210251,,,,,,,,,,1,1,,,,,,,,,,,60,,,,,,,,,,,,,,,,,,,,,,,,,,,,,,,,,
,,210252,,210252,,,,,,,,,,1,1,,,,,,,,,,,40,,,,,,,,,,,,,,,,,,,,,,,,,,,,,,,,,
,,210253,,210253,,,,,,,,,,1,1,,,,,,,,,,,40,,,,,,,,,,,,,,,,,,,,,,,,,,,,,,,,,
,,210254,,210254,,,,,,,,,,1,1,,,,,,,,,,,40,,,,,,,,,,,,,,,,,,,,,,,,,,,,,,,,,
,,210255,,210255,,,,,,,,,,1,1,,,,,,,,,,,60,,,,,,,,,,,,,,,,,,,,,,,,,,,,,,,,,
,,210256,,210256,,,,,,,,,,1,1,,,,,,,,,,,60,,,,,,,,,,,,,,,,,,,,,,,,,,,,,,,,,
,,210257,,210257,,,,,,,,,,1,1,,,,,,,,,,,60,,,,,,,,,,,,,,,,,,,,,,,,,,,,,,,,,
,,210258,,210258,,,,,,,,,,1,1,,,,,,,,,,,60,,,,,,,,,,,,,,,,,,,,,,,,,,,,,,,,,
,,210259,,210259,,,,,,,,,,1,1,,,,,,,,,,,60,,,,,,,,,,,,,,,,,,,,,,,,,,,,,,,,,
,,210260,,210260,,,,,,,,,,1,1,,,,,,,,,,,60,,,,,,,,,,,,,,,,,,,,,,,,,,,,,,,,,
,,210261,,210261,,,,,,,,,,1,1,,,,,,,,,,,60,,,,,,,,,,,,,,,,,,,,,,,,,,,,,,,,,
,,210262,,210262,,,,,,,,,,1,1,,,,,,,,,,,60,,,,,,,,,,,,,,,,,,,,,,,,,,,,,,,,,
,,210263,,210263,,,,,,,,,,1,1,,,,,,,,,,,60,,,,,,,,,,,,,,,,,,,,,,,,,,,,,,,,,
,,210264,,210264,,,,,,,,,,1,1,,,,,,,,,,,60,,,,,,,,,,,,,,,,,,,,,,,,,,,,,,,,,
,,210265,,210265,,,,,,,,,,1,1,,,,,,,,,,,60,,,,,,,,,,,,,,,,,,,,,,,,,,,,,,,,,
,,210266,,210266,,,,,,,,,,1,1,,,,,,,,,,,60,,,,,,,,,,,,,,,,,,,,,,,,,,,,,,,,,
,,210267,,210267,,,,,,,,,,1,1,,,,,,,,,,,140,,,,,,,,,,,,,,,,,,,,,,,,,,,,,,,,,
,,210268,,210268,,,,,,,,,,1,1,,,,,,,,,,,140,,,,,,,,,,,,,,,,,,,,,,,,,,,,,,,,,
,,210269,,210269,,,,,,,,,,1,1,,,,,,,,,,,80,,,,,,,,,,,,,,,,,,,,,,,,,,,,,,,,,
,,210270,,210270,,,,,,,,,,1,1,,,,,,,,,,,400,,,,,,,,,,,,,,,,,,,,,,,,,,,,,,,,,
,,210272,,210272,,,,,,,,,,1,1,,,,,,,,,,,40,,,,,,,,,,,,,,,,,,,,,,,,,,,,,,,,,
,,210275,,210275,,,,,,,,,,1,1,,,,,,,,,,,40,,,,,,,,,,,,,,,,,,,,,,,,,,,,,,,,,
,,210280,,210280,,,,,,,,,,1,1,,,,,,,,,,,40,,,,,,,,,,,,,,,,,,,,,,,,,,,,,,,,,
,,210283,,210283,,,,,,,,,,1,1,,,,,,,,,,,40,,,,,,,,,,,,,,,,,,,,,,,,,,,,,,,,,
,,210284,,210284,,,,,,,,,,1,1,,,,,,,,,,,60,,,,,,,,,,,,,,,,,,,,,,,,,,,,,,,,,
,,210286,,210286,,,,,,,,,,1,1,,,,,,,,,,,40,,,,,,,,,,,,,,,,,,,,,,,,,,,,,,,,,
,,210287,,210287,,,,,,,,,,1,1,,,,,,,,,,,40,,,,,,,,,,,,,,,,,,,,,,,,,,,,,,,,,
,,210288,,210288,,,,,,,,,,1,1,,,,,,,,,,,40,,,,,,,,,,,,,,,,,,,,,,,,,,,,,,,,,
,,210289,,210289,,,,,,,,,,1,1,,,,,,,,,,,40,,,,,,,,,,,,,,,,,,,,,,,,,,,,,,,,,
,,210290,,210290,,,,,,,,,,1,1,,,,,,,,,,,40,,,,,,,,,,,,,,,,,,,,,,,,,,,,,,,,,
,,110002,,110002,,,,,,,,,,1,1,,,,,,,,,,,60,,,,,,,,,,,,,,,,,,,,,,,,,,,,,,,,,
,,110003,,110003,,,,,,,,,,1,1,,,,,,,,,,,120,,,,,,,,,,,,,,,,,,,,,,,,,,,,,,,,,
,,110005,,110005,,,,,,,,,,1,1,,,,,,,,,,,60,,,,,,,,,,,,,,,,,,,,,,,,,,,,,,,,,
,,110006,,110006,,,,,,,,,,1,1,,,,,,,,,,,80,,,,,,,,,,,,,,,,,,,,,,,,,,,,,,,,,
,,110007,,110007,,,,,,,,,,1,1,,,,,,,,,,,80,,,,,,,,,,,,,,,,,,,,,,,,,,,,,,,,,
,,110009,,110009,,,,,,,,,,1,1,,,,,,,,,,,100,,,,,,,,,,,,,,,,,,,,,,,,,,,,,,,,,
,,110013,,110013,,,,,,,,,,1,1,,,,,,,,,,,60,,,,,,,,,,,,,,,,,,,,,,,,,,,,,,,,,
,,110014,,110014,,,,,,,,,,1,1,,,,,,,,,,,80,,,,,,,,,,,,,,,,,,,,,,,,,,,,,,,,,
,,110015,,110015,,,,,,,,,,1,1,,,,,,,,,,,60,,,,,,,,,,,,,,,,,,,,,,,,,,,,,,,,,
,,110017,,110017,,,,,,,,,,1,1,,,,,,,,,,,60,,,,,,,,,,,,,,,,,,,,,,,,,,,,,,,,,
,,110020,,110020,,,,,,,,,,1,1,,,,,,,,,,,80,,,,,,,,,,,,,,,,,,,,,,,,,,,,,,,,,
,,110023,,110023,,,,,,,,,,1,1,,,,,,,,,,,40,,,,,,,,,,,,,,,,,,,,,,,,,,,,,,,,,
,,110024,,110024,,,,,,,,,,1,1,,,,,,,,,,,40,,,,,,,,,,,,,,,,,,,,,,,,,,,,,,,,,
,,110025,,110025,,,,,,,,,,1,1,,,,,,,,,,,40,,,,,,,,,,,,,,,,,,,,,,,,,,,,,,,,,
,,110026,,110026,,,,,,,,,,1,1,,,,,,,,,,,60,,,,,,,,,,,,,,,,,,,,,,,,,,,,,,,,,
,,110027,,110027,,,,,,,,,,1,1,,,,,,,,,,,60,,,,,,,,,,,,,,,,,,,,,,,,,,,,,,,,,
,,110029,,110029,,,,,,,,,,1,1,,,,,,,,,,,60,,,,,,,,,,,,,,,,,,,,,,,,,,,,,,,,,
,,110032,,110032,,,,,,,,,,1,1,,,,,,,,,,,200,,,,,,,,,,,,,,,,,,,,,,,,,,,,,,,,,
,,110033,,110033,,,,,,,,,,1,1,,,,,,,,,,,60,,,,,,,,,,,,,,,,,,,,,,,,,,,,,,,,,
,,110035,,110035,,,,,,,,,,1,1,,,,,,,,,,,80,,,,,,,,,,,,,,,,,,,,,,,,,,,,,,,,,
,,110038,,110038,,,,,,,,,,1,1,,,,,,,,,,,60,,,,,,,,,,,,,,,,,,,,,,,,,,,,,,,,,
,,110039,,110039,,,,,,,,,,1,1,,,,,,,,,,,100,,,,,,,,,,,,,,,,,,,,,,,,,,,,,,,,,
,,110040,,110040,,,,,,,,,,1,1,,,,,,,,,,,60,,,,,,,,,,,,,,,,,,,,,,,,,,,,,,,,,
,,110041,,110041,,,,,,,,,,1,1,,,,,,,,,,,60,,,,,,,,,,,,,,,,,,,,,,,,,,,,,,,,,
,,110042,,110042,,,,,,,,,,1,1,,,,,,,,,,,60,,,,,,,,,,,,,,,,,,,,,,,,,,,,,,,,,
,,110044,,110044,,,,,,,,,,1,1,,,,,,,,,,,40,,,,,,,,,,,,,,,,,,,,,,,,,,,,,,,,,
,,110045,,110045,,,,,,,,,,1,1,,,,,,,,,,,60,,,,,,,,,,,,,,,,,,,,,,,,,,,,,,,,,
,,110047,,110047,,,,,,,,,,1,1,,,,,,,,,,,60,,,,,,,,,,,,,,,,,,,,,,,,,,,,,,,,,
,,110049,,110049,,,,,,,,,,1,1,,,,,,,,,,,60,,,,,,,,,,,,,,,,,,,,,,,,,,,,,,,,,
,,110050,,110050,,,,,,,,,,1,1,,,,,,,,,,,80,,,,,,,,,,,,,,,,,,,,,,,,,,,,,,,,,
,,110051,,110051,,,,,,,,,,1,1,,,,,,,,,,,60,,,,,,,,,,,,,,,,,,,,,,,,,,,,,,,,,
,,110052,,110052,,,,,,,,,,1,1,,,,,,,,,,,60,,,,,,,,,,,,,,,,,,,,,,,,,,,,,,,,,
,,110054,,110054,,,,,,,,,,1,1,,,,,,,,,,,60,,,,,,,,,,,,,,,,,,,,,,,,,,,,,,,,,
,,110056,,110056,,,,,,,,,,1,1,,,,,,,,,,,60,,,,,,,,,,,,,,,,,,,,,,,,,,,,,,,,,
,,110057,,110057,,,,,,,,,,1,1,,,,,,,,,,,60,,,,,,,,,,,,,,,,,,,,,,,,,,,,,,,,,
,,110059,,110059,,,,,,,,,,1,1,,,,,,,,,,,60,,,,,,,,,,,,,,,,,,,,,,,,,,,,,,,,,
,,110061,,110061,,,,,,,,,,1,1,,,,,,,,,,,60,,,,,,,,,,,,,,,,,,,,,,,,,,,,,,,,,
,,110062,,110062,,,,,,,,,,1,1,,,,,,,,,,,40,,,,,,,,,,,,,,,,,,,,,,,,,,,,,,,,,
,,110063,,110063,,,,,,,,,,1,1,,,,,,,,,,,40,,,,,,,,,,,,,,,,,,,,,,,,,,,,,,,,,
,,110064,,110064,,,,,,,,,,1,1,,,,,,,,,,,60,,,,,,,,,,,,,,,,,,,,,,,,,,,,,,,,,
,,110065,,110065,,,,,,,,,,1,1,,,,,,,,,,,40,,,,,,,,,,,,,,,,,,,,,,,,,,,,,,,,,
,,110066,,110066,,,,,,,,,,1,1,,,,,,,,,,,60,,,,,,,,,,,,,,,,,,,,,,,,,,,,,,,,,
,,110067,,110067,,,,,,,,,,1,1,,,,,,,,,,,60,,,,,,,,,,,,,,,,,,,,,,,,,,,,,,,,,
,,110068,,110068,,,,,,,,,,1,1,,,,,,,,,,,40,,,,,,,,,,,,,,,,,,,,,,,,,,,,,,,,,
,,110069,,110069,,,,,,,,,,1,1,,,,,,,,,,,40,,,,,,,,,,,,,,,,,,,,,,,,,,,,,,,,,
,,110070,,110070,,,,,,,,,,1,1,,,,,,,,,,,40,,,,,,,,,,,,,,,,,,,,,,,,,,,,,,,,,
,,110071,,110071,,,,,,,,,,1,1,,,,,,,,,,,60,,,,,,,,,,,,,,,,,,,,,,,,,,,,,,,,,
,,110072,,110072,,,,,,,,,,1,1,,,,,,,,,,,60,,,,,,,,,,,,,,,,,,,,,,,,,,,,,,,,,
,,110074,,110074,,,,,,,,,,1,1,,,,,,,,,,,40,,,,,,,,,,,,,,,,,,,,,,,,,,,,,,,,,
,,110075,,110075,,,,,,,,,,1,1,,,,,,,,,,,40,,,,,,,,,,,,,,,,,,,,,,,,,,,,,,,,,
,,110076,,110076,,,,,,,,,,1,1,,,,,,,,,,,40,,,,,,,,,,,,,,,,,,,,,,,,,,,,,,,,,
,,110077,,110077,,,,,,,,,,1,1,,,,,,,,,,,40,,,,,,,,,,,,,,,,,,,,,,,,,,,,,,,,,
,,110078,,110078,,,,,,,,,,1,1,,,,,,,,,,,40,,,,,,,,,,,,,,,,,,,,,,,,,,,,,,,,,
,,110079,,110079,,,,,,,,,,1,1,,,,,,,,,,,40,,,,,,,,,,,,,,,,,,,,,,,,,,,,,,,,,
,,110082,,110082,,,,,,,,,,1,1,,,,,,,,,,,60,,,,,,,,,,,,,,,,,,,,,,,,,,,,,,,,,
,,110083,,110083,,,,,,,,,,1,1,,,,,,,,,,,60,,,,,,,,,,,,,,,,,,,,,,,,,,,,,,,,,
,,110084,,110084,,,,,,,,,,1,1,,,,,,,,,,,60,,,,,,,,,,,,,,,,,,,,,,,,,,,,,,,,,
,,310002,,310002,,,,,,,,,,1,1,,,,,,,,,,,60,,,,,,,,,,,,,,,,,,,,,,,,,,,,,,,,,
,,310003,,310003,,,,,,,,,,1,1,,,,,,,,,,,60,,,,,,,,,,,,,,,,,,,,,,,,,,,,,,,,,
,,310005,,310005,,,,,,,,,,1,1,,,,,,,,,,,60,,,,,,,,,,,,,,,,,,,,,,,,,,,,,,,,,
,,310006,,310006,,,,,,,,,,1,1,,,,,,,,,,,40,,,,,,,,,,,,,,,,,,,,,,,,,,,,,,,,,
,,310007,,310007,,,,,,,,,,1,1,,,,,,,,,,,40,,,,,,,,,,,,,,,,,,,,,,,,,,,,,,,,,
,,310008,,310008,,,,,,,,,,1,1,,,,,,,,,,,40,,,,,,,,,,,,,,,,,,,,,,,,,,,,,,,,,
,,610030,,610030,,,,,,,,,,1,1,,,,,,,,,,,60,,,,,,,,,,,,,,,,,,,,,,,,,,,,,,,,,
,,710003,,710003,,,,,,,,,,1,1,,,,,,,,,,,100,,,,,,,,,,,,,,,,,,,,,,,,,,,,,,,,,
,,710006,,710006,,,,,,,,,,1,1,,,,,,,,,,,60,,,,,,,,,,,,,,,,,,,,,,,,,,,,,,,,,
,,710007,,710007,,,,,,,,,,1,1,,,,,,,,,,,60,,,,,,,,,,,,,,,,,,,,,,,,,,,,,,,,,
,,810001,,810001,,,,,,,,,,1,1,,,,,,,,,,,60,,,,,,,,,,,,,,,,,,,,,,,,,,,,,,,,,
,,810002,,810002,,,,,,,,,,1,1,,,,,,,,,,,60,,,,,,,,,,,,,,,,,,,,,,,,,,,,,,,,,
,,810004,,810004,,,,,,,,,,1,1,,,,,,,,,,,60,,,,,,,,,,,,,,,,,,,,,,,,,,,,,,,,,
,,810005,,810005,,,,,,,,,,1,1,,,,,,,,,,,60,,,,,,,,,,,,,,,,,,,,,,,,,,,,,,,,,
,,810006,,810006,,,,,,,,,,1,1,,,,,,,,,,,80,,,,,,,,,,,,,,,,,,,,,,,,,,,,,,,,,
,,810008,,810008,,,,,,,,,,1,1,,,,,,,,,,,80,,,,,,,,,,,,,,,,,,,,,,,,,,,,,,,,,
,,810009,,810009,,,,,,,,,,1,1,,,,,,,,,,,80,,,,,,,,,,,,,,,,,,,,,,,,,,,,,,,,,
,,810010,,810010,,,,,,,,,,1,1,,,,,,,,,,,80,,,,,,,,,,,,,,,,,,,,,,,,,,,,,,,,,
,,810011,,810011,,,,,,,,,,1,1,,,,,,,,,,,80,,,,,,,,,,,,,,,,,,,,,,,,,,,,,,,,,
,,810012,,810012,,,,,,,,,,1,1,,,,,,,,,,,60,,,,,,,,,,,,,,,,,,,,,,,,,,,,,,,,,
,,810013,,810013,,,,,,,,,,1,1,,,,,,,,,,,60,,,,,,,,,,,,,,,,,,,,,,,,,,,,,,,,,
,,810014,,810014,,,,,,,,,,1,1,,,,,,,,,,,60,,,,,,,,,,,,,,,,,,,,,,,,,,,,,,,,,
,,810015,,810015,,,,,,,,,,1,1,,,,,,,,,,,40,,,,,,,,,,,,,,,,,,,,,,,,,,,,,,,,,
,,810016,,810016,,,,,,,,,,1,1,,,,,,,,,,,40,,,,,,,,,,,,,,,,,,,,,,,,,,,,,,,,,
,,810017,,810017,,,,,,,,,,1,1,,,,,,,,,,,40,,,,,,,,,,,,,,,,,,,,,,,,,,,,,,,,,
,,810018,,810018,,,,,,,,,,1,1,,,,,,,,,,,40,,,,,,,,,,,,,,,,,,,,,,,,,,,,,,,,,
,,810019,,810019,,,,,,,,,,1,1,,,,,,,,,,,40,,,,,,,,,,,,,,,,,,,,,,,,,,,,,,,,,
,,810020,,810020,,,,,,,,,,1,1,,,,,,,,,,,40,,,,,,,,,,,,,,,,,,,,,,,,,,,,,,,,,
,,810021,,810021,,,,,,,,,,1,1,,,,,,,,,,,80,,,,,,,,,,,,,,,,,,,,,,,,,,,,,,,,,
,,810022,,810022,,,,,,,,,,1,1,,,,,,,,,,,100,,,,,,,,,,,,,,,,,,,,,,,,,,,,,,,,,
,,810023,,810023,,,,,,,,,,1,1,,,,,,,,,,,100,,,,,,,,,,,,,,,,,,,,,,,,,,,,,,,,,
,,910001,,910001,,,,,,,,,,1,1,,,,,,,,,,,80,,,,,,,,,,,,,,,,,,,,,,,,,,,,,,,,,
,,910002,,910002,,,,,,,,,,1,1,,,,,,,,,,,60,,,,,,,,,,,,,,,,,,,,,,,,,,,,,,,,,
,,910003,,910003,,,,,,,,,,1,1,,,,,,,,,,,80,,,,,,,,,,,,,,,,,,,,,,,,,,,,,,,,,
,,910004,,910004,,,,,,,,,,1,1,,,,,,,,,,,100,,,,,,,,,,,,,,,,,,,,,,,,,,,,,,,,,
,,910006,,910006,,,,,,,,,,1,1,,,,,,,,,,,100,,,,,,,,,,,,,,,,,,,,,,,,,,,,,,,,,
,,910007,,910007,,,,,,,,,,1,1,,,,,,,,,,,40,,,,,,,,,,,,,,,,,,,,,,,,,,,,,,,,,
,,910008,,910008,,,,,,,,,,1,1,,,,,,,,,,,255,,,,,,,,,,,,,,,,,,,,,,,,,,,,,,,,,
,,910010,,910010,,,,,,,,,,1,1,,,,,,,,,,,40,,,,,,,,,,,,,,,,,,,,,,,,,,,,,,,,,
,,910011,,910011,,,,,,,,,,1,1,,,,,,,,,,,40,,,,,,,,,,,,,,,,,,,,,,,,,,,,,,,,,
,,910012,,910012,,,,,,,,,,1,1,,,,,,,,,,,60,,,,,,,,,,,,,,,,,,,,,,,,,,,,,,,,,
,,910014,,910014,,,,,,,,,,1,1,,,,,,,,,,,40,,,,,,,,,,,,,,,,,,,,,,,,,,,,,,,,,
,,910013,,910013,,,,,,,,,,1,1,,,,,,,,,,,60,,,,,,,,,,,,,,,,,,,,,,,,,,,,,,,,,
,,910016,,910016,,,,,,,,,,1,1,,,,,,,,,,,40,,,,,,,,,,,,,,,,,,,,,,,,,,,,,,,,,
,,910019,,910019,,,,,,,,,,1,1,,,,,,,,,,,40,,,,,,,,,,,,,,,,,,,,,,,,,,,,,,,,,
,,910021,,910021,,,,,,,,,,1,1,,,,,,,,,,,40,,,,,,,,,,,,,,,,,,,,,,,,,,,,,,,,,
,,910020,,910020,,,,,,,,,,1,1,,,,,,,,,,,60,,,,,,,,,,,,,,,,,,,,,,,,,,,,,,,,,
,,910024,,910024,,,,,,,,,,1,1,,,,,,,,,,,40,,,,,,,,,,,,,,,,,,,,,,,,,,,,,,,,,
,,910025,,910025,,,,,,,,,,1,1,,,,,,,,,,,40,,,,,,,,,,,,,,,,,,,,,,,,,,,,,,,,,
,,910026,,910026,,,,,,,,,,1,1,,,,,,,,,,,40,,,,,,,,,,,,,,,,,,,,,,,,,,,,,,,,,
,,910028,,910028,,,,,,,,,,1,1,,,,,,,,,,,40,,,,,,,,,,,,,,,,,,,,,,,,,,,,,,,,,
,,910029,,910029,,,,,,,,,,1,1,,,,,,,,,,,40,,,,,,,,,,,,,,,,,,,,,,,,,,,,,,,,,
,,910030,,910030,,,,,,,,,,1,1,,,,,,,,,,,40,,,,,,,,,,,,,,,,,,,,,,,,,,,,,,,,,
,,910040,,910040,,,,,,,,,,1,1,,,,,,,,,,,40,,,,,,,,,,,,,,,,,,,,,,,,,,,,,,,,,
,,1010001,,1010001,,,,,,,,,,1,1,,,,,,,,,,,60,,,,,,,,,,,,,,,,,,,,,,,,,,,,,,,,,
,,1010002,,1010002,,,,,,,,,,1,1,,,,,,,,,,,40,,,,,,,,,,,,,,,,,,,,,,,,,,,,,,,,,
,,1010003,,1010003,,,,,,,,,,1,1,,,,,,,,,,,40,,,,,,,,,,,,,,,,,,,,,,,,,,,,,,,,,
,,1010007,,1010007,,,,,,,,,,1,1,,,,,,,,,,,60,,,,,,,,,,,,,,,,,,,,,,,,,,,,,,,,,
,,1010009,,1010009,,,,,,,,,,1,1,,,,,,,,,,,60,,,,,,,,,,,,,,,,,,,,,,,,,,,,,,,,,
,,1010011,,1010011,,,,,,,,,,1,1,,,,,,,,,,,60,,,,,,,,,,,,,,,,,,,,,,,,,,,,,,,,,
,,1010013,,1010013,,,,,,,,,,1,1,,,,,,,,,,,60,,,,,,,,,,,,,,,,,,,,,,,,,,,,,,,,,
,,1010014,,1010014,,,,,,,,,,1,1,,,,,,,,,,,60,,,,,,,,,,,,,,,,,,,,,,,,,,,,,,,,,
,,1010016,,1010016,,,,,,,,,,1,1,,,,,,,,,,,80,,,,,,,,,,,,,,,,,,,,,,,,,,,,,,,,,
,,1010018,,1010018,,,,,,,,,,1,1,,,,,,,,,,,80,,,,,,,,,,,,,,,,,,,,,,,,,,,,,,,,,
,,1010021,,1010021,,,,,,,,,,1,1,,,,,,,,,,,80,,,,,,,,,,,,,,,,,,,,,,,,,,,,,,,,,
,,1010023,,1010023,,,,,,,,,,1,1,,,,,,,,,,,80,,,,,,,,,,,,,,,,,,,,,,,,,,,,,,,,,
,,1010024,,1010024,,,,,,,,,,1,1,,,,,,,,,,,80,,,,,,,,,,,,,,,,,,,,,,,,,,,,,,,,,
,,1010025,,1010025,,,,,,,,,,1,1,,,,,,,,,,,80,,,,,,,,,,,,,,,,,,,,,,,,,,,,,,,,,
,,900112,,Music For mothers and babies ดนตรีฟังสบายๆสำหรับคุณแม่และลูกน้อย,,,,,,,,,,1,1,,,,,,,,,,,240,,,,,,,,,,,,,,,,,,,,,,,,,,,,,,,,,
,,900116,,Kids Flying safe with kids made easy สายขาดรัดเพื่อความปลอดภัยของเด็กๆบนเครื่องบิน,,,,,,,,,,1,1,,,,,,,,,,,2400,,,,,,,,,,,,,,,,,,,,,,,,,,,,,,,,,
,,900110,,DVD Bob the Builder ภาพยนต์การ์ตูนสอดแทรกความรู้ Bob ตอน สมบัติของสแครชและเรื่องราวต่างๆ,,,,,,,,,,1,1,,,,,,,,,,,95,,,,,,,,,,,,,,,,,,,,,,,,,,,,,,,,,
,,900104,,The happiest baby on the block เคล็ดลับจากผู้เชี่ยวชาญ เพื่อเพิ่มความสุขให้ลูกน้อย,,,,,,,,,,1,1,,,,,,,,,,,180,,,,,,,,,,,,,,,,,,,,,,,,,,,,,,,,,
,,900107,,VCD Animation increase english skills วีซีดีเรียนคำศัพท์ภาษาอังกฤษ,,,,,,,,,,1,1,,,,,,,,,,,40,,,,,,,,,,,,,,,,,,,,,,,,,,,,,,,,,
,,900118,,DVD learning materials (Burney) สื่อการเรียนรู้คุณภาพพัฒนา IQ และ EQ แพค5,,,,,,,,,,1,1,,,,,,,,,,,500,,,,,,,,,,,,,,,,,,,,,,,,,,,,,,,,,
,,900108,,DVD Halloween Spooktacular การ์ตูนเพิ่มทักษะการเรียนรู้ภาษาอังกฤษสำหรับเด็ก,,,,,,,,,,1,1,,,,,,,,,,,120,,,,,,,,,,,,,,,,,,,,,,,,,,,,,,,,,
,,900109,,DVD Mid Road Gang มะหมา4ขาครับ,,,,,,,,,,1,1,,,,,,,,,,,155,,,,,,,,,,,,,,,,,,,,,,,,,,,,,,,,,
,,900111,,VCD English Fun With Hello Kango รวมเพลงภาษาอังกฤษสำหรับเด็กเล็ก,,,,,,,,,,1,1,,,,,,,,,,,80,,,,,,,,,,,,,,,,,,,,,,,,,,,,,,,,,
,,900115,,BABY(TODDLER) เลกกิ้ง HEATTECH,,,,,,,,,,1,1,,,,,,,,,,,40,,,,,,,,,,,,,,,,,,,,,,,,,,,,,,,,,
,,900120,,Crib bedding ผ้ารองนอนกันเปื้อนสำหรับเด็ก,,,,,,,,,,1,1,,,,,,,,,,,180,,,,,,,,,,,,,,,,,,,,,,,,,,,,,,,,,
,,1100017,,Disney Princess Water Bottle กระบอกน้ำเจ้าหญิงดิสนีย์แบบพกพาสำหรับเด็ก,,,,,,,,,,1,1,,,,,,,,,,,425,,,,,,,,,,,,,,,,,,,,,,,,,,,,,,,,,
,,1100020,,1100020,,,,,,,,,,1,1,,,,,,,,,,,160,,,,,,,,,,,,,,,,,,,,,,,,,,,,,,,,,
,,1100018,,Box for candy Anpanman กล่อง(Anpanman)อเนกประสงค์สหรับใส่ขนม,,,,,,,,,,1,1,,,,,,,,,,,920,,,,,,,,,,,,,,,,,,,,,,,,,,,,,,,,,
,,1100019,,Freestyle Spare parts kit ชิ้นส่วนอะไหล่สำหรับเครื่องปั๊มนมคุณแม่,,,,,,,,,,1,1,,,,,,,,,,,1040,,,,,,,,,,,,,,,,,,,,,,,,,,,,,,,,,
,,1100007,,Mifold Portable car seat คาร์ซีทพับได้ พกพาสะดวก,,,,,,,,,,1,1,,,,,,,,,,,2395,,,,,,,,,,,,,,,,,,,,,,,,,,,,,,,,,
,,1100006,,Bugaboo Bee breezy sun canopy ที่กันแดดสำหรับรถเข็นเด็ก,,,,,,,,,,1,1,,,,,,,,,,,280,,,,,,,,,,,,,,,,,,,,,,,,,,,,,,,,,
,,300057,,Kenzo Kids Shirt เสื้อยืดเคนโซ่,,,,,,,,,,1,1,,,,,,,,,,,810,,,,,,,,,,,,,,,,,,,,,,,,,,,,,,,,,
,,300056,,Baby Body suit ชุดบอดี้สูทแขนกุด,,,,,,,,,,1,1,,,,,,,,,,,600,,,,,,,,,,,,,,,,,,,,,,,,,,,,,,,,,
,,900114,,Star Kids Snack & Play โต๊ะเขียนหนังสือยึดติดกับคาร์ซีทสำหรับเด็ก,,,,,,,,,,1,1,,,,,,,,,,,880,,,,,,,,,,,,,,,,,,,,,,,,,,,,,,,,,
,,310010,,Kids Academy ชุดเซ็ตเสื้อเชิ้ตแขนสั้นลายตารางและกางเกงขาสั้นสีกรม,,,,,,,,,,1,1,,,,,,,,,,,80,,,,,,,,,,,,,,,,,,,,,,,,,,,,,,,,,
,,300078,,long-sleeved shirt SANRIO Kerokerokerop เสื้อแขนยาวเด็กผู้ชายลายเคโรโร๊ะ,,,,,,,,,,1,1,,,,,,,,,,,60,,,,,,,,,,,,,,,,,,,,,,,,,,,,,,,,,
,,300079,,leggings กางเกงเลคกิ้ง Uniqlo สำหรับเด็กผู้ชาย,,,,,,,,,,1,1,,,,,,,,,,,60,,,,,,,,,,,,,,,,,,,,,,,,,,,,,,,,,
,,300080,,Long Pants SANRIO กางเกงยาวขาจั๊ม เด็กผู้ชาย,,,,,,,,,,1,1,,,,,,,,,,,300,,,,,,,,,,,,,,,,,,,,,,,,,,,,,,,,,
,,300082,,BABY (NEWBORN) Uniqlo ชุดบอดี้สูทแขนสั้น ลายทางเขียวฟ้า,,,,,,,,,,1,1,,,,,,,,,,,65,,,,,,,,,,,,,,,,,,,,,,,,,,,,,,,,,
,,300083,,BABY (NEWBORN) Uniqlo ชุดบอดี้สูทแขนสั้น ลายคลื่นสีฟ้า,,,,,,,,,,1,1,,,,,,,,,,,65,,,,,,,,,,,,,,,,,,,,,,,,,,,,,,,,,
,,100217,,เสื้อยืดสีม่วงพลาสเทลลายปักแก้วน้ำเก๋ๆ pastel purple t-shirt,,,,,,,,,,1,1,,,,,,,,,,,60,,,,,,,,,,,,,,,,,,,,,,,,,,,,,,,,,
,,100211,,Round Neck White T-shirtเสื้อยืดลายรถกู้ภัย,,,,,,,,,,1,1,,,,,,,,,,,120,,,,,,,,,,,,,,,,,,,,,,,,,,,,,,,,,
,,100212,,Summer stretcherเสื้อยืดแขนสั้นเด็กผู้ชายสำหรับฤดูร้อน,,,,,,,,,,1,1,,,,,,,,,,,80,,,,,,,,,,,,,,,,,,,,,,,,,,,,,,,,,
,,100222,,Cotton round neck short sleeve striped t-shirtเสื้อยืดลายทางม่วงขาว,,,,,,,,,,1,1,,,,,,,,,,,120,,,,,,,,,,,,,,,,,,,,,,,,,,,,,,,,,
,,100218,,Cotton round neck short sleeve striped t-shirtเสื้อยืดคอกลมลายขวาง,,,,,,,,,,1,1,,,,,,,,,,,80,,,,,,,,,,,,,,,,,,,,,,,,,,,,,,,,,
,,100219,,Round Neck Kids T-shirt striped short sleeveเสื้อยืดเด็กคอกลม แขนสั้นลายทาง,,,,,,,,,,1,1,,,,,,,,,,,390,,,,,,,,,,,,,,,,,,,,,,,,,,,,,,,,,
,,100221,,Zara Button-down Collar T-shirt เสื้อยืด Zara คอติดกระดุมแขนสั้น,,,,,,,,,,1,1,,,,,,,,,,,105,,,,,,,,,,,,,,,,,,,,,,,,,,,,,,,,,
,,100209,,Polo shirt cotton on gradient color blue and whiteเสื้อคอปกลายสีฟ้าขาว,,,,,,,,,,1,1,,,,,,,,,,,135,,,,,,,,,,,,,,,,,,,,,,,,,,,,,,,,,
,,100207,,"Polo T-shirt, Bear print เสื้อยืดโปโลลายน้องหมีน่ารักๆ",,,,,,,,,,1,1,,,,,,,,,,,100,,,,,,,,,,,,,,,,,,,,,,,,,,,,,,,,,
,,100215,,Toddler Boys Cartoon Crab Striped Swimsuitชุดว่ายน้ำเด็กผู้ชายลายการ์ตูนปู,,,,,,,,,,1,1,,,,,,,,,,,360,,,,,,,,,,,,,,,,,,,,,,,,,,,,,,,,,
,,100223,,Kids Captain America Swimwear Bodysuitชุดว่ายน้ำเด็ก,,,,,,,,,,1,1,,,,,,,,,,,290,,,,,,,,,,,,,,,,,,,,,,,,,,,,,,,,,
,,100224,,Kids Captain America Swimwear Bodysuitชุดว่ายน้ำเด็ก Captain America ชุดบอดี้สูท,,,,,,,,,,1,1,,,,,,,,,,,290,,,,,,,,,,,,,,,,,,,,,,,,,,,,,,,,,
,,110092,,110092,,,,,,,,,,1,1,,,,,,,,,,,60,,,,,,,,,,,,,,,,,,,,,,,,,,,,,,,,,
,,110090,,110090,,,,,,,,,,1,1,,,,,,,,,,,80,,,,,,,,,,,,,,,,,,,,,,,,,,,,,,,,,
,,110089,,110089,,,,,,,,,,1,1,,,,,,,,,,,60,,,,,,,,,,,,,,,,,,,,,,,,,,,,,,,,,
,,110085,,110085,,,,,,,,,,1,1,,,,,,,,,,,120,,,,,,,,,,,,,,,,,,,,,,,,,,,,,,,,,
,,110086,,110086,,,,,,,,,,1,1,,,,,,,,,,,120,,,,,,,,,,,,,,,,,,,,,,,,,,,,,,,,,
,,110087,,110087,,,,,,,,,,1,1,,,,,,,,,,,120,,,,,,,,,,,,,,,,,,,,,,,,,,,,,,,,,
,,110097,,110097,,,,,,,,,,1,1,,,,,,,,,,,120,,,,,,,,,,,,,,,,,,,,,,,,,,,,,,,,,
,,110104,,110104,,,,,,,,,,1,1,,,,,,,,,,,180,,,,,,,,,,,,,,,,,,,,,,,,,,,,,,,,,
,,110095,,110095,,,,,,,,,,1,1,,,,,,,,,,,180,,,,,,,,,,,,,,,,,,,,,,,,,,,,,,,,,
,,110094,,110094,,,,,,,,,,1,1,,,,,,,,,,,120,,,,,,,,,,,,,,,,,,,,,,,,,,,,,,,,,
,,110100,,110100,,,,,,,,,,1,1,,,,,,,,,,,180,,,,,,,,,,,,,,,,,,,,,,,,,,,,,,,,,
,,110099,,110099,,,,,,,,,,1,1,,,,,,,,,,,120,,,,,,,,,,,,,,,,,,,,,,,,,,,,,,,,,
,,110101,,110101,,,,,,,,,,1,1,,,,,,,,,,,180,,,,,,,,,,,,,,,,,,,,,,,,,,,,,,,,,
,,110098,,110098,,,,,,,,,,1,1,,,,,,,,,,,180,,,,,,,,,,,,,,,,,,,,,,,,,,,,,,,,,
,,110103,,110103,,,,,,,,,,1,1,,,,,,,,,,,180,,,,,,,,,,,,,,,,,,,,,,,,,,,,,,,,,
,,110102,,110102,,,,,,,,,,1,1,,,,,,,,,,,180,,,,,,,,,,,,,,,,,,,,,,,,,,,,,,,,,
,,100226,,Mickey Shoes รองเท้าผ้าใบลายมิกกี้,,,,,,,,,,1,1,,,,,,,,,,,450,,,,,,,,,,,,,,,,,,,,,,,,,,,,,,,,,
,,100231,,Kids Casual Shoes รองเท้าลำลองเด็ก,,,,,,,,,,1,1,,,,,,,,,,,645,,,,,,,,,,,,,,,,,,,,,,,,,,,,,,,,,
,,100230,,Mickey Mouse Boys Shoes รองเท้าเด็กผู้ชายลายมิกกี้เมาส์,,,,,,,,,,1,1,,,,,,,,,,,925,,,,,,,,,,,,,,,,,,,,,,,,,,,,,,,,,
,,110131,,110131,,,,,,,,,,1,1,,,,,,,,,,,90,,,,,,,,,,,,,,,,,,,,,,,,,,,,,,,,,
,,110128,,110128,,,,,,,,,,1,1,,,,,,,,,,,90,,,,,,,,,,,,,,,,,,,,,,,,,,,,,,,,,
,,110129,,110129,,,,,,,,,,1,1,,,,,,,,,,,90,,,,,,,,,,,,,,,,,,,,,,,,,,,,,,,,,
,,110135,,110135,,,,,,,,,,1,1,,,,,,,,,,,90,,,,,,,,,,,,,,,,,,,,,,,,,,,,,,,,,
,,110134,,110134,,,,,,,,,,1,1,,,,,,,,,,,90,,,,,,,,,,,,,,,,,,,,,,,,,,,,,,,,,
,,110132,,110132,,,,,,,,,,1,1,,,,,,,,,,,90,,,,,,,,,,,,,,,,,,,,,,,,,,,,,,,,,
,,110130,,110130,,,,,,,,,,1,1,,,,,,,,,,,90,,,,,,,,,,,,,,,,,,,,,,,,,,,,,,,,,
,,110140,,110140,,,,,,,,,,1,1,,,,,,,,,,,50,,,,,,,,,,,,,,,,,,,,,,,,,,,,,,,,,
,,110136,,110136,,,,,,,,,,1,1,,,,,,,,,,,70,,,,,,,,,,,,,,,,,,,,,,,,,,,,,,,,,
,,110141,,110141,,,,,,,,,,1,1,,,,,,,,,,,50,,,,,,,,,,,,,,,,,,,,,,,,,,,,,,,,,
,,110143,,110143,,,,,,,,,,1,1,,,,,,,,,,,50,,,,,,,,,,,,,,,,,,,,,,,,,,,,,,,,,
,,110137,,110137,,,,,,,,,,1,1,,,,,,,,,,,70,,,,,,,,,,,,,,,,,,,,,,,,,,,,,,,,,
,,110138,,110138,,,,,,,,,,1,1,,,,,,,,,,,70,,,,,,,,,,,,,,,,,,,,,,,,,,,,,,,,,
,,110142,,110142,,,,,,,,,,1,1,,,,,,,,,,,50,,,,,,,,,,,,,,,,,,,,,,,,,,,,,,,,,
,,110144,,110144,,,,,,,,,,1,1,,,,,,,,,,,40,,,,,,,,,,,,,,,,,,,,,,,,,,,,,,,,,
,,110145,,110145,,,,,,,,,,1,1,,,,,,,,,,,50,,,,,,,,,,,,,,,,,,,,,,,,,,,,,,,,,
,,110105,,110105,,,,,,,,,,1,1,,,,,,,,,,,40,,,,,,,,,,,,,,,,,,,,,,,,,,,,,,,,,
,,110106,,110106,,,,,,,,,,1,1,,,,,,,,,,,100,,,,,,,,,,,,,,,,,,,,,,,,,,,,,,,,,
,,110107,,110107,,,,,,,,,,1,1,,,,,,,,,,,100,,,,,,,,,,,,,,,,,,,,,,,,,,,,,,,,,
,,110108,,110108,,,,,,,,,,1,1,,,,,,,,,,,100,,,,,,,,,,,,,,,,,,,,,,,,,,,,,,,,,
,,110109,,110109,,,,,,,,,,1,1,,,,,,,,,,,100,,,,,,,,,,,,,,,,,,,,,,,,,,,,,,,,,
,,110110,,110110,,,,,,,,,,1,1,,,,,,,,,,,100,,,,,,,,,,,,,,,,,,,,,,,,,,,,,,,,,
,,110111,,110111,,,,,,,,,,1,1,,,,,,,,,,,100,,,,,,,,,,,,,,,,,,,,,,,,,,,,,,,,,
,,110112,,110112,,,,,,,,,,1,1,,,,,,,,,,,100,,,,,,,,,,,,,,,,,,,,,,,,,,,,,,,,,
,,110113,,110113,,,,,,,,,,1,1,,,,,,,,,,,100,,,,,,,,,,,,,,,,,,,,,,,,,,,,,,,,,
,,110114,,110114,,,,,,,,,,1,1,,,,,,,,,,,100,,,,,,,,,,,,,,,,,,,,,,,,,,,,,,,,,
,,110115,,110115,,,,,,,,,,1,1,,,,,,,,,,,100,,,,,,,,,,,,,,,,,,,,,,,,,,,,,,,,,
,,110116,,110116,,,,,,,,,,1,1,,,,,,,,,,,100,,,,,,,,,,,,,,,,,,,,,,,,,,,,,,,,,
,,110117,,110117,,,,,,,,,,1,1,,,,,,,,,,,100,,,,,,,,,,,,,,,,,,,,,,,,,,,,,,,,,
,,110118,,110118,,,,,,,,,,1,1,,,,,,,,,,,100,,,,,,,,,,,,,,,,,,,,,,,,,,,,,,,,,
,,110119,,110119,,,,,,,,,,1,1,,,,,,,,,,,100,,,,,,,,,,,,,,,,,,,,,,,,,,,,,,,,,
,,110120,,110120,,,,,,,,,,1,1,,,,,,,,,,,100,,,,,,,,,,,,,,,,,,,,,,,,,,,,,,,,,
,,110121,,110121,,,,,,,,,,1,1,,,,,,,,,,,100,,,,,,,,,,,,,,,,,,,,,,,,,,,,,,,,,
,,110122,,110122,,,,,,,,,,1,1,,,,,,,,,,,100,,,,,,,,,,,,,,,,,,,,,,,,,,,,,,,,,
,,110123,,110123,,,,,,,,,,1,1,,,,,,,,,,,100,,,,,,,,,,,,,,,,,,,,,,,,,,,,,,,,,
,,110124,,110124,,,,,,,,,,1,1,,,,,,,,,,,100,,,,,,,,,,,,,,,,,,,,,,,,,,,,,,,,,
,,110125,,110125,,,,,,,,,,1,1,,,,,,,,,,,60,,,,,,,,,,,,,,,,,,,,,,,,,,,,,,,,,
,,100239,,Crocs Fun Lab Lightning McQueen Lights Clog รองเท้าลำลองเด็กผู้ชาย ลายแม็คควีน,,,,,,,,,,1,1,,,,,,,,,,,990,,,,,,,,,,,,,,,,,,,,,,,,,,,,,,,,,
,,100241,,Adidas Superstar Black รองเท้าลำลองเด็ก,,,,,,,,,,1,1,,,,,,,,,,,600,,,,,,,,,,,,,,,,,,,,,,,,,,,,,,,,,
,,100240,,Crocs Fun Lab Spider-Man Lights Clog รองเท้าลำลองเด็กผู้ชาย,,,,,,,,,,1,1,,,,,,,,,,,1095,,,,,,,,,,,,,,,,,,,,,,,,,,,,,,,,,
,,100235,,Adidas Active Play Mickey Shoes รองเท้ามิกกี้แอคทีฟเพลย์,,,,,,,,,,1,1,,,,,,,,,,,800,,,,,,,,,,,,,,,,,,,,,,,,,,,,,,,,,
,,100234,,Adidas Altaventure รองเท้าแตะ,,,,,,,,,,1,1,,,,,,,,,,,550,,,,,,,,,,,,,,,,,,,,,,,,,,,,,,,,,
,,100238,,Crocs Fun Lab Disney And Pixar Cars Band Clog รองเท้าลำลองเด็ก,,,,,,,,,,1,1,,,,,,,,,,,890,,,,,,,,,,,,,,,,,,,,,,,,,,,,,,,,,
,,100237,,Kids Casual Shoes Mickey Mouse Pattern รองเท้าลำลองเด็ก ลายมิกกี้เม้าส์,,,,,,,,,,1,1,,,,,,,,,,,890,,,,,,,,,,,,,,,,,,,,,,,,,,,,,,,,,
,,100242,,Toddler Sandals รองเท้าแตะรัดส้นเด็ก,,,,,,,,,,1,1,,,,,,,,,,,400,,,,,,,,,,,,,,,,,,,,,,,,,,,,,,,,,
,,100243,,Toddler Sandals รองเท้าแตะรัดส้นเด็ก,,,,,,,,,,1,1,,,,,,,,,,,400,,,,,,,,,,,,,,,,,,,,,,,,,,,,,,,,,
,,100244,,Ralph Lauren Polo Shirt เสื้อเชิ้ตคอปกโปโลสีชมพู,,,,,,,,,,1,1,,,,,,,,,,,360,,,,,,,,,,,,,,,,,,,,,,,,,,,,,,,,,
,,100248,,Ralph Lauren Polo Shirt เสื้อเชิ้ตคอปกโปโลสีฟ้า,,,,,,,,,,1,1,,,,,,,,,,,360,,,,,,,,,,,,,,,,,,,,,,,,,,,,,,,,,
,,100249,,Ralph Lauren Polo Shirt เสื้อเชิ้ตคอปกโปโลสีน้ำเงิน,,,,,,,,,,1,1,,,,,,,,,,,360,,,,,,,,,,,,,,,,,,,,,,,,,,,,,,,,,
,,100250,,Ralph Lauren Polo Shirt เสื้อเชิ้ตคอปกโปโลสีกรม,,,,,,,,,,1,1,,,,,,,,,,,300,,,,,,,,,,,,,,,,,,,,,,,,,,,,,,,,,
,,100251,,Ralph Lauren Polo Shirt เสื้อเชิ้ตคอปกโปโลสีชมพู,,,,,,,,,,1,1,,,,,,,,,,,300,,,,,,,,,,,,,,,,,,,,,,,,,,,,,,,,,
,,100252,,Ralph Lauren Polo Shirt เสื้อเชิ้ตคอปกโปโลสีเหลือง,,,,,,,,,,1,1,,,,,,,,,,,360,,,,,,,,,,,,,,,,,,,,,,,,,,,,,,,,,
,,100253,,Ralph Lauren Polo Shirt เสื้อเชิ้ตคอปกโปโลสีน้ำเงิน,,,,,,,,,,1,1,,,,,,,,,,,360,,,,,,,,,,,,,,,,,,,,,,,,,,,,,,,,,
,,100254,,Ralph Lauren Polo Shirt เสื้อเชิ้ตคอปกโปโลสีแดง,,,,,,,,,,1,1,,,,,,,,,,,360,,,,,,,,,,,,,,,,,,,,,,,,,,,,,,,,,
,,100261,,Disney Mickey Mouse Scary Cute เสื้อแขนสั้นลายมิกกี้เมาส์,,,,,,,,,,1,1,,,,,,,,,,,120,,,,,,,,,,,,,,,,,,,,,,,,,,,,,,,,,
,,100262,,Disney Mickey Mouse Scary Cute เสื้อแขนสั้นลายมิกกี้เมาส์,,,,,,,,,,1,1,,,,,,,,,,,60,,,,,,,,,,,,,,,,,,,,,,,,,,,,,,,,,
,,100263,,T-Shirt Respect The Ocean Dude เสื้อยืดแขนสั้น,,,,,,,,,,1,1,,,,,,,,,,,190,,,,,,,,,,,,,,,,,,,,,,,,,,,,,,,,,
,,100264,,T-Shirt 3 Dinosaurs เสื้อยืดลายไดโนเสาร์3ตัว,,,,,,,,,,1,1,,,,,,,,,,,190,,,,,,,,,,,,,,,,,,,,,,,,,,,,,,,,,
,,100266,,T-Shirt Dinosaur Play Skateboard เสื้อยืดลายไดโนเสาร์เล่นสเก็ตบอร์ด,,,,,,,,,,1,1,,,,,,,,,,,190,,,,,,,,,,,,,,,,,,,,,,,,,,,,,,,,,
,,100267,,T-Shirt Blue White เสื้อยืดแขนสั้น,,,,,,,,,,1,1,,,,,,,,,,,100,,,,,,,,,,,,,,,,,,,,,,,,,,,,,,,,,
,,100268,,T-Shirt Blue White เสื้อยืดแขนสั้น,,,,,,,,,,1,1,,,,,,,,,,,190,,,,,,,,,,,,,,,,,,,,,,,,,,,,,,,,,
,,100270,,T-Shirt Respect The Ocean Dude เสื้อยืดแขนสั้น,,,,,,,,,,1,1,,,,,,,,,,,190,,,,,,,,,,,,,,,,,,,,,,,,,,,,,,,,,
,,100258,,Boys Swimming Trunks กางเกงว่ายน้ำเด็กผู้ชาย,,,,,,,,,,1,1,,,,,,,,,,,100,,,,,,,,,,,,,,,,,,,,,,,,,,,,,,,,,
,,100259,,Boys Swimming Trunks กางเกงว่ายน้ำเด็กผู้ชาย,,,,,,,,,,1,1,,,,,,,,,,,295,,,,,,,,,,,,,,,,,,,,,,,,,,,,,,,,,
,,100260,,Boys Swimming Trunks กางเกงว่ายน้ำเด็กผู้ชาย,,,,,,,,,,1,1,,,,,,,,,,,295,,,,,,,,,,,,,,,,,,,,,,,,,,,,,,,,,
,,100256,,Halloween Pumpkin T-Shirt เสื้อยืดลายฟักทองฮัลโลวีน,,,,,,,,,,1,1,,,,,,,,,,,190,,,,,,,,,,,,,,,,,,,,,,,,,,,,,,,,,
,,100255,,Halloween Pumpkin T-Shirt เสื้อยืดลายฟักทองฮัลโลวีน,,,,,,,,,,1,1,,,,,,,,,,,100,,,,,,,,,,,,,,,,,,,,,,,,,,,,,,,,,
,,100281,,T-Shirt เสื้อยืดลายทาง,,,,,,,,,,1,1,,,,,,,,,,,120,,,,,,,,,,,,,,,,,,,,,,,,,,,,,,,,,
,,100280,,T-Shirt เสื้อยืดสีกรมลายแว่นตาที่กระเป๋า,,,,,,,,,,1,1,,,,,,,,,,,60,,,,,,,,,,,,,,,,,,,,,,,,,,,,,,,,,
,,100279,,T-Shirt เสื้อยืดสีกรมลายแว่นตาที่กระเป๋า,,,,,,,,,,1,1,,,,,,,,,,,100,,,,,,,,,,,,,,,,,,,,,,,,,,,,,,,,,
,,100278,,T-Shirt เสื้อยืดสีดำลายมิกกี้เมาส์ที่กระเป๋า,,,,,,,,,,1,1,,,,,,,,,,,120,,,,,,,,,,,,,,,,,,,,,,,,,,,,,,,,,
,,100277,,Ticking Stipe Shorts กางเกงขาสั้นลายทาง,,,,,,,,,,1,1,,,,,,,,,,,120,,,,,,,,,,,,,,,,,,,,,,,,,,,,,,,,,
,,100275,,Toddler Pull-On Shorts กางเกงขาสั้นเด็ก,,,,,,,,,,1,1,,,,,,,,,,,295,,,,,,,,,,,,,,,,,,,,,,,,,,,,,,,,,
,,100273,,Boys Short Trousers กางเกงขาสั้นเด็กผู้ชาย,,,,,,,,,,1,1,,,,,,,,,,,200,,,,,,,,,,,,,,,,,,,,,,,,,,,,,,,,,
,,100272,,Baby Knit Denim Pants กางเกงยีนส์เด็กถัก,,,,,,,,,,1,1,,,,,,,,,,,200,,,,,,,,,,,,,,,,,,,,,,,,,,,,,,,,,
,,100271,,Baby Organic Cotton Rib Pants กางเกงผ้าฝ้ายออร์แกนิคเด็ก,,,,,,,,,,1,1,,,,,,,,,,,120,,,,,,,,,,,,,,,,,,,,,,,,,,,,,,,,,
,,100286,,Baby Cotton Pants กางเกงผ้าฝ้ายเด็ก,,,,,,,,,,1,1,,,,,,,,,,,120,,,,,,,,,,,,,,,,,,,,,,,,,,,,,,,,,
,,100285,,Baby Organic Cotton Jeans กางเกงยีนส์เด็กผ้าฝ้ายออร์แกนิค,,,,,,,,,,1,1,,,,,,,,,,,290,,,,,,,,,,,,,,,,,,,,,,,,,,,,,,,,,
,,100284,,Denim Joggers กางเกงจ๊อกเกอร์ยีนส์,,,,,,,,,,1,1,,,,,,,,,,,390,,,,,,,,,,,,,,,,,,,,,,,,,,,,,,,,,
,,100283,,Relaxed Fit Jeans กางเกงยีนส์ทรงรีแลกซ์,,,,,,,,,,1,1,,,,,,,,,,,290,,,,,,,,,,,,,,,,,,,,,,,,,,,,,,,,,
,,100282,,Baby Balloon Denim Jean กางเกงยีนส์ทรงบอลลูนเด็ก,,,,,,,,,,1,1,,,,,,,,,,,300,,,,,,,,,,,,,,,,,,,,,,,,,,,,,,,,,
,,100292,,Boys Swim Shirt เสื้อว่ายน้ำเด็กผู้ชาย,,,,,,,,,,1,1,,,,,,,,,,,100,,,,,,,,,,,,,,,,,,,,,,,,,,,,,,,,,
,,100291,,Boys Swim Shirt เสื้อว่ายน้ำเด็กผู้ชาย,,,,,,,,,,1,1,,,,,,,,,,,120,,,,,,,,,,,,,,,,,,,,,,,,,,,,,,,,,
,,100290,,Boys Swim Shirt เสื้อว่ายน้ำเด็กผู้ชาย,,,,,,,,,,1,1,,,,,,,,,,,120,,,,,,,,,,,,,,,,,,,,,,,,,,,,,,,,,
,,100289,,Boys Swim Shirt เสื้อว่ายน้ำเด็กผู้ชาย,,,,,,,,,,1,1,,,,,,,,,,,120,,,,,,,,,,,,,,,,,,,,,,,,,,,,,,,,,
,,100287,,Shark Boys Swimwear ชุดว่ายน้ำเด็กผู้ชายปลาฉลาม,,,,,,,,,,1,1,,,,,,,,,,,300,,,,,,,,,,,,,,,,,,,,,,,,,,,,,,,,,
,,210181,,เสื้อยืดแขนสั้น ลายดาว,,,,,,,,,,1,1,,,,,,,,,,,60,,,,,,,,,,,,,,,,,,,,,,,,,,,,,,,,,
,,26300003,,เสื้อ - real boss,,,,,,,,,,1,1,,,,,,,,,,,100,,,,,,,,,,,,,,,,,,,,,,,,,,,,,,,,,
,,26300004,,เสื้อ - real boss,,,,,,,,,,1,1,,,,,,,,,,,210,,,,,,,,,,,,,,,,,,,,,,,,,,,,,,,,,
,,26300005,,กางเกง - Tiny Whale,,,,,,,,,,1,1,,,,,,,,,,,80,,,,,,,,,,,,,,,,,,,,,,,,,,,,,,,,,
,,26300006,,กางเกง - Tiny Whale,,,,,,,,,,1,1,,,,,,,,,,,80,,,,,,,,,,,,,,,,,,,,,,,,,,,,,,,,,
,,26300008,,กางเกง - BabenistA,,,,,,,,,,1,1,,,,,,,,,,,80,,,,,,,,,,,,,,,,,,,,,,,,,,,,,,,,,
,,26300011,,กางเกง - real boss,,,,,,,,,,1,1,,,,,,,,,,,80,,,,,,,,,,,,,,,,,,,,,,,,,,,,,,,,,
,,26300012,,ชุดลายซานต้า,,,,,,,,,,1,1,,,,,,,,,,,80,,,,,,,,,,,,,,,,,,,,,,,,,,,,,,,,,
,,26300013,,เสื้อยืด - GAP,,,,,,,,,,1,1,,,,,,,,,,,100,,,,,,,,,,,,,,,,,,,,,,,,,,,,,,,,,
,,26300014,,เสื้อยืด - GAP,,,,,,,,,,1,1,,,,,,,,,,,180,,,,,,,,,,,,,,,,,,,,,,,,,,,,,,,,,
,,26300015,,กางเกง - UNIQLO,,,,,,,,,,1,1,,,,,,,,,,,100,,,,,,,,,,,,,,,,,,,,,,,,,,,,,,,,,
,,26300016,,เสื้อยืด - ไม่มี,,,,,,,,,,1,1,,,,,,,,,,,80,,,,,,,,,,,,,,,,,,,,,,,,,,,,,,,,,
,,26300023,,เสื้อยืด - UNIQLO,,,,,,,,,,1,1,,,,,,,,,,,100,,,,,,,,,,,,,,,,,,,,,,,,,,,,,,,,,
,,26300027,,เสื้อยืด - ZARA,,,,,,,,,,1,1,,,,,,,,,,,100,,,,,,,,,,,,,,,,,,,,,,,,,,,,,,,,,
,,26300029,,กางเกง - ไม่มี,,,,,,,,,,1,1,,,,,,,,,,,80,,,,,,,,,,,,,,,,,,,,,,,,,,,,,,,,,
,,26300030,,กางเกง - ไม่มี,,,,,,,,,,1,1,,,,,,,,,,,80,,,,,,,,,,,,,,,,,,,,,,,,,,,,,,,,,
,,26300031,,เสื้อยืด - Tiny Tale,,,,,,,,,,1,1,,,,,,,,,,,60,,,,,,,,,,,,,,,,,,,,,,,,,,,,,,,,,
,,26300032,,เสื้อยืด - Tiny Tale,,,,,,,,,,1,1,,,,,,,,,,,80,,,,,,,,,,,,,,,,,,,,,,,,,,,,,,,,,
,,26300033,,กางเกง - ไม่มี,,,,,,,,,,1,1,,,,,,,,,,,80,,,,,,,,,,,,,,,,,,,,,,,,,,,,,,,,,
,,26300034,,ชุด - NICKELODEON,,,,,,,,,,1,1,,,,,,,,,,,100,,,,,,,,,,,,,,,,,,,,,,,,,,,,,,,,,
,,26300035,,ชุด - NICKELODEON,,,,,,,,,,1,1,,,,,,,,,,,100,,,,,,,,,,,,,,,,,,,,,,,,,,,,,,,,,
,,26300036,,เสื้อ - ZARA,,,,,,,,,,1,1,,,,,,,,,,,100,,,,,,,,,,,,,,,,,,,,,,,,,,,,,,,,,
,,26300037,,เสื้อยืด - ZARA,,,,,,,,,,1,1,,,,,,,,,,,100,,,,,,,,,,,,,,,,,,,,,,,,,,,,,,,,,
,,26300039,,เสื้อยืด - ROAMING,,,,,,,,,,1,1,,,,,,,,,,,100,,,,,,,,,,,,,,,,,,,,,,,,,,,,,,,,,
,,26300041,,กางเกง - UNIQLO,,,,,,,,,,1,1,,,,,,,,,,,80,,,,,,,,,,,,,,,,,,,,,,,,,,,,,,,,,
,,26300043,,กางเกง - H&M,,,,,,,,,,1,1,,,,,,,,,,,100,,,,,,,,,,,,,,,,,,,,,,,,,,,,,,,,,
,,26300044,,กางเกง - GAP,,,,,,,,,,1,1,,,,,,,,,,,80,,,,,,,,,,,,,,,,,,,,,,,,,,,,,,,,,
,,26300045,,กางเกง - GAP,,,,,,,,,,1,1,,,,,,,,,,,80,,,,,,,,,,,,,,,,,,,,,,,,,,,,,,,,,
,,26300047,,เสื้อยืด - ZARA,,,,,,,,,,1,1,,,,,,,,,,,100,,,,,,,,,,,,,,,,,,,,,,,,,,,,,,,,,
,,26300048,,เสื้อยืด - ZARA,,,,,,,,,,1,1,,,,,,,,,,,100,,,,,,,,,,,,,,,,,,,,,,,,,,,,,,,,,
,,26300049,,เสื้อแจ็คเก็ต - Disney,,,,,,,,,,1,1,,,,,,,,,,,500,,,,,,,,,,,,,,,,,,,,,,,,,,,,,,,,,
,,26300050,,เสื้อแจ็คเก็ต - ZARA,,,,,,,,,,1,1,,,,,,,,,,,500,,,,,,,,,,,,,,,,,,,,,,,,,,,,,,,,,
,,26300051,,เสื้อยืด - ZARA,,,,,,,,,,1,1,,,,,,,,,,,100,,,,,,,,,,,,,,,,,,,,,,,,,,,,,,,,,
,,26300052,,กางเกง - H&M,,,,,,,,,,1,1,,,,,,,,,,,100,,,,,,,,,,,,,,,,,,,,,,,,,,,,,,,,,
,,26300053,,เสื้อยืด - H&M,,,,,,,,,,1,1,,,,,,,,,,,100,,,,,,,,,,,,,,,,,,,,,,,,,,,,,,,,,
,,26300054,,กางเกง - ZARA,,,,,,,,,,1,1,,,,,,,,,,,100,,,,,,,,,,,,,,,,,,,,,,,,,,,,,,,,,
,,26300055,,เสื้อยืด - ZARA,,,,,,,,,,1,1,,,,,,,,,,,100,,,,,,,,,,,,,,,,,,,,,,,,,,,,,,,,,
,,26300057,,เสื้อแจ็คเก็ต - ZARA,,,,,,,,,,1,1,,,,,,,,,,,500,,,,,,,,,,,,,,,,,,,,,,,,,,,,,,,,,
,,26300058,,ถุงมือ - ZARA,,,,,,,,,,1,1,,,,,,,,,,,150,,,,,,,,,,,,,,,,,,,,,,,,,,,,,,,,,
,,26300059,,ถุงมือ - GAP,,,,,,,,,,1,1,,,,,,,,,,,150,,,,,,,,,,,,,,,,,,,,,,,,,,,,,,,,,
,,26300060,,เสื้อแจ็คเก็ต - Columbia,,,,,,,,,,1,1,,,,,,,,,,,500,,,,,,,,,,,,,,,,,,,,,,,,,,,,,,,,,
,,26300061,,เสื้อแจ็คเก็ต - ZARA,,,,,,,,,,1,1,,,,,,,,,,,500,,,,,,,,,,,,,,,,,,,,,,,,,,,,,,,,,
,,26300062,,เสื้อแจ็คเก็ต - Crazy8,,,,,,,,,,1,1,,,,,,,,,,,500,,,,,,,,,,,,,,,,,,,,,,,,,,,,,,,,,
,,26300063,,เสื้อแจ็คเก็ต - baby Gap,,,,,,,,,,1,1,,,,,,,,,,,500,,,,,,,,,,,,,,,,,,,,,,,,,,,,,,,,,
,,26300064,,เสื้อแจ็คเก็ต - ZARA,,,,,,,,,,1,1,,,,,,,,,,,500,,,,,,,,,,,,,,,,,,,,,,,,,,,,,,,,,
,,26300066,,เสื้อแจ็คเก็ต - under armour,,,,,,,,,,1,1,,,,,,,,,,,500,,,,,,,,,,,,,,,,,,,,,,,,,,,,,,,,,
,,26300067,,เสื้อแจ็คเก็ต - ZARA,,,,,,,,,,1,1,,,,,,,,,,,500,,,,,,,,,,,,,,,,,,,,,,,,,,,,,,,,,
,,26300069,,เสื้อแจ็คเก็ต - ZARA,,,,,,,,,,1,1,,,,,,,,,,,500,,,,,,,,,,,,,,,,,,,,,,,,,,,,,,,,,
,,26300070,,เสื้อแจ็คเก็ต - THE NORTH FACE,,,,,,,,,,1,1,,,,,,,,,,,500,,,,,,,,,,,,,,,,,,,,,,,,,,,,,,,,,
,,26300071,,กางเกง - M&S,,,,,,,,,,1,1,,,,,,,,,,,250,,,,,,,,,,,,,,,,,,,,,,,,,,,,,,,,,
,,26300072,,กางเกง - M&S,,,,,,,,,,1,1,,,,,,,,,,,250,,,,,,,,,,,,,,,,,,,,,,,,,,,,,,,,,
,,26300073,,กางเกง - ZARA,,,,,,,,,,1,1,,,,,,,,,,,300,,,,,,,,,,,,,,,,,,,,,,,,,,,,,,,,,
,,26300074,,กางเกง - M&S,,,,,,,,,,1,1,,,,,,,,,,,300,,,,,,,,,,,,,,,,,,,,,,,,,,,,,,,,,
,,26300075,,กางเกง - M&S,,,,,,,,,,1,1,,,,,,,,,,,300,,,,,,,,,,,,,,,,,,,,,,,,,,,,,,,,,
,,26300076,,กางเกง - ZARA,,,,,,,,,,1,1,,,,,,,,,,,300,,,,,,,,,,,,,,,,,,,,,,,,,,,,,,,,,
,,26300077,,กางเกง - M&S,,,,,,,,,,1,1,,,,,,,,,,,300,,,,,,,,,,,,,,,,,,,,,,,,,,,,,,,,,
,,26300078,,กางเกง - M&S,,,,,,,,,,1,1,,,,,,,,,,,300,,,,,,,,,,,,,,,,,,,,,,,,,,,,,,,,,
,,26300080,,กางเกง - ZARA,,,,,,,,,,1,1,,,,,,,,,,,85,,,,,,,,,,,,,,,,,,,,,,,,,,,,,,,,,
,,26300082,,กางเกง - real boss,,,,,,,,,,1,1,,,,,,,,,,,80,,,,,,,,,,,,,,,,,,,,,,,,,,,,,,,,,
,,26300084,,เสื้อยืด - SMALL BUT CHIC,,,,,,,,,,1,1,,,,,,,,,,,80,,,,,,,,,,,,,,,,,,,,,,,,,,,,,,,,,
,,26300085,,เสื้อยืด - SMALL BUT CHIC,,,,,,,,,,1,1,,,,,,,,,,,80,,,,,,,,,,,,,,,,,,,,,,,,,,,,,,,,,
,,26300086,,เสื้อยืด - LEMONADETM,,,,,,,,,,1,1,,,,,,,,,,,80,,,,,,,,,,,,,,,,,,,,,,,,,,,,,,,,,
,,26300087,,เสื้อยืด - LEMONADETM,,,,,,,,,,1,1,,,,,,,,,,,80,,,,,,,,,,,,,,,,,,,,,,,,,,,,,,,,,
,,26300088,,เสื้อยืด - disney,,,,,,,,,,1,1,,,,,,,,,,,100,,,,,,,,,,,,,,,,,,,,,,,,,,,,,,,,,
,,26300097,,เสื้อยืด - ZARA,,,,,,,,,,1,1,,,,,,,,,,,100,,,,,,,,,,,,,,,,,,,,,,,,,,,,,,,,,
,,26300098,,เสื้อยืด - GAP,,,,,,,,,,1,1,,,,,,,,,,,100,,,,,,,,,,,,,,,,,,,,,,,,,,,,,,,,,
,,26300099,,กางเกง - Crazy8,,,,,,,,,,1,1,,,,,,,,,,,100,,,,,,,,,,,,,,,,,,,,,,,,,,,,,,,,,
,,26300100,,เสื้อยืด - ZARA,,,,,,,,,,1,1,,,,,,,,,,,100,,,,,,,,,,,,,,,,,,,,,,,,,,,,,,,,,
,,26300105,,เสื้อยืด - ZARA,,,,,,,,,,1,1,,,,,,,,,,,100,,,,,,,,,,,,,,,,,,,,,,,,,,,,,,,,,
,,26300108,,เสื้อยืด - ZARA,,,,,,,,,,1,1,,,,,,,,,,,100,,,,,,,,,,,,,,,,,,,,,,,,,,,,,,,,,
,,26300109,,เสื้อยืด - ZARA,,,,,,,,,,1,1,,,,,,,,,,,100,,,,,,,,,,,,,,,,,,,,,,,,,,,,,,,,,
,,26300110,,เสื้อยืด - ZARA,,,,,,,,,,1,1,,,,,,,,,,,100,,,,,,,,,,,,,,,,,,,,,,,,,,,,,,,,,
,,26300111,,กางเกง - Crazy8,,,,,,,,,,1,1,,,,,,,,,,,100,,,,,,,,,,,,,,,,,,,,,,,,,,,,,,,,,
,,26300112,,กางเกง - UNIQLO,,,,,,,,,,1,1,,,,,,,,,,,100,,,,,,,,,,,,,,,,,,,,,,,,,,,,,,,,,
,,26300113,,กางเกง - UNIQLO,,,,,,,,,,1,1,,,,,,,,,,,80,,,,,,,,,,,,,,,,,,,,,,,,,,,,,,,,,
,,26300115,,เสื้อยืด - SEVEN BRIDGE,,,,,,,,,,1,1,,,,,,,,,,,100,,,,,,,,,,,,,,,,,,,,,,,,,,,,,,,,,
,,26300116,,เสื้อยืด - ZARA,,,,,,,,,,1,1,,,,,,,,,,,100,,,,,,,,,,,,,,,,,,,,,,,,,,,,,,,,,
,,26300117,,เสื้อยืด - H&M,,,,,,,,,,1,1,,,,,,,,,,,100,,,,,,,,,,,,,,,,,,,,,,,,,,,,,,,,,
,,26300118,,เสื้อยืด - H&M,,,,,,,,,,1,1,,,,,,,,,,,100,,,,,,,,,,,,,,,,,,,,,,,,,,,,,,,,,
,,26300119,,เสื้อแจ็คเก็ต - Crazy8,,,,,,,,,,1,1,,,,,,,,,,,100,,,,,,,,,,,,,,,,,,,,,,,,,,,,,,,,,
,,26300121,,เสื้อแจ็คเก็ต - Cat&Jack,,,,,,,,,,1,1,,,,,,,,,,,500,,,,,,,,,,,,,,,,,,,,,,,,,,,,,,,,,
,,26300122,,ชุด - UNIQLO,,,,,,,,,,1,1,,,,,,,,,,,80,,,,,,,,,,,,,,,,,,,,,,,,,,,,,,,,,
,,26300123,,กางเกง - UNIQLO,,,,,,,,,,1,1,,,,,,,,,,,80,,,,,,,,,,,,,,,,,,,,,,,,,,,,,,,,,
,,26300124,,กางเกง - UNIQLO,,,,,,,,,,1,1,,,,,,,,,,,80,,,,,,,,,,,,,,,,,,,,,,,,,,,,,,,,,
,,26300125,,เสื้อแจ็คเก็ต - adidas,,,,,,,,,,1,1,,,,,,,,,,,500,,,,,,,,,,,,,,,,,,,,,,,,,,,,,,,,,
,,26300126,,เสื้อแจ็คเก็ต - Cat&Jack,,,,,,,,,,1,1,,,,,,,,,,,500,,,,,,,,,,,,,,,,,,,,,,,,,,,,,,,,,
,,26300128,,เสื้อ - ไม่มี,,,,,,,,,,1,1,,,,,,,,,,,80,,,,,,,,,,,,,,,,,,,,,,,,,,,,,,,,,
,,26300129,,เสื้อแจ็คเก็ต - Cat&Jack,,,,,,,,,,1,1,,,,,,,,,,,500,,,,,,,,,,,,,,,,,,,,,,,,,,,,,,,,,
,,26300130,,เสื้อแจ็คเก็ต - Cat&Jack,,,,,,,,,,1,1,,,,,,,,,,,500,,,,,,,,,,,,,,,,,,,,,,,,,,,,,,,,,
,,26300131,,ชุด - adidas,,,,,,,,,,1,1,,,,,,,,,,,600,,,,,,,,,,,,,,,,,,,,,,,,,,,,,,,,,
,,26300132,,ชุด - adidas,,,,,,,,,,1,1,,,,,,,,,,,600,,,,,,,,,,,,,,,,,,,,,,,,,,,,,,,,,
,,26300133,,เสื้อแจ็คเก็ต - ZARA,,,,,,,,,,1,1,,,,,,,,,,,500,,,,,,,,,,,,,,,,,,,,,,,,,,,,,,,,,
,,26300134,,ชุด - UNIQLO,,,,,,,,,,1,1,,,,,,,,,,,80,,,,,,,,,,,,,,,,,,,,,,,,,,,,,,,,,
,,26300135,,ชุด - UNIQLO,,,,,,,,,,1,1,,,,,,,,,,,80,,,,,,,,,,,,,,,,,,,,,,,,,,,,,,,,,
,,26300136,,ชุด - UNIQLO,,,,,,,,,,1,1,,,,,,,,,,,80,,,,,,,,,,,,,,,,,,,,,,,,,,,,,,,,,
,,26300137,,เสื้อแจ็คเก็ต - ZARA,,,,,,,,,,1,1,,,,,,,,,,,500,,,,,,,,,,,,,,,,,,,,,,,,,,,,,,,,,
,,26300138,,ชุด - adidas,,,,,,,,,,1,1,,,,,,,,,,,600,,,,,,,,,,,,,,,,,,,,,,,,,,,,,,,,,
,,26300139,,เสื้อแจ็คเก็ต - ZARA,,,,,,,,,,1,1,,,,,,,,,,,500,,,,,,,,,,,,,,,,,,,,,,,,,,,,,,,,,
,,26300140,,ชุด - adidas,,,,,,,,,,1,1,,,,,,,,,,,600,,,,,,,,,,,,,,,,,,,,,,,,,,,,,,,,,
,,26300141,,เสื้อแจ็คเก็ต - HANYIMIDOO,,,,,,,,,,1,1,,,,,,,,,,,500,,,,,,,,,,,,,,,,,,,,,,,,,,,,,,,,,
,,26300143,,เสื้อแจ็คเก็ต - HANYIMIDOO,,,,,,,,,,1,1,,,,,,,,,,,500,,,,,,,,,,,,,,,,,,,,,,,,,,,,,,,,,
,,26300144,,ชุด - adidas,,,,,,,,,,1,1,,,,,,,,,,,600,,,,,,,,,,,,,,,,,,,,,,,,,,,,,,,,,
,,26300145,,เสื้อแจ็คเก็ต - Disney,,,,,,,,,,1,1,,,,,,,,,,,500,,,,,,,,,,,,,,,,,,,,,,,,,,,,,,,,,
,,26300146,,เสื้อแจ็คเก็ต - ZARA,,,,,,,,,,1,1,,,,,,,,,,,500,,,,,,,,,,,,,,,,,,,,,,,,,,,,,,,,,
,,26300147,,เสื้อแจ็คเก็ต - ZARA,,,,,,,,,,1,1,,,,,,,,,,,500,,,,,,,,,,,,,,,,,,,,,,,,,,,,,,,,,
,,26300148,,เสื้อแจ็คเก็ต - ZARA,,,,,,,,,,1,1,,,,,,,,,,,500,,,,,,,,,,,,,,,,,,,,,,,,,,,,,,,,,
,,26300149,,เสื้อแจ็คเก็ต - ZARA,,,,,,,,,,1,1,,,,,,,,,,,500,,,,,,,,,,,,,,,,,,,,,,,,,,,,,,,,,
,,26300151,,เสื้อแจ็คเก็ต - H&M,,,,,,,,,,1,1,,,,,,,,,,,500,,,,,,,,,,,,,,,,,,,,,,,,,,,,,,,,,
,,26300153,,เสื้อแจ็คเก็ต - H&M,,,,,,,,,,1,1,,,,,,,,,,,500,,,,,,,,,,,,,,,,,,,,,,,,,,,,,,,,,
,,26300154,,เสื้อแจ็คเก็ต - ไม่มี,,,,,,,,,,1,1,,,,,,,,,,,500,,,,,,,,,,,,,,,,,,,,,,,,,,,,,,,,,
,,26300155,,เสื้อแจ็คเก็ต - ไม่มี,,,,,,,,,,1,1,,,,,,,,,,,500,,,,,,,,,,,,,,,,,,,,,,,,,,,,,,,,,
,,26300156,,เสื้อแจ็คเก็ต - H&M,,,,,,,,,,1,1,,,,,,,,,,,500,,,,,,,,,,,,,,,,,,,,,,,,,,,,,,,,,
,,26300157,,เสื้อแจ็คเก็ต - ไม่มี,,,,,,,,,,1,1,,,,,,,,,,,500,,,,,,,,,,,,,,,,,,,,,,,,,,,,,,,,,
,,26300158,,เสื้อแจ็คเก็ต - Disney,,,,,,,,,,1,1,,,,,,,,,,,500,,,,,,,,,,,,,,,,,,,,,,,,,,,,,,,,,
,,26300159,,เสื้อแจ็คเก็ต - H&M,,,,,,,,,,1,1,,,,,,,,,,,500,,,,,,,,,,,,,,,,,,,,,,,,,,,,,,,,,
,,26300160,,เสื้อแจ็คเก็ต - H&M,,,,,,,,,,1,1,,,,,,,,,,,500,,,,,,,,,,,,,,,,,,,,,,,,,,,,,,,,,
,,26300161,,กางเกง - ZARA,,,,,,,,,,1,1,,,,,,,,,,,300,,,,,,,,,,,,,,,,,,,,,,,,,,,,,,,,,
,,26300162,,กางเกง - M&S,,,,,,,,,,1,1,,,,,,,,,,,300,,,,,,,,,,,,,,,,,,,,,,,,,,,,,,,,,
,,26300163,,กางเกง - M&S,,,,,,,,,,1,1,,,,,,,,,,,300,,,,,,,,,,,,,,,,,,,,,,,,,,,,,,,,,
,,26300164,,กางเกง - ZARA,,,,,,,,,,1,1,,,,,,,,,,,300,,,,,,,,,,,,,,,,,,,,,,,,,,,,,,,,,
,,26300165,,กางเกง - M&S,,,,,,,,,,1,1,,,,,,,,,,,300,,,,,,,,,,,,,,,,,,,,,,,,,,,,,,,,,
,,26300166,,กางเกง - M&S,,,,,,,,,,1,1,,,,,,,,,,,300,,,,,,,,,,,,,,,,,,,,,,,,,,,,,,,,,
,,26300167,,กางเกง - ZARA,,,,,,,,,,1,1,,,,,,,,,,,300,,,,,,,,,,,,,,,,,,,,,,,,,,,,,,,,,
,,26300168,,กางเกง - M&S,,,,,,,,,,1,1,,,,,,,,,,,250,,,,,,,,,,,,,,,,,,,,,,,,,,,,,,,,,
,,26300169,,กางเกง - M&S,,,,,,,,,,1,1,,,,,,,,,,,250,,,,,,,,,,,,,,,,,,,,,,,,,,,,,,,,,
,,26300171,,กางเกง - CARTER'S,,,,,,,,,,1,1,,,,,,,,,,,300,,,,,,,,,,,,,,,,,,,,,,,,,,,,,,,,,
,,26300172,,กางเกง - ZARA,,,,,,,,,,1,1,,,,,,,,,,,300,,,,,,,,,,,,,,,,,,,,,,,,,,,,,,,,,
,,26300173,,กางเกง - CARTER'S,,,,,,,,,,1,1,,,,,,,,,,,300,,,,,,,,,,,,,,,,,,,,,,,,,,,,,,,,,
,,26300174,,กางเกง - ZARA,,,,,,,,,,1,1,,,,,,,,,,,300,,,,,,,,,,,,,,,,,,,,,,,,,,,,,,,,,
,,26300175,,กางเกง - GYMBOREE,,,,,,,,,,1,1,,,,,,,,,,,300,,,,,,,,,,,,,,,,,,,,,,,,,,,,,,,,,
,,26300178,,กางเกง - ZARA,,,,,,,,,,1,1,,,,,,,,,,,250,,,,,,,,,,,,,,,,,,,,,,,,,,,,,,,,,
,,26300179,,เสื้อยืด - RALPH LAUREN,,,,,,,,,,1,1,,,,,,,,,,,250,,,,,,,,,,,,,,,,,,,,,,,,,,,,,,,,,
,,26300182,,เสื้อเชิ้ต - RALPH LAUREN,,,,,,,,,,1,1,,,,,,,,,,,300,,,,,,,,,,,,,,,,,,,,,,,,,,,,,,,,,
,,26300183,,เสื้อเชิ้ต - RALPH LAUREN,,,,,,,,,,1,1,,,,,,,,,,,300,,,,,,,,,,,,,,,,,,,,,,,,,,,,,,,,,
,,26300187,,เสื้อยืด - POLO,,,,,,,,,,1,1,,,,,,,,,,,250,,,,,,,,,,,,,,,,,,,,,,,,,,,,,,,,,
,,26300199,,เสื้อยืด - POLO,,,,,,,,,,1,1,,,,,,,,,,,230,,,,,,,,,,,,,,,,,,,,,,,,,,,,,,,,,
,,26300203,,คอสเพลย์เจ้าหน้าที่ดับเพลิง - ไม่มี,,,,,,,,,,1,1,,,,,,,,,,,500,,,,,,,,,,,,,,,,,,,,,,,,,,,,,,,,,
,,26300204,,คอสเพลย์นักบินอวกาศ - ไม่มี,,,,,,,,,,1,1,,,,,,,,,,,500,,,,,,,,,,,,,,,,,,,,,,,,,,,,,,,,,
,,26300206,,เสื้อยืด - Cat&Jack,,,,,,,,,,1,1,,,,,,,,,,,100,,,,,,,,,,,,,,,,,,,,,,,,,,,,,,,,,
,,26300207,,เสื้อยืด - Cat&Jack,,,,,,,,,,1,1,,,,,,,,,,,100,,,,,,,,,,,,,,,,,,,,,,,,,,,,,,,,,
,,26300211,,เสื้อยืด - ไม่มี,,,,,,,,,,1,1,,,,,,,,,,,230,,,,,,,,,,,,,,,,,,,,,,,,,,,,,,,,,
,,26300212,,กางเกง - M&S,,,,,,,,,,1,1,,,,,,,,,,,250,,,,,,,,,,,,,,,,,,,,,,,,,,,,,,,,,
,,26300214,,กางเกง - ZARA,,,,,,,,,,1,1,,,,,,,,,,,300,,,,,,,,,,,,,,,,,,,,,,,,,,,,,,,,,
,,26300218,,กางเกง - M&S,,,,,,,,,,1,1,,,,,,,,,,,250,,,,,,,,,,,,,,,,,,,,,,,,,,,,,,,,,
,,26300219,,เสื้อยืด - Disney,,,,,,,,,,1,1,,,,,,,,,,,230,,,,,,,,,,,,,,,,,,,,,,,,,,,,,,,,,
,,26300220,,เสื้อเชิ้ต - RALPH LAUREN,,,,,,,,,,1,1,,,,,,,,,,,400,,,,,,,,,,,,,,,,,,,,,,,,,,,,,,,,,
,,26300221,,เสื้อยืด - Disney,,,,,,,,,,1,1,,,,,,,,,,,230,,,,,,,,,,,,,,,,,,,,,,,,,,,,,,,,,
,,26300222,,กางเกง - ZARA,,,,,,,,,,1,1,,,,,,,,,,,300,,,,,,,,,,,,,,,,,,,,,,,,,,,,,,,,,
,,26300223,,กางเกง - Kidsplanat,,,,,,,,,,1,1,,,,,,,,,,,300,,,,,,,,,,,,,,,,,,,,,,,,,,,,,,,,,
,,26300224,,ชุด - adidas,,,,,,,,,,1,1,,,,,,,,,,,450,,,,,,,,,,,,,,,,,,,,,,,,,,,,,,,,,
,,26300225,,เสื้อเชิ้ต - RALPH LAUREN,,,,,,,,,,1,1,,,,,,,,,,,400,,,,,,,,,,,,,,,,,,,,,,,,,,,,,,,,,
,,26300226,,เสื้อ - POLO,,,,,,,,,,1,1,,,,,,,,,,,250,,,,,,,,,,,,,,,,,,,,,,,,,,,,,,,,,
,,26300227,,ชุด - adidas,,,,,,,,,,1,1,,,,,,,,,,,450,,,,,,,,,,,,,,,,,,,,,,,,,,,,,,,,,
,,26300228,,กางเกง - M&S,,,,,,,,,,1,1,,,,,,,,,,,250,,,,,,,,,,,,,,,,,,,,,,,,,,,,,,,,,
,,26300229,,ชุด - adidas,,,,,,,,,,1,1,,,,,,,,,,,450,,,,,,,,,,,,,,,,,,,,,,,,,,,,,,,,,
,,26300230,,กางเกง - ZARA,,,,,,,,,,1,1,,,,,,,,,,,300,,,,,,,,,,,,,,,,,,,,,,,,,,,,,,,,,
,,26300231,,กางเกง - GAP,,,,,,,,,,1,1,,,,,,,,,,,250,,,,,,,,,,,,,,,,,,,,,,,,,,,,,,,,,
,,26300232,,กางเกง - M&S,,,,,,,,,,1,1,,,,,,,,,,,300,,,,,,,,,,,,,,,,,,,,,,,,,,,,,,,,,
,,26300234,,กางเกง - ZARA,,,,,,,,,,1,1,,,,,,,,,,,300,,,,,,,,,,,,,,,,,,,,,,,,,,,,,,,,,
,,26300237,,กางเกง - M&S,,,,,,,,,,1,1,,,,,,,,,,,250,,,,,,,,,,,,,,,,,,,,,,,,,,,,,,,,,
,,26300238,,กางเกง - ZARA,,,,,,,,,,1,1,,,,,,,,,,,300,,,,,,,,,,,,,,,,,,,,,,,,,,,,,,,,,
,,26300239,,กางเกง - M&S,,,,,,,,,,1,1,,,,,,,,,,,250,,,,,,,,,,,,,,,,,,,,,,,,,,,,,,,,,
,,26300241,,เสื้อยืด - POLO,,,,,,,,,,1,1,,,,,,,,,,,230,,,,,,,,,,,,,,,,,,,,,,,,,,,,,,,,,
,,26300243,,เสื้อยืด - POLO,,,,,,,,,,1,1,,,,,,,,,,,230,,,,,,,,,,,,,,,,,,,,,,,,,,,,,,,,,
,,26300244,,เสื้อยืด - POLO,,,,,,,,,,1,1,,,,,,,,,,,230,,,,,,,,,,,,,,,,,,,,,,,,,,,,,,,,,
,,26300246,,เสื้อ - POLO,,,,,,,,,,1,1,,,,,,,,,,,250,,,,,,,,,,,,,,,,,,,,,,,,,,,,,,,,,
,,26300248,,เสื้อยืด - RALPH LAUREN,,,,,,,,,,1,1,,,,,,,,,,,230,,,,,,,,,,,,,,,,,,,,,,,,,,,,,,,,,
,,26300249,,เสื้อเชิ้ต - RALPH LAUREN,,,,,,,,,,1,1,,,,,,,,,,,400,,,,,,,,,,,,,,,,,,,,,,,,,,,,,,,,,
,,26300250,,เสื้อยืด - PLAY,,,,,,,,,,1,1,,,,,,,,,,,230,,,,,,,,,,,,,,,,,,,,,,,,,,,,,,,,,
,,26300251,,กางเกง - M&S,,,,,,,,,,1,1,,,,,,,,,,,300,,,,,,,,,,,,,,,,,,,,,,,,,,,,,,,,,
,,26300252,,กางเกง - ZARA,,,,,,,,,,1,1,,,,,,,,,,,300,,,,,,,,,,,,,,,,,,,,,,,,,,,,,,,,,
,,26300253,,เสื้อ - POLO,,,,,,,,,,1,1,,,,,,,,,,,250,,,,,,,,,,,,,,,,,,,,,,,,,,,,,,,,,
,,26300254,,กางเกง - M&S,,,,,,,,,,1,1,,,,,,,,,,,300,,,,,,,,,,,,,,,,,,,,,,,,,,,,,,,,,
,,26300256,,เสื้อเชิ้ต - RALPH LAUREN,,,,,,,,,,1,1,,,,,,,,,,,400,,,,,,,,,,,,,,,,,,,,,,,,,,,,,,,,,
,,26300257,,กางเกง - M&S,,,,,,,,,,1,1,,,,,,,,,,,250,,,,,,,,,,,,,,,,,,,,,,,,,,,,,,,,,
,,26300258,,กางเกง - M&S,,,,,,,,,,1,1,,,,,,,,,,,250,,,,,,,,,,,,,,,,,,,,,,,,,,,,,,,,,
,,26300260,,กางเกง - M&S,,,,,,,,,,1,1,,,,,,,,,,,300,,,,,,,,,,,,,,,,,,,,,,,,,,,,,,,,,
,,26300261,,กางเกง - ZARA,,,,,,,,,,1,1,,,,,,,,,,,300,,,,,,,,,,,,,,,,,,,,,,,,,,,,,,,,,
,,26300262,,เสื้อยืด - Disney,,,,,,,,,,1,1,,,,,,,,,,,60,,,,,,,,,,,,,,,,,,,,,,,,,,,,,,,,,
,,26300263,,กางเกง - M&S,,,,,,,,,,1,1,,,,,,,,,,,300,,,,,,,,,,,,,,,,,,,,,,,,,,,,,,,,,
,,26300264,,กางเกง - M&S,,,,,,,,,,1,1,,,,,,,,,,,250,,,,,,,,,,,,,,,,,,,,,,,,,,,,,,,,,
,,26300265,,กางเกง - M&S,,,,,,,,,,1,1,,,,,,,,,,,250,,,,,,,,,,,,,,,,,,,,,,,,,,,,,,,,,
,,26300266,,เสื้อยืด - Disney,,,,,,,,,,1,1,,,,,,,,,,,230,,,,,,,,,,,,,,,,,,,,,,,,,,,,,,,,,
,,26300267,,เสื้อยืด - Disney,,,,,,,,,,1,1,,,,,,,,,,,200,,,,,,,,,,,,,,,,,,,,,,,,,,,,,,,,,
,,26300268,,กางเกง - M&S,,,,,,,,,,1,1,,,,,,,,,,,250,,,,,,,,,,,,,,,,,,,,,,,,,,,,,,,,,
,,26300269,,เสื้อยืด - H&M,,,,,,,,,,1,1,,,,,,,,,,,230,,,,,,,,,,,,,,,,,,,,,,,,,,,,,,,,,
,,26300271,,ชุดเซ็ทเสื้อ กางเกงมิกกี้เม้าส์,,,,,,,,,,1,1,,,,,,,,,,,300,,,,,,,,,,,,,,,,,,,,,,,,,,,,,,,,,
,,26300272,,กางเกง - ZARA,,,,,,,,,,1,1,,,,,,,,,,,250,,,,,,,,,,,,,,,,,,,,,,,,,,,,,,,,,
,,26300273,,กางเกง - M&S,,,,,,,,,,1,1,,,,,,,,,,,300,,,,,,,,,,,,,,,,,,,,,,,,,,,,,,,,,
,,26300274,,กางเกง - ZARA,,,,,,,,,,1,1,,,,,,,,,,,300,,,,,,,,,,,,,,,,,,,,,,,,,,,,,,,,,
,,26300275,,กางเกง - ZARA,,,,,,,,,,1,1,,,,,,,,,,,300,,,,,,,,,,,,,,,,,,,,,,,,,,,,,,,,,
,,26300276,,กางเกง - ZARA,,,,,,,,,,1,1,,,,,,,,,,,300,,,,,,,,,,,,,,,,,,,,,,,,,,,,,,,,,
,,26300277,,กางเกง - M&S,,,,,,,,,,1,1,,,,,,,,,,,250,,,,,,,,,,,,,,,,,,,,,,,,,,,,,,,,,
,,26300278,,กางเกง - M&S,,,,,,,,,,1,1,,,,,,,,,,,250,,,,,,,,,,,,,,,,,,,,,,,,,,,,,,,,,
,,26300279,,ถุงเท้า - ไม่มี,,,,,,,,,,1,1,,,,,,,,,,,20,,,,,,,,,,,,,,,,,,,,,,,,,,,,,,,,,
,,26300280,,ถุงเท้า - ไม่มี,,,,,,,,,,1,1,,,,,,,,,,,20,,,,,,,,,,,,,,,,,,,,,,,,,,,,,,,,,
,,26300281,,เสื้อ - Tiny Tale,,,,,,,,,,1,1,,,,,,,,,,,300,,,,,,,,,,,,,,,,,,,,,,,,,,,,,,,,,
,,26300282,,เสื้อ - Tiny Tale,,,,,,,,,,1,1,,,,,,,,,,,300,,,,,,,,,,,,,,,,,,,,,,,,,,,,,,,,,
,,26300283,,เสื้อ - Tiny Tale,,,,,,,,,,1,1,,,,,,,,,,,300,,,,,,,,,,,,,,,,,,,,,,,,,,,,,,,,,
,,26300284,,เสื้อ - Tiny Tale,,,,,,,,,,1,1,,,,,,,,,,,300,,,,,,,,,,,,,,,,,,,,,,,,,,,,,,,,,
,,26300285,,เสื้อ - Tiny Tale,,,,,,,,,,1,1,,,,,,,,,,,300,,,,,,,,,,,,,,,,,,,,,,,,,,,,,,,,,
,,26300286,,เสื้อ - Tiny Tale,,,,,,,,,,1,1,,,,,,,,,,,300,,,,,,,,,,,,,,,,,,,,,,,,,,,,,,,,,
,,26300287,,เสื้อ - Tiny Tale,,,,,,,,,,1,1,,,,,,,,,,,300,,,,,,,,,,,,,,,,,,,,,,,,,,,,,,,,,
,,26300288,,เสื้อ - Tiny Tale,,,,,,,,,,1,1,,,,,,,,,,,300,,,,,,,,,,,,,,,,,,,,,,,,,,,,,,,,,
,,26300289,,เสื้อเชิ้ต - RALPH LAUREN,,,,,,,,,,1,1,,,,,,,,,,,300,,,,,,,,,,,,,,,,,,,,,,,,,,,,,,,,,
,,26300291,,เสื้อ - Tiny Tale,,,,,,,,,,1,1,,,,,,,,,,,300,,,,,,,,,,,,,,,,,,,,,,,,,,,,,,,,,
,,26300292,,เสื้อ - Tiny Tale,,,,,,,,,,1,1,,,,,,,,,,,300,,,,,,,,,,,,,,,,,,,,,,,,,,,,,,,,,
,,26300293,,เสื้อ - Tiny Tale,,,,,,,,,,1,1,,,,,,,,,,,300,,,,,,,,,,,,,,,,,,,,,,,,,,,,,,,,,
,,26300294,,เสื้อ - Tiny Tale,,,,,,,,,,1,1,,,,,,,,,,,250,,,,,,,,,,,,,,,,,,,,,,,,,,,,,,,,,
,,26300295,,เสื้อ - Tiny Tale,,,,,,,,,,1,1,,,,,,,,,,,300,,,,,,,,,,,,,,,,,,,,,,,,,,,,,,,,,
,,26300296,,เสื้อ - Tiny Tale,,,,,,,,,,1,1,,,,,,,,,,,300,,,,,,,,,,,,,,,,,,,,,,,,,,,,,,,,,
,,26300300,,เสื้อ - Papillon,,,,,,,,,,1,1,,,,,,,,,,,300,,,,,,,,,,,,,,,,,,,,,,,,,,,,,,,,,
,,26300301,,เสื้อ - Papillon,,,,,,,,,,1,1,,,,,,,,,,,300,,,,,,,,,,,,,,,,,,,,,,,,,,,,,,,,,
,,26300302,,เสื้อ - Papillon,,,,,,,,,,1,1,,,,,,,,,,,300,,,,,,,,,,,,,,,,,,,,,,,,,,,,,,,,,
,,26300303,,เสื้อ - Papillon,,,,,,,,,,1,1,,,,,,,,,,,300,,,,,,,,,,,,,,,,,,,,,,,,,,,,,,,,,
,,26300305,,เสื้อ - ไม่มี,,,,,,,,,,1,1,,,,,,,,,,,300,,,,,,,,,,,,,,,,,,,,,,,,,,,,,,,,,
,,26300306,,เสื้อ - ไม่มี,,,,,,,,,,1,1,,,,,,,,,,,250,,,,,,,,,,,,,,,,,,,,,,,,,,,,,,,,,
,,26300307,,เสื้อ - ไม่มี,,,,,,,,,,1,1,,,,,,,,,,,250,,,,,,,,,,,,,,,,,,,,,,,,,,,,,,,,,
,,26300308,,เสื้อ - ไม่มี,,,,,,,,,,1,1,,,,,,,,,,,300,,,,,,,,,,,,,,,,,,,,,,,,,,,,,,,,,
,,26300309,,เสื้อ - ไม่มี,,,,,,,,,,1,1,,,,,,,,,,,250,,,,,,,,,,,,,,,,,,,,,,,,,,,,,,,,,
,,26300310,,ชุด - BABY LOVETT,,,,,,,,,,1,1,,,,,,,,,,,300,,,,,,,,,,,,,,,,,,,,,,,,,,,,,,,,,
,,26300311,,ชุด - BABY LOVETT,,,,,,,,,,1,1,,,,,,,,,,,300,,,,,,,,,,,,,,,,,,,,,,,,,,,,,,,,,
,,26300312,,ชุด - ไม่มี,,,,,,,,,,1,1,,,,,,,,,,,300,,,,,,,,,,,,,,,,,,,,,,,,,,,,,,,,,
,,26300313,,ชุด - ไม่มี,,,,,,,,,,1,1,,,,,,,,,,,300,,,,,,,,,,,,,,,,,,,,,,,,,,,,,,,,,
,,26300314,,เสื้อเชิ้ต - RALPH LAUREN,,,,,,,,,,1,1,,,,,,,,,,,300,,,,,,,,,,,,,,,,,,,,,,,,,,,,,,,,,
,,26300315,,เสื้อเชิ้ต - RALPH LAUREN,,,,,,,,,,1,1,,,,,,,,,,,300,,,,,,,,,,,,,,,,,,,,,,,,,,,,,,,,,
,,26300317,,เสื้อเชิ้ต - RALPH LAUREN,,,,,,,,,,1,1,,,,,,,,,,,300,,,,,,,,,,,,,,,,,,,,,,,,,,,,,,,,,
,,26300319,,เสื้อเชิ้ต - RALPH LAUREN,,,,,,,,,,1,1,,,,,,,,,,,300,,,,,,,,,,,,,,,,,,,,,,,,,,,,,,,,,
,,26300321,,เสื้อเชิ้ต - RALPH LAUREN,,,,,,,,,,1,1,,,,,,,,,,,250,,,,,,,,,,,,,,,,,,,,,,,,,,,,,,,,,
,,26300324,,เสื้อ - BABY MORNING,,,,,,,,,,1,1,,,,,,,,,,,300,,,,,,,,,,,,,,,,,,,,,,,,,,,,,,,,,
,,26300325,,เสื้อ - BabenistA,,,,,,,,,,1,1,,,,,,,,,,,300,,,,,,,,,,,,,,,,,,,,,,,,,,,,,,,,,
,,26300326,,เสื้อ - BabenistA,,,,,,,,,,1,1,,,,,,,,,,,300,,,,,,,,,,,,,,,,,,,,,,,,,,,,,,,,,
,,26300327,,เสื้อ - Tiny Whale,,,,,,,,,,1,1,,,,,,,,,,,250,,,,,,,,,,,,,,,,,,,,,,,,,,,,,,,,,
,,26300328,,เสื้อ - Tiny Whale,,,,,,,,,,1,1,,,,,,,,,,,250,,,,,,,,,,,,,,,,,,,,,,,,,,,,,,,,,
,,26300329,,เสื้อ - Tiny Whale,,,,,,,,,,1,1,,,,,,,,,,,300,,,,,,,,,,,,,,,,,,,,,,,,,,,,,,,,,
,,26300330,,เสื้อ - Tiny Whale,,,,,,,,,,1,1,,,,,,,,,,,300,,,,,,,,,,,,,,,,,,,,,,,,,,,,,,,,,
,,26300333,,รองเท้า - NIKE,,,,,,,,,,1,1,,,,,,,,,,,600,,,,,,,,,,,,,,,,,,,,,,,,,,,,,,,,,
,,26300334,,รองเท้า - SPERRY,,,,,,,,,,1,1,,,,,,,,,,,450,,,,,,,,,,,,,,,,,,,,,,,,,,,,,,,,,
,,26300335,,รองเท้า - NIKE,,,,,,,,,,1,1,,,,,,,,,,,600,,,,,,,,,,,,,,,,,,,,,,,,,,,,,,,,,
,,26300337,,รองเท้า - SPERRY,,,,,,,,,,1,1,,,,,,,,,,,600,,,,,,,,,,,,,,,,,,,,,,,,,,,,,,,,,
,,26300338,,รองเท้า - ASLCS,,,,,,,,,,1,1,,,,,,,,,,,600,,,,,,,,,,,,,,,,,,,,,,,,,,,,,,,,,
,,26300339,,รองเท้า - NIKE,,,,,,,,,,1,1,,,,,,,,,,,600,,,,,,,,,,,,,,,,,,,,,,,,,,,,,,,,,
,,26300340,,รองเท้า - COMVERSE,,,,,,,,,,1,1,,,,,,,,,,,600,,,,,,,,,,,,,,,,,,,,,,,,,,,,,,,,,
,,26300344,,รองเท้า - MARVEL,,,,,,,,,,1,1,,,,,,,,,,,250,,,,,,,,,,,,,,,,,,,,,,,,,,,,,,,,,
,,26300347,,รองเท้า - CAKE CUSH,,,,,,,,,,1,1,,,,,,,,,,,600,,,,,,,,,,,,,,,,,,,,,,,,,,,,,,,,,
,,26300349,,รองเท้า - ASLCS,,,,,,,,,,1,1,,,,,,,,,,,600,,,,,,,,,,,,,,,,,,,,,,,,,,,,,,,,,
,,26300350,,รองเท้า - NEW BALANCE,,,,,,,,,,1,1,,,,,,,,,,,600,,,,,,,,,,,,,,,,,,,,,,,,,,,,,,,,,
,,26300351,,รองเท้า - adidas,,,,,,,,,,1,1,,,,,,,,,,,600,,,,,,,,,,,,,,,,,,,,,,,,,,,,,,,,,
,,26300352,,รองเท้า - adidas,,,,,,,,,,1,1,,,,,,,,,,,600,,,,,,,,,,,,,,,,,,,,,,,,,,,,,,,,,
,,26300353,,รองเท้า - NIKE,,,,,,,,,,1,1,,,,,,,,,,,600,,,,,,,,,,,,,,,,,,,,,,,,,,,,,,,,,
,,26300354,,รองเท้า - NEW BALANCE,,,,,,,,,,1,1,,,,,,,,,,,600,,,,,,,,,,,,,,,,,,,,,,,,,,,,,,,,,
,,26300355,,รองเท้า - NIKE,,,,,,,,,,1,1,,,,,,,,,,,600,,,,,,,,,,,,,,,,,,,,,,,,,,,,,,,,,
,,26300360,,รองเท้า - NATIVE,,,,,,,,,,1,1,,,,,,,,,,,450,,,,,,,,,,,,,,,,,,,,,,,,,,,,,,,,,
,,26300361,,ถุงเท้า - ไม่มี,,,,,,,,,,1,1,,,,,,,,,,,20,,,,,,,,,,,,,,,,,,,,,,,,,,,,,,,,,
,,26300362,,ถุงเท้า - ไม่มี,,,,,,,,,,1,1,,,,,,,,,,,150,,,,,,,,,,,,,,,,,,,,,,,,,,,,,,,,,
,,26300363,,ถุงเท้า - ไม่มี,,,,,,,,,,1,1,,,,,,,,,,,20,,,,,,,,,,,,,,,,,,,,,,,,,,,,,,,,,
,,26300364,,ถุงเท้า - ไม่มี,,,,,,,,,,1,1,,,,,,,,,,,150,,,,,,,,,,,,,,,,,,,,,,,,,,,,,,,,,
,,26300365,,ถุงเท้า - ไม่มี,,,,,,,,,,1,1,,,,,,,,,,,20,,,,,,,,,,,,,,,,,,,,,,,,,,,,,,,,,
,,26300366,,ถุงเท้า - ไม่มี,,,,,,,,,,1,1,,,,,,,,,,,20,,,,,,,,,,,,,,,,,,,,,,,,,,,,,,,,,
,,26300367,,ถุงเท้า - ไม่มี,,,,,,,,,,1,1,,,,,,,,,,,20,,,,,,,,,,,,,,,,,,,,,,,,,,,,,,,,,
,,26300368,,ถุงเท้า - ไม่มี,,,,,,,,,,1,1,,,,,,,,,,,20,,,,,,,,,,,,,,,,,,,,,,,,,,,,,,,,,
,,26300369,,ถุงเท้า - ไม่มี,,,,,,,,,,1,1,,,,,,,,,,,20,,,,,,,,,,,,,,,,,,,,,,,,,,,,,,,,,
,,26300370,,ถุงเท้า - ไม่มี,,,,,,,,,,1,1,,,,,,,,,,,20,,,,,,,,,,,,,,,,,,,,,,,,,,,,,,,,,
,,26300371,,ถุงเท้า - ไม่มี,,,,,,,,,,1,1,,,,,,,,,,,20,,,,,,,,,,,,,,,,,,,,,,,,,,,,,,,,,
,,26300372,,ถุงเท้า - ไม่มี,,,,,,,,,,1,1,,,,,,,,,,,20,,,,,,,,,,,,,,,,,,,,,,,,,,,,,,,,,
,,26300373,,ถุงเท้า - ไม่มี,,,,,,,,,,1,1,,,,,,,,,,,20,,,,,,,,,,,,,,,,,,,,,,,,,,,,,,,,,
,,26300374,,ถุงเท้า - ไม่มี,,,,,,,,,,1,1,,,,,,,,,,,20,,,,,,,,,,,,,,,,,,,,,,,,,,,,,,,,,
,,26300375,,ถุงเท้า - ไม่มี,,,,,,,,,,1,1,,,,,,,,,,,20,,,,,,,,,,,,,,,,,,,,,,,,,,,,,,,,,
,,26300376,,ถุงเท้า - ไม่มี,,,,,,,,,,1,1,,,,,,,,,,,20,,,,,,,,,,,,,,,,,,,,,,,,,,,,,,,,,
,,26300377,,ถุงเท้า - ไม่มี,,,,,,,,,,1,1,,,,,,,,,,,20,,,,,,,,,,,,,,,,,,,,,,,,,,,,,,,,,
,,26300378,,ถุงเท้า - ไม่มี,,,,,,,,,,1,1,,,,,,,,,,,20,,,,,,,,,,,,,,,,,,,,,,,,,,,,,,,,,
,,26300379,,ถุงเท้า - ไม่มี,,,,,,,,,,1,1,,,,,,,,,,,20,,,,,,,,,,,,,,,,,,,,,,,,,,,,,,,,,
,,26300380,,ถุงเท้า - ไม่มี,,,,,,,,,,1,1,,,,,,,,,,,20,,,,,,,,,,,,,,,,,,,,,,,,,,,,,,,,,
,,26300381,,ถุงเท้า - ไม่มี,,,,,,,,,,1,1,,,,,,,,,,,20,,,,,,,,,,,,,,,,,,,,,,,,,,,,,,,,,
,,26300382,,ถุงเท้า - ไม่มี,,,,,,,,,,1,1,,,,,,,,,,,20,,,,,,,,,,,,,,,,,,,,,,,,,,,,,,,,,
,,26300384,,ถุงเท้า - ไม่มี,,,,,,,,,,1,1,,,,,,,,,,,20,,,,,,,,,,,,,,,,,,,,,,,,,,,,,,,,,
,,26300385,,ถุงเท้า - ไม่มี,,,,,,,,,,1,1,,,,,,,,,,,20,,,,,,,,,,,,,,,,,,,,,,,,,,,,,,,,,
,,26300386,,ถุงเท้า - ไม่มี,,,,,,,,,,1,1,,,,,,,,,,,20,,,,,,,,,,,,,,,,,,,,,,,,,,,,,,,,,
,,26300387,,ถุงเท้า - ไม่มี,,,,,,,,,,1,1,,,,,,,,,,,20,,,,,,,,,,,,,,,,,,,,,,,,,,,,,,,,,
,,26300388,,ถุงเท้า - ไม่มี,,,,,,,,,,1,1,,,,,,,,,,,20,,,,,,,,,,,,,,,,,,,,,,,,,,,,,,,,,
,,26300389,,ถุงเท้า - ไม่มี,,,,,,,,,,1,1,,,,,,,,,,,20,,,,,,,,,,,,,,,,,,,,,,,,,,,,,,,,,
,,26300390,,รองเท้า - adidas,,,,,,,,,,1,1,,,,,,,,,,,600,,,,,,,,,,,,,,,,,,,,,,,,,,,,,,,,,
,,26300395,,รองเท้า - MONT-BELL,,,,,,,,,,1,1,,,,,,,,,,,800,,,,,,,,,,,,,,,,,,,,,,,,,,,,,,,,,
,,26300404,,เสื้อยืด - ROAMING,,,,,,,,,,1,1,,,,,,,,,,,100,,,,,,,,,,,,,,,,,,,,,,,,,,,,,,,,,
,,26300405,,คอสเพลย์ตำรวจ - ไม่มี,,,,,,,,,,1,1,,,,,,,,,,,500,,,,,,,,,,,,,,,,,,,,,,,,,,,,,,,,,
,,26300406,,เสื้อยืด - ไม่มี,,,,,,,,,,1,1,,,,,,,,,,,80,,,,,,,,,,,,,,,,,,,,,,,,,,,,,,,,,
,,26300407,,เสื้อแจ็คเก็ต - ไม่มี,,,,,,,,,,1,1,,,,,,,,,,,500,,,,,,,,,,,,,,,,,,,,,,,,,,,,,,,,,
,,26300408,,เสื้อแจ็คเก็ต - H&M,,,,,,,,,,1,1,,,,,,,,,,,500,,,,,,,,,,,,,,,,,,,,,,,,,,,,,,,,,
,,26300409,,กางเกง - ไม่มี,,,,,,,,,,1,1,,,,,,,,,,,100,,,,,,,,,,,,,,,,,,,,,,,,,,,,,,,,,
,,26300413,,เสื้อยืด - ไม่มี,,,,,,,,,,1,1,,,,,,,,,,,100,,,,,,,,,,,,,,,,,,,,,,,,,,,,,,,,,
,,26300415,,เสื้อ - PHAHURAT.COM,,,,,,,,,,1,1,,,,,,,,,,,150,,,,,,,,,,,,,,,,,,,,,,,,,,,,,,,,,
,,26300417,,คอสเพลย์ทหารบก - ไม่มี,,,,,,,,,,1,1,,,,,,,,,,,600,,,,,,,,,,,,,,,,,,,,,,,,,,,,,,,,,
,,26300418,,รองเท้าผ้าใบ - adidas,,,,,,,,,,1,1,,,,,,,,,,,600,,,,,,,,,,,,,,,,,,,,,,,,,,,,,,,,,
,,26300419,,ชุด - ไม่มี,,,,,,,,,,1,1,,,,,,,,,,,250,,,,,,,,,,,,,,,,,,,,,,,,,,,,,,,,,
,,26300421,,เสื้อยืด - ROAMING,,,,,,,,,,1,1,,,,,,,,,,,100,,,,,,,,,,,,,,,,,,,,,,,,,,,,,,,,,
,,26300422,,เสื้อยืด - ROAMING,,,,,,,,,,1,1,,,,,,,,,,,100,,,,,,,,,,,,,,,,,,,,,,,,,,,,,,,,,
,,26300425,,คอสเพลย์นักร้อง - ไม่มี,,,,,,,,,,1,1,,,,,,,,,,,500,,,,,,,,,,,,,,,,,,,,,,,,,,,,,,,,,
,,26300426,,คอสเพลย์ตำรวจ - ไม่มี,,,,,,,,,,1,1,,,,,,,,,,,500,,,,,,,,,,,,,,,,,,,,,,,,,,,,,,,,,
,,26300427,,คอสเพลย์นักบิน - ไม่มี,,,,,,,,,,1,1,,,,,,,,,,,500,,,,,,,,,,,,,,,,,,,,,,,,,,,,,,,,,
,,26300428,,คอสเพลย์พิซซ่า - ไม่มี,,,,,,,,,,1,1,,,,,,,,,,,600,,,,,,,,,,,,,,,,,,,,,,,,,,,,,,,,,
,,26300429,,คอสเพลย์พิซซ่า - ไม่มี,,,,,,,,,,1,1,,,,,,,,,,,500,,,,,,,,,,,,,,,,,,,,,,,,,,,,,,,,,
,,26300430,,คอสเพลย์นักบิน - ไม่มี,,,,,,,,,,1,1,,,,,,,,,,,500,,,,,,,,,,,,,,,,,,,,,,,,,,,,,,,,,
,,26300432,,คอสเพลย์นักบิน - ไม่มี,,,,,,,,,,1,1,,,,,,,,,,,500,,,,,,,,,,,,,,,,,,,,,,,,,,,,,,,,,
,,26300433,,เสื้อยืด - TRUE RELIGION,,,,,,,,,,1,1,,,,,,,,,,,100,,,,,,,,,,,,,,,,,,,,,,,,,,,,,,,,,
,,26300434,,เสื้อยืด - H&M,,,,,,,,,,1,1,,,,,,,,,,,100,,,,,,,,,,,,,,,,,,,,,,,,,,,,,,,,,
,,26300435,,เสื้อยืด - H&M,,,,,,,,,,1,1,,,,,,,,,,,100,,,,,,,,,,,,,,,,,,,,,,,,,,,,,,,,,
,,26300436,,คอสเพลย์นักแข่งรถ - ไม่มี,,,,,,,,,,1,1,,,,,,,,,,,500,,,,,,,,,,,,,,,,,,,,,,,,,,,,,,,,,
,,26300438,,คอสเพลย์แดร์กคิวล่า - ไม่มี,,,,,,,,,,1,1,,,,,,,,,,,500,,,,,,,,,,,,,,,,,,,,,,,,,,,,,,,,,
,,26300439,,คอสเพลย์แดร์กคิวล่า - ไม่มี,,,,,,,,,,1,1,,,,,,,,,,,500,,,,,,,,,,,,,,,,,,,,,,,,,,,,,,,,,
,,26300440,,คอสเพลย์ตำรวจ - ไม่มี,,,,,,,,,,1,1,,,,,,,,,,,100,,,,,,,,,,,,,,,,,,,,,,,,,,,,,,,,,
,,26300441,,รองเท้าผ้าใบ adidas LEGO - adidas,,,,,,,,,,1,1,,,,,,,,,,,600,,,,,,,,,,,,,,,,,,,,,,,,,,,,,,,,,
,,26300442,,รองเท้าผ้าใบ SPERRY  - SPERRY,,,,,,,,,,1,1,,,,,,,,,,,600,,,,,,,,,,,,,,,,,,,,,,,,,,,,,,,,,
,,26300444,,รองเท้า crocs - crocs,,,,,,,,,,1,1,,,,,,,,,,,250,,,,,,,,,,,,,,,,,,,,,,,,,,,,,,,,,
,,26300447,,รองเท้าแตะ ลาย Spider Man - Disney S,,,,,,,,,,1,1,,,,,,,,,,,250,,,,,,,,,,,,,,,,,,,,,,,,,,,,,,,,,
,,26300448,,รองเท้าผ้าใบ adidas - adidas,,,,,,,,,,1,1,,,,,,,,,,,600,,,,,,,,,,,,,,,,,,,,,,,,,,,,,,,,,
,,26300450,,รองเท้าผ้าใบ adidas Toy Story - adidas,,,,,,,,,,1,1,,,,,,,,,,,600,,,,,,,,,,,,,,,,,,,,,,,,,,,,,,,,,
,,26300451,,รองเท้าผ้าใบ adidas ลาย Mickey Mouse  - adidas,,,,,,,,,,1,1,,,,,,,,,,,600,,,,,,,,,,,,,,,,,,,,,,,,,,,,,,,,,
,,26300453,,รองเท้า MAX+ JAKE - MAX+ JAKE,,,,,,,,,,1,1,,,,,,,,,,,450,,,,,,,,,,,,,,,,,,,,,,,,,,,,,,,,,
,,26300454,,รองเท้าผ้าใบ adidas - adidas,,,,,,,,,,1,1,,,,,,,,,,,450,,,,,,,,,,,,,,,,,,,,,,,,,,,,,,,,,
,,26300455,,รองเท้า adidas - adidas,,,,,,,,,,1,1,,,,,,,,,,,450,,,,,,,,,,,,,,,,,,,,,,,,,,,,,,,,,
,,26300458,,รองเท้า SPERRY  - SPERRY,,,,,,,,,,1,1,,,,,,,,,,,450,,,,,,,,,,,,,,,,,,,,,,,,,,,,,,,,,
,,26300460,,รองเท้าผ้าใบ adidas LEGO - adidas,,,,,,,,,,1,1,,,,,,,,,,,600,,,,,,,,,,,,,,,,,,,,,,,,,,,,,,,,,
,,26300462,,รองเท้าผ้าใบ adidas - adidas,,,,,,,,,,1,1,,,,,,,,,,,600,,,,,,,,,,,,,,,,,,,,,,,,,,,,,,,,,
,,26300480,,รองเท้าผ้าใบ NIKE - NIKE,,,,,,,,,,1,1,,,,,,,,,,,600,,,,,,,,,,,,,,,,,,,,,,,,,,,,,,,,,
,,26300482,,รองเท้าผ้าใบ NIKE - NIKE,,,,,,,,,,1,1,,,,,,,,,,,600,,,,,,,,,,,,,,,,,,,,,,,,,,,,,,,,,
,,26300483,,รองเท้า SPERRY  - SPERRY,,,,,,,,,,1,1,,,,,,,,,,,450,,,,,,,,,,,,,,,,,,,,,,,,,,,,,,,,,
,,26300485,,รองเท้าผ้าใบ  - NIKE,,,,,,,,,,1,1,,,,,,,,,,,450,,,,,,,,,,,,,,,,,,,,,,,,,,,,,,,,,
,,26300487,,เสื้อเชิ้ตคอปกโปโลสีเขียว - Ralph Lauren,,,,,,,,,,1,1,,,,,,,,,,,80,,,,,,,,,,,,,,,,,,,,,,,,,,,,,,,,,
,,26300488,,เสื้อยืดแขนสั้นสกรีน - Ralph Lauren,,,,,,,,,,1,1,,,,,,,,,,,80,,,,,,,,,,,,,,,,,,,,,,,,,,,,,,,,,
,,26300489,,เสื้อแขนสั้นมีถุงข้างหน้า - ZARA,,,,,,,,,,1,1,,,,,,,,,,,80,,,,,,,,,,,,,,,,,,,,,,,,,,,,,,,,,
,,26300490,,กางเกงขายาว - Uniqlo,,,,,,,,,,1,1,,,,,,,,,,,80,,,,,,,,,,,,,,,,,,,,,,,,,,,,,,,,,
,,26300492,,เสื้อกันหนาว - ZARA,,,,,,,,,,1,1,,,,,,,,,,,350,,,,,,,,,,,,,,,,,,,,,,,,,,,,,,,,,
,,26300493,,เสื้อยืดลายขวาง - ZARA,,,,,,,,,,1,1,,,,,,,,,,,80,,,,,,,,,,,,,,,,,,,,,,,,,,,,,,,,,
,,26300494,,กางเกงขายาว - Uniqlo,,,,,,,,,,1,1,,,,,,,,,,,80,,,,,,,,,,,,,,,,,,,,,,,,,,,,,,,,,
,,26300496,,กางเกงขาสั้น - H&M,,,,,,,,,,1,1,,,,,,,,,,,80,,,,,,,,,,,,,,,,,,,,,,,,,,,,,,,,,
,,26300498,,กางเกงขาสั้น - carter's,,,,,,,,,,1,1,,,,,,,,,,,100,,,,,,,,,,,,,,,,,,,,,,,,,,,,,,,,,
,,26300500,,กางเกงขายาว - GAP,,,,,,,,,,1,1,,,,,,,,,,,80,,,,,,,,,,,,,,,,,,,,,,,,,,,,,,,,,
,,26300501,,กางเกงยีนส์ขาสั้นลายต้นมะพร้าว - M&S,,,,,,,,,,1,1,,,,,,,,,,,200,,,,,,,,,,,,,,,,,,,,,,,,,,,,,,,,,
,,26300502,,กางเกงขายาว - Uniqlo,,,,,,,,,,1,1,,,,,,,,,,,80,,,,,,,,,,,,,,,,,,,,,,,,,,,,,,,,,
,,26300505,,กางเกงยีนส์ขายาว - M&S,,,,,,,,,,1,1,,,,,,,,,,,80,,,,,,,,,,,,,,,,,,,,,,,,,,,,,,,,,
,,26300506,,กางเกงขาสั้น - ไม่มี,,,,,,,,,,1,1,,,,,,,,,,,150,,,,,,,,,,,,,,,,,,,,,,,,,,,,,,,,,
,,26300507,,กางเกงขาสั้น - ไม่มี,,,,,,,,,,1,1,,,,,,,,,,,80,,,,,,,,,,,,,,,,,,,,,,,,,,,,,,,,,
,,26300508,,กางเกงขาสั้น - ไม่มี,,,,,,,,,,1,1,,,,,,,,,,,100,,,,,,,,,,,,,,,,,,,,,,,,,,,,,,,,,
,,26300509,,กางเกงขายาว - ไม่มี,,,,,,,,,,1,1,,,,,,,,,,,100,,,,,,,,,,,,,,,,,,,,,,,,,,,,,,,,,
,,26300510,,กางเกงขายาว - ไม่มี,,,,,,,,,,1,1,,,,,,,,,,,80,,,,,,,,,,,,,,,,,,,,,,,,,,,,,,,,,
,,26300511,,กางเกงขายาว ลายพราง - GAP,,,,,,,,,,1,1,,,,,,,,,,,100,,,,,,,,,,,,,,,,,,,,,,,,,,,,,,,,,
,,26300514,,กางเกงขายาวลายขวาง - Uniqlo,,,,,,,,,,1,1,,,,,,,,,,,80,,,,,,,,,,,,,,,,,,,,,,,,,,,,,,,,,
,,26300516,,เสื้อกันหนาว - ZARA,,,,,,,,,,1,1,,,,,,,,,,,80,,,,,,,,,,,,,,,,,,,,,,,,,,,,,,,,,
,,26300517,,เสื้อเชิ้ตคอปกโปโลสีเขียว - POLO,,,,,,,,,,1,1,,,,,,,,,,,80,,,,,,,,,,,,,,,,,,,,,,,,,,,,,,,,,
,,26300519,,เสื้อแขนสั้น - ZARA,,,,,,,,,,1,1,,,,,,,,,,,80,,,,,,,,,,,,,,,,,,,,,,,,,,,,,,,,,
,,26300520,,เสื้อแขนสั้น - ZARA,,,,,,,,,,1,1,,,,,,,,,,,80,,,,,,,,,,,,,,,,,,,,,,,,,,,,,,,,,
,,26300521,,เสื้อแขนสั้นมีถุงข้างหน้า - ZARA,,,,,,,,,,1,1,,,,,,,,,,,80,,,,,,,,,,,,,,,,,,,,,,,,,,,,,,,,,
,,26300522,,เสื้อแขนสั้นลายซุปเปอร์ฮีโร่ - MARVEL,,,,,,,,,,1,1,,,,,,,,,,,80,,,,,,,,,,,,,,,,,,,,,,,,,,,,,,,,,
,,26300523,,เสื้อยืดลายขวาง - ไม่มี,,,,,,,,,,1,1,,,,,,,,,,,80,,,,,,,,,,,,,,,,,,,,,,,,,,,,,,,,,
,,26300524,,เสื้อแขนสั้นลายขวางมีถุงข้างหน้า - ZARA,,,,,,,,,,1,1,,,,,,,,,,,80,,,,,,,,,,,,,,,,,,,,,,,,,,,,,,,,,
,,26300525,,เสื้อยืดลายหมี - Ralph Lauren,,,,,,,,,,1,1,,,,,,,,,,,80,,,,,,,,,,,,,,,,,,,,,,,,,,,,,,,,,
,,26300526,,เสื้อยืดแขนสั้น - ZARA,,,,,,,,,,1,1,,,,,,,,,,,80,,,,,,,,,,,,,,,,,,,,,,,,,,,,,,,,,
,,26300527,,เสื้อยืดลายขวาง - UNI QLO,,,,,,,,,,1,1,,,,,,,,,,,100,,,,,,,,,,,,,,,,,,,,,,,,,,,,,,,,,